tree
version=v4
num_class=1
num_tree_per_iteration=1
label_index=0
max_feature_idx=135
objective=binary sigmoid:1
feature_names=Column_0 Column_1 Column_2 Column_3 Column_4 Column_5 Column_6 Column_7 Column_8 Column_9 Column_10 Column_11 Column_12 Column_13 Column_14 Column_15 Column_16 Column_17 Column_18 Column_19 Column_20 Column_21 Column_22 Column_23 Column_24 Column_25 Column_26 Column_27 Column_28 Column_29 Column_30 Column_31 Column_32 Column_33 Column_34 Column_35 Column_36 Column_37 Column_38 Column_39 Column_40 Column_41 Column_42 Column_43 Column_44 Column_45 Column_46 Column_47 Column_48 Column_49 Column_50 Column_51 Column_52 Column_53 Column_54 Column_55 Column_56 Column_57 Column_58 Column_59 Column_60 Column_61 Column_62 Column_63 Column_64 Column_65 Column_66 Column_67 Column_68 Column_69 Column_70 Column_71 Column_72 Column_73 Column_74 Column_75 Column_76 Column_77 Column_78 Column_79 Column_80 Column_81 Column_82 Column_83 Column_84 Column_85 Column_86 Column_87 Column_88 Column_89 Column_90 Column_91 Column_92 Column_93 Column_94 Column_95 Column_96 Column_97 Column_98 Column_99 Column_100 Column_101 Column_102 Column_103 Column_104 Column_105 Column_106 Column_107 Column_108 Column_109 Column_110 Column_111 Column_112 Column_113 Column_114 Column_115 Column_116 Column_117 Column_118 Column_119 Column_120 Column_121 Column_122 Column_123 Column_124 Column_125 Column_126 Column_127 Column_128 Column_129 Column_130 Column_131 Column_132 Column_133 Column_134 Column_135
feature_infos=[-2.2941539287567139:2.6287877559661865] [-2.319033145904541:2.5717618465423584] [-3.1258945465087891:2.5877447128295898] [-2.8245022296905518:2.9787631034851074] [-2.8791642189025879:2.7754800319671631] [-2.4613847732543945:3.3146474361419678] [-3.643817663192749:2.6448383331298828] [-2.9636235237121582:2.7349085807800293] [-3.5028846263885498:3.0802755355834961] [-2.9464852809906006:3.1389467716217041] [-3.6598215103149414:2.8362870216369629] [-3.1552026271820068:3.0449399948120117] [-2.7657697200775146:3.9079048633575439] [-3.6055541038513184:2.6975579261779785] [-3.3516175746917725:3.4322402477264404] [-3.2204275131225586:2.6558158397674561] [-3.4585795402526855:3.0211303234100342] [-2.7015435695648193:3.26845383644104] [-3.3407962322235107:3.0544106960296631] [-3.1518299579620361:2.8920779228210449] [-3.0831749439239502:3.0071792602539062] [-3.3367750644683838:3.7084267139434814] [-2.9998307228088379:3.4556500911712646] [-3.623784065246582:4.2515740394592285] [-3.2167840003967285:3.5652158260345459] [-2.9704921245574951:3.4299142360687256] [-2.9326238632202148:3.0473945140838623] [-2.9482498168945312:3.2566368579864502] [-2.608731746673584:3.0033047199249268] [-3.7106912136077881:3.3976216316223145] [-3.0984611511230469:3.9917607307434082] [-3.5107629299163818:3.208251953125] [-2.8016171455383301:2.5580506324768066] [-3.4530951976776123:2.8347065448760986] [-3.3686473369598389:2.8636269569396973] [-3.1284193992614746:3.3308868408203125] [-3.3311817646026611:3.3774051666259766] [-3.013939380645752:2.7922964096069336] [-3.3578753471374512:4.4737963676452637] [-3.4539315700531006:3.309232234954834] [-3.5051143169403076:3.6164567470550537] [-3.2331039905548096:3.7867395877838135] [-3.1553010940551758:3.4178578853607178] [-3.3000376224517822:3.0661611557006836] [-2.8373856544494629:3.2245593070983887] [-3.1576955318450928:3.1083259582519531] [-3.540412425994873:3.4709696769714355] [-4.1779565811157227:3.3476986885070801] [-3.6465353965759277:3.7345373630523682] [-2.9286537170410156:3.1419031620025635] [-3.6805026531219482:3.0255472660064697] [-3.6359856128692627:5.0256028175354004] [-3.20245361328125:4.266230583190918] [-3.0394124984741211:2.8787550926208496] [-3.8676204681396484:2.816765308380127] [-4.1079039573669434:3.1547119617462158] [-3.174504280090332:2.8667404651641846] [-3.4547824859619141:3.2555038928985596] [-3.0680444240570068:4.4773736000061035] [-3.1629371643066406:3.5372405052185059] [-3.0120031833648682:3.0414726734161377] [-4.2628178596496582:2.7732818126678467] [-3.2323510646820068:3.0899143218994141] [-3.0532832145690918:3.0632553100585938] [-3.0482931137084961:3.6912343502044678] [-3.0819499492645264:4.3714828491210938] [-3.4894087314605713:3.2225377559661865] [-2.6687495708465576:3.1365344524383545] [-4.5039234161376953:3.0360643863677979] [-3.8188014030456543:3.8695919513702393] [-3.7498741149902344:4.269263744354248] [-4.1985769271850586:3.270514965057373] [-3.478172779083252:4.1880025863647461] [-3.4562232494354248:3.2211861610412598] [-2.9203917980194092:3.272092342376709] [-3.0854864120483398:3.0313467979431152] [-3.80599045753479:3.1066410541534424] [-3.2694017887115479:2.9702887535095215] [-3.5641686916351318:3.4722466468811035] [-3.5120244026184082:3.2298533916473389] [-4.1306552886962891:2.6986768245697021] [-2.968803882598877:4.0714054107666016] [-3.502347469329834:2.8130073547363281] [-3.5580549240112305:4.1941056251525879] [-3.1860437393188477:3.5226001739501953] [-3.270963191986084:2.6904993057250977] [-4.1234688758850098:2.8939852714538574] [-4.5292577743530273:2.9979457855224609] [-3.3895876407623291:3.0176777839660645] [-3.8427751064300537:3.6083090305328369] [-2.983931303024292:2.9884634017944336] [-2.676767110824585:3.5513730049133301] [-2.60581374168396:3.2717344760894775] [-3.423715353012085:2.7712125778198242] [-3.3011536598205566:2.9848003387451172] [-3.4253365993499756:3.6520922183990479] [-3.0737044811248779:3.3235483169555664] [-4.045051097869873:3.4059562683105469] [-3.1168324947357178:2.7815055847167969] [-3.0996968746185303:3.6296515464782715] [-3.5613641738891602:2.648137092590332] [-3.3447966575622559:3.2660343647003174] [-2.8947436809539795:3.7451682090759277] [-3.4025919437408447:3.4490213394165039] [-3.4075524806976318:2.8022375106811523] [-2.9822540283203125:3.4668433666229248] [-3.2837841510772705:3.6381456851959229] [-3.2879457473754883:2.6125345230102539] [-4.0554037094116211:3.4245498180389404] [-3.5356087684631348:2.9585649967193604] [-3.4472367763519287:3.0619993209838867] [-3.3448731899261475:3.0012581348419189] [-3.1374621391296387:3.8994669914245605] [-2.8477058410644531:3.0096404552459717] [-3.3144338130950928:3.0768771171569824] [-3.8936581611633301:3.9078021049499512] [-3.6581287384033203:2.8802800178527832] [-3.3448894023895264:3.0745091438293457] [-2.8660926818847656:3.3640029430389404] [-2.7131967544555664:3.5384461879730225] [-3.3808724880218506:3.1202411651611328] [-3.9846811294555664:2.9856998920440674] [-3.1606950759887695:2.9154806137084961] [-3.1734724044799805:3.4761228561401367] [-3.2003483772277832:3.7887110710144043] [-3.4472923278808594:2.8455605506896973] [-3.5786247253417969:2.6991777420043945] [-2.8819324970245361:3.8731155395507812] [-0.68853038549423218:1.4523687362670898] [-0.7666589617729187:1.3043609857559204] [-0.42682337760925293:2.3428893089294434] [-0.22595648467540741:4.4256305694580078] [-0.1712026447057724:5.841031551361084] [-0.14322297275066376:6.9821200370788574] [-0.16054032742977142:6.2289648056030273] [-0.18130628764629364:5.5155282020568848]
tree_sizes=1828 2334 2115 2224 2645 2435 2635 2419 2316 2632 2631 2529 2432 2331 2343 2742 2862 2136 2847 2655 2222 1814 2231 2336 1724 2765 2445 2441 2438 2761 2657 2442 2343 2456 2438 2546 2767 2753 2445 2462 2657 2876 2660 2662 2234 2459 2250 2358 2151 2041 2967 2445 2141 2134 2023 2036 2054 2256 1941 2779 2244 1933 1931 1721 2271 2773 2885 3097 2987 2899 2561 2566 2565 2036 2683 2375 2255 2145 2057 2040 2896 2660 2460 2343 1951 2252 2137 2142 2789 2905 2048 1852 1855 2365 2468 2887 2680 2995 2894 2570

Tree=0
num_leaves=17
num_cat=0
split_feature=0 2 2 11 2 16 121 126 63 39 33 3 20 57 9 0
split_gain=166.059 53.5039 50.0502 41.906 33.3763 30.4825 39.1754 28.5328 29.8678 25.3559 24.7994 15.8968 11.1633 11.2477 0.3191 2.84217e-14
threshold=0.36481469869613653 -2.1390376091003414 0.88813400268554699 0.79287278652191173 -0.087656758725643144 -0.46142892539501185 0.66854366660118114 1.2173607349395754 1.3923893570899966 -1.3177745938301084 -0.49115459620952601 -0.50347852706909169 -2.4070094823837276 -1.7874493598937986 -1.0000000180025095e-35 0.56203287839889537
decision_type=2 2 2 2 2 2 2 2 2 2 2 2 2 2 2 2
left_child=1 -1 3 5 7 10 -7 9 -9 -3 -2 -4 -6 -14 -13 -5
right_child=2 4 11 15 12 6 -8 8 -10 -11 -12 14 13 -15 -16 -17
leaf_value=1.113590507471617 1.1135905074716173 1.113590507471617 1.255412800102657 1.113590507471617 1.113590507471617 1.1767305687658822 1.3319221964709429 1.113590507471617 1.3901439818036305 1.3722714779011238 1.3833987749318137 1.3972350967299025 1.113590507471617 1.4080929475815511 1.420872146556297 1.113590507471617
leaf_weight=1.7898889631032933 0.976303070783615 0.97630307078361411 2.1153232902288437 0.81358589231967826 0.3254343569278707 11.878353953361517 6.1832526475191107 2.4407576769590369 1.6271717399358747 31.892566159367561 6.6714041382074383 2.1153232604265213 0.3254343569278707 86.077384889125824 4.3933636844158155 4.7187981754541397
leaf_count=11 6 6 9 5 2 63 20 15 4 86 17 5 2 191 9 29
internal_value=1.35675 1.385 1.26786 1.23842 1.38893 1.26529 1.22986 1.34913 1.22421 1.36459 1.34896 1.37449 1.40588 1.40698 1.41319 1.11359
internal_weight=165.321 125.455 39.8657 31.2417 123.665 25.7093 18.0616 36.9368 4.06793 32.8689 7.64771 8.62401 86.7283 86.4028 6.50869 5.53238
internal_count=480 317 163 140 306 106 83 111 19 92 23 23 195 193 14 34
is_linear=0
shrinkage=1


Tree=1
num_leaves=21
num_cat=0
split_feature=2 101 131 44 7 3 127 7 81 41 1 69 103 39 126 21 39 71 94 7
split_gain=82.0905 40.9284 34.9677 32.0451 31.8629 26.4162 22.143 21.7507 21.765 16.5164 13.7386 31.4193 18.9964 17.1113 16.7485 10.849 0.430701 0.175763 0.141604 0.09135
threshold=-0.087656758725643144 0.54196235537529003 1.0000000180025095e-35 1.2603760957717898 1.1209864020347597 1.1538575887680056 -0.93239808082580555 1.4265288710594179 0.74006599187850963 0.26630638539791113 -0.23904358595609662 -1.1623353958129881 0.98184394836425792 -1.8717874884605405 1.1163294911384585 -1.8675150871276853 0.54325065016746532 0.27340304851531988 -0.56731149554252613 0.96006661653518688
decision_type=2 2 2 2 2 2 2 2 2 2 2 2 2 2 2 2 2 2 2 2
left_child=1 2 3 5 6 -1 -3 10 18 -6 13 12 -12 -2 -13 -15 -8 -4 -9 -5
right_child=7 4 17 19 9 -7 16 8 -10 -11 11 14 -14 15 -16 -17 -18 -19 -20 -21
leaf_value=0.0044657702248968546 -0.24925832425742983 -0.041483392821907911 -0.20468436000758539 -0.22389622380630284 -0.22313849570669506 -0.16747907881420457 -0.20954662909960198 -0.23875685647133779 0.031606844912920526 0.046656882875937576 -0.23429130266043569 0.029492176338615853 0.020048970439889395 -0.23191083401743212 -0.072207784286463225 0.052321422125960727 -0.23615977389270768 -0.23331518242337396 -0.21015042150062901 -0.20226364965222002
leaf_weight=37.419971540570259 0.48104478418826957 2.370628908276557 1.4767875373363488 0.86691582202911277 0.69488000869750921 2.3755392432212821 5.0853699892759314 0.82746723294258118 1.6072742789983747 3.0888688415288925 2.0132512599229808 46.798162221908569 1.1555005759000776 0.33802309632301231 4.4316823035478583 49.371478959918022 2.1685795485973358 0.8414834439754485 0.90654958784580164 1.1165593564510343
leaf_count=105 3 8 8 5 4 12 28 5 4 7 12 118 3 2 17 110 13 5 5 6
internal_value=-0.00107019 -0.0493225 -0.0260626 -0.0155744 -0.12582 -0.00579825 -0.174147 0.0246388 -0.100941 -0.00289065 0.0286507 0.011244 -0.141545 0.0475167 0.0206945 0.0503887 -0.217503 -0.215077 -0.223801 -0.211719
internal_weight=165.436 57.5056 44.0973 41.779 13.4083 39.7955 9.62458 107.93 3.34129 3.78375 104.589 54.3986 3.16875 50.1905 51.2298 49.7095 7.25395 2.31827 1.73402 1.98348
internal_count=480 201 141 128 60 117 49 279 14 11 265 150 15 115 135 112 41 13 10 11
is_linear=0
shrinkage=0.05


Tree=2
num_leaves=19
num_cat=0
split_feature=2 101 81 104 7 7 69 44 5 111 74 52 78 44 66 100 102 33
split_gain=72.9965 33.1049 28.3208 27.7643 24.5159 23.2759 20.712 18.012 16.3053 14.2729 13.2445 19.1091 16.308 10.909 10.7713 5.91756 5.41815 3.16168
threshold=-0.087656758725643144 0.54196235537529003 -0.033132214099168771 -0.72470620274543751 1.1209864020347597 1.710000276565552 0.8465256690979005 1.3245421648025515 2.2023023366928105 0.69102713465690624 1.4589622020721438 -1.0000000180025095e-35 -1.9266119003295896 -1.3308163881301878 -0.46228942275047297 1.7320397496223452 1.6444022655487063 -0.51597863435745228
decision_type=2 2 2 2 2 2 2 2 2 2 2 2 2 2 2 2 2 2
left_child=1 2 3 15 8 10 -5 9 16 -4 12 -12 -2 -14 -6 -1 -3 -7
right_child=5 4 7 6 14 17 -8 -9 -10 -11 11 -13 13 -15 -16 -17 -18 -19
leaf_value=-0.20970133368313562 -0.20252910670885399 -0.18734835550159346 0.041426446370794991 -0.01654506888509116 0.062300842019212155 -0.19434086865623357 -0.20319190156830574 -0.17606633441271713 0.022653291289044621 -0.052915687643837098 0.0090717479814742385 -0.22983609564249441 -0.030679162429100293 0.036897942517075483 -0.11231267703236668 -0.074921702043424673 -0.069307123897987974 -0.074702829013779837
leaf_weight=3.4465278685092917 0.74323785305023093 8.2111349403858167 18.478149607777603 13.699588358402254 2.3762845695018773 1.1457002311944964 1.6672336608171452 1.2199835926294316 1.1971646696329106 5.1198589652776709 2.8186421394348145 1.1905056685209263 6.382168471813201 92.944216802716255 1.4056085944175709 1.0663695782423017 1.1026755720376957 1.0660836100578297
leaf_count=19 4 42 43 42 5 6 9 6 3 18 8 7 21 229 6 4 4 4
internal_value=-0.000925649 -0.0455288 -0.024348 -0.0688171 -0.111767 0.0238288 -0.0367954 0.0112727 -0.151047 0.0209578 0.0272397 -0.0618713 0.0308098 0.0325558 -0.00259741 -0.177854 -0.173373 -0.136675
internal_weight=165.281 58.9906 44.6977 19.8797 14.2929 106.291 15.3668 24.818 10.511 23.598 104.079 4.00915 100.07 99.3264 3.78189 4.5129 9.31381 2.21178
internal_count=480 201 141 74 60 279 51 67 49 61 269 15 254 250 11 23 46 10
is_linear=0
shrinkage=0.05


Tree=3
num_leaves=20
num_cat=0
split_feature=2 77 131 2 64 7 3 32 15 45 66 33 29 14 109 15 105 75 19
split_gain=65.164 29.4429 27.566 20.3433 25.187 20.1765 13.4183 19.3286 15.5779 10.9617 9.81573 3.64611 2.97718 2.85383 0.462359 0.195995 0.115584 0.101799 0.0328074
threshold=-0.087656758725643144 1.3077952861785891 1.0000000180025095e-35 -1.9832210540771482 -1.7247456312179563 1.710000276565552 0.60696083307266246 -1.7787319421768186 1.6618656516075136 1.0202481150627138 -1.9562767744064329 0.46080090105533605 0.40686327219009405 1.1229726076126101 -0.33458893001079554 -0.53266212344169606 -0.19782228022813794 -0.15862211585044858 0.47987383604049688
decision_type=2 2 2 2 2 2 2 2 2 2 2 2 2 2 2 2 2 2 2
left_child=1 2 3 11 -5 6 7 -2 -9 14 -8 -1 -7 -12 15 -3 -4 -16 -18
right_child=5 9 16 4 -6 12 10 8 -10 -11 13 -13 -14 -15 17 -17 18 -19 -20
leaf_value=-0.16930293567298599 -0.21822595925121455 -0.15567769155094602 -0.19069717809004083 -0.18913185950917297 -0.0051333172084054527 -0.17583634212765209 -0.20151418543895661 0.021076726390230869 -0.1279784349350514 -0.041291576963056055 0.061451262426392705 -0.061558630019637309 -0.063354615385877278 0.0084356772249794976 -0.19190039175090517 -0.18402241055853574 -0.16361721343497881 -0.21429689173047267 -0.17618849287922256
leaf_weight=2.4941810071468349 0.88242296874523063 1.0900384783744812 0.96673338115215335 1.9397054761648167 45.202947810292244 1.2208082973957055 0.37254638969898479 68.298138365149498 1.7990625947713841 1.841625779867172 28.175651192665104 1.1459657549858091 1.1353921145200727 2.7897422462701789 0.96239407360553775 1.3845008015632629 1.060733646154403 1.0731060206890095 1.0161524415016172
leaf_count=12 5 5 5 10 131 6 2 184 8 6 62 4 4 8 5 7 5 6 5
internal_value=-0.000811863 -0.0422716 -0.0302576 -0.0214978 -0.012704 0.0230238 0.026355 0.0143237 0.0172512 -0.144083 0.0536056 -0.135384 -0.121634 0.056675 -0.186056 -0.171537 -0.176416 -0.203708 -0.169768
internal_weight=164.852 60.1781 53.8264 50.7828 47.1427 104.674 102.318 70.9796 70.0972 6.35167 31.3379 3.64015 2.3562 30.9654 4.51004 2.47454 3.04362 2.0355 2.07689
internal_count=480 201 172 157 141 279 269 197 192 29 72 16 10 70 23 12 15 11 10
is_linear=0
shrinkage=0.05


Tree=4
num_leaves=24
num_cat=0
split_feature=0 2 2 16 0 74 0 123 106 19 125 3 31 57 88 69 17 13 55 81 31 92 7
split_gain=122.374 40.4856 34.0971 32.3801 22.0165 20.2033 22.2687 19.7455 18.5497 15.8597 13.8502 10.546 12.5432 9.03886 8.87798 6.54521 14.7579 5.90399 4.40582 2.64341 1.81509 0.691983 0.000301257
threshold=0.27250985801219946 0.88813400268554699 -0.087656758725643144 -0.80151918530464161 -1.0568621158599851 0.44606086611747747 0.67415520548820507 -0.14995387941598889 0.1504955589771271 1.0980558395385744 1.0659080743789675 -0.50347852706909169 0.44885849952697759 -1.7874493598937986 -1.5982484221458433 -1.2117179632186887 0.55167374014854442 -2.6423404216766353 -0.66425448656082142 -0.33745059370994562 -0.66550225019454945 -0.69477725028991688 -0.29172748327255243
decision_type=2 2 2 2 2 2 2 2 2 2 2 2 2 2 2 2 2 2 2 2 2 2 2
left_child=2 3 4 9 14 6 -5 10 -9 18 -6 12 -3 -4 -1 16 -15 -17 -2 -16 -13 -7 -22
right_child=1 11 13 5 7 21 -8 8 -10 -11 -12 20 -14 15 19 17 -18 -19 -20 -21 22 -23 -24
leaf_value=-0.19341922702986381 -0.037541019147762041 0.0089432442404677719 -0.19621026095047067 -0.17321835724432585 0.023201801919806843 -0.153808548775314 -0.056986889989012447 -0.023053457535666386 -0.13906223070860199 -0.15410446507806444 -0.16605917218209609 0.0024517882012383089 -0.22166069331393073 -0.13917447236432742 0.0054443696853467309 -0.25151882489633204 0.047613374659939589 0.053248082440447521 0.061695932616791307 0.06246012842549159 0.061577075198701904 -0.18333436985290594 0.060856372132624216
leaf_weight=0.38306023180484672 1.4784224331378935 1.8182762414216997 0.37921859323978324 5.5257030278444352 12.180251747369764 2.8520658761262894 16.208673924207687 7.3770879954099655 6.4662066102027893 1.3130813837051389 1.0499907284975059 1.6711163222789762 0.87270046770572651 1.4795406460762013 2.5485802292823783 0.1592739075422277 3.7068489491939545 69.481286481022835 4.5936805307865134 10.046777516603468 2.2889858782291412 6.5229386091232282 3.9559060931205732
leaf_count=2 5 5 2 27 31 13 57 23 29 6 5 5 5 7 7 1 9 163 10 21 5 33 9
internal_value=-0.000724533 -0.0668252 0.0274353 -0.0906577 -0.00983028 -0.113001 -0.0865373 -0.035497 -0.0772412 0.00346074 0.0081815 0.0196669 -0.065843 0.0472815 0.0437116 0.0485155 -0.00567229 0.0525511 0.0375339 0.0509234 0.0487352 -0.174352 0.0611205
internal_weight=164.36 49.1016 115.258 38.4946 40.052 31.1094 21.7344 27.0735 13.8433 7.38518 13.2302 10.607 2.69098 75.2062 12.9784 74.8269 5.18639 69.6406 6.0721 12.5954 7.91601 9.375 6.24489
internal_count=480 180 300 151 118 130 84 88 52 21 36 29 10 182 30 180 16 164 15 28 19 46 14
is_linear=0
shrinkage=0.05


Tree=5
num_leaves=22
num_cat=0
split_feature=0 3 101 8 45 56 75 7 10 64 103 51 25 63 125 122 0 57 5 7 11
split_gain=92.5997 43.6707 21.3834 19.6833 19.5257 18.3042 17.4837 17.4424 17.4423 14.0079 13.7155 13.7024 11.1136 15.8765 11.5407 10.0968 6.82596 6.78538 6.56857 1.1536 0.609447
threshold=0.36742289364337927 -0.14503972977399823 1.5514050126075747 -0.32081487774848932 0.44616238772869116 -0.014310133177787064 0.44201099872589117 -1.0000000180025095e-35 1.0000000180025095e-35 -2.7816889286041255 1.6023778319358828 0.81522780656814586 1.7164107561111452 1.0819168686866762 -2.0671868324279781 -0.98348766565322865 -0.44186036288738245 1.7637791037559511 1.0376562476158144 -1.0000000180025095e-35 0.65050381422042858
decision_type=2 2 2 2 2 2 2 2 2 2 2 2 2 2 2 2 2 2 2 2 2
left_child=2 4 9 11 17 18 -7 -6 19 -1 -9 15 14 -14 -11 -3 -10 20 -5 -4 -2
right_child=1 3 8 5 7 6 -8 10 16 12 -12 -13 13 -15 -16 -17 -18 -19 -20 -21 -22
leaf_value=-0.17829561557172083 -0.18335469295342574 -0.15228267858106503 -0.14327392435423708 -0.15473391481664736 0.031873190733783703 0.020660275862070768 -0.15740878069699185 -0.16944510616088082 0.060352591771676768 -0.18629335622524842 0.025273925189029458 -0.10212766036672583 -0.14292867074660418 0.060633644360961192 0.035633343260100148 0.048222875290004824 -0.085371050148117411 -0.035732598836826106 -0.017992924985475715 -0.21439786390426685 -0.15567197722595791
leaf_weight=0.80201607942581077 6.7199548929929733 0.66078199446201225 1.5863433629274371 4.7893134057521811 3.1916500180959702 6.8678507506847364 1.7246192097663877 3.5164595842361441 2.1307881474494939 0.58903591334819694 1.2174459248781202 2.0009017735719672 2.1393354982137676 1.7344113588333128 106.84720300137997 12.60700072348118 1.2901918590068815 0.96035481989383775 1.075450927019119 0.88995568454265495 2.8235914409160614
leaf_count=4 34 3 7 22 8 18 8 17 5 3 3 8 10 4 270 28 5 3 3 5 13
internal_value=0.00119142 -0.0572393 0.0250349 -0.0197479 -0.117711 -0.0615608 -0.0150805 -0.0584627 -0.0677656 0.0299164 -0.119368 0.0198428 0.0314166 -0.0517867 0.0344166 0.038237 0.00539423 -0.162416 -0.129659 -0.168835 -0.175164
internal_weight=166.165 48.1554 118.009 29.7259 18.4295 14.4572 8.59247 7.92556 5.89728 112.112 4.73391 15.2687 111.31 3.87375 107.436 13.2678 3.42098 10.5039 5.86476 2.4763 9.54355
internal_count=481 168 313 90 78 51 26 28 22 291 20 39 287 14 273 31 10 50 25 12 47
is_linear=0
shrinkage=0.05


Tree=6
num_leaves=24
num_cat=0
split_feature=0 3 2 2 0 1 21 101 45 7 10 34 3 9 43 106 44 99 100 2 2 83 106
split_gain=82.8821 36.3474 32.4133 25.5359 17.2417 17.9615 15.9155 15.785 15.2793 14.9008 13.6817 11.5344 11.1962 23.6929 10.8131 6.43235 5.39729 4.62499 2.59609 0.770246 0.444699 0.134875 0.0916989
threshold=0.36742289364337927 -0.14503972977399823 -0.84140393137931813 -1.6914935708045957 1.2169453501701357 -0.36242124438285822 1.0759683251380923 1.5514050126075747 0.44616238772869116 -1.0000000180025095e-35 1.0000000180025095e-35 1.1643303632736208 -0.7797868251800536 0.57623335719108593 -1.7910045385360716 0.58057549595832836 1.7010426521301272 -1.3513162136077879 1.1795331835746767 -1.9832210540771482 0.24405606836080554 -0.19120239466428754 0.23257446289062503
decision_type=2 2 2 2 2 2 2 2 2 2 2 2 2 2 2 2 2 2 2 2 2 2 2
left_child=3 8 18 6 17 -6 19 12 16 -10 -9 -11 13 -5 -14 -12 20 -4 21 22 -2 -3 -1
right_child=1 2 4 7 5 -7 -8 10 9 11 15 -13 14 -15 -16 -17 -18 -19 -20 -21 -22 -23 -24
leaf_value=-0.14496738290092526 -0.14680103725496962 -0.12528310957014033 -0.034400996858679526 0.017699155058299873 0.018336464690262309 -0.13293364191437232 0.036635798170655487 -0.16227344179502462 0.030871889123821057 -0.15209343847513232 0.059976915718892347 0.025628087953842735 -0.06440946286657899 -0.16532846640754653 0.044264060912811168 -0.081527584847259624 -0.046520712315541231 0.049074766811269301 -0.052596970609987782 -0.18771114705900888 -0.16797141262620782 -0.14172273402998867 -0.1251014365328964
leaf_weight=1.1288313716650011 5.1427370905876177 2.155688539147377 1.8887963593006158 17.921910807490352 4.2314997464418411 3.6593693047761908 1.7364085763692854 1.9043485969305027 3.1319514214992523 3.7270198464393598 2.0763770341873173 1.2091630995273588 2.3535417616367331 1.9617130309343327 83.43790964782238 1.3096418678760526 1.2435920238494862 13.657668486237524 1.1824647039175031 0.97381132841110174 4.7918822318315506 2.961823686957362 1.1966618746519087
leaf_count=5 23 9 6 50 11 16 4 9 8 17 5 3 9 10 206 5 4 31 4 5 23 13 5
internal_value=0.00120188 -0.0533342 -0.0186841 0.0242308 0.00838013 -0.0518146 -0.0858922 0.0292282 -0.106872 -0.0544336 -0.0550552 -0.108559 0.0334477 -0.000358301 0.0412828 0.00524591 -0.14472 0.038933 -0.119369 -0.150378 -0.157012 -0.134798 -0.134745
internal_weight=164.985 48.9837 29.7373 116.001 23.4373 7.89087 5.03571 110.965 19.2463 8.06813 5.29037 4.93618 105.675 19.8836 85.7915 3.38602 11.1782 15.5465 6.29998 3.2993 9.93462 5.11751 2.32549
internal_count=481 168 90 313 64 27 19 294 78 28 19 20 275 60 215 10 50 37 26 15 46 22 10
is_linear=0
shrinkage=0.05


Tree=7
num_leaves=22
num_cat=0
split_feature=0 3 101 8 56 75 14 64 45 121 10 95 114 13 17 22 101 23 94 7 7
split_gain=74.5431 30.847 17.4689 16.2784 14.0424 13.8625 12.7306 12.5678 12.3321 12.9467 12.1614 11.2628 9.33602 16.1427 9.13556 8.09377 6.26975 4.68982 4.23323 0.508503 0.344883
threshold=0.36742289364337927 -0.14503972977399823 1.5514050126075747 -0.32081487774848932 -0.014310133177787064 0.44201099872589117 1.3812071084976199 -2.1599266529083248 0.44616238772869116 1.0587435364723208 1.0000000180025095e-35 0.74425309896469127 1.7978461384773257 0.59425199031829845 -1.626539885997772 -1.605502665042877 1.9907827377319338 1.6110132336616518 1.2206103801727297 -1.0000000180025095e-35 1.3792631626129153
decision_type=2 2 2 2 2 2 2 2 2 2 2 2 2 2 2 2 2 2 2 2 2
left_child=2 8 7 6 18 -6 15 -1 17 11 19 -10 14 -14 -9 -3 -12 20 -5 -4 -2
right_child=1 3 10 4 5 -7 -8 12 9 -11 16 -13 13 -15 -16 -17 -18 -19 -20 -21 -22
leaf_value=-0.10822322006406848 -0.14580225550423756 -0.13288297524893752 -0.1199081303268085 -0.13358539656864241 0.019936532081779701 -0.13445107555854324 -0.14221882478541567 -0.053076510111442946 -0.14131045801139389 0.042896791620252596 -0.080558500169626374 0.010767018031613314 -0.18297518281253886 0.039305829430051176 0.03553422382124706 0.041309628526270611 0.05975681842697024 -0.040487570519520677 -0.032931647138480499 -0.16416966549534881 -0.11958424850814316
leaf_weight=1.6639181077480305 8.9766368716955203 0.70271822810172935 1.6969509869813921 4.888526275753974 6.7317516952753049 1.8545345664024351 1.1291126012802113 2.9960249364376059 3.8515306264162046 2.531467080116272 1.3040435761213305 1.7801666557788847 1.3808895498514169 1.9994827359914777 99.823551520705223 13.066618725657465 2.0439777970314026 1.2731128782033909 1.3284808993339536 1.0506771802902211 1.4580741971731175
leaf_count=7 40 3 7 21 18 8 5 11 17 6 5 5 7 5 261 31 5 4 4 5 6
internal_value=0.0012094 -0.0499736 0.0234742 -0.0177129 -0.0548473 -0.0134093 0.0191843 0.0281279 -0.0981946 -0.0510222 -0.0588744 -0.0932391 0.0302642 -0.0514965 0.0329522 0.0324197 0.00510445 -0.131085 -0.112077 -0.136833 -0.142139
internal_weight=163.532 49.5727 113.96 29.7017 14.8033 8.58629 14.8984 107.864 19.871 8.16316 6.09565 5.6317 106.2 3.38037 102.82 13.7693 3.34802 11.7078 6.21701 2.74763 10.4347
internal_count=481 168 313 90 51 26 39 291 78 28 22 22 284 12 272 34 10 50 25 12 46
is_linear=0
shrinkage=0.05


Tree=8
num_leaves=21
num_cat=0
split_feature=0 3 101 8 62 37 14 64 1 45 7 39 33 51 103 12 78 12 7 110
split_gain=67.299 26.5551 15.8719 14.5703 12.0838 13.7593 11.2743 11.1474 10.6453 10.2135 11.7952 9.5574 8.91379 8.72062 8.64783 3.88806 2.35187 2.2265 0.280924 0.217191
threshold=0.36742289364337927 -0.14503972977399823 1.5514050126075747 -0.32081487774848932 -0.58555695414543141 -0.28416329622268671 1.3812071084976199 -2.1599266529083248 -0.11799773201346396 0.44616238772869116 -1.0000000180025095e-35 -1.8717874884605405 -2.0128093361854549 0.81522780656814586 1.6023778319358828 -1.162672162055969 1.0543296933174136 0.76531061530113231 0.58755663037300121 0.76902985572814953
decision_type=2 2 2 2 2 2 2 2 2 2 2 2 2 2 2 2 2 2 2 2
left_child=2 9 7 6 16 -6 13 -1 -4 15 -11 -9 -13 -3 -12 -2 -5 18 -10 -17
right_child=1 3 8 4 5 -7 -8 11 17 10 14 12 -14 -15 -16 19 -18 -19 -20 -21
leaf_value=-0.098363917498429626 -0.046469605786342093 0.046372791523000563 0.024507327191580722 -0.13238034610452515 -0.10240136632420414 0.022819975128157283 -0.13040654342279104 -0.077527238752939515 -0.12112384164139178 0.029869277695236392 -0.12918524450358795 -0.22021397189425806 0.032362895910449857 -0.077098188021459901 0.025123183746393399 -0.13431643965678741 -0.05094140119027496 -0.050874164901226093 -0.15472179130438934 -0.11487792999426923
leaf_weight=1.7371309399604786 1.5550206452608097 11.856989592313768 2.4818865060806274 3.9521452933549872 3.303180903196334 6.531305566430091 1.168698415160178 2.0506090819835654 1.4516094326972959 3.0521535873413086 3.9928044527769071 0.35051716864108939 101.72591546177864 1.6262071579694737 1.1752029210329054 8.8383703976869601 1.1428878605365751 1.1189470738172529 1.0888393968343733 1.7159985750913609
leaf_count=7 5 28 7 17 13 17 5 8 6 8 17 2 274 6 3 38 4 4 5 7
internal_value=0.00120129 -0.047088 0.0227196 -0.0168536 -0.0516167 -0.019239 0.0185681 0.0272529 -0.055427 -0.0910817 -0.0480673 0.0293486 0.0314956 0.031481 -0.0940956 -0.120281 -0.114112 -0.10964 -0.135524 -0.131156
internal_weight=161.916 49.911 112.005 29.5814 14.9295 9.83449 14.6519 105.864 6.14128 20.3296 8.22016 104.127 102.076 13.4832 5.16801 12.1094 5.09503 3.6594 2.54045 10.5544
internal_count=481 168 313 90 51 30 39 291 22 78 28 284 276 34 20 50 21 15 11 45
is_linear=0
shrinkage=0.05


Tree=9
num_leaves=24
num_cat=0
split_feature=0 2 3 2 110 95 43 49 0 121 79 79 45 121 2 20 104 78 41 44 95 23 83
split_gain=60.8803 24.1663 23.1838 24.3829 22.356 17.3553 16.4274 15.8762 14.0657 14.0439 10.0619 8.7411 8.62058 10.5054 9.67583 8.59465 7.29625 5.88267 5.7813 3.60065 1.87426 0.167181 0.106971
threshold=0.36742289364337927 -0.087656758725643144 -0.14503972977399823 -0.84140393137931813 0.52356943488121044 -0.88259363174438465 -1.7286812663078306 -0.73812133073806752 1.2169453501701357 0.099639866501092925 -1.5982387661933897 0.74244785308837902 0.44616238772869116 1.0587435364723208 0.98809221386909496 -2.4070094823837276 -2.4713697433471675 -1.2506687045097349 1.5570554733276369 1.7010426521301272 1.4744846820831301 -0.65955576300621022 -0.19120239466428754
decision_type=2 2 2 2 2 2 2 2 2 2 2 2 2 2 2 2 2 2 2 2 2 2 2
left_child=1 4 12 20 5 11 -7 -6 17 -10 -3 -1 19 14 -14 -12 -17 -5 -9 21 22 -2 -4
right_child=2 10 3 8 7 6 -8 18 9 -11 15 -13 13 -15 -16 16 -18 -19 -20 -21 -22 -23 -24
leaf_value=-0.15071393935523214 -0.11058821843587051 -0.10501552291314334 -0.10316801316914984 -0.057547776796133543 0.023439308449991487 -0.21930376385810271 0.025018519425319571 -0.17684684546259588 -0.11332172620870096 0.018430796853979619 -0.19337544390417519 0.020259243924956982 -0.11987649191043115 0.041589059761985035 0.028216152924164531 -0.334007292772457 0.044906399212435444 0.047939879082308151 -0.048726822910663659 -0.033344380387558735 -0.044300723350812254 -0.12446658890605092 -0.11821591326191744
leaf_weight=2.4143497049808498 2.9605761617422095 1.1708943545818318 1.7474295198917387 1.4675493538379694 2.0561503469944 0.70361034572124737 30.990187257528305 3.4059385061264029 3.8735413849353773 4.2327890396118164 0.38291914761066337 1.0828572660684583 4.3227210789918882 2.4383391886949539 1.4807967692613599 0.12728804349899192 66.637873142957687 13.292365550994871 1.1874953955411909 1.3180365562438954 1.2023689895868299 8.1255782097578066 3.6435199379920986
leaf_count=11 12 5 7 5 5 4 82 17 16 11 2 3 18 6 4 1 179 32 4 4 4 34 15
internal_value=0.0011848 0.0219684 -0.044509 -0.0160365 -0.00795667 0.0079306 0.0195945 -0.0920355 0.00838955 -0.044526 0.0402954 -0.0977747 -0.0851359 -0.0454997 -0.0820899 0.0428293 0.044184 0.0374514 -0.143725 -0.111472 -0.100748 -0.12076 -0.113338
internal_weight=160.265 110.16 50.1056 29.4596 41.8406 35.191 31.6938 6.64958 22.8662 8.10633 68.319 3.49721 20.646 8.24186 5.80352 67.1481 66.7652 14.7599 4.59343 12.4042 6.59332 11.0862 5.39095
internal_count=481 313 168 90 126 100 86 26 64 27 187 14 78 28 22 182 180 37 21 50 26 46 22
is_linear=0
shrinkage=0.05


Tree=10
num_leaves=24
num_cat=0
split_feature=0 2 8 106 11 0 39 2 13 15 69 91 26 9 43 2 50 57 61 85 84 68 110
split_gain=40.0208 24.2385 22.5293 22.2567 19.6555 19.7353 18.5028 14.8833 13.6862 12.8169 11.7953 10.0192 11.2173 8.76096 8.75965 13.9662 6.83342 6.27553 4.68394 3.47541 2.19902 1.47237 0.294372
threshold=0.24513325840234759 -0.50818797945976246 0.56526044011116039 0.42153617739677435 0.99059095978736889 1.5746814608573916 -1.7521708607673643 0.34938251972198492 -0.33244422078132624 0.44120436906814581 -0.14627777785062787 0.88538485765457164 0.8799903690814973 -0.53448876738548268 -1.8503578305244444 0.18870162218809131 1.3657597303390505 -1.7874493598937986 1.6155278682708742 1.0138291120529177 1.3314815759658816 -1.4364849328994749 0.19284551590681079
decision_type=2 2 2 2 2 2 2 2 2 2 2 2 2 2 2 2 2 2 2 2 2 2 2
left_child=1 3 4 8 5 7 -3 -2 10 18 -1 20 -13 -10 15 -8 -7 -16 -5 22 21 -4 -6
right_child=2 6 11 9 19 16 14 -9 13 -11 -12 12 -14 -15 17 -17 -18 -19 -20 -21 -22 -23 -24
leaf_value=0.011458115466561374 -0.021172187033327652 -0.17594550102786147 -0.17830327352592909 -0.15559974178960856 -0.13344158097351097 -0.11516235940586783 -0.17175527716158331 0.042179859231960076 -0.065419422607691444 -0.0013937831750917558 -0.1741084699831188 -0.12104711067117034 0.034338287619196793 0.051182969042931861 -0.14109988553747732 0.037813723472864366 0.02176539020564993 0.046197566641529159 -0.0429494188962481 -0.027207418247881865 -0.047198231378512201 -0.11380458891725481 -0.10800340017367371
leaf_weight=1.8083551228046419 17.914702892303467 1.0016437768936146 0.99783229827880671 4.3185312896966916 2.1033877730369559 4.5997967720031729 1.2343788295984262 19.213907554745674 1.8660440593957943 2.886457547545433 1.6266372203826946 1.8862893283367146 3.0226307064294815 11.783264264464373 0.45046183466911216 2.2334234863519669 1.1362339407205579 62.244263395667076 1.1735018193721769 1.3055102229118345 1.1361209601163853 7.8125530928373337 2.4760257750749588
leaf_count=5 54 5 5 20 9 19 6 48 7 8 8 8 7 27 2 6 3 168 4 4 4 32 10
internal_value=0.000625252 0.0215956 -0.0299135 -0.0199448 -0.0134866 -0.00172278 0.037344 0.0116122 0.0127916 -0.0866966 -0.0764168 -0.08382 -0.0253697 0.0352419 0.0405731 -0.0367832 -0.0880387 0.0448518 -0.131529 -0.0991717 -0.112667 -0.121109 -0.119688
internal_weight=156.232 92.627 63.605 25.4628 48.7496 42.8646 67.1642 37.1286 17.0843 8.37849 3.43499 14.8554 4.90892 13.6493 66.1625 3.4678 5.73603 62.6947 5.49203 5.88492 9.94651 8.81039 4.57941
internal_count=469 266 203 79 147 124 187 102 47 32 13 56 15 34 182 12 22 170 24 23 41 37 19
is_linear=0
shrinkage=0.05


Tree=11
num_leaves=23
num_cat=0
split_feature=0 2 8 31 23 11 0 39 2 92 91 26 43 71 20 42 27 72 97 68 53 110
split_gain=36.4955 22.4849 19.9885 17.7094 17.569 17.4382 17.736 16.2015 13.7025 11.6048 8.66302 10.016 8.15525 14.7627 7.82022 6.13671 3.86625 3.12354 1.96652 0.981978 0.784092 0.194795
threshold=0.24513325840234759 -0.50818797945976246 0.56526044011116039 0.94638529419898998 -1.0279760956764219 0.99059095978736889 1.5746814608573916 -1.7521708607673643 0.34938251972198492 -1.1678180098533628 0.88538485765457164 0.8799903690814973 -1.8503578305244444 -0.31020331382751459 -2.3151102066040035 0.72770532965660106 1.0854903459548952 1.0480983257293703 1.4211538434028628 -1.4364849328994749 -0.70699283480644215 0.19284551590681079
decision_type=2 2 2 2 2 2 2 2 2 2 2 2 2 2 2 2 2 2 2 2 2 2
left_child=1 3 5 4 16 6 8 -3 -2 -6 18 -12 13 -9 -14 -8 -1 21 19 -4 -5 -7
right_child=2 7 10 20 9 17 15 12 -10 -11 11 -13 14 -15 -16 -17 -18 -19 -20 -21 -22 -23
leaf_value=-0.14985529911333947 -0.01996205505645425 -0.15686283668771173 -0.15829658405344302 -0.12362059526514893 -0.10214051618691407 -0.12310543863061102 -0.10856531721640075 -0.17558391654451039 0.041063060111483661 0.02563774777864199 -0.11357386509910355 0.033202051301022238 -0.17389338746560953 0.040346985594399393 0.045465104846462795 0.021553130944657394 -0.038133511631317327 -0.024782437723798633 -0.043760840795917161 -0.10716243155293692 -0.18139156060102871 -0.10259304053668615
leaf_weight=2.1943138390779562 18.047165021300316 1.0654912739992131 1.0657951831817607 1.4398103058338168 1.9753026217222309 2.1642692834138861 4.6411022692918769 1.2120694667100909 18.761277377605438 17.690757572650902 1.9092237204313267 2.9710981398820877 0.40905587375163932 2.2814676463603965 60.371420845389366 1.1259860992431638 1.1966973990201948 1.3119576275348661 1.1487759351730336 7.8859125822782516 0.99200104176998039 2.4878533482551575
leaf_count=10 54 5 5 6 8 9 19 6 48 46 8 7 2 6 168 3 4 4 4 32 5 10
internal_value=0.00064312 0.0209753 -0.02843 -0.0188554 -0.00532032 -0.0128481 -0.00163139 0.0365132 0.0111425 0.0128034 -0.0789175 -0.0242179 0.0397189 -0.0345694 0.0439888 -0.0831605 -0.110428 -0.0929202 -0.105347 -0.11325 -0.147187 -0.112136
internal_weight=154.349 90.8284 63.5204 25.4889 23.0571 48.5396 42.5755 65.3395 36.8084 19.6661 14.9808 4.88032 64.274 3.49354 60.7805 5.76709 3.39101 5.96408 10.1005 8.95171 2.43181 4.65212
internal_count=469 266 203 79 68 147 124 187 102 54 56 15 182 12 170 22 14 23 41 37 11 19
is_linear=0
shrinkage=0.05


Tree=12
num_leaves=22
num_cat=0
split_feature=0 2 106 8 122 11 39 101 3 15 31 107 91 70 43 84 85 96 84 14 82
split_gain=33.3226 20.8822 18.4858 17.8767 16.5948 15.8976 14.3761 12.4949 11.8851 10.3653 9.81071 9.21934 7.58234 9.18911 7.47689 3.10464 2.6664 1.92218 1.84872 0.805294 0.478362
threshold=0.24513325840234759 -0.50818797945976246 0.42153617739677435 0.56526044011116039 -1.0091456770896909 0.99059095978736889 -1.7521708607673643 1.049692749977112 1.0766439437866213 0.44120436906814581 0.48609402775764471 -1.6331391930580137 0.88538485765457164 0.4331334680318833 -1.8503578305244444 0.72217944264411937 1.0138291120529177 0.69541391730308544 1.3314815759658816 -0.18004940450191495 -1.7556845545768736
decision_type=2 2 2 2 2 2 2 2 2 2 2 2 2 2 2 2 2 2 2 2 2
left_child=1 2 8 4 17 7 -3 -6 10 15 -1 -8 18 -14 -13 -4 -7 19 20 -2 -5
right_child=3 6 9 12 5 16 11 -9 -10 -11 -12 14 13 -15 -16 -17 -18 -19 -20 -21 -22
leaf_value=0.043998518221067942 -0.16316016346762038 -0.14231486043769995 -0.1344614555522046 -0.1371901969937267 0.018592077175190899 -0.10507306115014191 -0.056274785035792599 -0.068798174971660839 -0.12570896489822414 -2.5648216909975545e-05 -0.06011601436870713 -0.035412079175492293 0.02596691090206454 -0.11974425625604659 0.046736447702824951 -0.043129616421302745 -0.022911274235272866 -0.055582149106434692 -0.039724275285386468 -0.10876927488532849 -0.10245272485885554
leaf_weight=12.671979621052747 1.0380992591381073 1.1143046915531147 4.5990559756755811 1.1332913339138011 34.000657394528389 3.9489413499832144 2.4461902678012839 4.6495342701673499 1.4209622740745533 2.8948026299476624 2.754480153322219 2.9110983461141577 3.2079242318868628 1.632690981030464 57.100238099694252 1.1664799749851225 1.3167350292205808 1.3429426252841947 1.1586411297321308 1.975651577115058 7.8967218995094299
leaf_count=31 5 5 20 5 92 16 9 17 6 8 10 10 8 7 163 4 4 5 4 8 32
internal_value=0.000652275 0.0203625 -0.0178553 -0.0270844 -0.0122584 -0.00302469 0.0356972 0.00807922 0.0126626 -0.0772233 0.0254083 0.0388731 -0.0747041 -0.02318 0.0427515 -0.115983 -0.0845277 -0.105335 -0.0991832 -0.127504 -0.106812
internal_weight=152.381 89.0796 25.5078 63.3018 48.2726 43.9159 63.5718 38.6502 16.8474 8.66034 15.4265 62.4575 15.0293 4.84062 60.0113 5.76554 5.26568 4.35669 10.1887 3.01375 9.03001
internal_count=469 266 79 203 147 129 187 109 47 32 41 182 56 15 173 24 20 18 41 13 37
is_linear=0
shrinkage=0.05


Tree=13
num_leaves=21
num_cat=0
split_feature=0 130 88 39 8 126 35 11 113 123 57 21 10 110 46 63 28 69 7 105
split_gain=30.4129 16.8925 14.2884 13.2907 13.274 12.1043 17.0293 11.8998 11.1135 9.99264 9.80106 9.43775 9.2669 8.7628 6.03785 4.69117 2.48467 2.39612 1.94016 0.0213718
threshold=0.24513325840234759 1.0000000180025095e-35 -0.09782595187425612 -1.4403525590896604 0.76821964979171764 1.1163294911384585 0.20320078730583194 1.0325789451599123 1.3815488815307619 1.947492301464081 -1.7874493598937986 0.99465322494506847 0.91163533926010143 -1.3208632469177244 0.58890581130981456 1.2805182337760928 -0.75018084049224842 0.66427156329154979 -0.04790931195020675 -0.21337304264307019
decision_type=2 2 2 2 2 2 2 2 2 2 2 2 2 2 2 2 2 2 2 2
left_child=3 2 8 12 7 9 14 -4 13 10 -5 16 18 -2 -7 -6 -3 -8 -1 -18
right_child=1 11 4 5 15 6 17 -9 -10 -11 -12 -13 -14 -15 -16 -17 19 -19 -20 -21
leaf_value=-0.059703651154956329 -0.014855368391088253 -0.0051271599727444059 0.0086561411783092675 -0.16026141699774996 -0.10932187340655367 0.059029751026824423 -0.15661733579314305 -0.10159382359897057 0.015051449068620963 -0.086232366046161343 0.036069759466795158 -0.068018810072774979 0.035852649038837794 -0.10736673557954415 -0.04779625590651071 -0.00058156512141855276 0.06465244948852876 -0.069611384868801668 -0.13720409443812839 0.05912106979337263
leaf_weight=1.3339474946260454 3.1944218873977706 1.7346093207597721 23.686600387096409 0.64144016802310844 4.6015079766511908 3.7736642062664014 1.9336741119623186 2.7295282632112494 3.0546268075704566 1.7618552446365345 70.715810626745224 2.0925046950578681 1.723072677850723 12.882994621992111 2.0365629643201828 1.2643660753965376 2.5923621952533713 1.3394671380519865 2.0464187264442435 5.3505133390426636
leaf_count=5 10 5 66 3 19 10 9 11 8 7 206 8 5 53 7 4 5 5 9 14
internal_value=0.000655444 -0.0257664 -0.0381361 0.0197772 -0.0178443 0.024638 -0.0297985 -0.00273578 -0.0723751 0.0314005 0.0343049 0.0282674 -0.0585178 -0.0889857 0.0215858 -0.0858833 0.0490868 -0.121012 -0.106621 0.0609264
internal_weight=150.49 63.184 51.414 87.3059 32.282 82.2025 9.08337 26.4161 19.132 73.1191 71.3573 11.77 5.10344 16.0774 5.81023 5.86587 9.67748 3.27314 3.38037 7.94288
internal_count=469 203 171 266 100 247 31 77 71 216 209 32 19 63 17 23 24 14 14 19
is_linear=0
shrinkage=0.05


Tree=14
num_leaves=21
num_cat=0
split_feature=0 2 3 106 130 86 68 23 3 36 39 21 45 87 64 5 101 109 2 30
split_gain=27.761 18.9917 15.3981 15.7677 15.2708 12.0533 11.6743 16.5461 17.187 11.5566 10.9735 8.69689 8.10107 5.59895 5.79143 4.99409 2.50681 0.371188 0.293685 0.0457079
threshold=0.24513325840234759 -0.087656758725643144 1.4043901562690737 0.42153617739677435 1.0000000180025095e-35 0.24434625357389453 -0.75392323732376088 0.45225767791271215 0.33285097777843481 0.93471345305442821 -1.7521708607673643 0.99465322494506847 0.52426216006279003 -1.9916858673095701 -2.1599266529083248 0.73520249128341686 0.64585229754447948 -0.089958339929580675 -0.52401819825172413 0.68026062846183788
decision_type=2 2 2 2 2 2 2 2 2 2 2 2 2 2 2 2 2 2 2 2
left_child=1 2 3 12 6 -5 15 8 -8 -9 -3 16 -1 -12 -15 17 19 -2 -4 -6
right_child=4 10 18 5 11 -7 7 9 -10 -11 13 -13 -14 14 -16 -17 -18 -19 -20 -21
leaf_value=0.043581502566525265 -0.097913100789511431 -0.13093939137438279 -0.11713289731884818 -0.093295952329940826 0.058603224169787554 0.0092225866175527915 -0.07651815788385706 0.026910580774791089 0.012336537788175214 -0.10225635795207139 -0.06559597884552186 -0.064341625474848688 -0.028991080782391983 -0.072747754865064296 0.046793440882402976 -0.0012390236784855049 -0.001921532791121036 -0.12173029049169691 -0.15280351589146879 0.066789979685030448
leaf_weight=15.561193555593492 3.207862988114357 0.93795311450958152 1.2171975970268252 6.3788519054651243 4.7379130125045759 5.207885354757309 18.860398411750797 15.174731984734537 7.6495565474033347 1.9547486156225193 1.1877099573612202 2.1012429147958747 5.1074801981449118 1.0350358337163914 48.003407560288906 1.2567548304796217 1.9696587175130842 3.3382714986801139 1.0971627980470646 2.6633325815200806
leaf_count=40 13 4 5 25 13 15 72 38 22 8 5 8 17 4 146 4 6 14 5 5
internal_value=0.000654163 0.0191642 -0.0094651 -0.000526487 -0.0245695 -0.047217 -0.0362024 -0.0261305 -0.0508788 0.0121706 0.0385079 0.0275937 0.0256479 0.0416723 0.0442703 -0.0925321 0.0482084 -0.110059 -0.134043 0.0615492
internal_weight=148.648 85.7339 34.5698 32.2554 62.9145 11.5867 51.4423 43.6394 26.51 17.1295 51.1641 11.4721 20.6687 50.2262 49.0384 7.80289 9.3709 6.54613 2.31436 7.40125
internal_count=469 266 107 97 203 40 171 140 94 46 159 32 57 155 150 31 24 27 10 18
is_linear=0
shrinkage=0.05


Tree=15
num_leaves=25
num_cat=0
split_feature=0 2 23 76 81 101 43 44 65 127 2 5 1 79 29 24 46 65 13 69 104 13 9 65
split_gain=34.4647 15.4123 18.4864 14.8716 14.4247 14.2944 14.1563 16.1261 11.0949 11.001 10.7642 10.0839 9.05318 7.53551 11.4686 6.61336 5.00001 3.80381 2.77377 1.20818 1.06157 0.279065 0.28321 0.15224
threshold=0.27250985801219946 -0.087656758725643144 -1.0887596011161802 0.5383131504058839 -0.51816645264625538 1.0256069302558901 0.59536772966384899 0.77583652734756481 0.7355456054210664 -0.84069937467575062 0.42112898826599127 -0.99797379970550526 -0.11799773201346396 -1.3601602315902708 0.3293417245149613 1.7656468749046328 0.4971389919519425 0.30666321516036993 0.95814329385757457 1.087369501590729 -0.24705383926630017 -1.1549011468887327 -1.1676559448242185 0.14385308325290683
decision_type=2 2 2 2 2 2 2 2 2 2 2 2 2 2 2 2 2 2 2 2 2 2 2 2
left_child=1 2 18 5 8 6 7 -2 -4 -8 21 -6 17 14 -3 16 -15 -12 20 23 -1 -5 -23 -7
right_child=3 13 4 10 11 19 9 -9 -10 -11 12 -13 -14 15 -16 -17 -18 -19 -20 -21 -22 22 -24 -25
leaf_value=-0.1046270667426269 0.031646270972548157 0.026778215773184278 -0.0087019957923271905 -0.12763033892675577 -0.065232531397861476 -0.090203642506781326 0.023621765492534377 -0.078402032103076766 -0.12072044710939132 -0.092617395338377068 0.061272706611075811 0.042918034466906313 -0.10324331500793765 0.055279341052098391 -0.16523051800586464 -0.039455741102467093 0.018656140922761189 -0.033374779375759042 -0.040408207589771906 -0.043093876253680038 -0.16732687471019483 -0.11798672335090797 -0.095800219382442167 -0.10924421477028495
leaf_weight=1.482079610228539 24.891257077455524 2.6077343374490733 9.855455204844473 1.1720713227987278 2.3950359821319571 2.6908031105995169 3.0363723635673523 3.842855602502822 2.8495887517929068 6.1750509440898878 2.5244585573673248 21.534001663327221 2.1849251985549918 40.117108315229416 1.1081868112087248 2.3225193023681632 12.139842629432676 1.8318613469600675 1.1442594081163404 1.3190536499023435 1.239813268184661 1.9263085424900044 5.6785167753696442 1.7213963419198988
leaf_count=6 64 8 30 5 9 11 8 15 12 25 6 54 9 120 6 9 41 6 4 5 6 8 23 7
internal_value=0.00389355 0.0219509 -0.00174222 -0.0263462 0.00923176 -0.0114793 -0.000362754 0.0169286 -0.0338264 -0.0543013 -0.0687362 0.0320933 -0.0201852 0.0384116 -0.0304839 0.0431022 0.0467714 0.0214728 -0.105727 -0.0850802 -0.133187 -0.10492 -0.10142 -0.0976322
internal_weight=157.791 98.7956 40.5002 58.9949 36.6341 43.6768 37.9455 28.7341 12.705 9.21142 15.3181 23.929 6.54125 58.2954 3.71592 54.5795 52.257 4.35632 3.86615 5.73125 2.72189 8.7769 7.60483 4.4122
internal_count=497 305 121 192 105 135 112 79 42 33 57 63 21 184 14 170 161 12 16 23 12 36 31 18
is_linear=0
shrinkage=0.05


Tree=16
num_leaves=26
num_cat=0
split_feature=0 2 23 123 2 0 67 45 35 29 56 110 79 29 114 62 24 46 118 13 32 4 105 19 72
split_gain=31.6059 14.4726 16.3642 13.9045 13.7929 19.1573 16.525 16.2473 11.9374 11.8669 9.03407 8.08411 7.04693 18.6099 6.43517 9.76509 6.19927 4.95228 2.75309 2.36978 2.04034 1.25256 0.732463 0.227426 0.221433
threshold=0.27250985801219946 -0.087656758725643144 -1.0887596011161802 0.55290919542312633 0.41117154061794287 1.3191984891891482 -0.079263936728239046 -0.8335609734058379 1.1411057710647585 -0.27466805279254908 -0.51049250364303578 1.6061021089553835 -1.3601602315902708 0.35755750536918646 0.080834023654460921 -0.41583491861820215 1.7656468749046328 0.4971389919519425 0.62990203499794017 0.95814329385757457 0.69134557247161876 -1.4555578827857969 0.70499092340469371 -1.0000000180025095e-35 -0.77097022533416737
decision_type=2 2 2 2 2 2 2 2 2 2 2 2 2 2 2 2 2 2 2 2 2 2 2 2 2
left_child=1 2 19 10 6 14 7 24 -9 -5 -4 21 13 -3 15 -6 17 -14 -16 22 23 -8 -1 -7 -2
right_child=4 12 3 9 5 20 11 8 -10 -11 -12 -13 16 -15 18 -17 -18 -19 -20 -21 -22 -23 -24 -25 -26
leaf_value=-0.10306276017075909 -0.11180901716886878 0.03038429452157905 -0.022988985452661616 -0.11007185446375643 -0.097039225521526259 -0.08897789490341132 -0.047905169410751916 0.03487538524195196 -0.099801829940941195 0.0034872153738622334 0.044172768131273098 0.016747067388986344 0.054763909883959364 -0.23735196283736251 0.062841843192659994 0.028893414921422885 -0.036694371019580792 0.017959472990858268 0.0018956810625596579 -0.038060243940832232 -0.02478487290271672 -0.098290268253348967 -0.15574248392230705 -0.11334865541931008 -0.08685215404683902
leaf_weight=1.7222848683595655 1.2059131711721418 2.9660538583993907 6.6758619844913474 3.8956494629383087 2.2154580950737 2.1938235610723495 1.3583112061023719 11.497385337948797 1.9201490581035603 5.6185693293809873 20.029549717903141 1.867434799671172 38.510654345154762 0.83084197342395771 9.1999644041061384 5.0441973954439225 2.3711256757378569 11.98426730930805 2.3203006982803336 1.1538507491350172 1.1893971860408781 13.423037841916084 1.0696384459733961 1.6983844041824334 3.3798550665378597
leaf_count=7 5 9 22 16 9 9 5 27 8 17 50 5 120 5 23 14 9 41 7 4 4 55 5 7 14
internal_value=0.00378604 0.0213183 -0.00164137 0.00889245 -0.0252263 0.00402776 -0.0453707 -0.0121666 0.0156021 -0.0430102 0.0273836 -0.0812762 0.0375931 -0.0282021 0.0273323 -0.00953795 0.0423186 0.0460289 0.0505667 -0.0983349 -0.0820982 -0.0936602 -0.123245 -0.0996122 -0.093415
internal_weight=155.342 96.8283 40.1654 36.2196 58.5136 23.8615 34.6521 18.0033 13.4175 9.51422 26.7054 16.6488 56.6629 3.7969 18.7799 7.25966 52.866 50.4949 11.5203 3.94577 5.08161 14.7813 2.79192 3.89221 4.58577
internal_count=497 305 121 105 192 73 119 54 35 33 72 65 184 14 53 23 170 161 30 16 20 60 12 16 19
is_linear=0
shrinkage=0.05


Tree=17
num_leaves=19
num_cat=0
split_feature=2 23 101 54 14 66 116 108 116 100 12 23 8 101 100 90 84 9
split_gain=19.9218 16.1228 17.8682 10.8497 9.82172 8.11738 9.96421 7.64569 6.94315 6.54063 6.35492 9.39948 6.04403 9.69118 4.71622 3.53019 3.14559 1.01758
threshold=0.40351943671703344 -1.1227274537086485 0.94181612133979808 -1.2345387339591978 1.0053113102912905 1.2678338289260866 -0.23557635396718976 -0.15537474304437635 -1.4143576622009275 -0.76319724321365345 1.5395354628562929 0.24746505171060565 0.92460745573043834 -0.19981119781732556 1.7827244997024538 -0.65703386068344105 1.0903323292732241 -0.57725358009338368
decision_type=2 2 2 2 2 2 2 2 2 2 2 2 2 2 2 2 2 2
left_child=1 9 3 7 -5 10 -7 -3 -4 -1 12 -12 14 -14 -2 -11 -10 -17
right_child=5 2 8 4 -6 6 -8 -9 16 15 11 -13 13 -15 -16 17 -18 -19
leaf_value=-0.0020229630517652696 0.048224027268134399 -0.12738713165177393 0.023913203259844952 0.018885776297438414 -0.037447079862661173 -0.13256315867616481 0.025421696761239194 -0.010154657585728472 -0.085741359054133104 -0.023015577634966842 -0.1136931402692406 0.043463108375164185 0.06016329221499337 -0.047366552245557969 -0.033598423271325374 -0.14100027449901706 0.0018018216437605079 -0.097498526360342619
leaf_weight=2.4194491654634476 39.621531113982201 2.4404880106449127 2.0946909487247458 58.370486028492451 8.9199845492839795 1.7236998155713079 2.3707533776760092 3.2334935814142218 9.1592032909393293 1.2930116504430769 1.7911681532859796 2.0294439196586609 3.6514513194561005 4.9168710559606534 1.8430417478084553 2.2173767238855362 1.1555811762809742 3.4141508340835554
leaf_count=8 122 11 6 172 31 8 8 11 37 5 8 7 10 19 6 10 4 14
internal_value=0.0036891 -0.0104384 -0.00361383 0.00581958 0.0114183 0.026781 -0.0410874 -0.0605786 -0.0590798 -0.0727932 0.031941 -0.0302144 0.0366874 -0.00154195 0.0445871 -0.0975205 -0.0759338 -0.114627
internal_weight=152.666 94.7179 85.3739 72.9645 67.2905 57.948 4.09445 5.67398 12.4095 9.34399 53.8535 3.82061 50.0329 8.56832 41.4646 6.92454 10.3148 5.63153
internal_count=497 309 272 225 203 188 16 22 47 37 172 15 157 29 128 29 41 24
is_linear=0
shrinkage=0.05


Tree=18
num_leaves=26
num_cat=0
split_feature=0 126 2 82 16 2 122 64 101 39 27 0 25 94 74 68 50 18 77 35 16 71 4 29 51
split_gain=28.2091 13.7817 13.921 12.7538 11.7017 12.6681 12.5563 15.0111 10.392 10.0498 12.9631 8.82515 7.61501 7.62485 7.56553 6.76682 6.08031 6.05874 5.28751 2.96447 2.3018 1.0256 0.341907 0.029923 0.000405609
threshold=0.27250985801219946 1.1163294911384585 0.13686227798461917 -0.26680700480937952 -0.42153653502464289 0.8389902412891389 0.1805209964513779 0.17921452224254611 0.52849367260932933 -1.4126443862915037 -0.36857235431671137 1.3191984891891482 0.74175563454628002 -0.14546457678079602 1.7420710921287539 0.70225656032562267 1.5194154977798464 -0.62761765718460072 -0.55790168046951283 1.0127862095832827 -0.58658769726753224 -0.49665614962577814 -0.27954505383968348 0.055999996140599258 0.51101788878440868
decision_type=2 2 2 2 2 2 2 2 2 2 2 2 2 2 2 2 2 2 2 2 2 2 2 2 2
left_child=1 9 3 18 8 6 16 -8 14 10 22 19 17 -14 15 -2 -6 -11 -3 -7 -12 -5 -1 -10 -4
right_child=4 2 24 21 5 11 7 -9 23 12 20 -13 13 -15 -16 -17 -18 -19 -20 -21 -22 -23 -24 -25 -26
leaf_value=-0.14643688015314388 0.052040477287566361 0.047875143123231739 0.057065207112158428 -0.1625251662655223 -0.09424869270573949 0.060714992632579734 0.014517583979112448 -0.080132819966586569 -0.079411128506185563 0.01414574831160666 0.061115414818351282 -0.093161450456647227 0.03561457401898787 -0.033439649224657884 -0.091876540801338072 -0.059731673511442498 0.025888803654157307 0.050136774698832591 -0.078150938035593184 -0.024341518039343771 -0.023826261136583912 -0.10643538383143414 -0.10824470993853226 -0.090611665615420986 0.055959887845499171
leaf_weight=1.1137298196554186 11.41080164909363 2.4477899819612507 1.6166746020317071 1.0475658625364292 14.154600843787192 5.1202501356601706 10.494742080569269 6.9717414677143088 1.158431708812713 15.880414322018622 1.9915347099304201 1.4435661435127256 8.1727840602397901 7.8248626068234435 1.2116974890232075 1.536451831459998 1.1378581672906865 44.347854480147362 1.2610574364662159 1.2806167751550672 1.3303298950195301 3.6708125919103622 1.2367122918367384 1.2288577556610105 1.7056607604026792
leaf_count=5 29 6 5 5 59 13 28 28 5 52 5 6 26 29 5 6 3 136 5 5 5 15 5 5 6
internal_value=0.00356534 0.0204591 -0.0301816 -0.0643539 -0.0241174 -0.0385604 -0.052227 -0.0232621 0.0113247 0.0277242 -0.0364829 0.0185124 0.0325022 0.00183837 0.0275954 0.0387765 -0.0853097 0.040647 0.0050246 0.0436978 0.0270982 -0.118888 -0.126342 -0.0851766 0.0564977
internal_weight=150.797 93.6478 11.7496 8.42723 57.1496 40.6034 32.7589 17.4665 16.5462 81.8982 5.67231 7.84443 76.2259 15.9976 14.159 12.9473 15.2925 60.2283 3.70885 6.40087 3.32186 4.71838 2.35044 2.38729 3.32234
internal_count=497 305 42 31 192 142 118 56 50 263 20 24 243 55 40 35 62 188 11 18 10 20 10 10 11
is_linear=0
shrinkage=0.05


Tree=19
num_leaves=24
num_cat=0
split_feature=0 76 101 43 44 60 78 41 23 125 124 107 115 13 81 109 93 20 87 124 66 61 65
split_gain=25.9588 11.6832 10.7527 11.6996 12.7536 9.30935 11.1258 10.3763 9.6482 9.34263 9.06754 8.54646 6.93238 6.25717 5.52999 5.44973 6.70729 4.08562 3.87052 1.33083 0.726287 0.164933 0.0693021
threshold=0.27250985801219946 0.5383131504058839 1.0256069302558901 0.59536772966384899 0.77583652734756481 0.81340402364730846 1.6359968781471255 -0.72196945548057545 -1.1574849486351011 1.0026940405368807 -0.29788033664226526 0.67355263233184826 1.080817759037018 0.17934860289096835 -1.2796533703804014 -0.37008795142173762 -0.2389794513583183 0.080054868012666716 0.44050920009613043 1.0044000446796419 0.78776064515113842 1.1638114452362063 0.14385308325290683
decision_type=2 2 2 2 2 2 2 2 2 2 2 2 2 2 2 2 2 2 2 2 2 2 2
left_child=5 2 3 4 -2 6 8 18 10 12 -1 -5 -9 -8 -10 16 -3 -18 -7 21 22 -17 -4
right_child=1 15 20 11 -6 7 13 9 14 -11 -12 -13 -14 -15 -16 19 17 -19 -20 -21 -22 -23 -24
leaf_value=-0.10202457069581342 0.030256893277899558 -0.091019620270406082 -0.079324061220282904 -0.078669012043847852 -0.069688276032124491 -0.15490029848277972 -0.15278706183770235 0.034274651348346674 -0.0079875700064040017 -0.097064943049226013 0.01243474839356286 0.032887199008215927 -0.070266311112223034 0.0016418921704416751 0.04325622501880233 -0.088466159392340538 0.062416789575168635 -0.052401047060327166 -0.037425231515201669 -0.033049552969828186 -0.04108725253001267 -0.10692143224282449 -0.092319896353063591
leaf_weight=2.3154948204755783 23.403662130236629 2.161193773150444 2.5356168001890174 6.5622504353523237 3.6959734559059134 1.5159473866224318 1.2757998108863824 11.14858542382717 5.8073559403419486 1.9847357422113407 6.8468065261840803 2.3252194970846176 1.8487798124551762 1.3500385731458662 56.353133350610733 6.6863863170146924 2.1860192716121669 1.2001418173313139 1.3045431822538374 1.0926313996314991 1.2390621453523634 1.4782720953226087 1.7228523045778272
leaf_count=10 64 9 11 27 15 7 6 35 20 8 24 6 7 5 178 28 5 5 5 4 5 6 7
internal_value=0.00347325 -0.0232578 -0.0096498 0.00029956 0.0166259 0.0198727 0.0276872 -0.0125872 0.0314084 0.00397532 -0.0164914 -0.0494827 0.0194045 -0.0733895 0.0384688 -0.0613891 -0.0222007 0.0217224 -0.100565 -0.0848724 -0.0747788 -0.0918076 -0.0845818
internal_weight=148.041 56.2893 41.4846 35.9871 27.0996 91.7512 73.9486 17.8026 71.3228 14.9821 9.1623 8.88747 12.9974 2.62584 62.1605 14.8046 5.54735 3.38616 2.82049 9.25729 5.49753 8.16466 4.25847
internal_count=497 192 135 112 79 305 243 62 232 50 34 33 42 11 198 57 19 10 12 38 23 34 18
is_linear=0
shrinkage=0.05


Tree=20
num_leaves=20
num_cat=0
split_feature=0 130 6 9 2 23 6 74 11 8 49 125 42 57 73 39 99 68 38
split_gain=19.3531 13.3133 18.2857 15.2899 10.8015 10.5674 9.50473 7.09303 7.60372 6.60771 6.57455 9.68438 6.45717 6.06963 5.90278 5.48841 0.394858 0.190636 0.0378912
threshold=-0.17009742558002469 1.0000000180025095e-35 0.68299439549446117 0.54305243492126476 -1.6914935708045957 0.35160462558269506 1.7583428621292116 1.6000861525535586 1.048936188220978 0.27568241953849798 1.2643268108367922 1.1744253039360049 -1.1586188673973081 -1.0000000180025095e-35 0.85873007774353038 -0.89939042925834645 1.228274464607239 0.37270393967628485 0.91863963007926952
decision_type=2 2 2 2 2 2 2 2 2 2 2 2 2 2 2 2 2 2 2
left_child=4 2 3 5 13 -2 10 8 -4 16 15 -12 -5 -1 -11 -6 18 -15 -3
right_child=1 9 7 12 6 -7 -8 -9 -10 14 11 -13 -14 17 -16 -17 -18 -19 -20
leaf_value=0.015650804123944755 -0.04959399660204148 0.057956483379716477 0.037922511771729672 -0.0017191847744916049 -0.004567617738000844 0.010667163652479472 -0.1103775822237732 -0.088955476499961897 -0.09191323105441096 -0.086061323746683321 0.011688962286754891 -0.15453676936486491 -0.10265323200744768 -0.092107206114250939 0.043250371978516187 0.043857837756348633 0.031148084251580933 -0.12021047402817715 0.066010444636684096
leaf_weight=1.7795794755220411 16.27451199293137 5.393333971500395 14.715403892099859 1.8520386666059483 6.7442887574434272 13.156052097678183 1.2033037096261967 1.4118754416704167 1.2212437391281117 1.8795101493597024 4.9034456685185424 1.0668688267469404 10.971213757991789 1.2156079858541482 1.6636885553598402 44.181922979652882 1.3964381068944929 1.1982550024986265 2.0026031136512756
leaf_count=5 63 16 44 6 23 38 5 6 5 8 17 5 47 5 4 142 5 5 4
internal_value=0.0026884 -0.0149785 -0.024764 -0.0425096 0.0230906 -0.0226561 0.0286842 0.0184571 0.027973 0.0323025 0.0316252 -0.0180148 -0.0880755 -0.0544081 -0.0253438 0.0374447 0.0555331 -0.106058 0.0601373
internal_weight=134.231 71.9379 59.6023 42.2538 62.2933 29.4306 58.0998 17.3485 15.9366 12.3356 56.8965 5.97031 12.8233 4.19344 3.5432 50.9262 8.79238 2.41386 7.39594
internal_count=453 246 209 154 207 101 192 55 49 37 187 22 53 15 12 165 25 10 20
is_linear=0
shrinkage=0.05


Tree=21
num_leaves=16
num_cat=0
split_feature=2 130 131 25 35 68 21 69 59 112 27 110 72 5 31
split_gain=13.9677 13.1739 11.0732 10.9081 11.7137 11.0018 6.3101 4.36428 2.13707 1.68485 1.54835 0.655622 0.258694 0.223673 0.0846274
threshold=-1.6914935708045957 1.0000000180025095e-35 1.0000000180025095e-35 0.39113494753837591 0.58162188529968273 -0.62618106603622425 1.0759683251380923 0.9895581603050233 1.1462534070014956 1.1694293022155764 1.3691897392272951 0.50317874550819408 -1.0013200938701627 1.2482205033302309 -0.29558315873146052
decision_type=2 2 2 2 2 2 2 2 2 2 2 2 2 2 2
left_child=6 2 3 5 -5 -2 9 10 11 12 13 -4 -1 -3 -14
right_child=1 7 8 4 -6 -7 -8 -9 -10 -11 -12 -13 14 -15 -16
leaf_value=-0.1145865339777261 -0.028698789191504703 0.058886486578700319 -0.081291471879948743 -0.0036765756862686795 -0.073892996065610769 0.024456593575822427 0.021070949208893269 -0.0196700816929689 -0.019542140535512592 -0.025967193949945094 0.00034561898149390114 -0.12843576470929929 -0.076336486596903175 0.036981290249322146 -0.092313582034217981
leaf_weight=1.1802912950515736 11.851622104644774 14.842143386602411 2.3088589161634441 25.199140332639217 7.7713097259402266 54.489997610449791 1.890523314476013 2.349002704024314 1.2354511022567747 1.0966958105564115 1.2953425049781788 1.0835397541522978 1.1190232038497914 1.2646555453538884 3.1957926005125046
leaf_count=5 44 44 10 88 33 173 5 9 5 4 5 5 5 5 13
internal_value=0.00261254 0.006869 -0.000244165 0.00327876 -0.020227 0.0149606 -0.0594561 0.0443019 -0.075845 -0.0825512 0.052937 -0.0963495 -0.093844 0.0571666 -0.08817
internal_weight=132.173 123.691 103.94 99.3121 32.9705 66.3416 8.48233 19.7511 4.62785 6.5918 17.4021 3.3924 5.49511 16.1068 4.31482
internal_count=453 421 358 338 121 217 32 63 20 27 54 15 23 49 18
is_linear=0
shrinkage=0.05


Tree=22
num_leaves=20
num_cat=0
split_feature=0 11 3 23 41 0 2 53 2 6 56 39 111 49 57 57 0 43 10
split_gain=17.6873 11.9041 14.8013 17.2821 13.3067 11.0895 11.5938 10.5665 9.14837 8.33283 7.25063 10.9961 5.80385 5.34337 5.22381 1.47657 0.152069 0.133848 0.0452635
threshold=-0.17009742558002469 1.1056652069091799 0.13297116011381152 0.4132088720798493 1.3366280794143679 1.4794045686721804 -0.84140393137931813 0.56691685318946849 -1.6914935708045957 1.7583428621292116 -0.53590419888496388 -0.1240267902612686 1.255303740501404 1.7234089970588686 -1.0000000180025095e-35 -1.1388613581657407 0.33120061457157141 0.83107343316078197 -1.0000000180025095e-35
decision_type=2 2 2 2 2 2 2 2 2 2 2 2 2 2 2 2 2 2 2
left_child=8 2 3 4 -2 6 -4 -5 14 10 11 -10 15 -12 -1 -3 -17 -16 -7
right_child=1 12 5 7 -6 18 -8 -9 9 -11 13 -13 -14 -15 17 16 -18 -19 -20
leaf_value=0.016278677334100062 -0.070632692075715722 -0.14588141923880962 -0.051313025335567614 0.040162815785501176 0.061399691643583248 -0.076424592885709158 0.0441375979426053 -0.058026312188331777 -0.067942572569895998 -0.10198914188936346 0.045006522941493245 0.030120023605976612 0.015317463554951644 -0.03125570791800418 -0.10866798929021433 -0.097740634186384193 -0.077614946200993171 -0.085071645720067743 -0.090319051163472996
leaf_weight=1.7624813765287397 18.956551447510723 1.1038522869348524 3.7358788400888505 10.359653890132902 2.1219275891780844 1.1280233263969424 21.431421712040901 3.7251979410648337 4.2648808658123007 1.2124162763357151 39.655217111110687 8.6704820990562421 1.5240010023117063 2.4380834996700278 1.2195766270160668 1.2220436334609974 4.0466886013746262 1.1848607510328291 1.2201734334230412
leaf_count=5 78 5 15 26 5 5 65 14 18 5 131 29 5 9 5 5 18 5 5
internal_value=0.0025155 -0.0144831 -0.00719437 -0.0286876 -0.0573413 0.0202729 0.0299687 0.0141935 0.0223752 0.0276715 0.0305282 -0.00221191 -0.0723369 0.0405893 -0.0491097 -0.0932994 -0.082283 -0.0970402 -0.0836445
internal_weight=130.983 70.5754 62.6788 35.1633 21.0785 27.5155 25.1673 14.0849 60.408 56.2411 55.0287 12.9354 7.89659 42.0933 4.16692 6.37258 5.26873 2.40444 2.3482
internal_count=453 246 213 123 83 90 80 40 207 192 187 47 33 140 15 28 23 10 10
is_linear=0
shrinkage=0.05


Tree=23
num_leaves=21
num_cat=0
split_feature=0 74 3 1 23 2 45 5 6 52 56 94 62 69 76 0 39 119 35 17
split_gain=16.2794 11.2537 12.4129 10.0069 13.578 8.4091 8.02426 8.30768 7.61705 6.96427 6.86834 15.4843 6.33669 6.06546 6.02485 5.78956 5.20857 5.07117 4.97184 0.130157
threshold=-0.17009742558002469 0.41679124534130102 0.17438084632158282 0.82396143674850475 1.0014206171035769 -1.6914935708045957 -0.23343521356582639 0.15831263363361361 1.7583428621292116 0.23654588311910632 -0.53590419888496388 -1.1236948966979978 -1.0879569649696348 -0.44411784410476679 0.83325073122978222 0.27250985801219946 -0.97166290879249562 -0.64052453637123097 1.3691725134849551 -0.86239588260650624
decision_type=2 2 2 2 2 2 2 2 2 2 2 2 2 2 2 2 2 2 2 2
left_child=5 3 12 6 9 17 7 -2 10 -5 11 -7 -3 -4 -15 -14 -12 -1 -8 -19
right_child=1 2 13 4 -6 8 18 -9 -10 -11 16 -13 15 14 -16 -17 -18 19 -20 -21
leaf_value=0.017839157269883162 -0.051871783318086395 0.0073662208473548076 -0.091579803786754996 -0.1026818877523361 0.062621256424724256 -0.15471973519119533 0.042281074825917121 0.023541305566532358 -0.097230834306633956 -0.019135350932694903 -0.0059510973239328621 0.017565108903397752 -0.16036072437573332 0.038377591598835054 -0.057249007885025884 -0.072173629205249515 0.046728967861853869 -0.082276097691692196 -0.039055295042565163 -0.10560671080311307
leaf_weight=1.7445281893014906 7.4070831239223462 1.8236107677221287 1.6286932975053776 5.4924634173512441 2.6421907395124427 1.4720147103071202 18.220925137400631 7.203609362244606 1.2082466632127751 4.569601759314537 5.4077535420656195 11.438714824616907 2.4725795984268206 6.3717895001173002 2.2213674783706665 7.5259514302015305 35.454565539956093 1.1642039418220518 2.094838634133338 1.2287301570177072
leaf_count=5 29 6 7 24 6 7 52 22 5 17 19 40 12 21 9 32 121 5 9 5
internal_value=0.00245191 -0.0139226 -0.0434603 -0.000252161 -0.0382518 0.0217501 0.0135699 -0.0146904 0.0269231 -0.0647399 0.0297128 -0.00207792 -0.0783485 -0.00311026 0.0136577 -0.0939818 0.0397572 -0.0469919 0.0338942 -0.094256
internal_weight=128.793 69.6747 22.044 47.6307 12.7043 59.1188 34.9265 14.6107 54.9813 10.0621 53.773 12.9107 11.8221 10.2219 8.59316 9.99853 40.8623 4.13746 20.3158 2.39293
internal_count=453 246 87 159 47 207 112 51 192 41 187 47 50 37 30 44 140 15 61 10
is_linear=0
shrinkage=0.05


Tree=24
num_leaves=15
num_cat=0
split_feature=131 2 3 51 130 57 44 32 57 105 27 80 16 2
split_gain=11.5028 10.8245 9.96527 9.30456 7.92033 5.19116 4.45821 10.3211 4.17777 1.69813 1.54865 0.548333 0.137968 0.0276053
threshold=1.0000000180025095e-35 -1.6914935708045957 0.72106665372848522 -1.2287716865539549 1.0000000180025095e-35 -0.54907351732254017 -0.28140723705291742 -1.1759687662124632 0.64054608345031749 0.14693898707628253 1.2337261438369753 -0.4080903679132461 -0.57686185836791981 -2.2597752809524532
decision_type=2 2 2 2 2 2 2 2 2 2 2 2 2 2
left_child=1 5 3 8 -5 -1 7 -4 -3 11 -8 -2 -7 -14
right_child=9 2 6 4 -6 12 10 -9 -10 -11 -12 -13 13 -15
leaf_value=0.00056622664947592082 -0.073390159708802319 -0.082844669763757262 -0.1045209584547615 0.00034114438639867698 0.049420021110752776 -0.095086659688809874 0.057372357382759392 0.034209125571020287 0.012583827751906416 -0.030676313328659718 -0.00052186956721715584 -0.11417846553357464 -0.072437001614020044 -0.081843455717919164
leaf_weight=2.9521569013595581 1.7008257508277891 4.4941876977682105 1.6393754929304121 73.691088795661926 9.2525641024112684 1.6973749101161955 14.856303974986078 7.3581555634737033 1.5398820191621778 1.622730031609535 1.2524929344654072 1.5982567071914666 1.4838288277387617 1.6442990154027932
leaf_count=9 8 19 7 259 31 7 50 25 5 7 5 7 7 7
internal_value=0.00238705 0.00541375 0.00930466 0.00145496 0.00581601 -0.0516589 0.0371243 0.00893211 -0.0584915 -0.0725525 0.052871 -0.0931503 -0.0836093 -0.0773815
internal_weight=126.784 121.862 114.084 88.9777 82.9437 7.77766 25.1063 8.99753 6.03407 4.92181 16.1088 3.29908 4.8255 3.12813
internal_count=453 431 401 314 290 30 87 32 24 22 55 15 21 14
is_linear=0
shrinkage=0.05


Tree=25
num_leaves=25
num_cat=0
split_feature=0 8 49 116 25 13 56 1 0 15 104 45 17 31 81 16 117 78 3 60 47 114 0 119
split_gain=19.9423 13.1453 10.1841 11.9256 10.2882 11.0456 9.90268 9.71011 11.9312 9.04398 7.89042 7.78172 7.11434 8.74549 6.19167 5.3816 5.11183 5.09747 3.83252 5.57087 3.72652 2.40547 0.735584 0.675708
threshold=0.17059657722711566 0.013053544797003271 1.6487691402435305 -0.0082413794007152302 0.36022326350212103 -0.80882450938224781 -0.83133098483085621 0.82813379168510448 1.5163186788558962 0.034659717231988914 0.56906366348266613 0.014000160153955223 -0.82340785861015309 1.0715695619583132 -0.26421879231929774 1.4249184727668764 -0.26452723145484919 0.10928064212203027 0.17438084632158282 -0.80115750432014454 0.84235525131225597 1.0624204277992251 0.46570016443729406 0.27055679261684423
decision_type=2 2 2 2 2 2 2 2 2 2 2 2 2 2 2 2 2 2 2 2 2 2 2 2
left_child=2 7 4 -4 12 9 -7 8 15 -6 18 16 13 -1 -9 -2 -12 -5 22 -20 -10 -14 -3 -16
right_child=1 10 3 17 5 6 -8 14 20 -11 11 -13 21 -15 23 -17 -18 -19 19 -21 -22 -23 -24 -25
leaf_value=0.018025178135119297 0.041899980098478722 -0.11658712153065423 -0.17404573387135761 -0.076780116831778752 0.0054436413155462184 -0.076736185323882253 0.028942507799747771 0.0052808977902197227 -0.081740673400707425 -0.13014935993976826 0.017270530933407729 0.052141696959210226 0.053246168731012067 -0.13091415187043234 -0.082745696886829173 -0.05728681370641147 -0.090709397396043168 0.046241070912090607 0.040405260486234565 -0.063576500293886423 0.017555464347917559 0.0097995239675924949 -0.079311862969821512 -0.13009249017408242
leaf_weight=7.8666404932737333 17.844386339187633 1.562185525894171 1.3805198669433592 1.3658020645380013 2.2819938510656383 2.5341683849692407 17.698151335120198 2.5002143681049347 3.4217792153358451 2.6670615077018738 1.8167529106140134 3.3803217709064484 32.836664199829102 1.1267859637737272 2.3108312487602229 1.4810574650764454 2.7629259377717963 2.1957927346229553 1.7476041465997694 4.8989261835813513 1.3053398728370664 3.5281731933355323 8.663183465600012 1.1182068735361097
leaf_count=27 50 7 7 6 9 11 63 9 15 12 6 8 114 5 10 6 12 7 6 21 4 13 39 5
internal_value=0.00342505 -0.0195295 0.0200943 -0.0492915 0.0249556 -0.000672224 0.0157059 0.00275412 0.0168818 -0.0676279 -0.0464346 -0.00540092 0.0391833 -0.000635423 -0.0545563 0.0342985 -0.0478739 -0.000935153 -0.0657939 -0.0362361 -0.0543212 0.0490309 -0.0850066 -0.0981855
internal_weight=130.295 54.8137 75.4818 4.94211 70.5396 25.1814 20.2323 29.9818 24.0526 4.94906 24.8319 7.96 45.3583 8.99343 5.92925 19.3254 4.57968 3.56159 16.8719 6.64653 4.72712 36.3648 10.2254 3.42904
internal_count=472 198 274 20 254 95 74 99 75 21 99 26 159 32 24 56 18 13 73 27 19 127 46 15
is_linear=0
shrinkage=0.05


Tree=26
num_leaves=22
num_cat=0
split_feature=2 8 77 11 88 73 82 124 69 9 84 120 55 4 73 3 102 9 57 103 25
split_gain=13.557 9.6198 11.3671 8.12153 8.83845 7.89602 8.49782 7.01477 8.0979 6.61 5.86212 5.75799 4.42949 3.85669 3.67895 3.61776 3.33643 1.88398 0.887393 0.420219 0.0898882
threshold=0.25223393738269811 0.17888864874839785 1.3743059039115908 -0.41777209937572474 0.046811301261186607 -0.89069387316703785 -1.0870220661163328 1.2203582525253298 -0.6133836805820464 1.7081887125968935 0.34340284764766699 -0.55438518524169911 2.0939285755157475 1.5039385557174685 0.33199211955070501 -0.23624908179044721 0.22394470125436786 -1.0000000180025095e-35 -0.14412254095077512 -0.24944911897182462 0.69862046837806713
decision_type=2 2 2 2 2 2 2 2 2 2 2 2 2 2 2 2 2 2 2 2 2
left_child=1 2 3 14 -5 19 18 9 -9 12 16 -8 15 17 -1 -2 -10 -4 -7 20 -3
right_child=7 5 13 4 -6 6 11 8 10 -11 -12 -13 -14 -15 -16 -17 -18 -19 -20 -21 -22
leaf_value=0.058912955670056402 0.016459526066604335 -0.069707325678067755 -0.07843217482255635 -0.043837965016729534 0.020203656640873428 -0.13519611617079341 -0.060881085504022298 -0.14491600750712097 -0.11979264180566074 -0.062127703646713717 0.056571511289755766 0.0025364242256209917 -0.064702909259148719 0.0011905589579348601 0.0085340956043079234 0.04411581331246188 0.0019027721486969591 -0.16446003470204856 -0.079684797231218338 -0.11188223162073263 -0.090099385951620592
leaf_weight=9.6973929107189161 19.937219694256779 1.0041366815567019 1.8104954659938814 9.4108230471611041 12.602018028497694 1.1258069127798083 4.5775165259838166 1.2304385304450987 1.0970371216535562 2.0008056759834281 2.2652775943279266 16.412666842341416 1.1916189491748799 1.1190124005079267 5.7859967052936545 29.060626186430458 1.1574404388666151 0.98137462139129583 1.9969498515129149 2.1426861435174969 1.170165881514549
leaf_count=25 71 5 8 37 41 5 19 6 5 9 8 59 5 4 20 112 5 5 9 9 5
internal_value=0.00333813 -0.0114964 0.00388025 0.0123409 -0.00717511 -0.0338918 -0.0227424 0.0212185 -0.0311945 0.0269932 -0.000235511 -0.0112936 0.030546 -0.0772372 0.0400869 0.0328625 -0.0573147 -0.108672 -0.0996976 -0.0961678 -0.0806819
internal_weight=127.778 69.837 41.4071 37.4962 22.0128 28.4299 24.1129 57.9405 5.75019 52.1903 4.51976 20.9902 50.1895 3.91088 15.4834 48.9978 2.25448 2.79187 3.12276 4.31699 2.1743
internal_count=472 251 140 123 78 111 92 221 24 197 18 78 188 17 45 183 10 13 14 19 10
is_linear=0
shrinkage=0.05


Tree=27
num_leaves=22
num_cat=0
split_feature=0 2 8 77 81 0 72 0 49 104 45 74 121 101 117 123 2 108 46 90 98
split_gain=18.2336 12.2498 11.7455 10.0963 8.58517 11.1991 9.83456 8.01527 7.62585 7.22995 7.00973 6.85146 6.17076 5.56759 4.57519 4.50931 4.26033 3.47419 3.40055 2.73821 0.0713733
threshold=0.17059657722711566 -0.087656758725643144 0.013053544797003271 1.3077952861785891 -0.77025708556175221 -0.44186036288738245 -0.15528681129217145 1.4550523161888125 1.6487691402435305 0.56906366348266613 0.014000160153955223 1.6000861525535586 0.66854366660118114 1.049692749977112 -0.26452723145484919 1.769329905509949 1.3442584276199343 -1.3381095528602598 0.4971389919519425 -0.047560287639498704 -0.44693562388420099
decision_type=2 2 2 2 2 2 2 2 2 2 2 2 2 2 2 2 2 2 2 2 2
left_child=1 3 7 4 6 -6 -1 11 15 16 14 13 20 -2 -11 18 17 -4 -3 -5 -9
right_child=2 8 9 19 5 -7 -8 12 -10 10 -12 -13 -14 -15 -16 -17 -18 -19 -20 -21 -22
leaf_value=-0.11203166045734787 0.031328130024589972 0.0541647280216076 -0.0054546517953107795 -0.048059301311764391 0.043493005165744635 -0.045038248245655194 0.00062600107191009132 -0.089169660717655974 -0.057066714311325886 0.016357426155658661 0.050788782297083737 -0.097590665615167618 0.038793422427046365 -0.047572527310678459 -0.086806940290631796 -0.032246191017506781 0.007563016809085445 -0.081593564780057262 0.017375548135324825 -0.14599534075363127 -0.074976639626478367
leaf_weight=2.8744837790727615 19.352238088846217 29.18092255294323 1.6960404217243219 1.5466309338808062 15.479474678635603 4.6437849104404405 5.9410018622875267 1.2198023498058317 2.0275357067584983 1.7903240472078321 3.2617924958467484 1.2622516006231297 1.4862283915281294 2.5279320180416098 2.688685566186904 1.9244836419820774 1.864659547805785 12.84629960358143 8.0042228996753675 1.3252665102481831 3.2347473353147498
leaf_count=12 60 116 7 6 47 18 19 5 9 6 8 6 4 9 12 8 7 59 33 6 15
internal_value=0.00322776 0.0194641 -0.0190226 -0.00383601 0.00503777 0.0230629 -0.0361085 0.00237874 0.0374817 -0.044798 -0.00496706 0.0156779 -0.0494285 0.0222123 -0.0455707 0.0423834 -0.0635902 -0.0727137 0.0462457 -0.0932529 -0.0788632
internal_weight=126.179 72.9478 53.231 31.8106 28.9387 20.1233 8.81549 29.0832 41.1372 24.1478 7.7408 23.1424 5.94078 21.8802 4.47901 39.1096 16.407 14.5423 37.1851 2.8719 4.45455
internal_count=472 274 198 108 96 65 31 99 166 99 26 75 24 69 18 157 73 66 149 12 20
is_linear=0
shrinkage=0.05


Tree=28
num_leaves=22
num_cat=0
split_feature=0 125 11 6 112 119 5 92 19 40 101 34 17 44 85 41 10 117 19 11 105
split_gain=16.83 10.0224 9.6322 10.1612 8.77286 7.80172 6.89185 6.58429 10.1026 6.3559 5.81321 5.43234 5.03709 4.73412 4.65839 4.59921 3.98953 2.84761 2.75259 2.23305 1.28718
threshold=0.17059657722711566 -1.3293251395225523 -0.2579213678836822 0.28360562026500707 0.38547496497631079 -0.11107482761144637 0.60592868924140941 -1.5638413429260252 -0.25353957712650294 1.0473549962043764 1.3856106400489809 0.27421618998050695 -0.63371926546096791 0.7830602526664735 -1.2640945911407468 0.81783536076545726 0.39546568691730505 0.74353072047233593 1.4550088644027712 0.60816705226898204 -0.30748975276947016
decision_type=2 2 2 2 2 2 2 2 2 2 2 2 2 2 2 2 2 2 2 2 2
left_child=1 11 5 14 15 6 16 8 -3 17 12 -1 -9 -12 -4 -5 -2 -7 -16 -6 -10
right_child=2 7 3 4 19 9 -8 10 20 -11 13 -13 -14 -15 18 -17 -18 -19 -20 -21 -22
leaf_value=-0.13512366100595072 -0.083985115404264482 0.056014994433932624 0.0034484056071935258 0.043506134564373938 -0.10619098368492821 0.058772782751402769 0.041095606793398062 0.0052913350205266788 -0.12248738461229031 -0.060253289453856121 -0.059735464598220794 0.0024348334546666997 0.039335928493932672 0.056896788433113271 -0.076287352931811422 -0.046135275357734165 -0.0099951060168745921 -0.021428533164484089 -0.0060277692549418676 -0.016521250365416695 -0.05445164922610949
leaf_weight=1.5699678361415856 4.0467927753925341 1.870988681912422 2.529262959957129 6.9530196934938413 1.9263011217117303 8.9543520063161832 2.8333613872528076 14.320220768451689 1.635870426893234 1.5351729542016972 3.2295372486114493 1.3221297115087507 45.027289807796478 1.1908668130636213 14.537469029426576 1.8016602396965025 3.3136776983737946 1.2628639638423909 1.5418774485588063 1.0855758041143415 1.2089690268039697
leaf_count=7 18 7 9 22 9 23 8 54 7 7 14 5 171 4 66 7 13 5 6 5 5
internal_value=0.00314422 0.0189347 -0.0183969 -0.0366322 -0.000264475 0.00684215 -0.0251674 0.022785 -0.0342253 0.0346067 0.0270011 -0.0722384 0.0311212 -0.0283145 -0.0596282 0.0250585 -0.0506749 0.0488598 -0.06955 -0.0738712 -0.0935743
internal_weight=123.697 71.3758 52.3214 30.3752 11.7666 21.9462 10.1938 68.4837 4.71583 11.7524 63.7679 2.8921 59.3475 4.4204 18.6086 8.75468 7.36047 10.2172 16.0793 3.01188 2.84484
internal_count=472 274 198 124 43 74 39 262 19 35 243 12 225 18 81 29 31 28 72 14 12
is_linear=0
shrinkage=0.05


Tree=29
num_leaves=25
num_cat=0
split_feature=0 2 8 0 123 1 0 127 104 45 17 7 99 69 102 96 117 2 123 108 50 65 116 121
split_gain=15.4973 11.2455 10.3767 8.44925 9.7512 8.09535 9.28011 6.51427 6.33304 6.09474 5.92325 4.93955 4.91269 4.81063 10.8411 5.84536 4.08324 3.80417 3.5631 3.10387 2.92719 1.74984 1.01904 0.00232426
threshold=0.17059657722711566 -0.087656758725643144 0.013053544797003271 -1.2377730607986448 -0.17348259687423703 0.82813379168510448 1.5163186788558962 -0.24243301153182981 0.56906366348266613 0.014000160153955223 -0.95164582133293141 -0.21693217754364011 1.1378386020660403 -1.2117179632186887 0.1593500301241875 -1.975911498069763 -0.26452723145484919 1.3442584276199343 1.769329905509949 -1.3381095528602598 1.3657597303390505 0.91041216254234325 -0.89880335330963124 -0.20729099959135053
decision_type=2 2 2 2 2 2 2 2 2 2 2 2 2 2 2 2 2 2 2 2 2 2 2 2
left_child=1 3 5 21 10 6 12 -6 17 16 -5 -7 -2 14 -3 -15 -10 19 -17 -4 -8 23 -13 -1
right_child=2 13 8 4 7 11 20 -9 9 -11 -12 22 -14 15 -16 18 -18 -19 -20 -21 -22 -23 -24 -25
leaf_value=0.058060302669391523 0.04036737211255919 0.055724898501657794 -0.0050345259395853156 -0.050751905620546371 -0.012485256868284928 0.024943804733944572 -0.074242034826964953 -0.082004017743372071 0.016151637129901843 0.049185895035399073 0.038024941241560521 -0.038495038341042266 -0.049708302893359105 -0.084455936777838927 -0.11804587517685053 0.048511362681667274 -0.082286620314374781 0.0078283508376169736 -0.032895928823334579 -0.077887433792620725 0.017090573671259292 -0.0073252732393567863 -0.094298961096872802 0.056007062264723788
leaf_weight=2.4727755486965179 16.369231581687938 2.1093415319919582 1.6586515605449665 2.4358143061399451 6.9342767447233227 1.5720657259225843 3.1777144372463217 6.5554832667112271 1.7673591226339338 3.0917469561100006 8.2176279127597862 1.1225216835737226 1.6679581254720677 0.89189711213111778 1.5623522251844404 32.997662097215652 2.6079825460910788 1.8076133430004109 1.4012085571885098 12.331702575087549 1.2118367999792097 1.3082352131605146 3.0165860652923575 3.1140360534191158
leaf_count=7 49 8 7 9 23 6 15 27 6 8 26 5 7 4 7 141 12 7 6 59 4 5 13 11
internal_value=0.00305661 0.0183648 -0.0177902 -0.00408865 -0.0180299 0.00263713 0.016171 -0.0462686 -0.0424959 -0.00455144 0.0177269 -0.0505079 0.0320378 0.0362517 -0.0182168 0.0419187 -0.0425238 -0.0604308 0.0451953 -0.0692502 -0.0490276 0.044727 -0.079165 0.0569158
internal_weight=121.404 70.0007 51.403 31.0382 24.1432 28.1379 22.4267 13.4898 23.2651 7.46709 10.6534 5.71117 18.0372 38.9625 3.67169 35.2908 4.37534 15.798 34.3989 13.9904 4.38955 6.89505 4.13911 5.58681
internal_count=472 274 198 108 85 99 75 50 99 26 35 24 56 166 15 151 18 73 147 66 19 23 18 18
is_linear=0
shrinkage=0.05


Tree=30
num_leaves=24
num_cat=0
split_feature=2 64 62 77 16 17 69 124 63 26 8 12 96 33 56 66 6 110 55 70 3 87 10
split_gain=14.6591 8.51336 8.69701 8.68148 10.6385 7.30146 5.14548 11.1483 4.65373 3.44249 6.38926 3.49348 3.15073 3.09736 5.40145 3.64503 2.80182 1.05143 0.946567 0.638824 0.214801 0.0385189 0.00377272
threshold=0.40351943671703344 -1.4865895509719846 1.2275447845458987 0.16927825659513476 -0.80151918530464161 -0.13248100131750104 -0.68956050276756276 0.44546215236186987 0.73127037286758434 -0.59663027524948109 0.43484549224376684 0.93608343601226818 -0.20109404623508451 -1.307226777076721 0.40781448781490331 -1.1210060119628904 -0.27058091759681696 0.23876746743917468 0.059035159647464759 -0.51983237266540516 0.37654276192188268 -0.39238512516021723 0.18556565791368487
decision_type=2 2 2 2 2 2 2 2 2 2 2 2 2 2 2 2 2 2 2 2 2 2 2
left_child=1 19 3 5 -5 -3 7 12 17 10 11 -8 -2 14 -11 -15 -9 -4 -12 -1 21 -21 -14
right_child=6 2 8 4 -6 -7 9 16 -10 13 18 -13 22 15 -16 -17 -18 -19 -20 20 -22 -23 -24
leaf_value=-0.040994568457096772 -0.030198295778285474 -0.01409367051725019 -0.10292059543162849 0.037056813914720522 -0.038478429123967511 0.029544229256135437 0.05147557133013389 -0.05089271024201824 0.013339172724180164 0.055535457200318855 -0.03193667533530891 -0.050180571527631314 0.054462323749135115 -0.0045526258594829564 -0.082329309289971231 0.054528783215949929 -0.16834849304120733 -0.057039669018796535 -0.0997097427908578 -0.068829178775114117 -0.10249242617272446 -0.081716445046739056 0.057913551801149002
leaf_weight=1.0678436458110807 1.5675468593835828 14.760811507701872 2.8961163312196723 5.9659472107887295 21.318971231579781 27.340684533119202 4.5351625084877005 0.98991516232490573 1.6566511988639829 1.5659238696098357 0.91861338913440738 1.0387111604213712 2.0113710612058635 2.9476017355918911 1.3005159348249433 22.833320677280426 1.0423543453216551 2.1951602399349213 1.1731709837913511 0.97901654243469272 1.1829714179038999 1.4219826459884637 1.306028753519058
leaf_count=5 7 54 13 19 87 91 18 5 6 6 5 5 9 12 6 92 5 11 5 5 5 6 4
internal_value=0.0032999 -0.00927516 -0.00526305 6.97413e-06 -0.0219624 0.0142448 0.0267994 -0.012724 -0.0594528 0.0343282 0.0045675 0.0325316 0.028218 0.0422918 -0.00701437 0.0477738 -0.111136 -0.0831385 -0.069947 -0.0749397 -0.0850537 -0.0764616 0.055821
internal_weight=124.016 80.7862 76.1343 69.3864 27.2849 42.1015 43.2302 6.91722 6.74793 36.313 7.66566 5.57387 4.88495 28.6474 2.86644 25.7809 2.03227 5.09128 2.09178 4.65181 3.58397 2.401 3.3174
internal_count=481 302 281 251 106 145 179 30 30 149 33 23 20 116 12 104 10 24 10 21 16 11 13
is_linear=0
shrinkage=0.05


Tree=31
num_leaves=22
num_cat=0
split_feature=2 0 0 16 33 17 117 5 69 124 51 39 92 105 22 89 29 102 117 48 71
split_gain=13.6153 12.7698 9.76651 8.34748 8.3163 7.07197 6.7436 6.32017 5.71159 9.64178 5.54144 3.62661 3.59391 6.01527 2.20017 1.54529 1.12052 0.883507 0.344209 0.0343915 0.00619865
threshold=0.40351943671703344 -1.2377730607986448 1.3191984891891482 0.22222699970006946 -0.95301848649978627 0.17773921787738803 -0.12739917635917661 1.2930582761764529 -0.68956050276756276 0.77827057242393505 0.35749161243438726 0.2666620016098023 -0.22260748594999311 -1.2143624424934385 0.74286943674087536 1.3720303773880007 0.23373576253652575 1.1675710678100588 1.0350527763366701 -0.024791707284748551 0.18017428368330005
decision_type=2 2 2 2 2 2 2 2 2 2 2 2 2 2 2 2 2 2 2 2 2
left_child=1 15 8 4 7 -6 10 -3 9 14 -5 -8 13 -10 -2 18 19 -14 20 -4 -1
right_child=2 3 16 6 5 -7 11 -9 12 -11 -12 -13 17 -15 -16 -17 -18 -19 -20 -21 -22
leaf_value=0.055599655112863959 0.054353610120253963 -0.0828907827773602 -0.067312017933343071 0.0068518878721879469 -0.01476193630075553 0.027838283458603275 -0.084263325583160451 0.028716590882897415 -0.07443227754676944 -0.10980875045326464 -0.073240912458564844 -0.028370063991632596 0.056977997585924867 0.033061587820460661 -0.02510419899260103 -0.0053605549929036569 -0.0087752946688572277 0.022640683520239444 0.027748320330399468 -0.079185588264865991 0.058671701591639404
leaf_weight=4.737631291151045 2.8460032492876044 5.0625353455543509 1.2979624420404439 8.940168961882593 20.843802019953728 18.291436448693275 8.375009208917616 1.6925714462995527 1.5006912648677815 1.7622743248939512 2.8474513441324225 4.4411453008651725 19.311291560530666 9.8026227504014951 1.255556523799896 1.3332387059926976 0.94426557421684254 2.0745953023433676 1.1994046121835706 1.1503651440143576 2.5130331963300705
leaf_count=18 13 23 7 34 76 59 39 5 7 8 13 18 78 42 5 5 4 10 5 5 7
internal_value=0.00319955 -0.0088634 0.0262862 -0.0162924 -0.00369414 0.005149 -0.0397904 -0.0549262 0.0334432 -0.011996 -0.0124956 -0.0648948 0.0415941 0.0187901 0.0300302 0.0446668 -0.0550455 0.053647 0.0525601 -0.0728909 0.0566644
internal_weight=122.223 80.2774 41.9456 70.4941 45.8903 39.1352 24.6038 6.75511 38.553 5.86383 11.7876 12.8162 32.6892 11.3033 4.10156 9.78331 3.39259 21.3859 8.45007 2.44833 7.25066
internal_count=481 302 179 267 163 135 104 28 163 26 47 57 137 49 18 35 16 88 30 12 25
is_linear=0
shrinkage=0.05


Tree=32
num_leaves=21
num_cat=0
split_feature=2 0 0 33 77 117 17 69 124 92 1 95 89 122 125 99 75 58 1 103
split_gain=12.6323 11.8071 9.0681 7.04278 6.48633 10.7157 6.90905 5.36316 8.55313 3.53415 5.40415 2.12957 1.49706 1.47774 1.1061 0.889707 0.354634 0.309913 0.0270691 0.00584306
threshold=0.40351943671703344 -1.2377730607986448 1.3191984891891482 -1.2693140506744383 0.66189727187156688 -0.77583497762680043 -0.37566776573657984 -0.68956050276756276 0.77827057242393505 -0.22260748594999311 1.2808956503868105 -0.11498506367206572 1.3720303773880007 1.2000383734703066 0.86442822217941295 1.6364522576332095 0.89037784934043895 0.55156409740448009 0.30889382958412176 -0.55994659662246693
decision_type=2 2 2 2 2 2 2 2 2 2 2 2 2 2 2 2 2 2 2 2
left_child=1 12 7 13 6 -6 -5 8 11 10 -9 -2 16 17 18 -11 19 -3 -4 -1
right_child=2 3 14 4 5 -7 -8 9 -10 15 -12 -13 -14 -15 -16 -17 -18 -19 -20 -21
leaf_value=0.058744260810529463 -0.023466305056120951 -0.075544605704560952 -0.065424373075957998 -0.028281016556593076 0.022975261632674097 -0.069360112760146864 0.010800556458532045 0.029472228986612954 -0.10178024183257553 0.055526064467043924 -0.089179100499457514 0.054702654303913245 -0.0050779220965942902 -0.015645583925492357 -0.0070771738359484623 0.0075078064147460991 0.026514628960190342 -0.10533281204045751 -0.076121563004069998 0.055441755024681516
leaf_weight=1.8111557066440571 1.2876216769218447 3.0230051577091208 1.0639547556638715 17.180265009403229 4.5769642293453208 10.023166596889494 33.089726984500885 10.06380967795849 1.8050417453050611 19.513608217239383 1.0608291774988163 2.6947079151868811 1.3369751125574101 0.96620994806289662 0.92817899584770192 1.0148275941610325 1.1669080257415769 1.2277832776308057 1.3314861208200452 5.141423672437667
leaf_count=5 6 15 6 65 15 45 118 44 8 83 5 12 5 4 4 5 5 5 6 20
internal_value=0.00310301 -0.00849544 0.0257353 -0.0155714 -0.0110766 -0.0404141 -0.00255596 0.0327615 -0.011495 0.0408533 0.0181578 0.029428 0.0439483 -0.0714615 -0.0534153 0.0531523 0.0520211 -0.0841485 -0.0713703 0.0563021
internal_weight=120.308 79.5436 40.7641 70.0871 64.8701 14.6001 50.27 37.4404 5.78737 31.6531 11.1246 3.98233 9.45646 5.217 3.32362 20.5284 8.11949 4.25079 2.39544 6.95258
internal_count=481 302 179 267 243 60 183 163 26 137 49 18 35 24 16 88 30 20 12 25
is_linear=0
shrinkage=0.05


Tree=33
num_leaves=22
num_cat=0
split_feature=2 0 0 45 49 16 33 31 69 124 0 92 105 31 3 121 29 102 3 71 82
split_gain=11.7141 10.9094 8.42128 8.24699 10.9322 7.18747 7.19347 6.60538 5.0355 7.62354 4.40287 3.47538 5.29273 3.35576 2.12106 1.74851 1.06777 0.940492 0.0226541 0.00261639 0.000885689
threshold=0.40351943671703344 -1.2377730607986448 1.3191984891891482 -0.20907481759786603 -1.1621373891830442 0.54959082603454601 -0.90589943528175343 -0.57172545790672291 -0.68956050276756276 0.77827057242393505 0.27250985801219946 -0.22260748594999311 -1.2143624424934385 -0.21032399684190747 -0.17343903332948682 -0.67013520002365101 0.23373576253652575 1.1675710678100588 -0.31992341578006739 0.18017428368330005 0.88642945885658275
decision_type=2 2 2 2 2 2 2 2 2 2 2 2 2 2 2 2 2 2 2 2 2
left_child=1 15 8 4 13 6 -5 -6 9 14 -7 12 -10 -3 -2 -1 18 -13 -4 20 -17
right_child=2 3 16 5 7 10 -8 -9 11 -11 -12 17 -14 -15 -16 19 -18 -19 -20 -21 -22
leaf_value=0.0044376313279333428 -0.025569909515655471 -0.032421709402088959 -0.064404204763705994 -0.050570749594493029 -0.011001272592319568 -0.0014830157666082008 0.021079499659504664 -0.068114983031771117 -0.069211608427609844 -0.094823830758398966 -0.06674862070292252 0.056328555661596537 0.031461782033985218 0.055043172017002734 0.053989586078877952 0.054453013894861305 -0.0065274773713327339 0.020076272652657285 -0.074347376825706288 0.056984599935280857 0.055947656387073698
leaf_weight=2.2036801874637604 1.2258778512477877 1.5501500219106672 1.0220637619495396 4.0323667377233496 7.3998657613992753 4.8250567317008954 26.68480055034161 16.02640068531036 1.5151221901178349 1.8396381884813306 5.5638231933116913 17.713425979018215 9.4381402432918566 3.7484213113784817 2.6458561420440665 3.3198102414607984 0.92755478620529164 1.9900534451007832 1.3033349514007559 2.2048584669828415 1.4130484163761137
leaf_count=8 5 7 6 18 30 19 87 70 7 8 26 78 42 10 13 15 4 10 6 7 5
internal_value=0.00300528 -0.00812535 0.0251907 -0.0148492 -0.0354042 -0.000485348 0.0116737 -0.050074 0.0320848 -0.0110198 -0.0364364 0.0401152 0.017536 0.0294544 0.0287993 0.0432376 -0.051885 0.0526671 -0.0699771 0.055562 0.0548993
internal_weight=118.593 78.9723 39.6211 69.8309 28.7248 41.106 30.7172 23.4263 36.3681 5.71137 10.3889 30.6567 10.9533 5.29857 3.87173 9.1414 3.25295 19.7035 2.3254 6.93772 4.73286
internal_count=481 302 179 267 117 150 105 100 163 26 45 137 49 17 18 35 16 88 12 27 20
is_linear=0
shrinkage=0.05


Tree=34
num_leaves=22
num_cat=0
split_feature=0 16 45 5 35 33 2 2 91 61 81 76 28 67 4 103 110 23 65 100 2
split_gain=11.0102 9.5353 7.97246 7.28854 7.84431 6.37036 6.22932 6.09419 5.88788 5.43951 4.99867 6.96189 4.44507 4.1131 3.63188 2.31191 2.24718 2.2189 3.66931 0.363733 0.0145003
threshold=-0.85107138752937306 0.6398228406906129 -0.23343521356582639 0.8399551808834077 0.58162188529968273 -0.90589943528175343 0.4291148185729981 0.065520357340574278 1.6698235273361208 -0.2212978973984718 -1.1747481822967527 0.29586043953895574 0.26721750199794775 1.1124401688575747 -0.19749040901660916 0.66758471727371227 -0.54475066065788258 -0.72068679332733143 0.42848597466945654 0.88224714994430553 -0.39195671677589411
decision_type=2 2 2 2 2 2 2 2 2 2 2 2 2 2 2 2 2 2 2 2 2
left_child=8 2 3 6 -5 14 -2 16 10 -7 11 -1 15 -14 -4 -9 -3 18 -12 -18 -19
right_child=1 7 5 4 -6 9 -8 12 -10 -11 17 -13 13 -15 -16 -17 19 20 -20 -21 -22
leaf_value=-0.11499305967377951 -0.046421063979940017 -0.017530222336408243 0.027250155027834452 0.052469838523290437 -0.083048835924189102 0.048080423745845452 0.0081410808898322081 -0.079544368702103754 -0.060384404469002097 0.0087627999005954107 0.054844708910747143 0.037846946853485705 0.050839442233602518 -0.051673917040980566 -0.054785656060883592 0.010845185367356971 -0.071069089443975011 0.057080498479863198 -0.056546971062877455 -0.096179658848156338 0.054082319946433755
leaf_weight=1.1897824704647129 16.684247031807907 1.9684467762708662 1.9537922292947767 5.9009846895933142 1.3037334084510801 14.999753326177595 7.6204687207937232 2.2783190160989748 1.5957632362842549 21.272179618477821 1.7937762290239434 1.9933114498853681 3.6440284103155136 1.3376475721597669 4.3596740067005149 1.0259805172681806 5.6352724134922045 6.6262739002704718 1.2576162219047544 1.9381477236747739 10.303464934229835
leaf_count=5 70 8 8 21 7 51 33 11 7 81 8 9 15 6 21 5 29 22 5 8 51
internal_value=0.0029182 -0.00505308 0.00284609 -0.0162209 0.027947 0.016954 -0.0293137 -0.037883 0.032512 0.0250221 0.0389115 -0.0192819 -0.0065124 0.0233132 -0.0293985 -0.0514785 -0.0651247 0.048182 0.00893518 -0.0774952 0.0552558
internal_weight=116.683 91.9227 74.0948 31.5094 7.20472 42.5854 24.3047 17.8278 24.76 36.2719 23.1642 3.18309 8.28598 4.98168 6.31347 3.3043 9.54187 19.9811 3.05139 7.57342 16.9297
internal_count=481 374 292 131 28 161 103 82 107 132 100 14 37 21 29 16 45 86 13 37 73
is_linear=0
shrinkage=0.05


Tree=35
num_leaves=23
num_cat=0
split_feature=120 92 114 56 129 1 25 68 81 29 16 84 13 96 89 72 76 80 43 16 103 15
split_gain=7.07931 6.62994 6.45494 6.35262 7.08592 6.06155 5.88502 6.82078 5.74078 5.4495 7.1641 5.12911 4.79285 4.37953 4.24793 4.05196 2.45787 1.36664 1.1379 0.758983 0.292767 0.0191551
threshold=-1.330932557582855 -0.10066203400492667 0.83681926131248485 -0.43056902289390558 1.0000000180025095e-35 1.2095018625259402 1.8330168724060061 1.6059234738349917 -0.17078536003828046 -0.14261024445295331 0.41895201802253729 0.57062289118766796 0.84621691703796398 0.38281200826168066 0.59752097725868236 1.4644610285758974 0.21476126462221148 1.0949822068214419 -0.85983818769454945 -0.30632665753364557 0.68374115228652965 0.55378118157386791
decision_type=2 2 2 2 2 2 2 2 2 2 2 2 2 2 2 2 2 2 2 2 2 2
left_child=1 18 14 4 9 6 7 -5 15 10 -2 13 -11 -7 20 -6 -13 -10 -1 -20 -3 -21
right_child=3 2 -4 5 8 11 -8 -9 17 12 -12 16 -14 -15 -16 -17 -18 -19 19 21 -22 -23
leaf_value=-0.034114742442626599 0.026736185252058144 0.060360023658649134 -0.096079331889083686 0.030226918279525727 -0.069190948993691145 -0.0108978510437991 -0.060041591203393946 -0.059224557153008055 0.058015090864914624 -0.065520380475422219 -0.060287693799380815 0.057147999491934436 0.017679500276817358 -0.099344810655953131 -0.050004325202075497 0.04138836567444535 -0.030461054564245228 0.004711669300011408 -0.12841793859911929 -0.082960420112216909 0.029609137900631261 -0.073776376891573778
leaf_weight=0.97702187299728382 7.5160425752401352 2.6628119349479662 1.4421501159667967 51.717179246246815 2.2911730259656911 3.1821423023939115 2.0366850942373267 2.2226653695106497 6.105640307068823 9.2822285890579206 3.4507663622498512 2.3170076310634617 2.127750128507615 2.4985027760267258 1.4238987714052198 1.2976212054491041 1.2232205122709272 1.4974093139171598 1.1488679051399233 1.1854694187641146 1.0911891013383863 1.0895738601684568
leaf_count=5 29 7 6 213 11 13 9 10 22 43 17 8 10 11 7 4 6 5 5 5 5 5
internal_value=0.00386268 -0.0341461 -0.00252647 0.00810395 -0.00956826 0.017203 0.0233907 0.0265409 0.0229142 -0.0258145 -0.000646354 -0.0203603 -0.0500051 -0.0497992 0.0235299 -0.0292081 0.0268773 0.0475171 -0.0817095 -0.0952908 0.0514216 -0.078562
internal_weight=109.787 11.021 6.62005 98.766 33.5686 65.1974 55.9765 53.9398 11.1918 22.3768 10.9668 9.22087 11.41 5.68065 5.1779 3.58879 3.54023 7.60305 4.40093 3.42391 3.754 2.27504
internal_count=456 45 25 411 141 270 232 223 42 99 46 38 53 24 19 15 14 27 20 15 12 10
is_linear=0
shrinkage=0.05


Tree=36
num_leaves=25
num_cat=0
split_feature=0 103 2 123 81 16 79 18 50 3 74 58 129 98 20 43 11 85 91 101 2 56 2 56
split_gain=10.9526 7.59553 7.42454 10.2643 7.10824 6.17466 6.13572 7.722 6.05417 5.63849 6.58989 5.46872 5.71445 5.29328 5.09467 6.59503 4.64605 4.29765 4.03138 3.44187 3.0148 1.91311 0.635807 0.214826
threshold=0.38774725794792181 1.1669280529022219 -0.087656758725643144 -0.17348259687423703 -0.51816645264625538 -0.13837659358978269 -1.3601602315902708 1.0000000180025095e-35 1.2075594663619997 -0.7797868251800536 0.44606086611747747 1.0000000180025095e-35 1.0000000180025095e-35 1.5404503345489504 -0.87833189964294422 -0.15630011260509488 0.31133548915386206 -0.25206768512725825 -0.30800780653953547 1.7917038202285769 0.70143949985504161 -0.17126877605915067 0.14263130724430087 0.26008844375610357
decision_type=2 2 2 2 2 2 2 2 2 2 2 2 2 2 2 2 2 2 2 2 2 2 2 2
left_child=2 5 3 11 18 14 7 -4 20 10 -8 21 -13 -6 23 -16 22 -10 -5 -11 -7 -1 -3 -2
right_child=1 16 6 4 13 8 9 -9 17 19 -12 12 -14 -15 15 -17 -18 -19 -20 -21 -22 -23 -24 -25
leaf_value=0.0094557460502996873 0.062041365598241055 0.069139947565241097 -0.13147681771289949 -0.0014835411628223913 0.0087679206233897359 -0.072631539888975472 0.029593796483454851 0.055449076094924048 0.061920002558594436 0.05217867761274439 -0.070620711529374922 -0.060307278738256823 0.056059396222399964 -0.093332731555185636 0.021969886320416271 -0.062457946916528298 -0.050119342748710542 -0.068101694968487572 -0.090765138421884217 -0.036900849103929614 -0.024286868981763667 0.05602664806768784 0.03102252677799729 0.035069648922486672
leaf_weight=2.8915030062198648 2.1303528845310207 3.0959318876266471 1.2477951347827905 1.698346748948097 10.564499646425245 11.199924103915693 5.5014974027872077 0.99152497947216023 1.9647723734378817 24.32707512378693 2.337385930120945 2.9706577062606803 1.6360438317060468 1.4427924901247013 4.6538601964712134 4.5986776202917126 1.3250977545976637 0.93939809501171012 4.9478378146886852 1.1349627226591099 4.5287488102912894 9.2910796701908112 1.691846504807472 1.1297768801450727
leaf_count=10 5 6 6 6 38 58 23 4 5 123 10 13 6 6 17 23 6 5 21 5 20 29 6 5
internal_value=0.00373345 -0.0182197 0.0152565 -0.000936414 -0.0264638 -0.0282211 0.0314049 -0.0487099 -0.0464649 0.0367923 -0.000288008 0.0274254 -0.0189803 -0.00350046 -0.001054 -0.0199923 0.0327383 0.0198625 -0.0679504 0.048208 -0.0587117 0.0449732 0.0556705 0.0526945
internal_weight=108.241 37.2584 70.983 35.4428 18.6535 31.1455 35.5402 2.23932 18.6328 33.3009 7.83888 16.7893 4.6067 12.0073 12.5127 9.25254 6.11288 2.90417 6.64618 25.462 15.7287 12.1826 4.78778 3.26013
internal_count=456 156 300 129 71 138 171 10 88 161 33 58 19 44 50 40 18 10 27 128 78 39 12 10
is_linear=0
shrinkage=0.05


Tree=37
num_leaves=25
num_cat=0
split_feature=0 103 2 123 6 10 16 23 79 3 9 58 5 20 43 11 18 7 67 101 3 56 23 56
split_gain=10.1345 7.01555 6.98705 9.41828 9.4607 5.99659 5.73464 5.80775 5.70492 5.46059 10.0363 5.10517 5.32945 4.7318 6.06141 4.2982 3.88645 3.61559 3.53165 3.27495 2.40269 1.88051 0.6383 0.214099
threshold=0.38774725794792181 1.1669280529022219 -0.087656758725643144 -0.17348259687423703 -0.40923765301704401 0.34273153543472296 -0.13837659358978269 1.0499029755592348 -1.3601602315902708 -0.7797868251800536 0.80031502246856701 1.0000000180025095e-35 0.64274913072586071 -0.87833189964294422 -0.15630011260509488 0.31133548915386206 0.37267276644706732 0.58407518267631542 -0.2344267591834068 1.7917038202285769 0.33285097777843481 -0.17126877605915067 -1.0000000180025095e-35 0.26008844375610357
decision_type=2 2 2 2 2 2 2 2 2 2 2 2 2 2 2 2 2 2 2 2 2 2 2 2
left_child=2 6 3 11 16 -6 13 20 17 10 -10 21 -13 23 -15 22 -5 -4 -9 -11 -8 -1 -3 -2
right_child=1 15 8 4 5 -7 7 18 9 19 -12 12 -14 14 -16 -17 -18 -19 -20 -21 -22 -23 -24 -25
leaf_value=0.0090092547885391606 0.061350758657528787 0.029177276816615711 -0.11522527519878145 0.051983930400282721 -0.089209660264146187 -0.019534036972678828 -0.072489578393308648 0.034479506738889949 0.022384140134776579 0.051874413348948524 -0.14243330367327939 -0.0579404325630039 0.055818758414636384 0.021034781243936346 -0.060419875321857087 -0.047946915147854791 -0.036240947028628845 0.013087445593610931 -0.069479006496727419 -0.034732769819629937 -0.024586777559080019 0.055454691561927595 0.067966154156902422 0.034051996727933152
leaf_weight=2.8832787573337564 2.0486855506896968 1.6324511021375654 1.0317597240209573 4.2726838290691402 5.4826012253761274 7.0703849196434021 10.55371104180813 3.0491780638694763 6.7253661006689063 23.272941857576374 1.0706945508718488 2.954320713877677 1.5802620500326154 4.618631809949874 4.5181787312030819 1.316112622618675 1.7634838521480558 1.173373147845268 1.1159458607435215 1.1452451646327961 3.481099233031272 8.9268011450767517 3.0276450514793387 1.1059787571430204
leaf_count=10 5 6 5 13 24 26 55 9 28 123 5 13 6 17 23 6 8 5 6 5 18 29 6 5
internal_value=0.00364604 -0.0176926 0.0148664 -0.000886555 -0.0252305 -0.0499653 -0.0274015 -0.0452212 0.0308548 0.0361806 -0.00025154 0.0268004 -0.0182964 -0.00101588 -0.0192448 0.0318437 0.0262088 -0.0469488 0.0066263 0.0478124 -0.0606081 0.0441156 0.0543782 0.0517802
internal_weight=105.821 36.4676 69.3532 34.9338 18.5892 12.553 30.4914 18.1999 34.4194 32.2142 7.79606 16.3447 4.53458 12.2915 9.13681 5.97621 6.03617 2.20513 4.16512 24.4182 14.0348 11.8101 4.6601 3.15466
internal_count=456 156 300 129 71 50 138 88 171 161 33 58 19 50 40 18 21 10 15 128 73 39 12 10
is_linear=0
shrinkage=0.05


Tree=38
num_leaves=22
num_cat=0
split_feature=101 25 35 11 51 34 6 101 91 97 72 19 66 60 58 124 4 40 2 24 97
split_gain=6.16339 6.1327 8.63531 5.79397 6.82094 5.7355 5.72786 5.65174 6.87781 3.47077 3.19354 2.98887 1.95483 1.84247 1.13347 0.98628 0.661529 0.481606 0.253284 0.21168 0.0820202
threshold=1.1143078207969668 0.74175563454628002 0.19592823088169101 -1.0378940701484678 1.3731297850608828 1.603571951389313 0.36443017423152929 0.1457384526729584 0.030554435215890411 0.81637960672378551 -0.27969574928283686 0.45973594486713415 1.0529239773750307 -0.35961410403251642 0.61852684617042553 -0.73222503066062916 0.58444729447364818 -0.49934974312782282 0.78661721944808971 0.95084872841835033 0.66201266646385204
decision_type=2 2 2 2 2 2 2 2 2 2 2 2 2 2 2 2 2 2 2 2 2
left_child=1 3 7 14 6 10 -5 8 -3 13 11 16 -6 -4 19 -12 -2 -13 -9 -1 -17
right_child=5 2 9 4 12 -7 -8 18 -10 -11 15 17 -14 -15 -16 20 -18 -19 -20 -21 -22
leaf_value=0.057634685780297512 0.054959318617834943 0.0193124533328938 -0.026364522382423712 0.00097688925493174205 -0.094826278869191621 0.049630942900127033 0.034925822172549831 0.055920792296464218 -0.078636725556045561 0.009125765333452043 -0.017845150794862968 -0.020978823435216228 -0.0062271897254547719 -0.082050048083292013 0.010592620647099633 -0.070958507184479658 -0.00095706620107278593 -0.071141114579736625 0.02609107153122819 0.035766151414632831 -0.083994431126627758
leaf_weight=8.3722079396247846 1.2046454250812524 5.0311899930238742 2.0490879118442535 35.222727671265602 1.9366348385810845 1.9232747107744206 19.195656299591064 4.4860583245754242 2.7838829010725021 1.8905326128005979 0.86001552641391654 0.73811449855566058 0.91753563284873951 5.4001932069659215 1.711523801088332 3.3895596861839294 0.94301010668277729 1.3603855073451994 0.84578792750835408 1.2751073092222203 1.8736234754323957
leaf_count=29 5 18 10 160 9 5 80 18 14 8 5 5 5 27 9 17 5 7 5 7 8
internal_value=0.0035617 0.0080452 -0.0146164 0.0154702 0.00900039 -0.0296719 0.0129521 0.0114993 -0.015579 -0.0513776 -0.0443807 -0.0110595 -0.0663442 -0.0667325 0.0480916 -0.0674875 0.0304071 -0.0534973 0.0511889 0.0547443 -0.0755991
internal_weight=103.411 91.1181 22.4867 68.6314 57.2726 12.2926 54.4184 13.1469 7.81507 9.33981 10.3694 4.24616 2.85417 7.44928 11.3588 6.1232 2.14766 2.0985 5.33185 9.64732 5.26318
internal_count=456 399 100 299 254 57 240 55 32 45 52 22 14 37 45 30 10 12 23 36 25
is_linear=0
shrinkage=0.05


Tree=39
num_leaves=22
num_cat=0
split_feature=74 67 26 17 125 39 95 43 125 70 91 106 3 108 37 11 10 26 120 40 83
split_gain=7.69926 7.75314 9.5983 6.24624 5.31403 5.98714 5.3637 6.62906 4.69226 4.60687 4.02665 5.69879 3.48961 3.34982 2.49723 1.53182 1.24476 0.385918 0.354106 0.192168 0.0927019
threshold=0.44606086611747747 1.052104711532593 -0.94613507390022267 -1.8435663580894468 1.3422558307647707 -0.45849217474460596 -0.82570159435272206 -0.44736459851264948 -1.1728088855743406 -0.79973524808883656 -1.2323173880577085 -0.17754044383764264 0.49474576115608221 1.412612318992615 -0.45263177156448359 -0.93468379974365223 -0.22969786822795865 -2.1256120204925533 -0.43367075920104975 -0.49934974312782282 -0.11270336061716078
decision_type=2 2 2 2 2 2 2 2 2 2 2 2 2 2 2 2 2 2 2 2 2
left_child=4 2 17 -4 5 6 14 -8 -5 -6 11 -7 16 -12 -1 -11 -3 -2 -17 -19 -18
right_child=1 12 3 8 9 10 7 -9 -10 15 13 -13 -14 -15 -16 18 20 19 -20 -21 -22
leaf_value=0.0058627894812782614 -0.041401445208256657 -0.13530805830390655 -0.085736379754414296 -0.048732063310486184 0.039086928706658121 0.043038816217777068 -0.053465758819359624 0.023355318098707903 0.024081498841528961 -0.0038785914093989824 0.035456563647051777 -0.067743084770020737 0.0009981165833528071 -0.030360744784206906 -0.088274214652123803 -0.10322443677575409 -0.081645849038186905 -0.098317002776814988 -0.067745647016744112 -0.073455149106213966 -0.065264743577534728
leaf_weight=0.97480680048465762 0.69919577240943898 1.1023309081792829 1.651974812150004 2.5170299261808458 1.4863034933805463 2.1437290012836456 3.6269748955965104 12.440082117915148 18.292040929198262 0.80921694636344943 37.832616217434406 2.5320104211568824 1.407266706228256 2.0373232364654532 2.5405614078044918 1.1485418230295183 1.9468905180692671 1.1971575468778612 1.8141771405935276 2.2158407419919994 1.5522534847259515
leaf_count=5 4 6 8 12 6 9 17 52 81 5 161 12 7 10 12 5 9 5 10 11 9
internal_value=0.00343876 -0.016611 -0.00501287 0.00784493 0.0128536 0.0168159 -0.00622639 0.00601374 0.0152741 -0.0354689 0.0269453 -0.0169519 -0.0679032 0.0320933 -0.0621702 -0.064847 -0.0889752 -0.0752429 -0.0814995 -0.0821758 -0.074379
internal_weight=101.968 32.582 26.5732 22.461 69.3863 64.1281 19.5824 16.0671 20.8091 5.25824 44.5457 4.67574 6.00874 39.8699 3.51537 3.77194 4.60147 4.11219 2.96272 3.413 3.49914
internal_count=456 152 121 101 304 278 86 69 93 26 192 21 31 171 17 20 24 20 15 16 18
is_linear=0
shrinkage=0.05


Tree=40
num_leaves=24
num_cat=0
split_feature=0 16 15 81 33 68 39 40 24 9 97 84 101 53 80 67 60 67 42 99 33 93 1
split_gain=8.84283 9.25507 8.44273 7.3178 7.11182 7.35341 6.00746 4.85499 4.62528 5.24629 4.4209 4.26526 4.10478 4.23091 3.48181 3.31034 2.70122 1.97857 0.896096 0.322341 0.294841 0.00955702 0.000572308
threshold=-0.81543517112731922 0.156098447740078 -0.94642707705497731 -0.40739069879055018 -0.91760995984077443 -0.73181426525115956 0.19917695224285129 0.49330230057239538 -0.38432319462299341 -0.40860156714916224 0.15580823272466662 1.3314815759658816 1.1690654158592226 1.5793610215187075 0.74449580907821666 0.29029548168182379 0.67103862762451183 -0.20989482849836347 1.8277683854103091 1.1223850846290591 -1.0000000180025095e-35 1.2725182771682741 -0.14535033702850339
decision_type=2 2 2 2 2 2 2 2 2 2 2 2 2 2 2 2 2 2 2 2 2 2 2
left_child=3 4 7 6 5 -2 10 16 9 -4 20 -10 13 -6 -14 -7 -3 -8 19 21 -1 -5 -19
right_child=1 2 8 18 12 15 17 -9 11 -11 -12 -13 14 -15 -16 -17 -18 22 -20 -21 -22 -23 -24
leaf_value=-0.11236041245669511 0.049690458265518732 0.065211167962178768 0.030294639803200397 0.054466869015520863 0.023992290455927254 -0.074630991502803362 -0.029409429385522764 -0.05958275250037668 -0.067903803070960861 -0.045398098053621883 0.022356801790089972 0.025914259980346313 -0.061289873716255883 -0.042297584418122577 0.036810893732753966 -0.0077213827472270985 -0.024428500497166491 0.05366673037323038 0.008468733217414471 0.023452090425244466 -0.077966304857733759 0.058666559287933066 0.055106935665789669
leaf_weight=1.218027770519257 2.2292910516262046 3.8972219079732922 3.8472999185323715 11.123843029141421 37.097451716661453 5.5936247557401639 0.94262860715389285 1.3983690589666364 13.454767726361746 5.6525662243366295 1.1902482509613035 1.3313449323177327 3.0038354098796836 2.5740289688110343 1.2941681891679762 2.7610215693712234 1.0714902430772779 1.2856872379779822 1.2350054085254658 0.86624677479267198 1.2757215201854732 1.5424969941377646 1.4882981181144708
leaf_count=5 9 11 13 54 156 27 5 7 67 31 6 6 14 10 5 13 6 7 5 5 6 5 6
internal_value=0.000772023 -0.00654684 -0.0285304 0.0289031 0.00580551 -0.0309906 -0.0116773 0.0227182 -0.0419663 -0.0147437 -0.0569249 -0.0594564 0.0146627 0.0196912 -0.0317508 -0.0525189 0.0458806 0.0331732 0.0492395 0.0529603 -0.0947655 0.0549783 0.0544394
internal_weight=107.375 85.2065 30.6531 22.1682 54.5534 10.5839 7.40061 6.36708 24.286 9.49987 3.684 14.7861 43.9695 39.6715 4.298 8.35465 4.96871 3.71661 14.7676 13.5326 2.49375 12.6663 2.77399
internal_count=479 375 141 104 234 49 35 24 117 44 17 73 185 166 19 40 17 18 69 64 11 59 13
is_linear=0
shrinkage=0.05


Tree=41
num_leaves=26
num_cat=0
split_feature=0 3 2 23 2 9 61 62 124 89 79 41 11 74 58 119 106 103 72 114 99 13 36 101 56
split_gain=8.4054 8.0186 7.926 7.50456 7.41946 10.2171 6.86991 6.69368 6.29931 6.29059 5.3492 5.16001 5.07432 4.90478 4.44926 4.39599 4.33344 3.65988 3.65122 1.36267 0.70476 0.597694 0.386208 0.186495 0.0826621
threshold=-0.17009742558002469 -0.23624908179044721 -0.84140393137931813 0.45225767791271215 -0.031651030294597142 -0.60348692536354054 -1.3052749037742613 1.0654652118682864 -0.015092332847416399 -0.40140351653099055 -1.3601602315902708 0.90075257420539867 0.44551661610603338 0.089634995907545104 -0.19048795849084851 -0.19869878143072126 0.1504955589771271 1.7978931069374087 -0.57843995094299305 1.5509064197540285 -0.03245283477008342 1.4033382534980776 -0.44723537564277643 -1.501028776168823 -0.43770352005958552
decision_type=2 2 2 2 2 2 2 2 2 2 2 2 2 2 2 2 2 2 2 2 2 2 2 2 2
left_child=4 3 6 11 5 15 -3 16 24 13 14 17 -10 -4 -6 -1 -7 -2 -11 21 -9 -12 -17 -8 -5
right_child=1 2 9 8 10 7 23 20 12 18 19 -13 -14 -15 -16 22 -18 -19 -20 -21 -22 -23 -24 -25 -26
leaf_value=-0.0044948158895262843 -0.070491119959080348 0.033109988534853245 0.0091326550446132835 -0.086684242700466776 0.03605029684949132 0.048746889602763625 -0.090898789393438817 -0.088028139966127628 0.050184959112964528 -0.010527077883371783 0.05346861345823796 0.040725067552091203 -0.05671763813377774 -0.06455048836340159 -0.093919493053071582 -0.11632100876776863 -0.0024162839890092239 0.029529695830026903 0.04591046953409262 -0.00045449479519048247 -0.031503685611638257 0.011603088881747298 -0.081597845967744595 -0.06810469003084739 -0.065967809361686738
leaf_weight=2.2924318462610245 13.184521488845348 2.1425035148859024 6.7881311327219027 0.89308166503906239 1.3252518624067309 9.6578272730112129 1.1465104967355726 1.3297867327928545 5.1391850709915143 3.6213551908731487 16.562804736197002 1.2947506010532368 1.4158706814050672 3.3846402019262314 1.3087728470563913 1.1754756569862368 7.2420548796653739 0.98276294767856676 13.735141843557356 1.3709799051284779 0.94215908646583457 0.89878523349761863 2.5123285949230221 4.1291246414184561 1.0449001789093015
leaf_count=8 68 8 29 4 5 36 5 6 15 16 97 5 7 17 6 5 28 3 54 7 5 5 11 23 6
internal_value=0.000756901 -0.0117974 0.00347628 -0.0340798 0.0166192 -0.00180849 -0.0423949 0.0159896 0.00368055 0.0158369 0.0382106 -0.0548209 0.0270943 -0.0153829 -0.028528 -0.0588668 0.0268221 -0.0635528 0.034135 0.0475451 -0.0645879 0.0513137 -0.0926657 -0.0730583 -0.0755146
internal_weight=105.521 58.9025 34.9474 23.9551 46.6187 25.1521 7.41814 19.1718 8.49304 27.5293 21.4666 15.462 6.55506 10.1728 2.63402 5.98024 16.8999 14.1673 17.3565 18.8326 2.27195 17.4616 3.6878 5.27564 1.93798
internal_count=479 260 152 108 219 99 36 75 32 116 120 76 22 46 11 24 64 71 70 109 11 102 16 28 10
is_linear=0
shrinkage=0.05


Tree=42
num_leaves=24
num_cat=0
split_feature=0 2 120 0 13 109 46 78 16 2 110 42 69 69 17 78 126 15 46 117 115 1 95
split_gain=7.89314 8.60683 6.54238 7.01799 5.71484 5.59617 5.39955 5.58134 6.15244 5.92319 5.19194 4.71061 4.47369 4.3302 5.69606 4.07954 3.11205 2.83885 2.57089 1.02804 0.26236 0.251845 0.0314372
threshold=0.22950383275747302 -0.087656758725643144 -0.27180355787277216 -1.0716512799262998 -0.3456170111894607 0.56477960944175731 1.1266195774078371 -1.1063774228096006 -0.35699987411499018 0.92533680796623241 0.59577506780624401 0.60621705651283275 0.067901823669672026 -1.2117179632186887 0.55167374014854442 1.4183742403984072 1.2173607349395754 1.006630063056946 1.1145249605178835 0.13942438364028933 -0.93511068820953358 -0.45048590004444117 0.066457565873861327
decision_type=2 2 2 2 2 2 2 2 2 2 2 2 2 2 2 2 2 2 2 2 2 2 2
left_child=1 2 3 -1 10 -5 7 20 12 -10 -4 17 -9 14 -3 18 -6 21 -15 -13 -2 -8 -22
right_child=6 13 4 5 16 -7 11 8 9 -11 -12 19 -14 15 -16 -17 -18 -19 -20 -21 22 -23 -24
leaf_value=0.044000718769561298 -0.095659567789801808 -0.090151077443650737 0.0042580700850951845 -0.085677905139475485 0.042967624486553085 0.0020036502409930745 0.043283448002452179 -0.034291599390320095 -0.043443075750587978 0.032316046452094425 -0.088431582419643939 -0.0032919933570438676 0.039562483014713649 0.046065403435197737 0.036108940800817661 -0.061981864133547573 -0.027918585951313385 -0.027243292077330068 -0.0090560599113134101 -0.07277365280399134 -0.063785235533431447 0.067153910983221821 -0.073296809816488617
leaf_weight=2.0752217620611182 1.1813473552465437 1.625350847840312 4.7580013871192977 5.8799119740724581 9.9505932331085152 2.6353800892829895 1.6531900018453596 2.9766887053847295 17.199264958500869 3.0353679358959189 2.2137201577425003 0.934559985995293 6.5899899452924728 24.138914883136756 1.9832189083099363 0.99324168264865775 1.8336488902568824 1.1720288246870039 2.3185310512781134 1.2370209842920301 1.7954329624772065 3.3321112990379316 1.6830734163522718
leaf_count=8 5 7 20 27 36 10 6 15 84 12 10 5 26 138 9 5 7 5 12 6 11 7 8
internal_value=0.000747177 0.0123857 -0.0070308 -0.0384483 0.010709 -0.0585415 -0.0156826 -0.0244144 -0.0164576 -0.0320786 -0.0251735 0.0204458 0.0165827 0.0307314 -0.0207604 0.0375003 0.0319376 0.0427767 0.041235 -0.0428716 -0.0753013 0.0592382 -0.0683874
internal_weight=103.196 60.4057 29.3465 10.5905 18.756 8.51529 42.7901 34.4612 29.8013 20.2346 6.97172 8.32891 9.56668 31.0593 3.60857 27.4507 11.7842 6.15733 26.4574 2.17158 4.65985 4.9853 3.47851
internal_count=479 289 118 45 73 37 190 161 137 96 30 29 41 171 16 155 43 18 150 11 24 13 19
is_linear=0
shrinkage=0.05


Tree=43
num_leaves=24
num_cat=0
split_feature=0 74 81 106 79 2 65 2 0 15 88 6 18 11 0 8 2 6 116 128 12 2 62
split_gain=7.40628 7.20861 6.67631 6.27077 6.86257 5.78363 5.87357 5.75508 6.39622 5.58916 7.20791 5.16415 3.97596 3.64862 3.11915 2.36084 2.29332 1.57308 0.976676 0.625636 0.412398 0.00921337 0.000436641
threshold=-0.81543517112731922 0.44606086611747747 -0.40739069879055018 0.012895567342638971 -1.0535076856613157 0.34300500154495245 -0.19914317876100537 -0.17986522614955899 0.20908335596323016 0.59680798649787914 -0.12010082229971884 0.68299439549446117 1.1316908597946169 -0.39388537406921381 1.6021373271942141 1.2890028357505801 0.24405606836080554 -0.50562924146652211 1.4782599806785586 -1.0000000180025095e-35 1.4244440197944643 -0.29794101417064661 -0.1247759275138378
decision_type=2 2 2 2 2 2 2 2 2 2 2 2 2 2 2 2 2 2 2 2 2 2 2
left_child=2 7 5 4 19 6 -1 9 15 10 -2 -10 16 -11 -6 -9 -5 -8 20 -3 21 -4 -7
right_child=1 3 18 12 14 22 17 8 11 13 -12 -13 -14 -15 -16 -17 -18 -19 -20 -21 -22 -23 -24
leaf_value=0.054669568335090971 -0.073889699511538093 -0.049238733672972088 0.056076577831887867 -0.073852341002541608 0.025335148884754289 0.054035153414930127 -0.020969724457848435 0.047714809283409702 -0.017090204641288985 0.052838835721432734 -0.0031669556943942322 0.044045392015476199 0.034429961261582896 -0.019521041561967069 -0.062874091786764522 -0.031275576695575333 -0.025951259185289344 -0.096061768963915495 0.00046599551259476148 -0.10274608541312402 0.017866251632792346 0.053246602924093771 0.052643960728515175
leaf_weight=1.142350912094116 6.2797630131244668 0.92347831279039394 5.2754172682762137 8.7108156830072385 8.9677745103836077 1.0284948050975802 0.95605663955211673 13.49900711327791 14.070182830095293 3.933455765247345 8.4512412250041962 4.5781609266996375 1.2234626337885846 3.1270438879728308 1.1282743960618962 1.0172081068158139 3.5037492364644995 2.578194051980975 0.98835221678018648 1.3375812619924536 0.82110545039177019 6.3233909383416131 1.2488916888833044
leaf_count=5 31 6 20 44 38 5 5 74 58 12 35 18 5 14 7 7 20 11 5 6 5 39 9
internal_value=0.000736328 -0.0060589 0.0276844 -0.0278641 -0.00215596 -0.0120709 -0.0438913 0.00417597 0.0172918 -0.015785 -0.0333158 -0.00208144 -0.0515044 0.0207912 0.0154774 0.0421796 -0.0601119 -0.0757485 0.0483028 -0.0808922 0.0521096 0.0545337 0.0532722
internal_weight=101.113 80.7512 20.3623 25.7951 12.3571 6.95399 4.6766 54.9561 33.1646 21.7915 14.731 18.6483 13.438 7.0605 10.096 14.5162 12.2146 3.53425 13.4083 2.26106 12.4199 11.5988 2.27739
internal_count=479 375 104 126 57 35 21 249 157 92 66 76 69 26 45 81 64 16 69 12 64 59 14
is_linear=0
shrinkage=0.05


Tree=44
num_leaves=20
num_cat=0
split_feature=120 0 23 3 2 9 6 8 113 95 15 72 96 79 37 8 83 101 84
split_gain=6.96059 7.1819 6.79362 7.59947 5.94686 9.10062 4.31142 4.0908 4.00685 3.7055 3.64867 3.94281 3.51805 3.37605 2.34394 1.8547 1.04569 0.524005 0.42901
threshold=-1.330932557582855 -0.17009742558002469 0.44102981686592108 -0.14503972977399823 -0.031651030294597142 -0.60348692536354054 1.695193409919739 -0.34523937106132502 -1.2831771373748777 0.80074015259742748 -0.72827062010765065 -1.0013200938701627 -0.90155047178268422 -1.3601602315902708 -1.1719151735305784 -1.0398787856101988 0.5724816918373109 1.2911479473114016 -0.70351135730743397
decision_type=2 2 2 2 2 2 2 2 2 2 2 2 2 2 2 2 2 2 2
left_child=12 4 3 8 5 9 -7 -5 -3 -2 16 -12 -1 -6 -14 -16 -4 -15 -17
right_child=1 2 10 7 13 6 -8 -9 -10 -11 11 -13 14 17 15 18 -18 -19 -20
leaf_value=0.018385744690485338 -0.088498305225719442 0.0087347019709284306 0.061517581322160432 0.029326056192910913 -0.019469377671747667 0.027030247544371902 -0.076616002130534017 -0.019925799863891827 -0.061078378386152016 0.0092398681596870518 -0.05225574728488095 0.015142587889715793 0.022504833573097387 0.053027921529114785 0.0020668327294648342 -0.049167871608353279 0.0071502189828532119 0.010057841928536553 -0.084597356247490249
leaf_weight=1.9688920527696607 3.1932649612426784 2.4926230907440177 4.3542406409978893 7.1967827454209354 1.916251659393313 15.985549643635752 1.0705444365739811 10.179235652089117 11.713703885674478 1.3926856219768522 2.6781701147556314 11.434700258076187 0.81997150927782048 14.547388941049572 0.83653035759925742 1.0564775019884107 1.1098763942718504 0.74586017429828722 4.4677806943655005
leaf_count=7 14 11 14 33 8 66 5 52 63 5 12 48 5 96 5 7 4 4 20
internal_value=0.00072579 0.00494935 -0.00735855 -0.0217038 0.0211563 0.00371232 0.0205248 0.000473287 -0.0488291 -0.0588167 0.0157838 0.00235255 -0.040824 0.0430931 -0.0570587 -0.0673153 0.0504744 0.0509322 -0.0778217
internal_weight=99.1605 90.0109 51.1593 31.5823 38.8515 21.642 17.0561 17.376 14.2063 4.58595 19.577 14.1129 9.14965 17.2095 7.18076 6.36079 5.46412 15.2932 5.52426
internal_count=479 435 237 159 198 90 71 85 74 19 78 60 44 108 37 32 18 100 27
is_linear=0
shrinkage=0.05


Tree=45
num_leaves=22
num_cat=0
split_feature=0 74 77 56 113 103 3 2 89 41 61 12 110 24 5 129 45 86 23 112 8
split_gain=8.27724 5.77801 5.15456 4.64966 4.50117 5.5112 4.36916 10.8098 5.67806 6.14002 5.6438 5.50869 3.87531 5.02392 3.12962 3.08149 2.78348 2.30774 0.115891 0.0168408 0.00157583
threshold=-0.17009742558002469 1.5833882093429568 1.3077952861785891 -0.56442689895629872 -0.2812612503767013 1.141309440135956 -0.23624908179044721 -0.84140393137931813 -1.1044537425041197 0.20867776125669482 -1.3052749037742613 0.64706620573997509 1.2342169880867007 0.6005326807498933 0.010270450264215471 1.0000000180025095e-35 1.1949378252029421 -0.47585913538932795 0.70879203081130993 -0.16736238449811933 0.30225011706352239
decision_type=2 2 2 2 2 2 2 2 2 2 2 2 2 2 2 2 2 2 2 2 2
left_child=2 6 3 4 14 -6 8 10 15 -10 -8 -9 16 -14 -1 -2 -5 -4 19 -3 -21
right_child=1 18 17 12 5 -7 7 11 9 -11 -12 -13 13 -15 -16 -17 -18 -19 -20 20 -22
leaf_value=-0.083579081537763056 -0.029890054011219181 -0.068687169839904291 -0.093183169361448603 0.045199094490994879 0.046421759542604461 -0.068621378314610015 0.036479200842752565 0.034378823112667017 -0.057288170338236868 0.00061540013932272035 -0.067934566226256585 -0.032727998065824208 0.023397226416534338 -0.1136754894848912 0.0093542751583271522 0.057820253754990808 -0.011878575612285227 0.015000196149109296 -0.082925386312981395 -0.061647855896335806 -0.058542827242661889
leaf_weight=2.3339107930660252 1.4782247245311761 0.92420819401741061 1.3818410634994509 25.456492379307754 4.8283098638057691 1.3271882385015485 1.6682884097099302 20.576323971152309 10.725540995597841 7.9879231601953498 5.7712927013635662 3.5919782519340506 2.2190650776028629 0.95664678514003743 1.4806277155876157 3.10429447889328 2.331607647240161 0.76633263379335304 1.0595206618309019 0.91387273371219568 0.73908707499504089
leaf_count=11 8 5 6 130 23 6 6 83 57 35 33 18 13 4 9 8 14 5 5 6 6
internal_value=0.00427182 -0.00796975 0.0209059 0.0248678 -0.00482955 0.0216173 -0.00392695 0.00818211 -0.0203565 -0.0325718 -0.0445203 0.0244052 0.0344301 -0.0178944 -0.0475066 0.0295267 0.0404099 -0.0545902 -0.0690048 -0.0632818 -0.0602595
internal_weight=101.623 58.5406 43.082 40.9338 9.97004 6.1555 54.9039 31.6079 23.296 18.7135 7.43958 24.1683 30.9638 3.17571 3.81454 4.58252 27.7881 2.14817 3.63669 2.57717 1.65296
internal_count=491 270 221 210 49 29 248 140 108 92 39 101 161 17 20 16 144 11 22 17 12
is_linear=0
shrinkage=0.05


Tree=46
num_leaves=20
num_cat=0
split_feature=0 11 74 23 3 77 110 89 22 52 98 32 91 84 6 2 51 16 127
split_gain=7.67298 7.10523 5.70941 4.94316 7.02905 4.75252 3.86981 3.95869 3.94246 4.8098 3.86654 3.31831 2.35325 2.22578 1.73831 0.971052 0.250574 0.0854886 0.00616256
threshold=-0.17009742558002469 1.1056652069091799 1.5833882093429568 0.44102981686592108 0.12402596324682237 1.3077952861785891 1.2115581631660464 0.6563989818096162 -1.1991564631462095 -0.40229369699954981 -1.0705764293670652 -1.2143512964248655 -0.024253245443105694 1.0903323292732241 0.69924041628837597 0.71050080657005321 -0.84562662243843068 -0.15138864517211911 -0.30375340580940241
decision_type=2 2 2 2 2 2 2 2 2 2 2 2 2 2 2 2 2 2 2
left_child=5 2 3 4 -2 6 8 14 9 -1 -5 -10 -7 15 -8 16 -3 -4 -19
right_child=1 13 17 10 -6 12 7 -9 11 -11 -12 -13 -14 -15 -16 -17 -18 18 -20
leaf_value=-0.070886049375332133 -0.030748007746704123 -0.092391303740156083 -0.079884198007924512 -0.032698559185624525 0.017212360759968889 0.020257965152643397 0.053308872727892809 -0.075749886247197182 0.00060528391219998793 0.040774667166978515 0.036015969713403088 0.043153508608226726 -0.090550327680969295 0.0074509570837818125 -0.030230077248170353 -0.014545859824370375 -0.066003368670030205 -0.058955170461328282 -0.065125743109208947
leaf_weight=2.0300257802009587 16.346403740346435 1.1194735169410703 1.1963496431708338 2.4042299687862423 14.342868097126482 0.73006433248519931 1.5641669183969491 1.8431136012077329 5.5635836720466605 1.8372600525617588 13.786786824464796 25.983995728194717 1.3940625339746464 1.3213557302951811 1.0346048921346662 0.8725636452436446 4.5810629799962035 0.75086786597967148 0.87746518850326427
leaf_count=10 79 5 6 13 65 5 10 9 28 9 52 139 6 6 5 5 28 6 5
internal_value=0.00415032 -0.00769868 -0.000700084 0.00345955 -0.00833336 0.0204076 0.0242913 -0.0197006 0.029809 -0.0178386 0.0258124 0.0356499 -0.0524654 -0.0517632 0.0200509 -0.0636667 -0.0711854 -0.0697362 -0.0622803
internal_weight=99.5803 57.5994 49.705 46.8803 30.6893 41.9809 39.8568 4.44189 35.4149 3.86729 16.191 31.5476 2.12413 7.89446 2.59877 6.5731 5.70054 2.82468 1.62833
internal_count=491 270 226 209 144 221 210 24 186 19 65 167 11 44 15 38 33 17 11
is_linear=0
shrinkage=0.05


Tree=47
num_leaves=21
num_cat=0
split_feature=0 11 74 3 104 2 77 56 25 55 126 123 110 126 91 110 112 126 84 84
split_gain=7.09 6.58502 5.32942 4.41985 7.22338 5.3428 4.37766 4.35374 4.43014 4.26763 3.93298 3.93229 3.32551 2.48775 2.15846 1.85765 1.81207 0.176994 0.0798253 0.0129879
threshold=-0.17009742558002469 1.1056652069091799 1.5833882093429568 0.12402596324682237 0.47235746681690222 -0.84140393137931813 1.3077952861785891 -0.56442689895629872 -1.3113741278648374 -0.2079668119549751 -0.43031655251979822 -0.64079830050468434 1.4161126613616946 -1.7648283243179319 -0.024253245443105694 -1.1820792555809019 0.83504939079284679 -0.70801982283592213 0.48882940411567694 -0.36650469899177546
decision_type=2 2 2 2 2 2 2 2 2 2 2 2 2 2 2 2 2 2 2 2
left_child=6 2 3 4 -2 -5 7 10 9 -9 16 -12 -10 -3 -8 -15 -1 -17 19 -4
right_child=1 13 18 5 -6 -7 14 8 12 -11 11 -13 -14 15 -16 17 -18 -19 -20 -21
leaf_value=0.054906114982739576 -0.031673720552792495 0.036016164055380794 -0.058896054449020588 -0.035185967486642628 0.021745461639247822 0.032709432660836243 0.019459024587831403 0.052619043862451857 0.043156013119696426 -0.090918358125784943 0.053726057977682221 -0.052422711863670937 -0.030566934339323577 0.0052947061729185802 -0.087304381946126608 -0.082214167369141875 -0.019099274968646635 -0.063946085628873037 -0.081396358332162744 -0.067178009486261445
leaf_weight=2.7659417316317563 15.729490362107756 0.75257796794176091 0.99129397422075283 3.5065681785345104 10.588088274002073 16.682741552591324 0.72224128991365466 0.84527768194675479 25.512293674051769 1.3368077129125584 1.0773044973611829 4.5889151915907842 1.6272186338901509 0.95008321851491917 1.3740967661142338 1.9734393507242201 1.1800541356205938 4.040862299501895 0.8358677178621291 0.90607433021068495
leaf_count=15 76 4 8 19 40 74 5 6 139 7 6 23 9 5 6 9 5 26 4 5
internal_value=0.00401562 -0.00739965 -0.000669287 0.00331848 -0.0101821 0.0209171 0.019862 0.0236517 0.0332249 -0.0353161 -0.00555076 -0.0322409 0.0387358 -0.0503445 -0.0505217 -0.0596767 0.0327747 -0.0699403 -0.0685225 -0.062851
internal_weight=97.9872 56.9571 49.2401 46.5069 26.3176 20.1893 41.0302 38.9338 29.3216 2.18209 9.61222 5.66622 27.1395 7.71696 2.09634 6.96438 3.946 6.0143 2.73324 1.89737
internal_count=491 270 226 209 116 93 221 210 161 13 49 29 148 44 11 40 20 35 17 13
is_linear=0
shrinkage=0.05


Tree=48
num_leaves=19
num_cat=0
split_feature=0 11 74 23 25 123 98 114 10 58 111 99 17 0 84 84 92 90
split_gain=6.57473 6.13389 4.97905 4.49693 6.12213 4.23223 5.39473 4.87984 3.71043 3.50175 2.12164 0.435958 0.408232 0.0859151 0.066373 0.0108198 0.0089721 0.00156113
threshold=-0.17009742558002469 1.1056652069091799 1.5833882093429568 0.44102981686592108 -0.95178455114364613 -0.64079830050468434 1.5837071537971499 1.7978461384773257 1.399154841899872 -0.75189557671546925 0.94908490777015697 -0.75165656208991993 1.0824197530746462 0.25937691330909735 0.48882940411567694 -0.36650469899177546 -1.1678180098533628 -0.50840204954147328
decision_type=2 2 2 2 2 2 2 2 2 2 2 2 2 2 2 2 2 2
left_child=5 2 3 4 -2 12 7 8 -7 -5 11 -3 16 -13 15 -4 -1 -18
right_child=1 10 14 9 -6 6 -8 -9 -10 -11 -12 13 -14 -15 -16 -17 17 -19
leaf_value=0.058090310921544978 0.031117681121895797 -0.026176285184393897 -0.058392844667527283 -0.018061920050663319 -0.020977859643890841 0.025325369726301346 -0.071237934911929507 -0.077852119901239317 -0.048296007728001689 0.037781121864587271 -0.0007991494838988577 -0.077933314254509944 0.014459046555924891 -0.0641833342064803 -0.079236315669375834 -0.066095980400113399 0.054640803337954416 0.053017653684905325
leaf_weight=1.3874741941690443 7.4941175878047934 0.67977634072303761 0.95086774230003368 3.6539747118949881 22.788147203624252 26.610150419175636 1.8737177997827519 1.3171714842319477 1.8290554359555233 12.11521679908037 1.7402755096554754 1.711812674999236 0.69624168425798405 3.3777959570288658 0.81621931493282307 0.87563379108905715 2.4155353158712383 3.8304382711648928
leaf_count=4 31 5 8 17 113 151 9 6 9 48 9 8 5 22 4 5 11 26
internal_value=0.00389651 -0.00712732 -0.000640575 0.00318951 -0.00808549 0.0194016 0.0110512 0.0162329 0.0205904 0.0248414 -0.0491887 -0.0637849 0.0511104 -0.0688079 -0.0673828 -0.0620858 0.0544533 0.0536454
internal_weight=96.1636 56.2038 48.6942 46.0515 30.2823 39.9598 31.6301 29.7564 28.4392 15.7692 7.50966 5.76938 8.32969 5.08961 2.64272 1.8265 7.63345 6.24597
internal_count=491 270 226 209 144 221 175 166 160 65 44 35 46 30 17 13 41 37
is_linear=0
shrinkage=0.05


Tree=49
num_leaves=18
num_cat=0
split_feature=58 0 11 32 1 77 2 3 75 84 93 102 91 98 2 111 80
split_gain=6.19833 5.38302 5.15444 5.85651 5.42453 3.7747 3.88057 4.25655 3.17588 3.06875 2.16854 2.53326 2.06928 1.22562 0.943875 0.207841 0.0164974
threshold=1.4656928777694704 -0.17009742558002469 1.048936188220978 0.80091053247451793 1.2095018625259402 1.3077952861785891 -2.1390376091003414 -1.0067015290260313 1.268357574939728 0.70625442266464245 -0.063870977610349641 0.85376787185668956 -1.0000000180025095e-35 -0.27005738019943232 0.71050080657005321 0.44869279861450201 -0.0054404828697443
decision_type=2 2 2 2 2 2 2 2 2 2 2 2 2 2 2 2 2
left_child=1 5 3 4 -3 6 -1 -8 -5 14 15 13 -7 -12 -4 16 -2
right_child=10 2 9 8 -6 12 7 -9 -10 -11 11 -13 -14 -15 -16 -17 -18
leaf_value=-0.068814074590785923 -0.069460011167383331 -0.00077339244067150788 -0.068844761804542909 0.046908594570858581 -0.072939755123699768 0.021935580101391756 -0.0065817987577601149 0.037463696891467099 -0.048149805412613239 0.028915510595140526 0.0086903172611897776 0.037673891412059901 -0.087924336810176251 -0.072210271288776162 -0.011296151109159408 -0.092568055212825878 -0.05968220603361854
leaf_weight=1.0565655007958401 0.95072202384471893 32.374127618968487 4.6361000612378112 8.7112880572676623 2.8317137062549582 0.67549022287130367 6.8879167512059167 26.935331694781784 0.97723416984081346 1.179284334182739 0.65341576933860834 1.3161619678139684 1.1728519499301897 1.6512397304177275 0.84188528358936299 1.1291571110486982 0.78973761945962928
leaf_count=6 5 155 28 33 14 5 34 158 5 6 5 7 5 9 5 5 6
internal_value=0.00376173 0.00722892 -0.00319259 0.00289565 -0.00657795 0.0218565 0.0255465 0.0284941 0.0373205 -0.0442496 -0.0433973 -0.0176681 -0.0477752 -0.0492733 -0.0600004 -0.0758618 -0.0650233
internal_weight=94.7702 88.2798 51.5516 44.8944 35.2058 36.7282 34.8798 33.8232 9.68852 6.65727 6.49043 3.62082 1.84834 2.30466 5.47799 2.86962 1.74046
internal_count=491 454 246 207 169 208 198 192 38 39 37 21 10 14 33 16 11
is_linear=0
shrinkage=0.05


Tree=50
num_leaves=27
num_cat=0
split_feature=25 2 1 10 92 82 0 98 54 106 4 2 71 94 93 76 92 0 0 5 90 106 37 7 76 99
split_gain=7.27828 5.44531 6.33233 5.10927 4.97978 6.783 4.83156 5.23749 4.74094 3.58107 3.57103 3.68776 3.91994 3.475 3.13337 3.11141 3.06534 2.57496 2.52944 2.19247 2.44126 1.85259 0.517619 0.0839899 0.0157166 0.00682447
threshold=0.74175563454628002 -0.69922706484794606 -0.41929514706134791 0.59465050697326671 -0.66326650977134693 -0.23941063880920407 1.1368792057037356 -0.17640997469425199 0.75981596112251293 1.8314875364303591 -1.0531165599822996 0.49221861362457281 0.62168338894844066 -1.3189746141433714 0.51089042425155651 0.30639404058456426 -1.793278634548187 0.58454650640487682 0.4917083233594895 -1.0000000180025095e-35 -0.21521509438753125 0.66011056303977977 0.27860873937606817 0.80264377593994152 0.088575061410665526 0.64074048399925243
decision_type=2 2 2 2 2 2 2 2 2 2 2 2 2 2 2 2 2 2 2 2 2 2 2 2 2 2
left_child=1 2 23 9 5 16 13 -8 10 -4 21 12 -12 -6 -5 19 -3 -7 -13 20 -10 -2 -17 25 -21 -1
right_child=8 4 3 14 6 17 7 -9 15 -11 11 18 -14 -15 -16 22 -18 -19 -20 24 -22 -23 -24 -25 -26 -27
leaf_value=-0.060672838116230393 -0.17062425722268321 0.053026374891887551 -0.038347571935632922 0.056499796979234823 -0.023003873128113299 0.036079535833219233 0.040753355076439811 -0.046145937073927279 0.055404498746028111 0.058599724116832209 -0.063227021434456326 0.052566936249778019 0.012617749446918007 0.04003535448138263 -0.031192877968098429 -0.073588245407214356 -0.081682366519986796 -0.044934133732625871 -0.047053509059596897 0.05452409986293516 -0.049672436707227076 -0.066613350480916295 -0.014958508715901278 -0.07807386150226886 0.061791962486343194 -0.066357157174437451
leaf_weight=1.2384069189429316 0.66021477431058961 0.4841120392084125 6.4512314796447736 4.7374607175588608 2.3519317954778627 5.030622221529482 2.9824061244726181 4.1420605182647696 0.92899063229560863 1.1175418496131895 6.9301288500428182 1.9545162171125423 2.2588953524827957 31.007889419794086 1.2976765185594556 0.94569607079029061 3.3077976256608963 1.2183826193213461 0.94539573788642872 1.7534665539860719 1.3648941591382027 1.2177977859973905 0.62541818618774414 1.6525342166423795 1.2918853759765623 0.92049601674079884
leaf_count=9 4 3 36 18 11 28 11 23 4 3 38 15 10 169 6 5 17 8 6 8 8 7 5 8 3 5
internal_value=0.00354631 0.0114806 -0.0126298 0.00332889 0.0197911 -0.0117283 0.0276085 -0.00976862 -0.022274 -0.0240331 -0.0390336 -0.0290688 -0.0445825 0.035591 0.0376441 0.0115999 -0.0644841 0.0202841 0.0200898 0.0297996 -0.00711778 -0.103178 -0.0502493 -0.0695903 0.0576072 -0.0630965
internal_weight=88.8178 67.9406 17.4153 13.6039 50.5252 10.0409 40.4843 7.12447 20.8773 7.56877 13.9669 12.0889 9.18902 33.3598 6.03514 6.91035 3.79191 6.249 2.89991 5.33924 2.29388 1.87801 1.57111 3.81144 3.04535 2.1589
internal_count=468 355 85 63 270 56 214 34 113 39 80 69 48 180 24 33 20 36 21 23 12 11 10 22 11 14
is_linear=0
shrinkage=0.05


Tree=51
num_leaves=22
num_cat=0
split_feature=25 2 1 21 10 92 0 98 15 81 0 45 45 20 23 94 93 108 10 22 0
split_gain=6.72138 5.03341 5.92531 4.86831 4.74172 4.60967 4.49122 4.81318 3.85142 3.72678 4.0646 3.54964 3.5301 3.42358 3.34286 3.24802 2.97057 2.46527 0.648585 0.0873998 0.00790923
threshold=0.74175563454628002 -0.69922706484794606 -0.41929514706134791 1.1464617252349856 0.59465050697326671 -0.66326650977134693 1.1368792057037356 -0.17640997469425199 0.37496954202651983 0.86418700218200695 -1.0411554574966428 -0.68866401910781849 -0.46070143580436701 0.5411944091320039 1.446611821651459 -1.3189746141433714 0.51089042425155651 -1.5360620021820066 0.13729427009820941 0.3629674911499024 0.18383208662271502
decision_type=2 2 2 2 2 2 2 2 2 2 2 2 2 2 2 2 2 2 2 2 2
left_child=1 2 19 8 12 9 15 -8 14 10 -3 -10 -4 -13 17 -7 -6 -2 -5 20 -1
right_child=3 5 4 18 16 6 7 -9 11 -11 -12 13 -14 -15 -16 -17 -18 -19 -20 -21 -22
leaf_value=-0.066422108662318957 0.024874629874932906 0.052951762920170967 0.021203976362492973 0.058667100906174219 0.056154858162565074 -0.02174433037856972 0.039518146672173043 -0.044546790851563579 -0.063548028570583906 0.054636153271424626 -0.041705988288804091 0.049973934642668576 -0.049722801988584239 -0.041330214767355981 0.054617586994195957 0.039123115639833311 -0.029548326794870895 -0.06312100731999136 0.0070854937685236657 -0.078993494057766456 -0.060541625308679119
leaf_weight=0.92481055855751382 0.86713570356369274 1.3645390570163716 2.8088751435279855 1.7713679373264306 4.5333923175930977 2.3634543716907457 2.9233720898628235 4.0778783038258544 1.6485270932316778 1.7566325366497029 6.7150308713316909 3.2948608323931685 4.6726683676242802 1.4914256781339643 0.73166606575250703 30.16599299013615 1.3013094663619993 9.6946122422814369 0.92905141413211811 1.2667244672775266 1.4980250895023344
leaf_count=5 4 9 13 6 18 11 11 23 9 9 38 19 26 9 4 169 6 56 6 6 11
internal_value=0.00346025 0.0111792 -0.0122806 -0.0216188 0.00325479 0.0192607 0.026882 -0.00944548 -0.0311451 -0.0113689 -0.0257195 -0.000271093 -0.023094 0.0215232 -0.0487366 0.0347007 0.0370405 -0.0558964 0.040921 -0.0683506 -0.0627862
internal_weight=86.8014 66.3727 17.0058 20.4286 13.3162 49.3669 39.5307 7.00125 17.7282 9.8362 8.07957 6.43481 7.48154 4.78629 11.2934 32.5294 5.8347 10.5617 2.70042 3.68956 2.42284
internal_count=468 355 85 113 63 270 214 34 101 56 47 37 39 28 64 180 24 60 12 22 16
is_linear=0
shrinkage=0.05


Tree=52
num_leaves=19
num_cat=0
split_feature=25 73 21 101 64 7 15 45 20 48 52 57 48 53 100 10 127 120
split_gain=6.20026 5.95777 4.49574 3.56351 3.91506 4.02746 3.50485 3.28132 3.1976 3.10649 3.86242 2.75745 2.22196 1.55722 1.40945 0.635545 0.290232 0.273893
threshold=0.74175563454628002 -1.7581140995025633 1.1464617252349856 1.4516087174415591 -1.8441159725189207 1.2065501213073733 0.37496954202651983 -0.68866401910781849 0.5411944091320039 0.26582440733909612 -0.47853136062622065 0.51877009868621837 1.0000000180025095e-35 -0.30892932415008539 0.33623731136322027 0.13729427009820941 -0.74970009922981251 -1.0000000180025095e-35
decision_type=2 2 2 2 2 2 2 2 2 2 2 2 2 2 2 2 2 2
left_child=1 17 6 4 14 -6 9 -8 -9 12 -11 16 -2 -13 -3 -4 -5 -1
right_child=2 3 15 11 5 -7 7 8 -10 10 -12 13 -14 -15 -16 -17 -18 -19
leaf_value=-0.037992709519690825 -0.058777445674437968 -0.07747383055890035 0.05820596197114937 -0.031197069394502716 0.024991949714263797 -0.014255860520013364 -0.061623403539535875 0.049461069970643118 -0.0395535302661136 0.054569609459154712 -0.043916020616975408 0.056070592302113115 -0.14288640360780958 -0.036344792090158791 0.0058246038944803598 0.0067418260330724513 -0.071553063960029528 -0.077430040763274616
leaf_weight=0.58833838999271426 4.8456230312585884 1.4352410882711404 1.6979882866144174 0.5715717971324924 48.359955832362175 7.5579859167337409 1.6158517226576803 3.165853038430213 1.4807765334844587 1.323255658149719 4.0196365714073181 1.0790507942438123 0.93707144260406483 0.78921977430582035 0.78590256720781315 0.92762724310159672 2.0202172398567191 1.7491757348179806
leaf_count=5 29 7 6 4 266 37 9 19 9 7 23 5 5 6 5 6 11 9
internal_value=0.00337133 0.0108705 -0.0209604 0.013797 0.0171012 0.0196871 -0.0301691 -0.000248742 0.0210941 -0.047011 -0.0195244 -0.0292743 -0.0724071 0.0170313 -0.0480005 0.0400237 -0.0626533 -0.0675039
internal_weight=84.9503 64.9367 20.0137 62.5991 58.1391 55.9179 17.3881 6.26248 4.64663 11.1256 5.34289 4.46006 5.78269 1.86827 2.22114 2.62562 2.59179 2.33751
internal_count=468 355 113 341 315 303 101 37 28 64 30 26 34 11 12 12 15 14
is_linear=0
shrinkage=0.05


Tree=53
num_leaves=19
num_cat=0
split_feature=25 73 21 2 49 110 0 37 49 3 87 7 81 51 107 118 26 20
split_gain=5.69029 5.49591 4.1508 4.13246 5.38035 5.06631 3.9509 4.42978 3.86699 3.31649 5.18517 3.15921 2.25337 1.57234 0.792423 0.625074 0.514641 0.242311
threshold=0.74175563454628002 -1.7581140995025633 1.1464617252349856 -0.66797262430191029 -1.1057091951370237 0.078210931271314635 0.20908335596323016 1.3728830814361574 1.4617952704429629 -0.58996328711509693 -0.27056504786014551 0.63828706741333019 0.49237552285194403 0.44392038881778723 0.5849629044532777 -1.0000000180025095e-35 0.46306534111499792 0.43333426117897039
decision_type=2 2 2 2 2 2 2 2 2 2 2 2 2 2 2 2 2 2
left_child=1 17 9 4 15 -6 8 -8 -5 13 12 -12 -11 16 -4 -3 -2 -1
right_child=2 3 14 6 5 -7 7 -9 -10 10 11 -13 -14 -15 -16 -17 -18 -19
leaf_value=-0.076494262955739772 -0.068147048309033925 0.057718730915382079 0.057371452793709837 0.041464592067289974 0.001720851195471063 -0.061476326557330353 0.012670463620721887 -0.069953840494173317 -0.035999866694674136 -0.073702722499895609 0.030067357058158797 -0.047011525965420117 -0.0020748879094429065 0.0044515318794247543 -0.0034170913674521231 0.01508589725314502 -0.11045477342346469 -0.041045894727719745
leaf_weight=1.5896678715944283 2.7806748896837301 2.6681693792343144 1.7875315174460404 21.428841106593612 8.2756773456931096 5.1415870413184157 19.52655124664307 1.7691848054528225 1.7420136407017697 3.8580377623438871 5.4967278167605347 1.7534437477588651 1.5348425507545469 0.66288612037897099 0.7657795026898383 1.26853443682194 0.96937603503465641 0.69191003590822209
leaf_count=8 16 8 7 146 41 30 90 10 9 21 33 12 10 4 5 7 5 6
internal_value=0.00325401 0.0104641 -0.0203155 0.0132767 -0.00741642 -0.0224967 0.0213525 0.00580629 0.0356407 -0.0292161 -0.0161901 0.0114259 -0.0533171 -0.0665353 0.03914 0.043981 -0.0790835 -0.0657442
internal_weight=83.7114 64.1021 19.6093 61.8206 17.354 13.4173 44.4666 21.2957 23.1709 17.056 12.6431 7.25017 5.39288 4.41294 2.55331 3.9367 3.75005 2.28158
internal_count=468 355 113 341 86 71 255 100 155 101 76 45 31 25 12 15 21 14
is_linear=0
shrinkage=0.05


Tree=54
num_leaves=18
num_cat=0
split_feature=25 73 0 74 21 33 3 0 84 126 51 56 107 27 97 20 64
split_gain=5.237 5.08016 4.03537 5.15096 3.83181 3.71572 3.09426 4.96161 2.6845 1.87835 1.4905 1.43953 0.767901 0.502598 0.434235 0.232321 0.191978
threshold=0.74175563454628002 -1.7581140995025633 -1.0411554574966428 1.6000861525535586 1.1464617252349856 -0.32877555489540095 -0.58996328711509693 -0.64822262525558461 1.6829391121864321 1.5403680801391604 0.44392038881778723 0.7402825951576234 0.5849629044532777 1.3691897392272951 0.64797243475914013 0.43333426117897039 0.63010659813880932
decision_type=2 2 2 2 2 2 2 2 2 2 2 2 2 2 2 2 2
left_child=1 15 9 5 6 -4 10 11 -9 13 14 -8 -6 -3 -2 -1 -5
right_child=4 2 3 16 12 -7 7 8 -10 -11 -12 -13 -14 -15 -16 -17 -18
leaf_value=-0.074769789152411406 -0.067496768119579012 0.053011791354729922 -0.0095435018851734998 -0.059342220113299031 0.056987092289868417 0.019867504972375355 0.053799637223201226 -0.043628274503752174 0.054257709976913329 -0.033363072136477073 0.0042331880648216053 -0.020066048534003605 -0.0032453944236279608 0.0031435624445136389 -0.10765433527343105 -0.039700054607969402 -0.091281396563186123
leaf_weight=1.5461200475692742 2.7561597973108358 7.983624674379822 15.742376841604708 1.15690167993307 1.7115305364131921 33.788447096943855 2.5976792052388222 8.208145435899489 0.7657721936702736 0.73667427897453386 0.66224015504121769 0.88406795263290394 0.76597306877374638 0.53939354419708241 0.89073600620031346 0.67990951985120762 0.79295729100704182
leaf_count=8 16 57 88 9 7 175 16 51 4 4 4 5 5 4 5 6 4
internal_value=0.00315238 0.0101287 0.0128475 0.00738179 -0.0196762 0.0105198 -0.0282535 -0.0156189 -0.0352754 0.0432351 -0.064774 0.035044 0.0383649 0.0498558 -0.0773051 -0.0640582 -0.0723311
internal_weight=82.2087 62.9664 60.7404 51.4807 19.2423 49.5308 16.7648 12.4557 8.97392 9.25969 4.30914 3.48175 2.4775 8.52302 3.6469 2.22603 1.94986
internal_count=468 355 341 276 113 263 101 76 55 65 25 21 12 61 21 14 13
is_linear=0
shrinkage=0.05


Tree=55
num_leaves=18
num_cat=0
split_feature=131 102 45 3 8 57 16 28 85 98 29 121 57 15 104 55 11
split_gain=5.39536 5.56384 5.55823 5.04868 4.8665 4.22076 4.2802 3.62725 3.62909 2.96071 2.54356 1.53367 0.787167 0.884406 0.210782 0.190098 0.0121705
threshold=1.0000000180025095e-35 1.1216089725494387 -0.20907481759786603 -1.0926833152770994 0.27568241953849798 2.0100684762001042 1.294286370277405 0.69976273179054271 -0.35895442962646479 1.0069627761840823 -1.5136463642120359 0.099639866501092925 -0.17669485509395597 -0.058186028152704232 -0.69340354204177845 0.65682360529899608 1.1056652069091799
decision_type=2 2 2 2 2 2 2 2 2 2 2 2 2 2 2 2 2
left_child=1 2 3 10 -5 6 -4 8 9 -3 -1 -9 13 -2 -14 -10 -16
right_child=12 7 5 4 -6 -7 -8 11 15 -11 -12 -13 14 -15 16 -17 -18
leaf_value=0.054822523393334821 -0.060363305326790961 -0.046907479622495411 0.028067150704372185 0.01839271441534154 -0.025469414346552519 -0.07079850694884697 -0.029346912429022789 -0.02288571648924893 -0.072854694014209784 0.055831603335549831 -0.066780978768869778 0.054029372840683945 -0.094529304676262832 0.021791758154016988 -0.067033770846534335 -0.09642914992809927 -0.057544151896697572
leaf_weight=0.47771191596984852 0.81874015182256699 1.8196478262543681 37.689789146184921 16.096003718674186 10.416034381836651 1.231943480670451 3.5520775392651549 1.1903738826513293 3.0470452308654767 1.1409092992544172 4.3074124827981022 1.4227309972047804 0.88354997336864505 0.54607141017913841 0.93499155342578777 1.1887452900409696 0.52905118465423584
leaf_count=2 6 10 208 82 68 7 21 8 16 5 24 9 4 5 5 5 5
internal_value=0.00129293 0.00391272 0.00861691 -0.00737143 0.00116019 0.020398 0.0231222 -0.0314646 -0.049786 -0.00731494 -0.054641 0.0189915 -0.0576885 -0.0274924 -0.0752435 -0.0794707 -0.0636046
internal_weight=87.2928 83.5804 73.771 31.2972 26.512 42.4738 41.2419 9.80945 7.19635 2.96056 4.78512 2.6131 3.7124 1.36481 2.34759 4.23579 1.46404
internal_count=490 465 412 176 150 236 229 53 36 15 26 17 25 11 14 21 10
is_linear=0
shrinkage=0.05


Tree=56
num_leaves=18
num_cat=0
split_feature=131 102 45 35 3 2 57 109 127 54 28 98 57 15 86 27 126
split_gain=5.01159 5.1248 5.09143 4.89621 5.21533 3.92265 3.91513 3.40271 3.38517 2.57194 2.28589 1.5227 0.733919 0.834239 0.514084 0.167979 0.00607208
threshold=1.0000000180025095e-35 1.1216089725494387 -0.20907481759786603 0.58162188529968273 -1.0677880644798277 -1.6914935708045957 2.0100684762001042 0.35984140634536749 -0.61566913127899159 0.71439883112907421 0.73335546255111705 0.31111459434032446 -0.17669485509395597 -0.058186028152704232 -0.042677914723753922 -0.30300532281398768 -0.30908325314521784
decision_type=2 2 2 2 2 2 2 2 2 2 2 2 2 2 2 2 2
left_child=1 2 3 4 -1 14 -7 -5 11 10 -10 -3 13 -2 -4 -14 -17
right_child=12 8 5 7 -6 6 -8 -9 9 -11 -12 -13 15 -15 -16 16 -18
leaf_value=-0.052774353971381721 -0.059763849647927185 -0.029890906751494525 -0.063116224944449628 -0.012627028155956468 0.013937933155427932 0.025745963125004878 -0.070799733106645085 -0.08026262817721308 -0.073548445236748569 0.041541293163299936 -0.0040746321395524225 0.054429968816550656 -0.091134336589263912 0.020890225347441546 -0.006908643405942945 -0.058967699452600275 -0.065686201752605519
leaf_weight=3.4299549385905328 0.78642299026250839 0.86024495959281955 1.4911605864763262 4.2769537121057501 20.083121921867132 38.755130641162395 1.0793198198080052 3.2900713384151459 5.015835225582121 0.7339620143175124 1.5498514398932455 1.4178907871246336 0.85686703026294764 0.54128132015466712 0.55941698700189491 0.54491769522428546 0.87846007943153215
leaf_count=18 6 6 10 27 112 216 6 19 26 4 10 7 4 5 4 5 5
internal_value=0.00124587 0.00376713 0.00828094 -0.00705182 0.00420632 0.0196584 0.02313 -0.0420344 -0.0306198 -0.0472259 -0.0571489 0.0225896 -0.0564358 -0.0268826 -0.0477823 -0.0736435 -0.0631141
internal_weight=86.1509 82.5429 72.9651 31.0801 23.5131 41.885 39.8345 7.56703 9.57778 7.29965 6.56569 2.27814 3.60795 1.3277 2.05058 2.28024 1.42338
internal_count=490 465 412 176 130 236 222 46 53 40 36 13 25 11 14 14 10
is_linear=0
shrinkage=0.05


Tree=57
num_leaves=20
num_cat=0
split_feature=131 102 0 45 35 91 62 81 121 28 85 93 62 57 2 49 82 2 25
split_gain=4.65889 4.71286 7.52582 4.17876 4.09263 3.85296 3.8408 3.54484 3.28094 3.18896 3.17515 2.66136 2.20811 0.687535 0.761877 0.180432 0.135981 0.00790997 0.00165303
threshold=1.0000000180025095e-35 1.1216089725494387 1.1368792057037356 0.44616238772869116 0.4942422509193421 0.59618267416954052 1.0249015688896181 -0.63624727725982655 0.17989030480384829 0.69976273179054271 -0.35895442962646479 0.028931262902915481 0.32620188593864446 -0.17669485509395597 -0.011951216496527193 1.2643268108367922 -0.60041034221649159 -0.81592538952827443 0.89555653929710399
decision_type=2 2 2 2 2 2 2 2 2 2 2 2 2 2 2 2 2 2 2
left_child=1 2 4 6 7 -6 -4 -1 -5 10 11 -3 18 14 -2 17 -12 -15 -11
right_child=13 9 3 8 5 -7 -8 -9 -10 12 16 -13 -14 15 -16 -17 -18 -19 -20
leaf_value=0.00073407105124323382 -0.05917961405470569 -0.044740766672267236 -0.065466111689846548 -0.050980234534212437 0.0080104619975253644 -0.047268523519677627 0.043114237206383112 0.031749090054558622 0.045130795191803109 0.052080951064085459 -0.088315124733936753 0.055553069957950188 -0.04371534101780248 -0.058277751182609985 0.018537113232010707 -0.094347530726193271 -0.069084892196049213 -0.06567481892867566 0.055310803877723115
leaf_weight=12.993513263761992 0.74499880522489548 1.7385473698377611 6.4363336116075498 1.3532219827175143 11.917788315564396 4.2857807949185363 0.93242813646793354 31.662538781762127 2.5826156958937645 0.91193097829818748 1.4138178825378416 1.0676431432366369 0.91638679057359684 0.56776642799377475 0.54681394994258903 0.64925681054592121 2.6281274333596212 0.99435123801231284 0.7004045695066452
leaf_count=72 6 10 42 9 74 25 3 178 9 8 6 5 6 5 5 3 15 6 3
internal_value=0.00119658 0.00362225 0.00795528 -0.0295095 0.0149143 -0.00661061 -0.0517266 0.0227247 0.0120858 -0.0297247 -0.0474433 -0.00658298 0.0182598 -0.055264 -0.0262827 -0.0721939 -0.0758114 -0.0629863 0.053484
internal_weight=85.0443 81.5411 72.1642 11.3046 60.8596 16.2036 7.36876 44.6561 3.93584 9.37686 6.84814 2.80619 2.52872 3.50319 1.29181 2.21137 4.04195 1.56212 1.61234
internal_count=490 465 412 63 349 99 45 250 18 53 36 15 17 25 11 14 21 11 11
is_linear=0
shrinkage=0.05


Tree=58
num_leaves=17
num_cat=0
split_feature=131 102 45 3 35 2 16 98 31 60 130 93 59 49 18 25
split_gain=4.33269 4.35585 4.61111 4.35044 4.48505 3.58503 4.10277 2.94309 2.7206 2.71727 1.75909 1.23793 0.685475 0.483925 0.138894 0.00925916
threshold=1.0000000180025095e-35 1.1216089725494387 -0.20907481759786603 -1.0926833152770994 0.54804623126983654 -1.6914935708045957 1.294286370277405 0.89552319049835216 0.30094225704669958 -1.2291072010993955 1.0000000180025095e-35 0.0049420634750276813 1.1462534070014956 1.1786833405494692 -0.9260011315345763 0.17705655097961429
decision_type=2 2 2 2 2 2 2 2 2 2 2 2 2 2 2 2
left_child=1 2 3 9 -5 13 -7 10 -9 -1 11 -3 14 -4 -2 -16
right_child=12 7 5 4 -6 6 -8 8 -10 -11 -12 -13 -14 -15 15 -17
leaf_value=0.028954274834571782 -0.089307017528050842 -0.074026588921557557 -0.062359761253555648 0.012946112384958925 -0.035307713585475194 0.027189593503971668 -0.029615828953887809 0.05461272368572398 -0.053792440487677652 -0.069547224442032124 0.012722389305943807 -0.023159184408000442 -0.014005982025831479 -0.007759172978584996 -0.063699471082257778 -0.056925470182709471
leaf_weight=0.85774716734886158 0.53744934499263841 3.7823998779058439 1.4213129580020893 19.447198010981086 6.4003988504409781 35.177966549992561 3.4943521544337264 1.6524990200996401 0.89073967933654774 3.8105029501020935 1.0474934577941892 1.7492044717073438 0.81107352674007405 0.56797935813665379 1.160459786653518 0.89236581325530995
leaf_count=4 3 20 10 111 39 201 21 9 5 22 7 12 6 4 7 9
internal_value=0.00115444 0.00349571 0.00766471 -0.00702561 0.000997468 0.0186895 0.0220568 -0.0290331 0.0166451 -0.0514485 -0.0466905 -0.0579413 -0.0541188 -0.0467703 -0.066679 -0.0607548
internal_weight=83.7011 80.2998 71.1775 30.5158 25.8476 40.6616 38.6723 9.12234 2.54324 4.66825 6.5791 5.5316 3.40135 1.98929 2.59027 2.05283
internal_count=490 465 412 176 150 236 222 53 14 26 39 32 25 14 19 16
is_linear=0
shrinkage=0.05


Tree=59
num_leaves=25
num_cat=0
split_feature=0 74 101 0 102 54 46 32 64 41 55 19 68 29 46 121 110 85 41 123 2 115 85 2
split_gain=4.35839 4.7845 4.44437 4.80706 4.07336 3.89677 4.60495 4.21032 3.62896 3.42202 4.60773 2.9062 2.64455 2.46002 2.09378 1.99634 1.92027 1.04902 0.577106 0.477794 0.00456284 0.0022905 0.000537551 0.000268528
threshold=-0.85107138752937306 0.40413129329681402 0.97033432126045238 1.2872976064682009 1.1216089725494387 0.12445716559886934 -0.37820228934288019 0.69983887672424328 -0.40584227442741388 0.48319979012012487 0.36105912923812872 1.4655396342277529 -0.27106025815010065 0.014122945722192528 -0.85722097754478443 0.85083538293838512 1.4161126613616946 1.7221526503562929 0.76108849048614513 -0.23251391202211377 -0.39195671677589411 -0.046208495274186127 -0.10632147267460822 -0.031651030294597142
decision_type=2 2 2 2 2 2 2 2 2 2 2 2 2 2 2 2 2 2 2 2 2 2 2 2
left_child=9 2 3 4 -2 6 12 11 -5 16 15 -7 -3 -12 -4 22 20 -16 -8 -9 21 -1 -11 -22
right_child=1 5 14 8 -6 7 18 19 -10 10 13 -13 -14 -15 17 -17 -18 -19 -20 -21 23 -23 -24 -25
leaf_value=0.055812936254970663 0.022004211064403752 -0.053799407676765547 0.012264501491052534 0.026439784835005836 -0.033585669184196774 -0.037559547575373498 -0.073816273808381641 0.005279543955029168 -0.05621457237190948 0.053414571682138305 -0.10399768375183649 0.057497737380240034 0.04376180100953278 0.0022861466605158575 -0.068517300032565592 -0.042533043583397746 -0.024494363951604942 0.0043600697512561981 -0.028468755799487183 0.056606165636125319 0.052766690412783285 0.052733256983145599 0.051979232936236325 0.051910681566221577
leaf_weight=1.5960114598274233 33.193578742444515 1.1356865838170054 1.4710655510425565 1.9134126156568525 3.6585627347230902 5.7865279018878919 6.2718695849180239 0.55759613215923343 4.3403142243623725 1.3722743093967444 1.3175306767225268 0.9338335096836089 1.7884421311318872 0.92783695459365834 3.3307023569941516 0.69633051753044117 0.8900075703859337 0.57973552495241154 0.78996787220239628 2.4267494603991508 1.1637252345681171 0.97111354023217966 1.2433056756854046 4.3066489025950432
leaf_count=6 172 8 8 8 24 39 37 4 26 8 6 3 10 6 20 4 7 5 7 12 8 7 12 43
internal_value=0.00110963 -0.00418227 0.0042585 0.00960715 0.0164854 -0.0249673 -0.0468947 -0.00240432 -0.0309253 0.0260179 -0.00478481 -0.0243508 0.00587053 -0.0600788 -0.0385842 0.0327027 0.0451923 -0.057713 -0.0687435 0.0470163 0.0529089 0.0546479 0.0527323 0.0520928
internal_weight=82.6628 68.178 48.4874 43.1059 36.8521 19.6907 9.98597 9.70471 6.25373 14.4848 5.55728 6.72036 2.92413 2.24537 5.3815 3.31191 8.92751 3.91044 7.06184 2.98435 8.0375 2.56713 2.61558 5.47037
internal_count=490 383 263 230 196 120 62 58 34 107 36 42 18 12 33 24 71 25 44 16 64 13 20 51
is_linear=0
shrinkage=0.05


Tree=60
num_leaves=20
num_cat=0
split_feature=130 123 73 14 94 115 17 22 105 21 87 0 55 76 43 6 50 96 100
split_gain=4.78609 5.32515 4.95788 5.1878 3.69605 3.13919 4.65008 3.03273 2.58372 2.44955 2.34313 2.30555 2.02628 1.97091 0.692894 0.620415 0.265144 0.12828 0.120397
threshold=1.0000000180025095e-35 0.6195133924484254 -1.5534951686859129 1.0188640952110293 -1.682186961174011 0.04662133380770684 0.044561883434653289 -0.85930240154266346 -1.5639877319335935 0.76656091213226329 -1.2303294539451597 -0.72398617863655079 1.2399819493293764 0.5998351275920869 -0.13590776175260541 1.1055286526679995 -0.60687690973281849 -0.71908295154571522 1.2140797376632693
decision_type=2 2 2 2 2 2 2 2 2 2 2 2 2 2 2 2 2 2 2
left_child=1 2 16 4 -4 8 7 -7 -3 12 -10 -5 15 -8 -11 18 -1 -18 -2
right_child=9 5 3 11 -6 6 13 -9 10 14 -12 -13 -14 -15 -16 -17 17 -19 -20
leaf_value=-0.086441024645729919 0.05472446082942032 0.056585129975228389 -0.072461912006109033 0.0525766162635984 0.016941418731655899 0.038797367599560206 0.050120321672366755 -0.061186469476131912 0.055314980355926857 -0.064062941325663647 -0.062085294784095774 -0.043439594326826654 -0.02022399517435608 -0.03253573666064135 0.010403956461694973 0.0087242022715340282 -0.02982821462918114 -0.061220857152425034 0.032668266410297686
leaf_weight=0.88908232748508487 7.0224239341914636 0.5453067347407331 1.1907692626118649 0.69878102093935002 39.630663000047207 0.95134988427162159 3.2343597039580345 3.7399981915950757 0.44922919571399589 0.76418666541576385 7.8830121755600002 5.9381737262010565 1.2374619916081417 0.92816817015409459 0.52835400402545818 0.89160219579935063 0.45172622799873363 1.1638339832425104 0.67849960178136814
leaf_count=4 40 3 7 6 230 6 18 22 2 5 48 34 8 6 5 7 5 8 6
internal_value=0.000689544 -0.00430477 0.00404947 0.00766781 0.0143335 -0.0278451 -0.00677883 -0.0409109 -0.0488551 0.0310862 -0.0557557 -0.0333304 0.0395947 0.0316895 -0.033623 0.0482096 -0.0645115 -0.0524432 0.0527812
internal_weight=78.817 67.6945 49.963 47.4584 40.8214 17.7314 8.85388 4.69135 8.87755 11.1225 8.33224 6.63695 9.82999 4.16253 1.29254 8.59253 2.50464 1.61556 7.70092
internal_count=470 399 294 277 237 105 52 28 53 71 50 40 61 24 10 53 17 13 46
is_linear=0
shrinkage=0.05


Tree=61
num_leaves=17
num_cat=0
split_feature=95 0 8 19 99 38 73 4 45 36 108 91 103 2 86 26
split_gain=4.98118 4.84337 5.35874 4.46129 4.14016 3.53499 3.30663 2.97928 2.73355 1.07309 0.213867 0.154665 0.0769338 0.00117361 0.000531619 0.000155357
threshold=-1.4820146560668943 -1.2377730607986448 0.27568241953849798 -1.3593911528587339 -1.3513162136077879 1.3360770344734194 -0.33908317983150477 1.0753578543663027 0.82660111784935009 1.2399625778198244 0.31139935553073889 0.59618267416954052 0.33615136146545416 -0.2198114991188049 -0.35524669289588923 1.3280308842658999
decision_type=2 2 2 2 2 2 2 2 2 2 2 2 2 2 2 2
left_child=8 9 3 7 -5 6 -4 -3 10 13 11 -1 -7 14 -2 -15
right_child=1 2 5 4 -6 12 -8 -9 -10 -11 -12 -13 -14 15 -16 -17
leaf_value=-0.064477315712693689 0.054524677236433484 -0.066629240458823832 -0.046406603054959174 -0.039688719345074126 0.021537346189144421 0.033957582447496366 -0.0082970486001748122 0.036878020157265483 0.025432112204014819 -0.023446077512422104 -0.049409251293120612 -0.088467500600117294 0.054527093535607862 0.051957933242213011 0.052954222168044435 0.052942206614045764
leaf_weight=1.4287276268005369 0.88302347064018283 2.7945162504911418 9.2733286321163213 3.0052450075745574 33.989262674003839 0.72021446377038856 14.737979482859373 0.9254181534051894 0.98145522922277439 0.5043073222041129 1.0779099836945532 1.2681822702288625 1.2324949353933332 2.8980192542076106 1.3826670199632642 0.46526671946048725
leaf_count=9 4 15 59 15 193 5 94 5 6 4 9 6 6 28 9 3
internal_value=0.000668668 0.00390705 -4.03457e-06 0.0113153 0.0165637 -0.017754 -0.0230152 -0.0408795 -0.0489063 0.0464267 -0.0682343 -0.0757583 0.0469405 0.0526867 0.0535663 0.0520941
internal_weight=77.568 72.8117 66.6785 40.7144 36.9945 25.964 24.0113 3.71993 4.75628 6.13328 3.77482 2.69691 1.95271 5.62898 2.26569 3.36329
internal_count=470 440 392 228 208 164 153 20 30 48 24 15 11 44 13 31
is_linear=0
shrinkage=0.05


Tree=62
num_leaves=17
num_cat=0
split_feature=95 0 130 8 14 73 45 7 117 2 36 108 91 2 86 26
split_gain=4.60707 4.58546 5.11149 4.44521 5.38366 3.21776 2.54794 2.33134 1.86426 1.15924 1.03585 0.198136 0.124832 0.00100221 0.000453037 0.000132722
threshold=-1.4820146560668943 -1.2377730607986448 1.0000000180025095e-35 0.43484549224376684 1.0710620880126955 -0.77309036254882801 0.82660111784935009 0.73814731836318981 0.10315900295972825 -0.55564519762992848 1.2399625778198244 0.31139935553073889 0.59618267416954052 -0.2198114991188049 -0.35524669289588923 1.3280308842658999
decision_type=2 2 2 2 2 2 2 2 2 2 2 2 2 2 2 2
left_child=6 10 3 4 -3 -5 11 9 -9 -4 13 12 -1 14 -2 -15
right_child=1 2 7 5 -6 -7 -8 8 -10 -11 -12 -13 -14 15 -16 -17
leaf_value=-0.063618036391921401 0.054285996188530507 0.012056386816681964 0.001314348338533454 -0.067055326192912629 -0.043040271449006101 -0.015303966762688756 0.024458788660762443 -0.060747331650412878 0.034527234083264795 0.053817285617346833 -0.022022456328382428 -0.048286141760396029 -0.085452715161730114 0.051859175633689553 0.052802296755772693 0.052790715129665072
leaf_weight=1.3769366815686224 0.8435575366020206 31.695731900632381 1.2499823719263075 3.7174530550837543 5.1547721587121478 15.64314606413245 0.9697907269001006 1.0539535954594614 1.0011739730834959 6.6160756982862932 0.50991338491439808 1.0485859811305998 1.2477892488241193 2.7617983520030971 1.3189221918582914 0.44381333142518986
leaf_count=9 4 177 7 24 30 96 6 8 6 44 4 9 6 28 9 3
internal_value=0.000646593 0.0037592 -2.40361e-06 -0.00584233 0.00434928 -0.0252408 -0.047627 0.0330853 -0.0143335 0.0454741 0.0460802 -0.0666584 -0.0739982 0.0525493 0.0533811 0.0519881
internal_weight=76.6534 72.0103 66.1323 56.2111 36.8505 19.3606 4.6431 9.92119 2.05513 7.86606 5.878 3.67331 2.62473 5.36809 2.16248 3.20561
internal_count=470 440 392 327 207 120 30 65 14 51 48 24 15 44 13 31
is_linear=0
shrinkage=0.05


Tree=63
num_leaves=15
num_cat=0
split_feature=95 130 73 8 14 5 21 45 14 8 85 108 37 38
split_gain=4.26411 4.01826 4.01241 3.49351 3.52888 3.22629 2.83485 2.37823 1.20279 0.536083 0.209579 0.185659 0.116414 0.0973154
threshold=-1.4820146560668943 1.0000000180025095e-35 -1.5534951686859129 0.81334576010704052 1.0710620880126955 0.49819560348987585 0.76656091213226329 0.82660111784935009 1.3812071084976199 1.1989936232566836 1.0539401173591616 0.31139935553073889 0.29620790481567388 0.19243968278169635
decision_type=2 2 2 2 2 2 2 2 2 2 2 2 2 2
left_child=7 2 10 4 -4 -5 8 11 9 -3 12 13 -2 -1
right_child=1 6 3 5 -6 -7 -8 -9 -10 -11 -12 -13 -14 -15
leaf_value=-0.060887822047093414 -0.059714490618516095 0.051087053219868117 0.013099670042546986 -0.046533854157919899 -0.025733921822063594 0.0079864178917221276 -0.043284065846748265 0.023507112982194045 -0.026120190773641191 0.00080102352147997822 -0.032306162087086782 -0.047158170295892969 -0.084463727397709354 -0.080683010290537413
leaf_weight=1.0684039294719694 1.4640922322869299 7.6276882663369143 40.617588549852371 6.4540049098432046 6.8344229124486437 4.6819356083869934 1.0782650634646405 0.95888468623161305 0.59346371889114458 0.56957783550024021 0.51657027751207341 1.0207007825374601 0.70342423021793354 1.482224643230438
leaf_count=8 12 50 239 39 42 31 9 6 5 5 5 9 3 7
internal_value=0.000627124 0.00362227 -0.00114681 0.00159184 0.00750654 -0.0236116 0.0332313 -0.0464077 0.0426166 0.047593 -0.0609257 -0.0651795 -0.0677464 -0.0723912
internal_weight=75.6712 71.141 61.272 58.588 47.452 11.1359 9.86899 4.53021 8.79073 8.19727 2.68409 3.57133 2.16752 2.55063
internal_count=470 440 371 351 281 70 69 30 60 55 20 24 15 15
is_linear=0
shrinkage=0.05


Tree=64
num_leaves=20
num_cat=0
split_feature=131 60 69 35 82 126 41 8 102 17 62 10 0 75 96 75 15 25 44
split_gain=3.99843 4.43966 4.41643 3.68516 4.52498 3.57609 3.56658 4.33457 3.45566 2.84792 2.6595 1.69015 0.834477 0.304202 0.168626 0.142282 0.109168 0.00419771 0.00119806
threshold=1.0000000180025095e-35 0.87274253368377697 -1.2117179632186887 0.58162188529968273 -0.60041034221649159 1.9128246307373049 -0.65350443124771107 0.53647646307945263 -0.055346079170703881 0.17773921787738803 1.2876332998275759 -0.59153461456298817 -0.72398617863655079 -0.61100408434867848 -1.2122371196746824 -1.0000000180025095e-35 -0.89849829673767079 0.061094442382454879 0.87422662973403942
decision_type=2 2 2 2 2 2 2 2 2 2 2 2 2 2 2 2 2 2 2
left_child=1 2 8 5 -5 -4 13 10 9 -1 -8 -9 -2 -3 -14 -15 -10 -16 -19
right_child=12 6 3 4 -6 -7 7 11 16 -11 -12 -13 14 15 17 -17 -18 18 -20
leaf_value=-0.068679084161976683 -0.00028775511047923519 -0.098167825750767712 0.024037502920329339 0.032314872977114592 -0.028950908793506966 -0.063327045745852337 0.032320898383813648 0.012088836696637125 -0.085461687914205234 0.048768269775062635 -0.053768377113804791 -0.063754129789518096 -0.088797792524640484 -0.039057714242514793 -0.06084650822316439 -0.06835708698675344 -0.064744702395850201 -0.054936930420036258 -0.058246880560194128
leaf_weight=0.76803819835186038 0.60904534161090884 0.74502542614936862 37.756326999515295 4.4859966710209838 9.1839125379919988 1.2088277861475933 5.2253024205565435 0.93680612742900837 0.95355452597141299 1.5738658308982847 1.0830448716878889 3.4027841240167618 0.58667825907468829 0.54411717504263002 0.99924667179584448 1.7374739907681926 1.9087917283177365 0.62671826034784295 0.48491568863391876
leaf_count=5 5 3 234 28 61 7 32 6 4 9 6 21 3 4 7 10 13 8 4
internal_value=0.000603575 0.003089 0.00914651 0.013491 -0.00884557 0.0213272 -0.0225325 -0.00891851 -0.0347927 0.0102509 0.0175407 -0.0473816 -0.0531501 -0.0704279 -0.0650852 -0.0613697 -0.0716463 -0.0584948 -0.0563808
internal_weight=74.8205 71.5139 57.8393 52.6351 13.6699 38.9652 13.6746 10.6479 5.20425 2.3419 6.30835 4.33959 3.3066 3.02662 2.69756 2.28159 2.86235 2.11088 1.11163
internal_count=470 443 361 330 89 241 82 65 31 14 38 27 27 17 22 14 17 19 12
is_linear=0
shrinkage=0.05


Tree=65
num_leaves=25
num_cat=0
split_feature=5 28 20 16 24 75 74 84 89 31 19 58 89 112 29 0 60 108 18 25 29 34 91 101
split_gain=4.14842 4.76298 4.57772 4.42821 4.09059 4.08025 3.65111 3.39904 3.34264 3.18874 2.83599 2.63427 2.60187 2.82188 2.41258 2.37799 2.36125 2.09181 0.367877 0.266267 0.163891 0.00257927 0.000809632 0.000180765
threshold=-0.14513625204563138 1.0000000180025095e-35 0.98303884267807018 -1.0168337225913999 0.42225743830204016 1.4288485050201418 0.46347816288471227 -0.50629016757011402 -0.18448589742183683 1.0393837690353396 -0.60350307822227467 1.1012619137763979 1.1668906807899477 1.456633508205414 -0.43478317558765406 -1.0883489251136778 0.030232323333621029 0.66176712512969982 1.0153157711029055 -0.34538489580154413 1.0790650248527529 1.6720532178878786 -0.51264044642448414 -0.22324513643980023
decision_type=2 2 2 2 2 2 2 2 2 2 2 2 2 2 2 2 2 2 2 2 2 2 2 2
left_child=1 2 12 21 5 6 -5 8 20 -10 16 15 13 -1 -12 -6 -9 18 -4 -7 -3 22 -2 -24
right_child=3 7 17 4 11 19 -8 10 9 -11 14 -13 -14 -15 -16 -17 -18 -19 -20 -21 -22 -23 23 -25
leaf_value=-0.05711466381678057 0.053943357881410782 -0.066014412851390702 0.054339059306722039 0.032119387594897929 0.020516844015224828 -0.031037319150895692 -0.012664073666244497 0.029827629259449481 0.053358255241103304 -0.067949819004215067 -0.0039765362626384259 0.054139132931879198 0.03316624447099855 0.018754189425474105 0.045725807700018072 -0.046365978747181145 -0.065690719920203006 -0.050756738628339848 0.0042336516900223246 -0.071731051225234627 -0.093978722688207145 0.055800012338289962 0.053017174895506704 0.052169624499060041
leaf_weight=12.127046223729851 1.3734200149774549 1.1640032902359965 1.9836202561855314 16.846639227122076 1.6524319201707829 0.60494760423898686 6.2359156124293795 1.0611725971102726 1.4580285921692877 0.86199873685836781 3.7137171663343906 0.95986838638782579 1.0255241766571987 1.3633964732289303 7.1275227740406955 6.7895563989877674 1.6577445045113561 0.74322368949651707 0.4493088200688361 1.1980915069580067 0.95284515619277943 0.98042456805706013 0.95777872204780568 1.8332707881927484
leaf_count=79 7 8 12 103 12 5 45 8 10 6 24 6 6 8 36 44 10 5 5 6 4 4 6 16
internal_value=-0.00094053 -0.0132911 -0.0317137 0.0102376 0.00374714 0.0143623 0.0200208 0.0048194 -0.0331681 0.00828663 0.0172489 -0.02435 -0.0436106 -0.0494471 0.0287 -0.0332744 -0.0284106 0.0226584 0.0450857 -0.0580777 -0.0786018 0.0534927 0.0529495 0.0524605
internal_weight=75.1215 35.6892 17.6921 39.4323 34.2875 24.8856 23.0826 17.997 4.43688 2.32003 13.5602 9.40186 14.516 13.4904 10.8412 8.44199 2.71892 3.17615 2.43293 1.80304 2.11685 5.14489 4.16447 2.79105
internal_count=475 221 115 254 221 159 148 106 28 16 78 62 93 87 60 56 18 22 17 11 12 33 29 22
is_linear=0
shrinkage=0.05


Tree=66
num_leaves=26
num_cat=0
split_feature=5 28 111 16 21 74 123 0 69 68 95 114 75 89 74 97 24 89 18 92 47 100 34 91 101
split_gain=3.8233 4.37291 4.34309 4.23718 4.02154 3.78757 3.35172 3.17663 3.14023 3.03517 3.76508 2.90425 2.93989 2.90012 2.73762 2.71027 2.50384 1.77624 1.57433 1.09776 1.0667 0.754271 0.00220355 0.00069095 0.000154309
threshold=-0.14513625204563138 1.0000000180025095e-35 0.35145907104015356 -1.0168337225913999 -0.72890198230743397 0.41679124534130102 0.69004717469215404 -0.74315974116325367 -1.2117179632186887 0.071075439453125014 -0.013563838321715592 0.83681926131248485 -0.50121310353279103 1.1668906807899477 -0.61354997754096974 -0.98267829418182362 -0.046647896990180009 0.8010770082473756 0.95495298504829418 -0.62485945224761952 1.3166396617889407 0.93510350584983837 1.6720532178878786 -0.51264044642448414 -0.22324513643980023
decision_type=2 2 2 2 2 2 2 2 2 2 2 2 2 2 2 2 2 2 2 2 2 2 2 2 2
left_child=1 2 13 22 -4 6 8 17 -5 10 19 21 -13 20 -12 -9 -8 -7 -6 -3 -1 -11 23 -2 -25
right_child=3 9 4 5 18 7 16 15 -10 11 14 12 -14 -15 -16 -17 -18 -19 -20 -21 -22 -23 -24 24 -26
leaf_value=-0.060698442708601953 0.053737256934684834 0.0086805759074637581 -0.076334162481303536 -0.051389869705477279 0.03852652650639668 0.052178774524533171 0.024808978295006997 0.0095923588877417157 0.030899097875838073 0.048024246167590934 -0.06542036859482428 0.052753633189713267 -0.0755112854416225 0.032119234761107465 0.024585367134831494 -0.055061553852461934 -0.046711307347824582 -0.039008337011448679 -0.033684951279862617 -0.071708182627422873 0.0098093819605065257 -0.0023598663985054192 0.055492686210069891 0.052861522312204201 0.052059663031182729
leaf_weight=9.7616756334900856 1.31132148206234 0.50387886166572604 1.2494972795248029 1.2457093894481683 3.8539035543799391 1.8945732638239863 1.9434717893600462 2.2591490000486374 16.72521843761206 5.8083533272147161 1.0283146277070043 0.70760465413331997 1.2118050269782539 1.0057359784841526 4.7349003776907939 5.7376864552497846 3.3044183775782576 0.74366737157106388 0.93861223012208927 2.7017739191651344 0.56761719286441881 0.85174129158258427 0.9376428723335265 0.91368219256401095 1.7474515140056599
leaf_count=66 7 3 8 8 23 18 14 12 101 30 7 5 7 6 32 41 22 5 7 15 5 7 4 6 16
internal_value=-0.000904318 -0.0129029 -0.0306822 0.00990612 0.00355529 0.00361055 0.0149292 -0.0211007 0.025195 0.00470282 -0.0156351 0.0259637 -0.0282255 -0.0489321 0.00852589 -0.0367965 -0.0202249 0.0264749 0.0243839 -0.0590723 -0.0568239 0.0415808 0.0533125 0.0527979 0.052335
internal_weight=73.6894 34.9254 17.377 38.764 6.04201 33.8539 23.2188 10.6351 17.9709 17.5484 8.96887 8.5795 1.91941 11.335 5.76322 7.99684 5.24789 2.63824 4.79252 3.20565 10.3293 6.66009 4.9101 3.97246 2.66113
internal_count=475 221 115 254 38 221 145 76 109 106 57 49 12 77 39 53 36 23 30 18 71 37 33 29 22
is_linear=0
shrinkage=0.05


Tree=67
num_leaves=28
num_cat=0
split_feature=5 84 60 53 123 28 55 19 21 3 64 74 104 2 54 99 56 89 102 85 46 0 92 11 62 5 66
split_gain=3.53232 4.10089 4.08897 3.44378 3.77288 3.37061 3.29633 3.20563 3.11566 2.48945 4.30675 4.58935 3.43106 2.72109 2.39282 2.09956 2.06741 2.0175 1.18472 1.1615 1.03804 1.58827 0.539618 0.304155 0.161034 0.0794938 0.0406458
threshold=-0.14513625204563138 -0.59822183847427357 -0.96316081285476673 0.79329410195350658 0.76908394694328319 1.0000000180025095e-35 -0.09706611186265944 -0.60350307822227467 0.1937469616532326 -0.23624908179044721 0.30505017936229711 -0.50160013139247883 -1.0942011475563047 -0.79799896478652943 0.41589091718196874 -0.20578927546739575 0.21927339583635333 0.23227626830339435 0.90914729237556469 0.73593410849571239 -1.0000000180025095e-35 -0.32693755626678461 -0.46720010042190546 -0.28714710474014277 0.98572009801864635 1.3657118678092959 0.1494354382157326
decision_type=2 2 2 2 2 2 2 2 2 2 2 2 2 2 2 2 2 2 2 2 2 2 2 2 2 2 2
left_child=1 14 18 9 8 6 -4 -7 15 10 11 -2 19 -14 20 -5 -16 -12 24 -11 21 -1 -22 -6 -3 -25 -10
right_child=3 2 5 4 23 7 -8 -9 26 12 17 -13 13 -15 16 -17 -18 -19 -20 -21 22 -23 -24 25 -26 -27 -28
leaf_value=0.052298444265181376 0.028548660072040929 0.054651648722286839 0.00057196835079040395 -0.067695973455941624 -0.098349803742803721 -0.052649582128245435 -0.054146238797532144 0.020083954463643593 0.041671234794556422 -0.065412999621444243 0.046503486033473117 -0.05300889546026382 -5.7856820711465378e-05 0.04971027319086134 -0.051061497599254248 0.014515718212079601 0.053305493152292896 -0.028502049631949286 -0.014391373174505024 0.014224940410390753 -0.10530452491688697 -0.06136631051913969 -0.06431067185859389 -0.04829231414747806 0.027986841101454125 -0.071223245122821521 0.056314106002239531
leaf_weight=0.44477203488349915 2.6727978959679604 3.245370425283912 4.6861814707517642 1.6264819726347925 0.81054978817701373 1.8290459364652623 6.6697660908102989 8.8201225250959379 0.74536339938640628 1.1396239027380968 4.8839882165193558 4.8636959120631236 3.6109228357672718 11.472984135150904 0.92325062677264191 1.4862636476755131 0.97624897211790085 1.0981083475053308 0.87297179549932469 0.76531492918729771 1.1148848533630369 0.9945898577570913 2.8674709424376483 0.71523330360650994 0.68587995320558537 0.80145348608493805 1.3013353347778318
leaf_count=4 15 17 35 10 4 13 43 51 7 7 30 31 25 82 7 12 7 10 6 6 6 8 19 6 5 4 5
internal_value=-0.000874465 -0.0125491 -0.0034921 0.00961302 -0.020774 -0.0126161 -0.031566 0.00759162 0.0030646 0.0170701 0.00105853 -0.0240847 0.0298111 0.0377963 -0.0457148 -0.0284418 0.00257798 0.032735 0.0382991 -0.0334182 -0.0626342 -0.0262432 -0.0757872 -0.0736237 0.0499995 -0.0604096 0.0509815
internal_weight=72.1247 34.1306 26.8093 37.9941 7.48668 22.0051 11.3559 10.6492 5.15944 30.5074 13.5186 7.53649 16.9888 15.0839 7.32122 3.11275 1.8995 5.9821 4.80422 1.90494 5.42172 1.43936 3.98236 2.32724 3.93125 1.51669 2.0467
internal_count=475 221 170 254 48 142 78 64 34 206 86 46 120 107 51 22 14 40 28 13 37 12 25 14 22 10 12
is_linear=0
shrinkage=0.05


Tree=68
num_leaves=27
num_cat=0
split_feature=5 16 28 111 21 53 19 32 68 32 60 75 130 92 119 49 24 0 47 56 75 99 124 74 22 41
split_gain=3.26024 3.95229 3.69238 3.94069 3.59344 3.47577 3.08243 3.7687 2.77561 3.60626 2.66552 2.91921 2.47967 2.39401 2.26701 1.86628 1.84696 2.44348 1.49043 1.37427 1.2862 0.62922 0.0501212 0.00159459 0.000424692 0.00012815
threshold=-0.14513625204563138 -1.0168337225913999 1.0000000180025095e-35 0.35145907104015356 -0.72890198230743397 0.79329410195350658 -0.083494480699300752 -0.46524776518344874 0.071075439453125014 0.6413078010082246 0.77890846133232128 1.4288485050201418 1.0000000180025095e-35 -1.0428323745727537 -1.0557544231414793 0.60368704795837413 0.60849490761756908 0.44652572274208074 1.3166396617889407 -0.12610670551657674 1.2214699983596804 0.2968954741954804 -0.68003895878791798 0.98256546258926403 -0.9440273344516753 0.61193457245826732
decision_type=2 2 2 2 2 2 2 2 2 2 2 2 2 2 2 2 2 2 2 2 2 2 2 2 2 2
left_child=2 23 3 16 -5 10 21 -8 9 13 11 -3 -12 -4 15 -10 18 -18 -1 -6 -16 -7 -11 24 -2 -26
right_child=1 5 8 4 19 6 7 -9 14 22 12 -13 -14 -15 20 -17 17 -19 -20 -21 -22 -23 -24 -25 25 -27
leaf_value=-0.063926660396644894 0.053626355739593096 0.024678622558644225 0.032928153815641924 -0.073254684939287135 -0.012900913288203487 -0.075943719496581477 -0.057160871468390273 0.053972847392274682 -0.064012447368104727 0.034717281156135517 -0.042460674712400032 -0.043497454232460368 0.0399193554455805 -0.045099468252052015 0.048004716264695844 0.038824513965742269 0.045616462953507741 -0.059822359626490573 0.0034926713877777363 0.044047375261574789 -0.021501807525933062 -0.027879805409855442 0.053727735437837279 0.054852156610421532 0.051979589838447852 0.052653968611623449
leaf_weight=7.7916958704590815 0.73814758658409152 19.385616630315788 1.1881717741489408 1.1879695206880567 1.6279006898403166 2.4350699558854108 1.333098538219929 1.7833615913987149 1.115848124027252 0.47498093545436848 3.6551179848611346 1.7085366696119297 1.2178036421537397 5.6938845701515692 5.5434990487992746 0.72968196123838414 1.1321474984288209 1.067642383277416 0.91614051163196553 3.0334205776453009 0.75639311224222172 0.94526237249374379 1.2839629054069517 0.95950584113597859 1.5778335779905313 1.2726539447903631
leaf_count=51 4 129 7 8 10 15 9 12 6 4 26 13 9 38 32 5 10 9 7 20 6 8 8 5 15 9
internal_value=-0.00084267 0.00938936 -0.0121328 -0.0287364 0.00437463 0.00327375 -0.0294345 0.00643423 0.00444164 -0.0152983 0.0114571 0.0191567 -0.0218729 -0.0316282 0.0253826 -0.023353 -0.0464924 -0.00555704 -0.0568336 0.024159 0.0396595 -0.0625033 0.0485942 0.0530416 0.0525575 0.0522807
internal_weight=70.5553 37.012 33.5433 16.7569 5.84929 32.4639 6.49679 3.11646 16.7864 8.641 25.9671 21.0942 4.87292 6.88206 8.14542 1.84553 10.9076 2.19979 8.70784 4.66132 6.29989 3.38033 1.75894 4.54814 3.58864 2.85049
internal_count=475 254 221 115 38 221 44 21 106 57 177 142 35 45 49 11 77 19 58 30 38 23 12 33 28 24
is_linear=0
shrinkage=0.05


Tree=69
num_leaves=26
num_cat=0
split_feature=5 16 84 60 24 88 75 28 32 55 51 25 66 14 3 102 90 121 7 122 62 67 74 22 41
split_gain=3.01037 3.77808 3.6935 3.63656 3.34789 3.68709 2.84658 2.84657 2.99766 2.84304 2.64926 2.28242 2.66174 1.86491 1.71115 1.06925 0.843338 0.640225 0.434627 0.392799 0.180237 0.0654892 0.0013649 0.000362584 0.000109502
threshold=-0.14513625204563138 -1.0168337225913999 -0.59822183847427357 -0.96316081285476673 0.42225743830204016 -0.73860502243041981 1.4288485050201418 1.0000000180025095e-35 0.6413078010082246 -0.09706611186265944 0.19689114391803744 1.0583143234252932 -0.24693583697080609 0.3368366807699204 0.81028547883033764 0.90914729237556469 -0.15128733217716214 0.78743964433670055 0.018062051385641101 -1.0000000180025095e-35 0.98572009801864635 -0.64121139049530018 0.98256546258926403 -0.9440273344516753 0.61193457245826732
decision_type=2 2 2 2 2 2 2 2 2 2 2 2 2 2 2 2 2 2 2 2 2 2 2 2 2
left_child=2 22 10 15 5 14 -7 9 -9 -5 18 12 -6 19 -3 20 -15 -13 -1 -12 -4 -20 23 -2 -25
right_child=1 4 3 7 11 6 -8 8 -10 -11 13 17 -14 16 -16 -17 -18 -19 21 -21 -22 -23 -24 24 -26
leaf_value=-0.095137811245864526 0.053437589633966137 -0.047257787915753371 0.054255632228946055 0.00077482564155587812 0.035003025592964511 0.027121885730970033 -0.051780722290544236 -0.009405508283398702 0.051239247671610033 -0.050830973497302548 0.053273590679389887 -0.085480152544035737 -0.03138394634477782 0.0093930744685835673 0.039815487246392618 -0.012794548072717266 -0.064964110905493616 -0.028380963236217874 -0.046664445467379696 -0.003347057259398452 0.025420255705226609 -0.065081302980628364 0.054599141499134418 0.051879595169750527 0.052518045270587489
leaf_weight=1.3774975016713136 0.70456531643867526 3.1403077989816697 3.038104072213176 4.5558254122734088 2.3167995736002922 18.021813657134778 1.2205044254660595 7.4636169560253602 2.8029246591031551 6.443622712045908 0.88692557066679001 1.4961448460817339 4.3350476920604688 0.53656771406531345 0.68781509250402439 0.85965541005134571 1.3179872967302795 0.73067537695169438 0.67798337340354953 0.46790593117475532 0.65956599265336979 1.6758527308702467 0.91683272272348393 1.5037015564739697 1.2136398851871488
leaf_count=7 4 22 17 35 18 122 8 49 15 43 6 7 32 6 7 6 9 5 7 5 5 11 5 15 9
internal_value=-0.000813813 0.00910615 -0.0118007 -0.00309733 0.0031608 0.0132017 0.0221172 -0.0117834 0.00715145 -0.0294565 -0.044182 -0.0229296 -0.00826175 -0.0108738 -0.031613 0.0374346 -0.0434508 -0.0667445 -0.0728309 0.033719 0.0491122 -0.0597766 0.0528859 0.0524268 0.0521647
internal_weight=69.0519 36.2878 32.764 25.8233 31.9491 23.0704 19.2423 21.266 10.2665 10.9994 6.94072 8.87867 6.65185 3.20939 3.82812 4.55733 1.85456 2.22682 3.73133 1.35483 3.69767 2.35384 4.33874 3.42191 2.71734
internal_count=475 254 221 170 221 159 130 142 64 78 51 62 50 26 29 28 15 12 25 11 22 18 33 28 24
is_linear=0
shrinkage=0.05


Tree=70
num_leaves=23
num_cat=0
split_feature=33 16 110 0 123 119 89 2 67 53 102 117 61 47 11 7 62 93 56 33 72 106
split_gain=4.0134 4.7191 3.77243 3.73699 3.27506 3.25658 3.17244 2.68172 2.93845 2.53003 2.88461 1.89711 2.68364 1.4688 1.41326 1.38433 1.13209 1.92505 1.01696 0.307408 0.199176 0.0933123
threshold=-0.91760995984077443 0.18503091484308246 -1.2356781959533689 -0.65967065095901478 0.6195133924484254 0.25801433622837072 0.48316036164760595 0.41857825219631201 0.36662237346172338 1.5283995866775515 -0.39190958440303797 -1.2466920018196104 1.2178238034248354 -0.41326965391635889 0.65050381422042858 0.30172641575336462 -0.021419541910290715 -1.0000000180025095e-35 -0.67904216051101673 -0.96856132149696339 0.42941468954086309 0.44022466242313391
decision_type=2 2 2 2 2 2 2 2 2 2 2 2 2 2 2 2 2 2 2 2 2 2
left_child=2 9 -1 4 18 14 -7 16 13 11 -11 21 -13 -9 -5 -6 17 -4 -3 -18 -10 -2
right_child=1 3 7 5 15 6 -8 8 20 10 -12 12 -14 -15 -16 -17 19 -19 -20 -21 -22 -23
leaf_value=0.050584123039612607 0.040428879096230726 -0.0094997435959609591 0.020441382254997593 -0.056152931086133777 0.014478977627329213 -0.02281410301315856 0.040576876057437643 0.021007357578895658 0.053681279189308068 0.04009818687109297 -0.06914987043861362 0.023425718293055106 -0.025050908769061572 -0.05360871875936396 -0.004417696568879876 -0.075015816160005952 -0.061813155844532869 -0.064585181813133705 0.052298918758780226 -0.10019530275728712 0.017668965486773488 0.058570821851720835
leaf_weight=1.555749587714671 0.91605175286530993 0.79367483407258976 1.220118083059788 6.4747393354773539 0.75126655399799336 5.9699102565646154 2.9484636932611465 0.90518444404006038 1.420426622033119 0.95735537260770831 1.6380952075123776 24.835744280368097 3.2257652282714835 2.4302811995148659 1.6580924391746519 1.0170957148075102 3.9636970460414873 1.4649786092340935 4.1290526166558292 0.60073415935039554 0.52618049830198277 3.132496427744627
leaf_count=7 6 7 9 44 6 39 15 8 10 6 9 173 21 18 13 5 28 11 39 3 5 12
internal_value=0.00110615 0.00688023 -0.0228503 -0.010297 0.0213694 -0.0227233 -0.0018567 -0.0319668 -0.00486956 0.0186313 -0.0288527 0.0224694 0.0178532 -0.0333593 -0.0456053 -0.0369951 -0.0517102 -0.0259488 0.0423353 -0.0668647 0.0439469 0.0544659
internal_weight=72.5352 58.4478 14.0874 23.7423 6.69109 17.0512 8.91837 12.5316 5.28207 34.7055 2.59545 32.1101 28.0615 3.33547 8.13283 1.76836 7.24953 2.6851 4.92273 4.56443 1.94661 4.04855
internal_count=494 395 99 168 57 111 54 92 41 227 15 212 194 26 57 11 51 20 46 31 15 18
is_linear=0
shrinkage=0.05


Tree=71
num_leaves=23
num_cat=0
split_feature=101 16 0 15 68 41 81 74 14 1 56 117 26 11 36 31 96 31 63 23 91 1
split_gain=3.70159 3.51287 3.69191 4.03509 3.21136 2.79274 2.68204 2.52664 2.50539 2.36095 2.20827 2.1307 2.01275 1.93308 1.77902 1.38747 1.04054 0.806289 0.691899 0.0429571 0.0340707 0.0183141
threshold=1.1976943612098696 0.18503091484308246 -0.78724285960197438 -0.94642707705497731 1.1470965743064883 1.3847849965095522 0.079487416893243804 1.2921776175498965 -0.70362916588783253 0.82396143674850475 1.0632944107055666 -0.47120004892349238 -0.68615537881851185 0.55172714591026317 0.69977068901062023 -0.15862477570772168 0.45314496755599981 0.96952715516090404 1.056113660335541 -0.42665988206863398 1.4755141139030459 0.34876126050949102
decision_type=2 2 2 2 2 2 2 2 2 2 2 2 2 2 2 2 2 2 2 2 2 2
left_child=1 4 5 12 7 10 18 11 17 16 -3 -1 -4 -9 -5 -10 -8 -6 20 -11 21 -2
right_child=6 2 3 14 8 -7 9 13 15 19 -12 -13 -14 -15 -16 -17 -18 -19 -20 -21 -22 -23
leaf_value=0.042966970439035169 -0.058184679797538177 0.043302163049563774 -0.045053763509144168 -0.022927151149125698 0.053877923378065462 -0.071706870310489376 0.054933252615775807 -0.051851748026949508 -0.0027325584032507691 -0.059347744242524939 -0.060410179488180352 0.014939266068182747 0.043495811413251179 0.042115806338458357 -0.062563335214646562 -0.075704484811707967 -0.020445542317430728 -0.016509598753007861 -0.0046138067512082031 -0.039120136158297174 -0.073268059437721272 -0.065898819261088759
leaf_weight=9.8430901542305929 1.6501789353787897 5.3254155442118671 0.82127034664154086 9.875916879624123 0.97076085954904534 0.70931190997362126 1.5658753812313086 2.0070493370294566 0.96254931390285525 0.86648008227348328 0.56799495220184315 21.79641039296985 2.9356067031621977 0.75251557677984227 3.9686117991805085 2.0152045972645274 0.6469891071319579 0.70039724186062813 0.55700372159481037 0.37653262540698029 0.8159240037202834 1.4414893388748167
leaf_count=56 15 52 6 70 6 5 8 13 9 7 3 153 13 6 27 11 6 5 6 5 4 8
internal_value=0.00107341 0.00510843 -0.00985799 -0.0218182 0.0143855 0.0220253 -0.0311499 0.0196568 -0.0246189 0.00192048 0.0333066 0.0236587 0.0241385 -0.0262274 -0.0342891 -0.0521165 0.0328943 0.0243779 -0.0567484 -0.0532204 -0.0641799 -0.0617814
internal_weight=71.1726 63.2521 24.2041 17.6014 39.048 6.60272 7.92047 34.3991 4.64891 3.45588 5.89341 31.6395 3.75688 2.75956 13.8445 2.97775 2.21286 1.67116 4.4646 1.24301 3.90759 3.09167
internal_count=494 435 176 116 259 60 59 228 31 26 55 209 19 19 97 20 14 11 33 12 27 23
is_linear=0
shrinkage=0.05


Tree=72
num_leaves=23
num_cat=0
split_feature=33 16 110 0 6 56 101 40 14 31 15 2 67 56 69 46 1 62 93 12 16 20
split_gain=3.61611 4.06051 3.38189 3.21884 4.27397 2.638 2.62847 2.73263 4.21529 2.62719 2.54605 2.43248 2.64487 2.05965 1.95697 1.30608 1.21878 1.05626 1.7704 0.267036 0.209105 0.178137
threshold=-0.91760995984077443 0.18503091484308246 -1.2356781959533689 -0.65967065095901478 0.28360562026500707 1.0632944107055666 1.1976943612098696 0.41851909458637243 -0.87373036146163929 0.30934067070484167 -1.5797489285469053 0.41857825219631201 0.36662237346172338 -0.51049250364303578 -0.41499622166156763 0.64057236909866344 0.30889382958412176 -0.021419541910290715 -1.0000000180025095e-35 -0.25432786345481867 0.13710583001375201 -0.77429085969924916
decision_type=2 2 2 2 2 2 2 2 2 2 2 2 2 2 2 2 2 2 2 2 2 2
left_child=2 6 -1 5 10 13 7 15 -9 -6 -5 17 16 -3 -8 -2 -13 18 -4 -16 -14 -19
right_child=1 3 11 4 9 -7 14 8 -10 -11 -12 12 20 -15 19 -17 -18 21 -20 -21 -22 -23
leaf_value=0.049645318296926894 0.040529220516068089 -0.018251993795753416 0.01959167677433583 0.047088177246819102 0.034419096266732098 -0.059370920842410739 0.042192509252979446 0.048618619621095822 -0.019795945216675402 -0.028988944689756442 -0.049740769556814536 -0.00025920495910770734 0.053438673448472543 0.052134721280695906 -0.065492955713854467 0.012134701595033418 -0.06161978778984914 -0.082765387889239928 -0.063536548047616534 -0.027465225071267009 0.01562247001206526 -0.059382526646432079
leaf_weight=1.4595436230301846 14.612513884902006 1.4036076590418813 1.1993274465203287 0.73414870351553219 4.1000615321099749 0.88240489363670338 0.7264795154333118 3.2538618445396423 7.3087343126535398 2.7155475318431854 9.0185289867222291 1.5702279657125475 1.3411633968353269 4.0046303085982826 1.4094098210334782 5.602631874382495 1.6698592677712438 1.0835697799921025 1.3745770715177048 0.68650786578655121 0.50252086669206608 3.2803116030991077
leaf_count=7 104 12 9 3 23 5 6 17 52 19 66 15 10 40 9 33 11 6 11 6 5 25
internal_value=0.00104005 0.00659555 -0.0222265 -0.00966129 -0.0212224 0.0207884 0.0176554 0.0218903 0.00127951 0.00915539 -0.0424518 -0.0309525 -0.00467818 0.0338672 -0.0285252 0.0326597 -0.0318829 -0.0502054 -0.0248024 -0.0530372 0.0431314 -0.0651886
internal_weight=69.9402 56.4591 13.4811 22.8589 16.5683 6.29064 33.6001 30.7777 10.5626 6.81561 9.75268 12.0216 5.08377 5.40824 2.8224 20.2151 3.24009 6.93779 2.5739 2.09592 1.84368 4.36388
internal_count=494 395 99 168 111 57 227 206 69 42 69 92 41 52 21 137 26 51 20 15 15 31
is_linear=0
shrinkage=0.05


Tree=73
num_leaves=18
num_cat=0
split_feature=39 74 3 126 73 43 109 29 66 43 81 56 84 0 41 37 48
split_gain=3.26987 3.13608 3.0625 2.97805 3.21443 3.77636 3.0873 2.88159 3.04387 2.73162 2.4641 2.38438 1.65631 1.26975 0.334996 0.168852 0.0182534
threshold=-1.9362150430679319 0.41679124534130102 -0.11824882403016089 1.1868637800216677 -0.78181877732276905 -0.67991510033607472 -0.34795853495597834 -0.72170573472976673 -0.74254074692726124 -1.4133672118186948 -1.0638166069984434 1.4395493865013125 1.0725508332252505 -0.74315974116325367 0.52732735872268688 0.82317370176315319 -0.11425732821226119
decision_type=2 2 2 2 2 2 2 2 2 2 2 2 2 2 2 2 2
left_child=15 3 7 4 5 -2 14 8 -3 -4 -11 -6 -8 -9 -5 16 -1
right_child=1 2 9 6 11 -7 12 13 -10 10 -12 -13 -14 -15 -16 -17 -18
leaf_value=-0.070922875878924499 0.047824735206744892 -0.065778154574783282 -0.072642295968728052 0.053059541130242333 0.025954291758699555 -0.033752343315006338 -0.065197834671341368 -0.0057487677299539446 0.042561195026757072 -0.052560399115509575 0.021560959629047294 -0.028987436515707472 0.014063540134042284 -0.060910870873162576 0.0036626715274515696 -0.034409176122042952 -0.060239254182630125
leaf_weight=1.0096127539873123 1.8790221065282819 0.9519646801054481 1.0351120978593815 0.99771716445684411 29.673932876437906 5.7903883941471568 3.0356098189949985 1.2788851857185362 2.0326237566769123 1.2772901467978943 9.1797456853091699 2.1155304685235015 0.84191007912158955 5.6613683030009287 0.52322015911340714 0.53457659482955922 0.66192541271448058
leaf_count=5 12 7 6 7 210 46 18 10 12 9 74 15 6 42 5 5 5
internal_value=0.00101447 0.00300787 -0.012733 0.0105233 0.0152885 -0.0137658 -0.024307 -0.0330785 0.00800526 0.00483777 0.0125073 0.022298 -0.0479881 -0.0507461 0.0360664 -0.0588695 -0.0666922
internal_weight=68.4804 66.2743 21.417 44.8573 39.4589 7.66941 5.39846 9.92484 2.98459 11.4921 10.457 31.7895 3.87752 6.94025 1.52094 2.20611 1.67154
internal_count=494 479 160 319 283 58 36 71 19 89 83 225 24 52 12 15 10
is_linear=0
shrinkage=0.05


Tree=74
num_leaves=24
num_cat=0
split_feature=2 0 69 117 101 62 10 5 102 115 43 7 51 92 77 8 91 96 18 42 44 100 10
split_gain=3.19999 4.97667 3.32629 3.31133 2.8947 2.99684 3.15977 2.93158 2.80743 2.75733 2.38999 2.76445 2.11288 1.83371 2.26981 1.03361 0.939533 0.578256 0.353678 0.182373 0.0196025 0.0054503 0.000947778
threshold=0.40351943671703344 1.3498911261558535 -0.68956050276756276 0.22031743079423907 1.1976943612098696 0.18326678872108462 0.34273153543472296 1.4391790032386782 0.80486330389976513 -0.93511068820953358 0.59058573842048656 -0.18187051266431806 1.8039450049400332 -0.22260748594999311 -0.34359721839427942 0.60050207376480114 -0.22419665008783338 1.6864041686058047 -0.36038094758987421 -0.47114886343479151 -1.0402858257293699 -0.089634735137224184 -0.5200195014476775
decision_type=2 2 2 2 2 2 2 2 2 2 2 2 2 2 2 2 2 2 2 2 2 2 2
left_child=4 2 3 18 5 10 7 -7 -8 -6 12 -12 -1 14 -4 -5 -3 -15 -2 -11 -21 -18 -23
right_child=1 16 13 15 9 6 8 -9 -10 19 11 -13 -14 17 -16 -17 21 -19 -20 20 -22 22 -24
leaf_value=0.026712352681470871 -0.074802991693175266 0.010954978183422845 -0.026866492595514255 0.053163823214862196 0.027288342598457013 -0.045203901162240545 0.024995491292232348 0.052814421911917125 -0.046482319479815397 -0.033040101787042989 0.022556148701404266 -0.039368572621842707 -0.045181019208269863 0.053565951216156565 0.038432983539931555 -0.027600065715736699 -0.062081416550081016 0.0045065011960294934 -0.033451473238209621 -0.067445369341261649 -0.059209615945504057 -0.055349256928054195 -0.058420387417562586
leaf_weight=14.083891138434412 1.2376046031713488 0.59195817261934314 2.1131125427782536 1.4931070730090144 1.2240836247801778 8.7226673625409603 5.4706199057400218 0.83593545109033662 1.8343855887651441 0.67329029738903035 3.1228414326906204 4.2619567029178134 1.1019272506237019 8.7424601204693246 3.5945760607719448 0.53921576589345921 1.2207373902201657 0.64495144784450609 0.88818635791540756 0.95130138099193562 3.0041593052446838 0.42838996648788485 0.60742633789777589
leaf_count=93 6 5 14 13 7 59 35 6 12 7 21 31 9 75 33 4 8 6 8 6 26 5 5
internal_value=0.000976743 0.0165731 0.0256992 -0.0138983 -0.00663486 -0.00176484 -0.0177112 -0.0366318 0.00704645 -0.0394473 0.0101495 -0.0131822 0.0214956 0.0366068 0.0142577 0.0317356 -0.0451103 0.0501954 -0.0575257 -0.0570957 -0.0611903 -0.0598179 -0.0571502
internal_weight=67.3888 22.1017 19.2532 4.15811 45.2871 39.4342 16.8636 9.5586 7.30501 5.85283 22.5706 7.3848 15.1858 15.0951 5.70769 2.03232 2.84851 9.38741 2.12579 4.62875 3.95546 2.25655 1.03582
internal_count=494 182 159 31 312 266 112 65 47 46 154 52 102 128 47 17 23 81 14 39 32 18 10
is_linear=0
shrinkage=0.05


Tree=75
num_leaves=21
num_cat=0
split_feature=2 3 101 34 14 102 71 110 21 5 93 77 83 52 107 108 93 1 125 56
split_gain=4.14013 3.02998 3.20637 3.99737 3.74645 3.00941 2.55774 2.85728 2.52455 1.25932 1.11041 1.0887 1.24624 0.508432 0.289249 0.0694603 0.00533193 0.00306477 0.00206691 0.000106867
threshold=-1.6914935708045957 0.72106665372848522 -0.31524437665939326 1.3280047178268435 1.0053113102912905 0.60530894994735729 -0.72087237238883961 0.29034797847270971 -0.42383901774883265 -0.59451213479042042 0.33883495628833776 1.4250516891479494 -0.84609588980674733 -0.53573688864707936 -1.8944869041442869 0.28299187123775488 -0.069270711392164216 -1.0000000180025095e-35 0.1448900252580643 -0.61636826395988453
decision_type=2 2 2 2 2 2 2 2 2 2 2 2 2 2 2 2 2 2 2 2
left_child=14 2 4 8 5 -2 7 13 -4 -5 -6 12 -8 -3 -1 -9 18 19 -16 -18
right_child=1 6 3 9 10 -7 11 15 -10 -11 -12 -13 -14 -15 16 -17 17 -19 -20 -21
leaf_value=-0.01597934697583249 0.032041985113872899 -0.075348655951643903 -0.041755200502068206 -0.009322265013835266 -0.064860981232141166 -0.016229677531124635 -0.0079737590632536388 0.052621980921142189 -0.0081683751011738265 0.05517476979472561 0.013379679167193679 -0.032433817866243699 0.050448681988558591 -0.02330305225387155 -0.062735389121741619 0.028587111410835961 -0.05371700860964175 -0.059170351809753288 -0.059040082009050358 -0.054952280995410718
leaf_weight=0.45327312499284778 14.328053876757624 1.0319054275751112 8.345047917217018 1.0647654756903651 1.8004740551114076 4.1680166609585276 1.0349480770528297 0.85581836104392983 16.9765017554164 2.616872325539588 0.60614702478051175 0.49813653528690416 7.7351215295493585 0.86060241982340757 0.80048540234565801 0.46335428953170776 0.30926863476634059 0.64646861702203562 0.71766611188650131 0.4035622775554657
leaf_count=4 91 5 59 10 12 28 8 7 135 13 6 5 65 7 5 5 5 5 6 5
internal_value=0.00121035 0.00411014 -0.00140018 -0.0121594 0.0135286 0.0211642 0.0261454 -0.0123071 -0.0192374 0.0365216 -0.0451548 0.0394702 0.0435543 -0.0516813 -0.0531038 0.0441798 -0.0589519 -0.0566773 -0.0609885 -0.0544163
internal_weight=65.7165 62.3858 49.9059 29.0032 20.9027 18.4961 12.4799 3.21168 25.3215 3.68164 2.40662 9.26821 8.77007 1.89251 3.33072 1.31917 2.87745 1.3593 1.51815 0.712831
internal_count=486 456 354 217 137 119 102 24 194 23 18 78 73 12 30 12 26 15 11 10
is_linear=0
shrinkage=0.05


Tree=76
num_leaves=20
num_cat=0
split_feature=2 45 0 16 7 97 20 92 23 65 1 12 9 120 71 107 72 8 59
split_gain=3.87496 2.68345 3.3482 3.10417 3.76359 3.18669 2.91955 2.87405 3.20284 2.85714 1.7714 1.72415 1.12167 0.750157 0.439014 0.290237 0.00483218 0.00364981 0.000712527
threshold=-1.6914935708045957 -0.37287655472755427 -0.72398617863655079 1.294286370277405 0.44248296320438391 0.18639039993286136 -2.1646442413330074 -0.38637849688529963 0.21309845894575122 0.7752496898174287 1.3304581642150881 -0.20183306932449338 0.016158783342689279 -1.2997698187828062 0.17279119044542315 -1.8944869041442869 -1.5754217505455015 0.15960269421339038 -0.064697932451963411
decision_type=2 2 2 2 2 2 2 2 2 2 2 2 2 2 2 2 2 2 2
left_child=15 2 10 4 6 -6 -3 9 -9 -4 13 12 -5 -2 -13 -1 -17 -18 -19
right_child=1 3 7 11 5 -7 -8 8 -10 -11 -12 14 -14 -15 -16 16 17 18 -20
leaf_value=-0.01522247737529317 -0.0080192932194354215 -0.065165340869456898 -0.063341310404665632 -0.044683037276924763 -0.026878100734812022 0.024369268814905476 0.033549084546051759 -0.030180634656073065 0.019641524966376795 0.012008629947356011 -0.045524019768560804 -0.070297416453196357 0.046407973635242225 0.05233720398011299 -0.01986256781095129 -0.062300374671134529 -0.059192191095563951 -0.056423438322425204 -0.053708893780324132
leaf_weight=0.45205193012952838 0.61184199526906047 0.77746561914682288 5.0317245833575788 0.54229011386632942 7.0274748429656011 5.3373281359672546 20.473251599818472 6.1785816922783798 6.749606229364872 1.6774907559156416 0.66623969376087178 1.7258202433586114 0.89688350260257721 3.2460329160094288 0.57531195133924473 0.62724921107292253 1.1657254844903935 0.473559610545636 0.49382296577095897
leaf_count=4 6 5 36 4 54 31 161 46 44 9 5 12 8 29 6 4 9 5 8
internal_value=0.00117405 0.0039696 -0.00901519 0.0123681 0.0171759 -0.00475692 0.0299376 -0.017949 -0.00416926 -0.0445017 0.0297631 -0.0308415 0.0120843 0.0427649 -0.0576881 -0.0523606 -0.0584425 -0.0573081 -0.0550377
internal_weight=64.7298 61.5173 24.1615 37.3558 33.6155 12.3648 21.2507 19.6374 12.9282 6.70922 4.52411 3.74031 1.43917 3.85787 2.30113 3.21241 2.76036 2.13311 0.967383
internal_count=486 456 175 281 251 85 166 135 90 45 40 30 12 35 18 30 26 22 13
is_linear=0
shrinkage=0.05


Tree=77
num_leaves=19
num_cat=0
split_feature=0 81 79 6 69 36 107 57 44 26 46 94 65 15 77 38 8 57
split_gain=2.72963 2.60454 2.55068 2.87455 3.31845 2.96712 2.43687 2.41472 2.37873 2.35947 1.51952 2.62103 0.873213 0.420318 0.357624 0.172749 0.0598895 0.000725152
threshold=-0.85107138752937306 -1.1747481822967527 -1.8076733350753782 0.096869822591543212 -1.3216862082481382 -0.058838743716478341 0.28486460447311407 -0.89253360033035267 0.47763927280902868 0.04462490230798722 0.69405093789100658 0.16576495021581653 0.61778202652931224 -0.072808209806680665 1.2871164083480837 0.26512351632118231 1.7142131328582766 0.15991979092359546
decision_type=2 2 2 2 2 2 2 2 2 2 2 2 2 2 2 2 2 2
left_child=1 6 15 5 13 8 -1 -6 -4 -7 14 12 -12 -5 16 -2 -3 -13
right_child=2 10 3 4 7 9 -8 -9 -10 -11 11 17 -14 -15 -16 -17 -18 -19
leaf_value=-0.069558994848622088 0.057593823794707545 0.051887818514007249 -0.017788879387618965 -0.069781767985224105 -0.024590835068842222 -0.052591958601824529 0.051909345015730947 0.018029924541973715 0.031002832048430379 -0.01070175405013043 -0.0020506600469380296 0.051801812389056227 -0.08104027668013096 -0.024851731063958507 -0.0012985694238875035 0.029371567745134681 0.03021617255208818 0.05412644047576242
leaf_weight=1.2677626386284817 1.4930720552802079 5.768536411225794 6.2983451075851935 1.3906247317790987 3.9896373562514809 7.5245800949633104 0.61233583837747563 19.896650660783056 4.1399605944752693 6.0756518580019474 0.65385314077138923 0.79090503603219964 0.75260414928197861 0.83193010091781516 0.34973341599106778 0.85140495002269734 0.33744007349014271 0.58259361237287521
leaf_count=7 6 65 48 7 26 56 6 144 31 47 6 8 4 7 4 6 5 3
internal_value=0.00113666 0.023645 -0.00362975 -0.0060129 0.00547368 -0.0184888 -0.0299975 0.0109111 0.00156251 -0.0338783 0.034565 0.00365903 -0.0443185 -0.0529639 0.0478737 0.0473448 0.0506902 0.0527878
internal_weight=63.6076 11.1158 52.4919 50.1474 26.1088 24.0385 1.8801 23.8863 10.4383 13.6002 9.23567 2.77996 1.40646 2.22255 6.45571 2.34448 6.10598 1.3735
internal_count=486 108 378 366 184 182 13 170 79 103 95 21 10 14 74 12 70 11
is_linear=0
shrinkage=0.05


Tree=78
num_leaves=18
num_cat=0
split_feature=2 0 41 2 123 43 61 0 0 49 72 10 8 73 79 121 101
split_gain=3.59306 2.43567 3.1317 2.49076 2.69148 2.37403 1.90268 1.36518 1.12273 0.272453 0.00358211 0.00308011 0.00250427 0.00186154 0.000662919 0.00050934 0.00031068
threshold=-1.6914935708045957 1.5746814608573916 -1.313915967941284 0.40351943671703344 -0.17991594970226285 -0.34918600320816034 -0.74231448769569386 1.9113574028015139 -0.5886385142803191 1.2368404865264895 -1.5754217505455015 -0.55807787179946888 0.15960269421339038 0.40266411006450659 -0.20527124404907224 0.56251823902130138 0.030889492481946949
decision_type=2 2 2 2 2 2 2 2 2 2 2 2 2 2 2 2 2
left_child=9 2 6 4 -4 -5 -2 11 -8 10 -1 16 15 -13 -14 -12 -3
right_child=1 7 3 5 -6 -7 8 -9 -10 -11 12 13 14 -15 -16 -17 -18
leaf_value=-0.061764404408217968 0.023042435238726282 -0.054077273248191664 0.017189885664040363 0.0026004556669750236 -0.010928521284568532 0.04051814310747575 0.0075624111550644793 0.0088544448638055145 -0.06528036067248609 -0.014605342814152648 -0.057283236002573179 -0.060697153568704323 -0.056101680458167963 -0.0572208562251919 -0.053446465856721685 -0.059342132016321082 -0.055968734360730736
leaf_weight=0.45618823170662004 1.1339121162891386 0.40746608749032076 15.850467760115857 6.8635072633624103 18.377742558717731 10.357514403760431 0.65154366195201907 1.14102416485548 2.8121623620390883 0.42526040971279133 0.55068901181220942 0.70485711842775256 0.56357496976852495 0.84891290217638016 0.40328685566782863 0.66087227314710617 0.4646855816245079
leaf_count=3 9 6 112 59 125 93 7 7 20 4 5 5 6 8 7 5 5
internal_value=0.00110092 0.00381322 0.00636286 0.009896 0.00209261 0.0254059 -0.0331745 -0.0362489 -0.0515782 -0.0517413 -0.0577356 -0.0574631 -0.0568919 -0.0587979 -0.0549942 -0.0584063 -0.0550851
internal_weight=62.6737 59.6138 56.0469 51.4492 34.2282 17.221 4.59762 3.56695 3.46371 3.05987 2.63461 2.42592 2.17842 1.55377 0.966862 1.21156 0.872152
internal_count=486 456 425 389 237 152 36 31 27 30 26 24 23 13 13 10 11
is_linear=0
shrinkage=0.05


Tree=79
num_leaves=18
num_cat=0
split_feature=51 3 104 46 46 42 18 80 37 55 78 106 92 91 34 7 54
split_gain=2.74532 2.7788 3.32515 2.70073 3.40618 3.80024 2.35106 2.36899 2.28776 1.8437 1.78551 0.839985 0.717598 0.561087 0.150223 0.0307181 0.00282784
threshold=1.460925877094269 0.72106665372848522 -1.1491807103157041 0.4971389919519425 1.1266195774078371 0.37568548321723944 -0.028967330232262608 -0.66718402504920948 -1.2521837949752805 -0.51784878969192494 1.6359968781471255 -1.1396892070770261 1.4509197473526003 0.47788673639297491 0.42674046754837042 1.3245370984077456 0.92667099833488475
decision_type=2 2 2 2 2 2 2 2 2 2 2 2 2 2 2 2 2
left_child=1 3 13 6 9 -6 8 -8 -1 -5 11 -4 14 -3 15 16 -2
right_child=12 2 10 4 5 -7 7 -9 -10 -11 -12 -13 -14 -15 -16 -17 -18
leaf_value=0.053699435900300886 -0.056243266609836674 -0.0028493979631139081 0.0098247086857764163 -0.0047100132084083677 0.033981108220364646 -0.040777986079379665 -0.01309996064889845 0.02948776548387106 -0.01579172972865435 -0.053580510963965725 -0.049081228543554185 0.048477791411880425 0.0094023171493613274 -0.064182927998348835 -0.029422979621968933 -0.07130924505399297 -0.060756088877605731
leaf_weight=1.3133501112461079 0.96552208811044715 0.59169331192970176 1.7207551971077899 2.7746970281004915 4.7119540460407725 2.6592629365622997 4.3473725505173233 13.120181702077391 12.060906849801539 6.3388078361749658 0.57887206226587373 7.6728179790079576 0.50059465318918217 1.008337005972862 0.43669099733233441 0.5917072296142577 0.54200208932161331
leaf_count=9 10 7 19 21 28 19 36 105 88 46 4 69 5 7 6 3 4
internal_value=0.00105677 0.00344695 0.0254096 -0.00192343 -0.018261 0.00701079 0.00680887 0.0188884 -0.00896771 -0.0387014 0.0361451 0.0413972 -0.0453053 -0.0415017 -0.0561046 -0.0616551 -0.0578658
internal_weight=61.9355 58.899 11.5725 47.3265 16.4847 7.37122 30.8418 17.4676 13.3743 9.1135 9.97245 9.39357 3.03652 1.60003 2.53592 2.09923 1.50752
internal_count=486 458 106 352 114 47 238 141 97 67 92 88 28 14 23 17 14
is_linear=0
shrinkage=0.05


Tree=80
num_leaves=26
num_cat=0
split_feature=0 48 117 65 17 48 106 106 91 64 127 1 106 28 99 50 114 3 20 20 119 6 115 16 25
split_gain=2.84511 3.20835 2.95633 3.42633 2.81652 3.84544 2.52902 2.52833 2.29334 2.27393 2.21641 2.11216 1.8739 2.11736 1.72106 1.7081 1.439 1.33073 1.11903 0.95146 0.926076 0.859402 0.420867 0.121919 0.0956772
threshold=0.38774725794792181 0.19372635334730151 -0.44577746093273157 -0.53633457422256459 -0.10126787051558493 0.070022173225879683 -0.08382175117731093 -0.28675624728202814 1.1300321221351626 -0.31627824902534479 0.27815084159374243 -0.87292715907096852 0.93368813395500194 0.3686500638723374 -0.56635138392448414 -0.023725477978587147 -0.35605759918689722 0.54414439201354992 -0.44278696179389948 1.0252268314361574 -1.1453770399093626 1.0000000180025095e-35 1.4509138464927676 -0.11353234574198721 -0.13049277663230893
decision_type=2 2 2 2 2 2 2 2 2 2 2 2 2 2 2 2 2 2 2 2 2 2 2 2 2
left_child=1 4 3 24 9 15 7 11 12 20 -11 -4 22 -14 -5 -6 -10 19 -19 -8 -1 -16 -3 -9 -2
right_child=2 8 6 14 5 -7 17 23 16 10 -12 -13 13 -15 21 -17 -18 18 -20 -21 -22 -23 -24 -25 -26
leaf_value=0.0063425284734448979 -0.065720243604090775 0.05067659496746877 0.028659215490706127 -0.056275334175490493 0.00037071773781736375 -0.066849043931346372 -0.057726647358098106 0.031694667704626006 0.022412401758830868 0.023070141197855124 -0.036657192968669136 -0.041707850100405564 -0.042916872117110622 0.039985672912663445 0.0082121779461875582 0.039196560213933002 -0.065524332773573238 0.054057877202558849 -0.038347608948379762 -0.0029889415521889458 -0.060737962907388067 0.052811581504364713 0.004427745914935899 0.056502500626805043 -0.037774932871351564
leaf_weight=0.60858148336410556 0.9111650139093399 8.7959719002246821 1.518586318939924 0.50885099917650212 4.7546051032841179 1.3086464852094657 6.3187382295727694 0.89016148447990451 0.90801021829247475 3.6945937797427177 2.6799417249858379 3.5815473236143589 1.3805182203650468 1.7421287856996057 1.5150067619979406 7.0082994773983964 0.95401648432016262 0.60152314603328705 0.71954633295536019 0.90796079859137524 3.3285687007009983 3.7629818767309189 0.52104594558477479 1.1163892745971686 0.46138230338692643
leaf_count=5 6 79 9 6 42 8 50 6 8 30 21 34 11 13 13 59 6 3 7 9 22 17 6 4 6
internal_value=0.00201799 0.0104545 -0.0119178 0.0146974 -0.000955077 0.0144575 -0.0240899 -0.00204948 0.0291091 -0.0204928 -0.00204005 -0.0207558 0.0368555 0.00333456 0.0315431 0.023503 -0.0226423 -0.0424145 0.00372742 -0.0508494 -0.0503691 0.0400097 0.0480902 0.0454971 -0.0563264
internal_weight=60.4988 37.6849 22.8138 7.15939 23.3832 13.0716 15.6545 7.10668 14.3017 10.3117 6.37454 5.10013 12.4397 3.12265 5.78684 11.7629 1.86203 8.54777 1.32107 7.2267 3.93715 5.27799 9.31702 2.00655 1.37255
internal_count=480 310 170 48 187 109 122 53 123 78 51 43 109 24 36 101 14 69 10 59 27 30 85 10 12
is_linear=0
shrinkage=0.05


Tree=81
num_leaves=24
num_cat=0
split_feature=0 48 117 65 17 48 122 124 111 2 123 97 28 61 108 99 48 22 32 0 40 25 78
split_gain=2.63796 3.02243 2.74714 3.19264 2.58425 3.49447 2.6555 2.46575 2.22921 2.16415 2.15252 1.80899 1.79356 1.7203 1.64344 1.60807 1.56578 1.63273 1.44215 0.769042 0.564223 0.0948084 0.00195272
threshold=0.38774725794792181 0.19372635334730151 -0.44577746093273157 -0.53633457422256459 -0.10126787051558493 0.070022173225879683 0.6504122018814088 1.4889366626739504 1.1669722199440005 0.099795553833246245 0.35532203316688543 -0.34204013645648951 0.4862088561058045 0.50518169999122631 1.2554358839988711 -0.56635138392448414 -0.96584069728851307 1.250740170478821 0.19814976304769519 1.3917587399482729 1.4550657272338869 -0.13049277663230893 2.1059180498123173
decision_type=2 2 2 2 2 2 2 2 2 2 2 2 2 2 2 2 2 2 2 2 2 2 2
left_child=1 4 3 21 6 7 11 -6 16 10 13 -1 -12 -3 -8 -5 18 -18 -4 -17 22 -2 -11
right_child=2 9 8 15 5 -7 14 -9 -10 20 12 -13 -14 -15 -16 19 17 -19 -20 -21 -22 -23 -24
leaf_value=-0.0015925276519984319 -0.064794534917887947 0.046723598032099078 0.054983558765762344 -0.055946225502812412 0.028762537721598359 -0.063446851420774317 0.046985228970397613 -0.065475301322715507 0.029615668439609152 0.051951431580678845 -0.061877042485998172 -0.052742100105727066 0.035662140979299234 -0.021025743598225725 -0.045081194451660818 0.047666066705570317 -0.042316111338145869 0.033737445686986549 -0.031753748794617974 -0.0048251348673344283 -0.0056196455386440481 -0.03662198769281149 0.055182762010444725
leaf_weight=2.6697690784931183 0.87879429757595062 3.3951218426227552 0.95449998974799999 0.4868093468248843 10.826366163790222 1.3098442442715175 1.9395124800503256 0.74167744815349657 1.7464985251426686 5.9559860900044441 1.5295202955603602 4.9033373929560184 0.68120450526475895 1.2941519543528555 0.64622557908296574 4.2971029579639461 10.815134141594168 0.75495187938213426 0.96243511885404587 0.83305056765675534 0.45131205394864071 0.45234689861536004 0.5073672980070113
leaf_count=23 6 27 5 6 96 8 16 5 9 65 11 35 4 10 4 22 92 7 9 8 4 6 2
internal_value=0.00197076 0.010171 -0.0116527 0.0144017 -0.000917728 0.0139562 -0.0197727 0.0227205 -0.0235362 0.028662 0.00885114 -0.0347102 -0.0318217 0.028026 0.0239761 0.0309013 -0.0304191 -0.0373536 0.0114354 0.0391424 0.0484309 -0.055221 0.0522051
internal_weight=59.033 36.8514 22.1816 6.9481 23.0367 12.8779 10.1588 11.568 15.2335 13.8147 6.9 7.57311 2.21072 4.68927 2.58574 5.61696 13.487 11.5701 1.91694 5.13015 6.91467 1.33114 6.46335
internal_count=480 310 170 48 187 109 78 101 122 123 52 58 15 37 20 36 113 99 14 30 71 12 67
is_linear=0
shrinkage=0.05


Tree=82
num_leaves=22
num_cat=0
split_feature=0 117 111 16 81 49 56 37 52 90 43 49 112 72 102 0 125 94 23 75 104
split_gain=2.44151 2.56581 2.37643 2.40365 2.37446 2.4538 2.14819 2.1157 1.97528 1.93364 1.9087 1.88803 1.71873 1.66878 1.99262 1.64413 1.26447 0.985162 0.841875 0.407603 0.367424
threshold=0.38774725794792181 -0.77583497762680043 1.4054952263832095 -0.25276160240173334 -0.60032913088798512 1.6487691402435305 -1.4391229152679441 -0.38959681987762446 -1.4200993776321409 -1.1169332861900327 -0.30400383472442621 -1.0000000180025095e-35 -0.21497306227684018 -0.85970637202262867 0.42909806966781622 -0.28361453115940088 -0.15792697668075559 0.4382100403308869 0.64379790425300609 -0.82625776529312123 0.043065547943115241
decision_type=2 2 2 2 2 2 2 2 2 2 2 2 2 2 2 2 2 2 2 2 2
left_child=4 9 3 10 7 6 11 12 -5 -2 -3 -6 18 -9 -15 -8 -7 20 -1 -14 -11
right_child=1 2 -4 8 5 16 15 13 -10 17 -12 -13 19 14 -16 -17 -18 -19 -20 -21 -22
leaf_value=0.05149433515960198 -0.059149444732847278 0.047564349133284889 0.039911951357530548 0.02066712906156452 -0.063540593516303173 0.021657022526932662 0.040130457767156263 -0.053601975538518913 -0.047407161022582987 0.016015593776850804 -0.019461401671006826 0.051532206083844206 -0.0028849426883963605 0.039085624224602489 -0.030457724824174522 0.012585394348020874 -0.060675963521592692 -0.015862536720702921 -0.037645195320271628 -0.061443008163545879 0.05443871310886822
leaf_weight=0.67783780395984627 0.65628228336572636 1.6018069609999654 1.4809384793043125 1.2021283507347131 1.2460515871644018 0.69560921192169223 11.394473407417541 0.90946526825427998 9.3839328661560941 0.82227272912860216 3.1528435871005103 0.49928088858723896 0.3312308564782146 3.7267405055463296 1.4234698005020616 10.327425394207237 1.4148780107498158 0.82474111393094052 0.43477617204189301 2.88982243090868 2.556964248418808
leaf_count=9 6 10 8 9 9 6 115 6 82 9 28 6 3 37 11 78 8 9 4 18 9
internal_value=0.00192483 -0.0113282 -0.0205737 -0.0264128 0.00991324 0.0181021 0.0227464 -0.0102393 -0.0396768 0.0206709 0.00311908 -0.0306221 -0.036915 0.00883829 0.0198645 0.0270345 -0.0335393 0.0331316 0.0166613 -0.0554213 0.0450892
internal_weight=57.653 21.6819 16.8217 15.3407 35.9711 25.5777 23.4672 10.3933 10.5861 4.86026 4.75465 1.74533 4.33367 6.05968 5.15021 21.7219 2.11049 4.20398 1.11261 3.22105 3.37924
internal_count=480 170 137 129 310 222 208 88 91 33 38 15 34 54 48 193 14 27 13 21 18
is_linear=0
shrinkage=0.05


Tree=83
num_leaves=21
num_cat=0
split_feature=0 2 81 0 11 103 45 97 60 58 102 25 12 47 97 7 62 48 0 32
split_gain=2.31494 3.85501 2.91862 3.63176 3.27092 2.61157 2.38384 2.11953 2.02477 2.35339 1.78731 1.51794 1.44622 1.42711 1.38779 0.977024 1.69206 0.506484 0.0172726 0.00297451
threshold=1.2872976064682009 0.17169063538312915 -0.60032913088798512 -0.47102315723896021 -0.96867233514785755 0.96413910388946544 0.36969406902790075 1.5909622907638552 0.87274253368377697 0.066907405853271498 1.6062079071998598 -1.0314032435417173 1.4244440197944643 0.1908836364746094 -0.24477268010377881 1.1040493249893191 -0.29942047595977778 -0.84659144282340992 1.3498911261558535 2.3041895627975468
decision_type=2 2 2 2 2 2 2 2 2 2 2 2 2 2 2 2 2 2 2 2
left_child=1 2 7 12 -5 10 8 11 9 -3 17 -1 -4 -7 -10 19 -17 -2 -19 -8
right_child=5 6 3 4 -6 13 15 -9 14 -11 -12 -13 -14 -15 -16 16 -18 18 -20 -21
leaf_value=0.0037767797566566411 -0.010888909307498145 0.03824109978825467 0.045108674594709151 0.038504091558004445 -0.023093141876002764 0.05600073305440767 0.051926798145479139 0.053570709949314912 0.026193030464026813 -0.0068423852948435769 0.054542187504943634 -0.052572717293781948 -0.032742155857557548 -0.022019013034927492 -0.057194701963908967 -0.059494354615917094 0.055369744173427493 -0.065668545285515009 -0.056946732199292395 0.05648175427300911
leaf_weight=1.5202097743749616 0.64902066439390171 6.4341752305626887 5.2573237568140074 2.6974374987185028 10.72126800566911 1.2696148008108141 5.9444526880979529 0.65350905805826176 0.70877388492226634 5.2619652897119522 0.4285735934972762 5.5889163352549103 0.67290514707565297 1.0887479372322557 1.6854667924344529 0.57449768483638763 0.72551899775862672 0.67703520506620307 3.513629425317049 0.3814120590686797
leaf_count=10 7 59 49 18 84 5 65 4 8 46 2 44 4 9 13 5 5 4 37 2
internal_value=0.001871 0.0058725 -0.00670123 0.00368977 -0.0107108 -0.0237478 0.0215701 -0.0326016 0.00938305 0.0179585 -0.0433239 -0.040523 0.0362749 0.0199826 -0.0325092 0.0440882 0.0046095 -0.0519903 -0.0583558 0.0522014
internal_weight=56.4545 48.8278 27.1116 19.3489 13.4187 7.62662 21.7163 7.76264 14.0904 11.6961 5.26826 7.10913 5.93023 2.35836 2.39424 7.62588 1.30002 4.83969 4.19066 6.32586
internal_count=480 416 213 155 102 64 203 58 126 105 50 54 53 14 21 77 10 48 41 67
is_linear=0
shrinkage=0.05


Tree=84
num_leaves=17
num_cat=0
split_feature=73 0 2 45 92 123 129 81 53 28 7 67 36 9 109 47
split_gain=2.23737 2.19152 2.12376 2.83422 2.3782 2.33914 2.63892 2.54898 1.47745 0.969087 0.900002 0.0135964 0.0032265 0.00262539 0.00192964 0.000764174
threshold=-1.5534951686859129 1.5746814608573916 0.17169063538312915 0.36969406902790075 -0.37463267147541041 -0.17348259687423703 1.0000000180025095e-35 -0.51816645264625538 -0.55683410167694081 0.5413673222064973 1.1040493249893191 -1.2744172811508176 -1.3225457668304441 1.290502190589905 1.2078836560249331 0.18748962879180911
decision_type=2 2 2 2 2 2 2 2 2 2 2 2 2 2 2 2
left_child=9 2 5 4 -4 6 -2 -7 -3 11 -5 -1 -13 14 -10 -14
right_child=1 8 3 10 -6 7 -8 -9 13 -11 -12 12 15 -15 -16 -17
leaf_value=-0.065186443689556256 -0.0084076022965853293 0.014048075031237449 -0.022677422538809652 0.051160728379969947 0.019803854784833829 -0.044745650938872825 0.039908541103349779 -0.0012226907549159622 -0.054847110845924169 0.0093870797210063792 0.0045816726712138434 -0.059505616762626279 -0.053439861029509775 -0.059998670759017027 -0.05881917056526316 -0.05634072490416045
leaf_weight=0.61723425984382685 5.9434575214982051 1.0846913158893587 4.9496872425079337 6.2170115113258353 9.8521789498627204 4.9889330416917792 5.3880127221345901 10.329326733946798 1.5841910839080804 0.69059491530060757 1.2446799501776693 0.51941575855016753 0.56731223687529431 0.41321085393428791 0.3788916990160941 0.37849204987287521
leaf_count=4 48 7 39 68 95 39 41 76 21 8 10 4 10 3 3 4
internal_value=0.0018278 0.00414518 0.00686581 0.0182646 0.00559828 -0.00265688 0.0145663 -0.0153975 -0.0343049 -0.0419403 0.0433909 -0.0589617 -0.0563395 -0.0563762 -0.0556138 -0.0546007
internal_weight=55.1473 52.3743 48.9133 22.2636 14.8019 26.6497 11.3315 15.3183 3.46098 2.77305 7.46169 2.08245 1.46522 2.37629 1.96308 0.945804
internal_count=480 450 416 212 134 204 89 115 34 30 78 22 18 27 24 14
is_linear=0
shrinkage=0.05


Tree=85
num_leaves=20
num_cat=0
split_feature=130 0 21 109 104 124 23 37 29 4 77 67 2 68 48 91 48 85 67
split_gain=2.58544 2.94522 2.56919 2.6938 4.34038 2.5621 2.18318 1.77516 1.60787 2.38007 1.81057 1.39337 1.59696 1.15074 0.749418 0.57181 0.246112 0.031315 0.0175471
threshold=1.0000000180025095e-35 0.99622282385826122 -0.63654607534408558 -0.074619166553020463 0.35976569354534155 1.2203582525253298 -1.1740797162055967 1.4764970541000368 -0.77397850155830372 -1.0713347196578977 0.46219192445278173 0.67332863807678234 -1.0000000180025095e-35 0.40308876335620886 0.53770920634269725 0.72734722495079052 1.3847565650939944 -1.0488680601119993 -1.1746459603309629
decision_type=2 2 2 2 2 2 2 2 2 2 2 2 2 2 2 2 2 2 2
left_child=1 2 3 14 -5 6 -4 11 10 15 -3 16 -13 -7 -1 -10 18 -11 -2
right_child=7 8 5 4 -6 13 -8 -9 9 17 -12 12 -14 -15 -16 -17 -18 -19 -20
leaf_value=-0.062291592843721634 0.041070179021732302 0.038594637494537273 -0.025137181456626752 0.036129902500045212 -0.04957984308515917 -0.052448799967644115 0.021806217685637938 -0.062072166291256586 -0.016354584064893121 -0.067202734834746217 -0.057588236248314321 -0.061344876506962603 0.051722036048679809 0.0055501455513602711 -0.0051934553750888849 0.053406230677431492 0.007718943484537325 -0.057282781282036094 0.052619434534657075
leaf_weight=3.0803991556167607 0.3549298308789729 1.4722719900310042 2.7842270955443409 3.7036612592637486 2.4569838009774685 2.0971130132675166 22.426106713712223 0.4820355251431464 0.5622487887740133 1.0159740671515463 0.73282465711235989 0.68463112413883209 0.57422601059079148 1.4441475644707678 0.70646959170699108 0.61509969085454941 0.33929144218564022 3.6670745685696584 4.4811005704104891
leaf_count=20 5 9 27 26 18 16 199 4 6 7 7 5 7 12 8 4 5 39 45
internal_value=0.00194142 -0.00227849 0.00344993 -0.0184524 0.00194721 0.0110277 0.0166218 0.0304747 -0.0297641 -0.0434581 0.00662997 0.0374081 -0.00976955 -0.0287965 -0.0516395 0.0200916 0.0488837 -0.0594349 0.0517718
internal_weight=53.6808 46.7646 38.6991 9.94751 6.16065 28.7516 25.2103 6.91621 8.06549 5.8604 2.2051 6.43418 1.25886 3.54126 3.78687 1.17735 5.17532 4.68305 4.83603
internal_count=469 398 326 72 44 254 226 71 72 56 16 67 12 28 28 10 55 46 50
is_linear=0
shrinkage=0.05


Tree=86
num_leaves=19
num_cat=0
split_feature=130 0 35 29 20 45 37 0 29 4 8 67 30 109 16 48 72 67
split_gain=2.44217 2.75855 2.5123 2.50049 2.66187 2.03394 1.67485 1.61541 1.51702 2.25546 2.07477 1.31578 1.2719 0.936522 0.55034 0.246958 0.0345565 0.0191682
threshold=1.0000000180025095e-35 0.99622282385826122 0.95356112718582164 0.16103641688823703 0.30988073348999029 1.5176594257354739 1.4764970541000368 -1.2377730607986448 -0.77397850155830372 -1.0713347196578977 0.34782765805721289 0.67332863807678234 0.19433436542749408 0.20459105819463733 0.97755625844001781 1.3847565650939944 -1.1250826716423032 -1.1746459603309629
decision_type=2 2 2 2 2 2 2 2 2 2 2 2 2 2 2 2 2 2
left_child=1 2 3 4 -1 -5 11 -4 10 14 -3 15 -13 -9 -10 17 -11 -2
right_child=6 8 7 5 -6 -7 -8 13 9 16 -12 12 -14 -15 -16 -17 -18 -19
leaf_value=0.013792036954453971 0.040229445139895618 0.044955038638343464 0.051636890561480166 0.030097068886983765 -0.024159167270395066 -0.050591755306050014 -0.061423390987984411 -0.018056025939376934 -0.015298902129649516 -0.067031600876526362 -0.056458307695203339 0.0517139078411488 -0.05266152442005876 -0.060782243696971827 0.053965215374532395 0.0073450879864717716 -0.056557030758965225 0.052489859448527569
leaf_weight=10.417949065566065 0.34449817985296238 1.3292702585458758 0.59306797385215748 12.737322105094787 8.3025319837033731 0.8320181071758278 0.46324657648801792 3.166904851794242 0.56884503364562966 1.0182261019945142 0.81266606599092472 0.4960580952465532 0.70909791812300682 2.155449666082859 0.57836833596229553 0.33874721452593792 3.4734887517988673 4.2728115245699874
leaf_count=87 5 7 7 111 67 7 4 29 7 6 9 6 6 18 3 5 40 45
internal_value=0.00188097 -0.00220771 0.00331878 0.00880665 -0.00303932 0.0251496 0.0302641 -0.0266373 -0.0293436 -0.0429504 0.00647808 0.0371578 -0.00969922 -0.0353593 0.0196206 0.048552 -0.0589315 0.0515751
internal_weight=52.6106 45.9861 38.2052 32.2898 18.7205 13.5693 6.62446 5.91542 7.78086 5.63893 2.14194 6.16121 1.20516 5.32235 1.14721 4.95606 4.49171 4.61731
internal_count=469 398 326 272 154 118 71 54 72 56 16 67 12 47 10 55 46 50
is_linear=0
shrinkage=0.05


Tree=87
num_leaves=19
num_cat=0
split_feature=130 0 35 92 80 25 62 29 4 8 120 93 89 105 91 83 72 4
split_gain=2.30361 2.58849 2.33146 2.82414 2.42079 2.36305 1.53681 1.42668 2.13935 1.94801 1.38187 1.20036 0.779615 1.17727 0.54126 0.097664 0.029165 0.00125101
threshold=1.0000000180025095e-35 0.99622282385826122 1.0295122265815737 -0.86706137657165516 0.60230663418769848 0.74175563454628002 -1.3940635323524473 -0.77397850155830372 -1.0713347196578977 0.34782765805721289 -1.2389901876449583 0.78462147712707531 0.74189090728759777 -0.33184956014156336 0.72734722495079052 1.703874468803406 -1.1250826716423032 2.0576719045639043
decision_type=2 2 2 2 2 2 2 2 2 2 2 2 2 2 2 2 2 2
left_child=1 2 3 4 -1 -5 -4 9 14 -3 -2 -8 15 -14 -9 17 -10 -12
right_child=10 7 6 5 -6 -7 11 8 16 -11 12 -13 13 -15 -16 -17 -18 -19
leaf_value=-0.0016621140811048194 -0.023854273880195162 0.04409871815977974 0.039762435868074611 0.023166145046455533 -0.070970265262459892 -0.011625642616707326 -0.054381822265116779 -0.016463609164464734 -0.066016050002864715 -0.05611198783560585 0.05167183679913076 0.0077219223984201519 -0.056740280945943078 0.051560847237319012 0.053084700432121816 0.028487445101852971 -0.056212815452528465 0.054486009189746699
leaf_weight=4.0073987320065454 1.0025873109698293 1.2883764207363131 0.70775050669908512 20.519522991031415 1.8375941179692743 6.4034813009202471 3.2974698022007933 0.54662082344293572 0.98308652639389027 0.77768213674426068 3.3981781061738725 1.0183570757508276 0.47502744942903519 0.53190000727772691 0.57300698012113571 0.49901150539517392 3.3238048013299695 0.44683960080146778
leaf_count=35 7 7 8 179 12 54 28 6 6 9 44 10 5 7 4 6 40 2
internal_value=0.00182206 -0.00213367 0.00318911 0.00805171 -0.0234517 0.0148911 -0.0285288 -0.0289811 -0.0424437 0.00637855 0.030016 -0.0397279 0.0401095 0.000468777 0.0191301 0.0492981 -0.0584505 0.0519989
internal_weight=51.6377 45.2842 37.7916 32.768 5.84499 26.923 5.02358 7.49258 5.42652 2.06606 6.35354 4.31583 5.35096 1.00693 1.11963 4.34403 4.30689 3.84502
internal_count=469 398 326 280 47 233 46 72 56 16 71 38 64 12 10 52 46 46
is_linear=0
shrinkage=0.05


Tree=88
num_leaves=25
num_cat=0
split_feature=126 84 24 8 73 100 29 29 54 89 69 59 77 52 101 69 7 109 88 31 106 53 24 109
split_gain=2.27054 2.41487 3.20691 2.14023 2.28971 2.83945 1.76242 1.69481 1.65668 1.70349 1.47503 1.9038 1.44224 1.24537 1.15811 0.993679 0.951803 0.737044 0.589374 0.274246 0.202505 0.0897546 0.0602224 0.0232238
threshold=1.0570652484893801 -0.59822183847427357 -0.56156951189041127 -0.15608610957860944 -0.78181877732276905 -0.31654258072376246 0.023526288568973545 0.95041108131408703 -0.28521411120891565 -0.080482177436351762 -1.0745717883110044 0.3248711377382279 1.1831722259521487 1.1931625604629519 -1.3781036734580991 0.026843317784368995 -0.67537188529968251 -0.52203428745269764 0.68938601016998302 -0.45569281280040735 -0.36239030957221979 -0.36137166619300837 -1.5656226277351377 1.3058794736862185
decision_type=2 2 2 2 2 2 2 2 2 2 2 2 2 2 2 2 2 2 2 2 2 2 2 2
left_child=1 2 16 10 14 -6 13 15 21 -10 11 -3 -12 18 -5 17 -1 -8 23 -9 -17 -4 -18 -2
right_child=6 3 8 4 5 -7 7 19 9 -11 12 -13 -14 -15 -16 20 22 -19 -20 -21 -22 -23 -24 -25
leaf_value=-0.030563833618550584 -0.060422852461336357 -0.054531951942158478 -0.047209210615949307 0.034462245442491296 -0.0197651641195805 0.02813398657651292 0.051718288264833136 -0.011977283346252468 0.024327479231211858 -0.039258568859063647 0.039149420086815795 0.052510210757492161 -0.0066373627801696953 0.018174881595043487 -0.046943564397415143 0.014798545043723197 0.031452380302550556 -0.044232249802250774 -0.014815581383210503 -0.059177330436423994 0.053329579486962486 -0.067999176447760476 0.053229610333577905 -0.070232823891616974
leaf_weight=0.46479270607233081 2.3540915474295607 1.1489903517067421 0.69412862136960063 0.51155924797058139 4.9166919924318746 8.3459676690399753 0.27890653908252716 0.4611932784318924 1.7842699717730282 2.571116663515566 11.562785899266595 0.65058773010969151 2.0203887969255439 0.72110609710216511 2.9935164637863609 0.44215685501694668 0.39630786888301384 0.70870775356888804 0.79637838155031193 0.92496226355433442 1.4905277490615843 2.0593600273132324 1.595697201788425 0.81120048463344563
leaf_count=5 19 10 9 6 45 77 3 5 20 25 111 6 17 7 29 5 6 7 8 8 11 13 13 4
internal_value=0.00176126 0.00667279 -0.0153819 0.0132347 0.000878429 0.010377 -0.0210316 0.00205475 -0.0324011 -0.0132093 0.0267034 -0.0158338 0.032339 -0.0422627 -0.0350625 0.0236652 0.0338641 -0.0171354 -0.0532636 -0.0434732 0.0445145 -0.0627582 0.048897 -0.062937
internal_weight=50.7054 41.7162 9.56567 32.1505 16.7677 13.2627 8.98923 4.30645 7.10888 4.35539 15.3828 1.79958 13.5832 4.68278 3.50508 2.9203 2.4568 0.987614 3.96167 1.38616 1.93268 2.75349 1.99201 3.16529
internal_count=469 392 91 301 157 122 77 39 67 45 144 16 128 38 35 26 24 10 31 13 16 22 19 23
is_linear=0
shrinkage=0.05


Tree=89
num_leaves=26
num_cat=0
split_feature=21 43 104 117 19 109 104 126 128 99 121 130 118 98 98 107 80 65 92 126 31 37 4 57 97
split_gain=2.16917 1.98462 2.3649 2.16196 2.49198 1.73666 2.54751 1.86719 1.57329 2.05556 1.86469 1.49597 1.48974 1.30318 1.08866 1.1663 1.06804 0.629952 0.624378 0.597966 0.565361 0.553944 0.220422 0.169837 0.136008
threshold=-0.63654607534408558 0.59058573842048656 -1.1447285413742063 -0.11307787895202635 -1.0237032771110532 -0.089958339929580675 0.32219971716403967 1.4812794327735903 -1.0000000180025095e-35 -0.36285640299320215 -1.3884935975074766 1.0000000180025095e-35 -0.23790958523750302 -0.17640997469425199 -0.48626610636711115 0.11671579256653787 -1.0423014163970945 1.0560556650161745 -0.3902973979711532 -0.51450443267822255 0.4407025426626206 0.31247840821743017 0.29122781753540045 -0.17669485509395597 -0.059009576216340058
decision_type=2 2 2 2 2 2 2 2 2 2 2 2 2 2 2 2 2 2 2 2 2 2 2 2 2
left_child=5 2 12 4 22 11 7 13 10 -10 -4 19 -2 -7 15 -5 -8 -6 -16 -1 -14 -13 -3 -21 -18
right_child=1 3 8 14 17 6 16 -9 9 -11 -12 21 20 -15 18 -17 24 -19 -20 23 -22 -23 -24 -25 -26
leaf_value=-0.0063674716423249168 0.033470584355490662 -0.060331752221831174 -0.040698752135956306 -0.05805644831699313 0.04765200599577489 -0.0046945435538777629 0.018199829152740838 -0.057605431388091814 0.031586760912736711 -0.016277782331713033 0.034043931331828391 0.05183577425070434 -0.060628749229427403 0.050080130726292305 -0.0062922394537525614 0.041687897570702265 -0.035909304155950131 -0.018657770789485408 -0.062475885006414988 -0.043843886595218165 -0.004754435197542475 -0.027963238385592934 -0.017087262623182688 -0.066746633187539373 -0.064155764727327744
leaf_weight=0.63985037431120861 0.78333337232470546 0.83463236689567544 0.88594308495521445 0.47804323956370331 2.5293583087623124 1.707030415534972 0.61244449764490161 0.6961107775568961 3.8304353505373001 5.4126821458339744 14.362079244107006 0.54366279020905484 1.7441829368472093 2.9842219762504092 0.60764016583561931 0.75741712003946304 0.58263556659221727 0.41725865378975857 2.6558573283255082 1.2359666153788569 0.61144325882196415 0.36247185245156288 0.45547455549240112 2.3457507863640776 1.586855381727218
leaf_count=8 9 7 7 5 25 17 4 7 32 52 143 6 15 20 10 9 7 5 23 12 8 4 6 15 13
internal_value=0.00171107 0.00802982 0.0145976 -0.0127434 0.0128888 -0.01557 -0.00125407 0.0188101 0.0198345 0.00355774 0.0297012 -0.0383777 -0.0262622 0.030149 -0.0368816 0.00309329 -0.0401093 0.0382621 -0.0520149 -0.0508898 -0.0461256 0.0199146 -0.0450642 -0.0588434 -0.0565699
internal_weight=49.6628 36.3658 27.6301 8.73568 4.23672 13.297 8.1693 5.38736 24.4911 9.24312 15.248 5.1277 3.13896 4.69125 4.49896 1.23546 2.78194 2.94662 3.2635 4.22157 2.35563 0.906135 1.29011 3.58172 2.16949
internal_count=469 356 266 90 43 113 68 44 234 84 150 45 32 37 47 14 24 30 33 35 23 10 13 27 20
is_linear=0
shrinkage=0.05


Tree=90
num_leaves=18
num_cat=0
split_feature=73 111 43 43 50 39 18 85 69 30 65 122 11 85 123 18 32
split_gain=1.81251 1.949 1.98409 2.54105 2.08058 1.93798 1.58324 2.21775 1.76682 1.41169 1.74715 1.53397 0.96613 0.307218 0.129578 0.0297727 0.0041691
threshold=-1.5534951686859129 -0.13645096123218534 0.59058573842048656 0.303467407822609 1.0434485673904421 -1.8717874884605405 -0.17684141546487805 -0.62408021092414845 -1.4133195877075193 -0.045763522386550896 0.17249668389558795 0.75844267010688793 -0.76784262061119068 -0.23452071845531461 0.85772976279258739 0.64036008715629589 -0.72819399833679188
decision_type=2 2 2 2 2 2 2 2 2 2 2 2 2 2 2 2 2
left_child=12 5 3 4 -3 -2 7 -7 -8 10 -4 -11 -1 -5 15 16 -14
right_child=1 2 9 13 -6 6 8 -9 -10 11 -12 -13 14 -15 -16 -17 -18
leaf_value=0.010807107602908412 -0.061864724357352567 -0.010422680748874261 0.040742973182845692 0.0070289555592241287 0.041476419469144474 0.040305583537745618 -0.048418180270004579 -0.01841797527275341 0.035500894336160625 -0.056788303954200758 -0.02959973338226822 0.032107894884281091 -0.060991654389615339 0.051574605558045244 -0.029717348946997069 -0.072450383772762181 -0.054874528721474337
leaf_weight=0.75860896706581149 0.76062226295471447 14.424416139721879 1.4246673099696638 0.4508844502270225 2.2295862883329383 2.4088199399411678 0.66451692208648161 4.8348296023905322 11.171013044193378 3.6628152336925259 2.3206092864274979 0.55939028784632672 0.47718862257897887 2.7342457808554164 0.3930540271103381 0.46245558932423581 0.66910068690776725
leaf_count=7 6 129 18 5 18 23 9 46 108 33 22 6 4 24 6 3 9
internal_value=0.00214685 0.00442896 -0.00411296 0.00435105 -0.00347459 0.016401 0.0195211 0.00111009 0.0307892 -0.0251884 -0.00284204 -0.0450107 -0.0372439 0.0452688 -0.0554535 -0.0617414 -0.057421
internal_weight=50.4068 47.6464 27.8066 19.8391 16.654 19.8398 19.0792 7.24365 11.8355 7.96748 3.74528 4.22221 2.76041 3.18513 2.0018 1.60874 1.14629
internal_count=476 447 255 176 147 192 186 69 117 79 40 39 29 29 22 16 13
is_linear=0
shrinkage=0.05


Tree=91
num_leaves=16
num_cat=0
split_feature=0 131 74 45 102 17 25 61 84 14 49 60 13 30 38
split_gain=2.18887 2.10024 2.30521 2.08827 2.28838 1.87402 1.23377 0.166456 0.118077 0.0559463 0.0182915 0.0181428 0.000554223 0.000136198 3.39058e-05
threshold=-1.1698610186576841 1.0000000180025095e-35 1.6000861525535586 -0.23343521356582639 1.2079378366470339 -1.0450575351715086 -1.1594952940940855 1.9453182816505434 0.36188519001007086 -0.51491358876228321 1.2643268108367922 -0.014240972697734831 -0.67730140686035145 -1.2259077429771421 -0.58876597881317128
decision_type=2 2 2 2 2 2 2 2 2 2 2 2 2 2 2
left_child=6 2 3 5 -5 -2 -1 13 10 -4 12 -11 -3 -8 -15
right_child=1 8 9 4 -6 -7 7 -9 -10 11 -12 -13 -14 14 -16
leaf_value=-0.038132185537746992 -0.044915460228641894 -0.056767888246236568 -0.039098331534856395 0.018505050327228951 -0.026580588208035234 -0.0021510652578262505 0.052184192470711169 0.0099144419209308346 -0.025609661555394098 -0.056224288153065162 -0.066591006040815526 -0.068114641400501316 -0.054237251193528971 0.05152856135073447 0.051100461596722727
leaf_weight=0.47031186521053348 3.1345216706395176 0.31034866720437981 0.35449919849634159 21.79520187154413 3.2317665331065646 14.021663755178446 0.39207382872700769 0.26275772973895062 0.32334879413247097 0.72197036072611798 0.51014292240142811 0.57737758755683799 0.71435038000345141 0.58379633724689606 2.2263202276080829
leaf_count=4 27 3 6 196 29 128 4 3 5 9 3 3 11 7 38
internal_value=0.00207642 -0.00100504 0.00120192 0.00347222 0.0126831 -0.00996434 0.0378576 0.048172 -0.0530699 -0.0567044 -0.058855 -0.0615079 -0.0550037 0.0513112 0.0511894
internal_weight=49.6305 45.6952 43.837 42.1832 25.027 17.1562 3.93526 3.46495 1.85819 1.65385 1.53484 1.29935 1.0247 3.20219 2.81012
internal_count=476 420 398 380 225 155 56 52 22 18 17 12 14 49 45
is_linear=0
shrinkage=0.05


Tree=92
num_leaves=16
num_cat=0
split_feature=0 131 74 45 16 17 98 95 95 127 66 61 57 64 2
split_gain=2.06471 1.96886 2.15509 1.89787 2.12022 1.7558 1.38029 0.298634 0.103749 0.0569183 0.0150191 0.013901 0.000507467 0.000117346 4.27759e-05
threshold=-1.1698610186576841 1.0000000180025095e-35 1.6000861525535586 -0.20907481759786603 1.4409479498863222 -1.232802629470825 2.2928311824798588 0.89168569445610057 0.62743839621543895 -0.30375340580940241 0.93485561013221752 -0.31382696330547327 -0.19684909284114835 -0.77975717186927784 0.065520357340574278
decision_type=2 2 2 2 2 2 2 2 2 2 2 2 2 2 2
left_child=6 2 3 5 -5 -2 7 13 10 -4 12 -11 -3 -1 -15
right_child=1 8 9 4 -6 -7 -8 -9 -10 11 -12 -13 -14 14 -16
leaf_value=0.052068253941927559 -0.052696969272682803 -0.05336691817804478 -0.038869942237907122 0.016206382298178664 -0.044179973200731526 -0.0034601024492428552 -0.064925826233124512 0.0021228899677258207 -0.028972142675205387 -0.066932775608402842 -0.065574949621733117 -0.056220155429825461 -0.055747101215840728 0.051326379343192986 0.050929483200975491
leaf_weight=0.39486768096685532 2.0492274984717396 0.38147197104990471 0.37575827538967144 22.802487527951605 1.5525682307779778 15.552381606772537 0.30258699506521214 0.34302866458892811 0.37580167874693859 0.55866837501525868 0.49259009212255478 0.66126649454235908 0.54226864874362846 1.4959670640528195 1.2428882196545599
leaf_count=4 19 7 7 204 16 141 2 4 6 3 3 8 6 21 25
internal_value=0.00199342 -0.000965943 0.00114752 0.00331658 0.0123569 -0.00919239 0.0374999 0.0464142 -0.0523272 -0.0558851 -0.0585241 -0.061126 -0.0547642 0.0512624 0.0511463
internal_weight=49.1238 45.3445 43.5524 41.9567 24.3551 17.6016 3.77934 3.47675 1.79213 1.59569 1.41633 1.21993 0.923741 3.13372 2.73886
internal_count=476 420 398 380 220 160 56 54 22 18 16 11 13 50 46
is_linear=0
shrinkage=0.05


Tree=93
num_leaves=21
num_cat=0
split_feature=0 74 3 57 1 0 39 123 113 86 21 29 98 41 110 100 70 54 40 2
split_gain=1.95324 1.9054 2.22006 2.11338 1.84177 2.85294 2.25437 1.84542 1.64629 1.56834 1.5354 1.50889 1.30214 0.769654 0.298813 0.122335 0.015777 9.20397e-05 7.9337e-05 2.42008e-05
threshold=-1.1698610186576841 0.41679124534130102 0.59469962120056163 0.33056955039501196 -0.17206345498561856 1.0121182799339297 -1.8270241022109983 0.58710780739784252 -0.57170274853706349 0.35030499100685125 -1.5426701903343198 -1.1402951478958128 2.2928311824798588 -1.0000000180025095e-35 1.3696949481964114 0.98485395312309276 -0.15577538311481473 0.78663510084152233 0.3189056813716889 0.099795553833246245
decision_type=2 2 2 2 2 2 2 2 2 2 2 2 2 2 2 2 2 2 2 2
left_child=12 4 3 11 6 7 -2 -6 13 -5 -8 -3 14 -4 17 -10 -7 19 -19 -1
right_child=1 2 8 9 5 16 10 -9 15 -11 -12 -13 -14 -15 -16 -17 -18 18 -20 -21
leaf_value=0.051188965772733158 -0.062939960636931441 0.012722928000163225 -0.057618997230906688 -0.024535695138569794 0.013172643877025226 -0.064612664985710194 -0.037259815172589403 -0.026397770651056723 0.052682954442460642 0.039470540027767238 0.030762130452963578 -0.051233264578604922 -0.064042176524072847 0.032208980532172922 0.0019309058729508268 0.021001384709888868 -0.055607752836143033 0.051108915892529139 0.052106204279032169 0.050852729199512114
leaf_weight=1.2249127477407462 0.76155048608779807 1.0794448405504216 0.74065667763352394 2.1761872209608559 11.547055196017032 0.75855173170566592 0.89566843584179778 3.9557994715869418 1.7170069143176072 1.7083543967455623 11.244858970865605 6.331436399370431 0.29169996082782734 0.35168522596359275 0.34295047633349884 0.37044407427310933 1.3558213673531998 0.35655143111944188 0.45252315700054169 0.9503582790493964
leaf_count=19 5 11 8 22 97 5 10 32 15 18 109 60 2 6 5 6 16 6 4 20
internal_value=0.00191258 -0.000929814 -0.0158701 -0.0262594 0.0061563 -0.00435513 0.0205092 0.00307562 0.0210354 0.00361314 0.0257438 -0.0419176 0.0372517 -0.0286984 0.046132 0.0470607 -0.0588384 0.0512114 0.0516667 0.0510421
internal_weight=48.6135 44.9945 14.4752 11.2954 30.5193 17.6172 12.9021 15.5029 3.17979 3.88454 12.1405 7.41088 3.619 1.09234 3.3273 2.08745 2.11437 2.98435 0.809075 2.17527
internal_count=476 420 146 111 274 150 124 129 35 40 119 71 56 14 54 21 21 49 10 39
is_linear=0
shrinkage=0.05


Tree=94
num_leaves=22
num_cat=0
split_feature=60 69 0 17 122 84 109 41 119 106 102 83 95 18 102 92 22 22 43 116 29
split_gain=2.00765 2.68245 2.20151 2.11607 2.05928 2.09153 2.03209 2.01134 1.99684 1.44981 1.23975 1.21309 1.16058 0.995449 0.98769 0.575716 0.117582 0.0981821 0.0137932 0.00218417 0.000186617
threshold=0.85410088300704967 -1.2443909049034116 0.25937691330909735 -1.5802022218704221 -0.71272206306457508 -1.1877465844154356 0.60654234886169445 0.47932074964046484 -0.46841362118721003 -0.34648793935775751 -0.9127703309059142 -0.14495785534381864 0.72866252064704906 1.0555146336555483 -1.1216095089912412 0.9134664535522462 -0.90434315800666798 0.34349647164344793 -0.43747472763061518 -0.91509333252906788 0.066709864884614958
decision_type=2 2 2 2 2 2 2 2 2 2 2 2 2 2 2 2 2 2 2 2 2
left_child=1 14 3 11 12 -6 -5 10 9 -9 -2 -3 -4 15 -1 -12 -16 20 -18 -11 -10
right_child=7 2 4 6 5 -7 -8 8 17 19 13 -13 -14 -15 16 -17 18 -19 -20 -21 -22
leaf_value=0.021210875080197249 0.029205097442552855 0.019204101235411823 -0.05122705889294607 0.037767014337422869 -0.046609136158506786 0.014057350797614762 0.00173938605346659 0.042562048617739504 0.052892308744433042 -0.055295504886187098 -0.059624127475717582 -0.064356652972814551 0.0366615748238295 0.014327513865228351 -0.032197918802232127 -0.0097706201407423386 -0.069059597168793493 0.024775069312205172 -0.058494237275286777 -0.059802696298249004 0.051749880582267441
leaf_weight=0.52379367128014598 0.64064636081457127 0.73429550230503071 2.7652316316962255 12.656314898282295 1.6440878175199021 10.4566704519093 5.6661643758416167 0.50670870393514644 0.60617269575595834 0.4058680161833762 3.9980842955410463 1.0632653012871731 0.4346623197197913 0.63474314287304867 0.4480212330818184 0.67719267681241024 0.39781464636325869 0.418145291507244 1.3823350612074117 0.79585283994674694 0.8712422177195549
leaf_count=5 6 5 28 160 16 87 51 4 4 5 33 7 4 9 6 8 2 5 15 6 10
internal_value=0.00185137 0.0069819 0.0106764 0.0215467 -0.00361787 0.00581481 0.0266256 -0.018646 0.0108318 -0.0283712 -0.0364992 -0.0302225 -0.0392886 -0.0444263 -0.0405698 -0.0524031 -0.0550931 0.0461648 -0.0608553 -0.0582804 0.0522186
internal_weight=47.7273 38.1727 35.4207 20.12 15.3007 12.1008 18.3225 9.55466 3.60399 1.70843 5.95067 1.79756 3.19989 5.31002 2.75196 4.67528 2.22817 1.89556 1.78015 1.20172 1.47741
internal_count=476 386 358 223 135 103 211 90 34 15 56 12 32 50 28 41 23 19 17 11 14
is_linear=0
shrinkage=0.05


Tree=95
num_leaves=26
num_cat=0
split_feature=2 3 87 38 53 14 77 23 6 51 74 8 43 64 7 68 62 76 69 10 22 2 17 7 69
split_gain=2.2515 2.65081 2.04492 2.11429 2.58963 1.99668 1.95433 2.02217 1.92739 2.74095 1.61391 1.66874 1.60768 1.4872 1.79857 1.33946 1.11182 0.478666 0.467726 0.273615 0.252884 0.0241648 0.019951 0.00286632 0.000474442
threshold=-0.40481376647949213 -0.23624908179044721 -0.21827587485313413 0.24932524561882022 -0.33407849073410029 -0.74869343638420094 1.3077952861785891 -0.93161126971244801 0.50566162168979656 1.1193854212760928 0.44606086611747747 0.97945153713226329 -0.5079355239868163 0.38060666620731359 0.63828706741333019 0.70225656032562267 -1.1252628564834593 1.0609022974967959 0.82028505206108104 -0.98420962691307057 0.57203689217567455 -0.66797262430191029 -1.7110079526901243 1.163311839103699 0.27301260828971868
decision_type=2 2 2 2 2 2 2 2 2 2 2 2 2 2 2 2 2 2 2 2 2 2 2 2 2
left_child=6 10 3 5 -5 -3 7 19 9 -9 11 15 -10 17 -15 -2 -12 -4 -18 -1 -13 23 -21 24 -8
right_child=1 2 13 4 -6 -7 21 8 12 -11 16 20 -14 14 -16 -17 18 -19 -20 22 -22 -23 -24 -25 -26
leaf_value=-0.0046278389530760777 0.024698591500830962 -0.038099318750056815 0.049460422500399163 0.044595532948573137 -0.056214767852179298 0.047782243261280749 -0.055719047002233263 0.022953513501064199 0.020148447854986481 -0.059986840270015801 0.022675560544947057 -0.059388676498127069 -0.05365173254410166 0.031881406816121137 -0.044238542808158303 -0.025192211503946883 -0.0555336082791296 0.0016709228996470557 -0.0045068737812705775 -0.07388358022399763 -0.012035321279109452 -0.06677651478732731 -0.057919094569297419 -0.059989066359270107 -0.053371079193040266
leaf_weight=0.25404924899339709 4.9194173514843005 0.92896908894181285 6.263444840908047 0.84774822369217906 2.5630487389862537 2.4930468536913439 0.62863252311944984 6.9170522540807706 1.0284584760665896 1.1636958643794058 0.65422449260950077 1.1125676743686197 2.6124547496438035 2.1958860233426098 1.2001353204250333 1.8517359159886835 3.1005371715873475 0.57180571928620327 0.52515826746821392 0.21876282989978846 0.37764174118638028 0.95872022770345111 1.8565101437270646 0.39277993142604828 0.32709761336445808
leaf_count=3 57 9 65 11 19 34 7 60 8 12 7 10 22 27 9 18 33 9 7 1 5 6 18 3 6
internal_value=-0.00317148 0.00505439 0.0178808 -0.00329954 -0.0311585 0.0244681 -0.0180588 -0.0110556 -0.00260003 0.0110094 -0.0123976 0.000512554 -0.0328052 0.0320257 0.00498103 0.0110547 -0.0373175 0.0454626 -0.0481427 -0.0536062 -0.0473886 -0.0607078 -0.059602 -0.0563932 -0.0549155
internal_weight=45.9636 29.6054 17.0641 6.83281 3.4108 3.42202 16.3582 14.051 11.7217 8.08075 12.5413 8.26136 3.64091 10.2313 3.39602 6.77115 4.27992 6.83525 3.6257 2.32932 1.49021 2.30723 2.07527 1.34851 0.95573
internal_count=466 320 183 73 30 43 146 124 102 72 137 90 30 110 36 75 47 74 40 22 15 22 19 16 13
is_linear=0
shrinkage=0.05


Tree=96
num_leaves=24
num_cat=0
split_feature=2 0 3 101 49 0 113 121 102 119 67 121 58 73 7 109 27 70 86 95 0 93 109
split_gain=2.08522 2.56215 2.14671 2.40891 1.96809 1.89216 2.55498 1.81803 1.73127 1.64309 1.32577 1.31283 1.37624 1.22914 1.21331 1.17062 1.12528 0.837299 0.422456 0.345934 0.155623 0.014846 0.000123741
threshold=-0.40481376647949213 0.99622282385826122 -0.79722410440444935 1.7917038202285769 -1.1057091951370237 -1.0568621158599851 -1.1093007922172544 -0.20030282437801358 1.2831172943115237 -0.25143410265445704 -0.33440819382667536 -0.26568104326725001 -0.32673172652721399 -0.045154005289077752 -0.54024609923362721 1.6340049505233767 1.026497542858124 1.5269369482994082 -1.0000000180025095e-35 -0.24803777039051053 1.0441825389862063 1.1927073597908022 0.90303644537925731
decision_type=2 2 2 2 2 2 2 2 2 2 2 2 2 2 2 2 2 2 2 2 2 2 2
left_child=4 2 7 8 14 15 9 10 -4 -7 -2 20 19 -14 -1 22 -9 -8 -16 -13 -3 -22 -6
right_child=1 11 3 -5 5 6 17 16 -10 -11 -12 12 13 -15 18 -17 -18 -19 -20 -21 21 -23 -24
leaf_value=-0.03455479337352927 -0.032761610991480582 -0.016823753092500945 0.031653406593828155 -0.049096478959442587 0.051203357432784952 -0.055938344466765738 -0.051102324749256189 -0.050648602091930207 -0.026943011330273832 0.034012408448064274 0.049152932563672834 -0.0035955721621888041 -0.031116053990089522 0.043432127169463791 0.0061694962490583729 -0.048371353221861535 0.030946781178182725 -0.0023745365848736491 0.053658328936816768 -0.057059348006204415 -0.054982148798484655 -0.066206559630909656 0.052307114613123019
leaf_weight=0.76768270879983935 0.75516612268984351 0.27419573068618808 14.553249126300221 1.1259397827088822 0.77151435613632091 0.68771146237850223 7.8948350679129344 2.7583563439548047 1.3801000621169794 1.939336273819207 1.4280093275010584 0.41475879400968541 0.84264450147748049 1.6081824675202356 0.68553658574819643 0.39320560917258252 0.49897777289152134 0.99241098761558522 1.4779795929789528 1.1184742618352177 1.769409963861108 0.35343863070011128 0.37849991768598557
leaf_count=9 8 3 177 9 12 9 71 24 13 16 14 5 8 13 7 3 7 7 9 12 25 2 3
internal_value=-0.00308938 0.00493055 0.0128615 0.0215833 -0.017576 -0.0258875 -0.0328556 -0.0144866 0.026578 0.010465 0.0208185 -0.023034 -0.00544261 0.0178009 0.0194488 0.0261029 -0.0381493 -0.045661 0.0386109 -0.0425967 -0.0522723 -0.0568509 0.0515666
internal_weight=44.8696 28.8809 22.4998 17.0593 15.9887 13.0575 11.5143 5.44051 15.9333 2.62705 2.18318 6.3811 3.98406 2.45083 2.9312 1.54322 3.25733 8.88725 2.16352 1.53323 2.39704 2.12285 1.15001
internal_count=466 320 252 199 146 121 103 53 190 25 22 68 38 21 25 18 31 78 16 17 30 27 15
is_linear=0
shrinkage=0.05


Tree=97
num_leaves=27
num_cat=0
split_feature=2 25 69 0 8 92 83 37 34 93 81 38 32 42 103 101 30 92 19 107 65 68 116 103 72 108
split_gain=1.95176 2.15518 2.13411 2.98485 2.07737 1.77639 2.02742 1.74333 1.71272 1.55801 1.72484 1.58401 1.3248 1.269 1.25618 1.19028 1.08009 1.44715 0.650757 0.458699 0.425861 0.304785 0.123126 0.102347 0.0845645 0.000719412
threshold=0.40351943671703344 -0.63614109158515919 -0.69472151994705189 1.3498911261558535 -0.15608610957860944 -0.37463267147541041 -0.6987171173095702 0.45117521286010748 -0.22016635537147519 -0.73820608854293812 0.060660833492875106 1.1462454199790957 1.8062729835510256 -1.4750655889511106 0.24668690562248233 1.2911479473114016 -0.18010735511779782 0.50538200139999401 0.40186031162738806 0.40019862353801733 1.0560556650161745 -0.15270768105983731 0.87819227576255809 -0.87323388457298268 -0.52984988689422596 -0.43608787655830378
decision_type=2 2 2 2 2 2 2 2 2 2 2 2 2 2 2 2 2 2 2 2 2 2 2 2 2 2
left_child=1 7 14 5 9 6 -4 16 20 11 -11 -3 13 -6 19 -7 17 -1 -10 23 -9 -16 -18 -2 -5 -26
right_child=2 4 3 24 12 15 -8 8 18 10 -12 -13 -14 -15 21 -17 22 -19 -20 -21 -22 -23 -24 -25 25 -27
leaf_value=0.027487483707143118 -0.040209088924788416 0.050065492933890204 -0.07320988115996141 -0.024710063134439159 0.016627188014618401 0.049874234285320646 0.02125051462112959 -0.06452879903252759 0.0520280033009956 -0.042837106092685255 0.0055176973005521823 -0.042501943112898524 0.042556251809476919 -0.044745236513780123 0.052052283881369933 -0.047064529220465473 0.054023429988793947 -0.060123797704466797 -0.017876864472023631 -0.00085311310522380988 -0.0086713497297879107 -0.0099255381490590613 0.026555651664743742 -0.065478251797853632 -0.056710659749876963 -0.054087982614842239
leaf_weight=1.7351972982287409 0.61769226193428073 2.0864388383924966 0.72362643480300937 0.28637756034731854 0.92943882197141547 6.5948090013116598 2.6420804448425752 1.3491180688142779 0.81837321445345856 3.1805313043296355 4.389349527657032 0.59363931044936169 0.52441923320293504 8.9812571760266984 0.49621372669935226 0.33263156935572613 2.3634831793606303 0.64712170511484135 0.56124253571033478 0.46695803105831135 0.45675436779856671 0.33046996220946301 0.49310048669576634 1.1407475247979157 0.51309207826852787 0.53318845108151336
leaf_count=15 7 19 4 5 10 90 35 9 8 31 41 6 5 97 6 3 17 6 7 7 6 5 7 7 5 8
internal_value=-0.00300931 -0.0105052 0.0118567 0.0216253 -0.0191875 0.0307413 0.000941545 0.0108132 -0.0183559 -0.00319981 -0.0147989 0.0295617 -0.0348915 -0.0389896 -0.0253533 0.0452196 0.0285493 0.00368918 0.02359 -0.044904 -0.0504009 0.0272764 0.049282 -0.0566019 -0.0487847 -0.0553741
internal_weight=43.7874 29.1095 14.6779 11.6258 20.6851 10.2931 3.36571 8.42439 3.18549 10.25 7.56988 2.68008 10.4351 9.9107 3.05208 6.92744 5.2389 2.38232 1.37962 2.2254 1.80587 0.826684 2.85658 1.75844 1.33266 1.04628
internal_count=466 284 182 150 209 132 39 75 30 97 72 25 112 107 32 93 45 21 15 21 15 11 24 14 18 13
is_linear=0
shrinkage=0.05


Tree=98
num_leaves=26
num_cat=0
split_feature=2 0 9 69 49 23 0 113 123 102 119 86 121 58 71 109 55 70 95 86 94 0 72 12 109
split_gain=1.85135 2.31835 1.95237 1.892 1.78716 1.92131 1.75844 2.26401 1.72305 1.49817 1.49637 1.41861 1.19803 1.23884 1.13072 1.04634 0.976677 0.763638 0.321597 0.266416 0.187195 0.156219 0.0107939 0.000571433 0.000111235
threshold=-0.40481376647949213 0.99622282385826122 0.75038591027259838 -1.2117179632186887 -1.1057091951370237 -0.59741848707199086 -1.0568621158599851 -1.1093007922172544 1.1933164596557619 -0.16734004020690915 -0.25143410265445704 -0.3992247581481933 -0.26568104326725001 -0.32673172652721399 0.83011913299560558 1.6340049505233767 0.094142202287912383 1.5269369482994082 -0.24803777039051053 -0.050916062667965882 1.0247615575790407 1.0441825389862063 -1.1250826716423032 0.69741207361221325 0.90303644537925731
decision_type=2 2 2 2 2 2 2 2 2 2 2 2 2 2 2 2 2 2 2 2 2 2 2 2 2
left_child=4 2 3 9 5 -1 15 10 -5 -2 -8 20 21 18 -15 24 -13 -9 -14 -7 -4 -3 -23 -21 -6
right_child=1 12 11 8 6 19 7 17 -10 -11 -12 16 13 14 -16 -17 -18 -19 -20 23 -22 22 -24 -25 -26
leaf_value=-0.056836903293008105 0.051922531255850592 -0.015513248349429293 0.051390975522103033 0.032353808975176722 0.051122678129019418 0.015645238749676115 -0.055532298508351376 -0.04958035149730728 -0.019399098557877359 -0.055077558505215188 0.032942982631796222 -0.0026341897420034668 -0.0035564938256998496 0.036674200554972128 -0.045351660910189412 -0.045072012372239428 -0.054748056412966817 -0.0021762377124448858 -0.056418675856354739 0.05226274412096215 0.0018100766082243789 -0.063181127640954293 -0.054357989456267519 0.054227225737812149 0.052197446017251736
leaf_weight=0.64382595941424403 0.43426519259810459 0.26554281264543567 0.6922594979405402 13.2842606715858 0.7217675708234299 0.68388160690665323 0.64509684965014491 7.520310038700698 1.8298383336514223 1.3261527754366456 1.8438771627843369 1.6659423224627965 0.39749340713024128 1.7713966891169541 0.55077436566352833 0.37871726602315892 1.9530361443758009 0.95776063948869694 1.0417751520872118 0.68051249533891522 0.26258531957864761 0.4480186700820924 1.5318221338093276 0.81173327565193176 0.36122607439756393
leaf_count=7 5 3 10 168 12 8 9 71 19 10 16 20 5 16 5 3 16 7 12 6 4 3 24 4 3
internal_value=-0.00292719 0.00483145 0.0125205 0.0203743 -0.0168966 0.0190393 -0.02505 -0.0319161 0.0260882 -0.0286825 0.0100118 -0.016455 -0.0226236 -0.00537114 0.0172192 0.026465 -0.0307582 -0.0442251 -0.0418193 0.0414879 0.0377561 -0.0515246 -0.0563546 0.0533314 0.0514812
internal_weight=42.7039 27.4552 21.4483 16.8745 15.2487 2.81995 12.4288 10.967 15.1141 1.76042 2.48897 4.57382 6.00682 3.76144 2.32217 1.46171 3.61898 8.47807 1.43927 2.17613 0.954845 2.24538 1.97984 1.49225 1.08299
internal_count=466 320 252 202 146 25 121 103 187 15 25 50 68 38 21 18 36 78 17 18 14 30 27 10 15
is_linear=0
shrinkage=0.05


Tree=99
num_leaves=23
num_cat=0
split_feature=2 6 9 3 77 40 0 49 88 23 51 26 59 24 7 99 54 2 7 96 79 11
split_gain=1.73661 2.02569 1.92655 2.26556 1.82977 1.69066 1.66031 1.65659 2.06986 1.42346 1.40428 1.06009 0.891126 0.727953 0.362409 0.0421257 0.0194339 0.0124625 0.00157823 0.00089751 0.000253769 5.88361e-05
threshold=-0.24261963367462155 1.0424629449844363 0.54806032776832592 0.60696083307266246 1.3077952861785891 0.37057037651538854 -1.0716512799262998 -0.77140632271766651 0.66783228516578685 -0.59741848707199086 0.70923373103141796 -0.11468877270817755 1.1087441444396975 -1.097149074077606 1.4667750597000124 -1.1117339730262754 1.2938765883445742 -0.66797262430191029 1.163311839103699 1.6996992230415346 0.20833943784236911 0.80215620994567882
decision_type=2 2 2 2 2 2 2 2 2 2 2 2 2 2 2 2 2 2 2 2 2 2
left_child=4 2 3 5 6 -2 14 9 -9 -8 13 -12 15 -4 21 -3 -5 18 20 -17 -6 -1
right_child=1 12 10 16 17 -7 7 8 -10 -11 11 -13 -14 -15 -16 19 -18 -19 -20 -21 -22 -23
leaf_value=0.051121593661424825 0.013925784767509934 0.03259647973632341 0.015008729720701107 0.051373108792761302 -0.05495717593744967 -0.024214035672750909 -0.043270177736308799 -0.041622680181169963 0.0073500979571057088 0.036271061912362561 -0.033690829190136461 0.051975359608630783 -0.019929429925107708 -0.044582173395225771 -0.0078819090708296177 0.051428440552630197 0.036503947558649934 -0.063079731793042451 -0.058228066073885476 0.053726898000343797 -0.053198980850416605 0.051914540544481719
leaf_weight=0.95032008364796705 7.9992282800376469 0.31582211703062135 0.5846012420952319 2.5225372724235053 0.47779187932610534 4.5630971640348434 0.74253448098897967 6.4379300251603109 3.2451884262263775 2.3195135816931733 0.59705962985754013 0.91391137614846207 0.53461897373199452 4.1545900758355847 0.32522970065474499 2.29718991741538 0.24071859568357457 0.94353682920336623 0.34313233941793442 0.52106212824583042 0.35976563021540642 0.31032694131135941
leaf_count=16 88 3 9 41 6 56 9 63 27 19 7 11 5 44 3 33 3 7 3 3 7 3
internal_value=-0.00285083 0.00538721 -0.000453231 0.00908822 -0.015489 7.20037e-05 -0.00906988 -0.0150732 -0.02521 0.0169826 -0.0238492 0.0181244 0.0397351 -0.0372314 0.0391764 0.0499129 0.0500778 -0.0587956 -0.055372 0.0518534 -0.054202 0.0513168
internal_weight=41.6997 25.2444 21.5757 15.3256 16.4553 12.5623 14.331 12.7452 9.68312 3.06205 6.25016 1.51097 3.66869 4.73919 1.58588 3.13407 2.76326 2.12423 1.18069 2.81825 0.837558 1.26065
internal_count=466 303 259 188 163 144 140 118 90 28 71 18 44 53 22 39 44 23 16 36 13 19
is_linear=0
shrinkage=0.05


end of trees

feature_importances:
Column_0=122
Column_2=103
Column_3=46
Column_101=35
Column_7=34
Column_8=33
Column_16=32
Column_45=31
Column_69=29
Column_11=28
Column_23=28
Column_74=28
Column_25=25
Column_56=25
Column_102=24
Column_43=23
Column_92=23
Column_1=22
Column_57=22
Column_81=22
Column_84=22
Column_5=21
Column_29=21
Column_91=21
Column_123=21
Column_17=20
Column_110=20
Column_10=19
Column_39=19
Column_6=18
Column_15=18
Column_21=18
Column_49=18
Column_106=18
Column_41=17
Column_62=17
Column_77=17
Column_109=17
Column_9=16
Column_20=16
Column_72=16
Column_73=16
Column_95=16
Column_117=16
Column_121=16
Column_14=15
Column_31=15
Column_33=15
Column_67=15
Column_68=15
Column_99=15
Column_103=15
Column_126=15
Column_51=14
Column_64=14
Column_65=14
Column_89=14
Column_93=14
Column_98=14
Column_104=14
Column_130=14
Column_19=13
Column_28=13
Column_32=13
Column_35=13
Column_37=13
Column_46=13
Column_48=13
Column_60=13
Column_75=13
Column_85=13
Column_4=12
Column_13=12
Column_18=12
Column_24=12
Column_44=12
Column_79=12
Column_108=12
Column_124=12
Column_22=11
Column_26=11
Column_55=11
Column_58=11
Column_97=11
Column_100=11
Column_131=11
Column_12=10
Column_53=10
Column_61=10
Column_66=10
Column_94=10
Column_96=10
Column_119=10
Column_125=10
Column_54=9
Column_71=9
Column_76=9
Column_78=9
Column_86=9
Column_105=9
Column_107=9
Column_111=9
Column_34=8
Column_40=8
Column_83=8
Column_114=8
Column_120=8
Column_122=8
Column_127=8
Column_27=7
Column_36=7
Column_38=7
Column_42=7
Column_50=7
Column_52=7
Column_80=7
Column_82=7
Column_88=7
Column_116=7
Column_47=6
Column_70=6
Column_87=6
Column_90=6
Column_112=6
Column_113=6
Column_115=6
Column_30=5
Column_59=5
Column_63=5
Column_129=4
Column_118=3
Column_128=2

parameters:
[boosting: gbdt]
[objective: binary]
[metric: auc]
[tree_learner: serial]
[device_type: cpu]
[data_sample_strategy: bagging]
[data: ]
[valid: ]
[num_iterations: 100]
[learning_rate: 0.05]
[num_leaves: 31]
[num_threads: 0]
[seed: 0]
[deterministic: 0]
[force_col_wise: 0]
[force_row_wise: 0]
[histogram_pool_size: -1]
[max_depth: 5]
[min_data_in_leaf: 5]
[min_sum_hessian_in_leaf: 0.001]
[bagging_fraction: 0.8]
[pos_bagging_fraction: 1]
[neg_bagging_fraction: 1]
[bagging_freq: 5]
[bagging_seed: 3]
[bagging_by_query: 0]
[feature_fraction: 0.8]
[feature_fraction_bynode: 1]
[feature_fraction_seed: 2]
[extra_trees: 0]
[extra_seed: 6]
[early_stopping_round: 0]
[early_stopping_min_delta: 0]
[first_metric_only: 0]
[max_delta_step: 0]
[lambda_l1: 0]
[lambda_l2: 0]
[linear_lambda: 0]
[min_gain_to_split: 0]
[drop_rate: 0.1]
[max_drop: 50]
[skip_drop: 0.5]
[xgboost_dart_mode: 0]
[uniform_drop: 0]
[drop_seed: 4]
[top_rate: 0.2]
[other_rate: 0.1]
[min_data_per_group: 100]
[max_cat_threshold: 32]
[cat_l2: 10]
[cat_smooth: 10]
[max_cat_to_onehot: 4]
[top_k: 20]
[monotone_constraints: ]
[monotone_constraints_method: basic]
[monotone_penalty: 0]
[feature_contri: ]
[forcedsplits_filename: ]
[refit_decay_rate: 0.9]
[cegb_tradeoff: 1]
[cegb_penalty_split: 0]
[cegb_penalty_feature_lazy: ]
[cegb_penalty_feature_coupled: ]
[path_smooth: 0]
[interaction_constraints: ]
[verbosity: -1]
[saved_feature_importance_type: 0]
[use_quantized_grad: 0]
[num_grad_quant_bins: 4]
[quant_train_renew_leaf: 0]
[stochastic_rounding: 1]
[linear_tree: 0]
[max_bin: 255]
[max_bin_by_feature: ]
[min_data_in_bin: 3]
[bin_construct_sample_cnt: 200000]
[data_random_seed: 1]
[is_enable_sparse: 1]
[enable_bundle: 1]
[use_missing: 1]
[zero_as_missing: 0]
[feature_pre_filter: 1]
[pre_partition: 0]
[two_round: 0]
[header: 0]
[label_column: ]
[weight_column: ]
[group_column: ]
[ignore_column: ]
[categorical_feature: ]
[forcedbins_filename: ]
[precise_float_parser: 0]
[parser_config_file: ]
[objective_seed: 5]
[num_class: 1]
[is_unbalance: 0]
[scale_pos_weight: 1]
[sigmoid: 1]
[boost_from_average: 1]
[reg_sqrt: 0]
[alpha: 0.9]
[fair_c: 1]
[poisson_max_delta_step: 0.7]
[tweedie_variance_power: 1.5]
[lambdarank_truncation_level: 30]
[lambdarank_norm: 1]
[label_gain: ]
[lambdarank_position_bias_regularization: 0]
[eval_at: ]
[multi_error_top_k: 1]
[auc_mu_weights: ]
[num_machines: 1]
[local_listen_port: 12400]
[time_out: 120]
[machine_list_filename: ]
[machines: ]
[gpu_platform_id: -1]
[gpu_device_id: -1]
[gpu_device_id_list: ]
[gpu_use_dp: 0]
[num_gpu: 1]

end of parameters

pandas_categorical:null
