date,category,published_date,site_name,url,title,summary,content,region,score_ag,keywords,reward_x,rl_score,lgbm_score,reward_y,score_ag_norm,lgbm_score_norm,final_score,strategic_score,lgbm_component,is_top20
2026-06-25,Distribution,2026-06-22 11:06:00,Naver News,http://www.mkhealth.co.kr/news/articleView.html?idxno=79005,[긴급진단 의약품 유통 개선]㊦ 미국·일본도 의약품 유통 개선…더이상 미룰수 없다,"의약품은 연구개발이나 생산만큼 유통 과정이 중요하다. 같은 약이라도 어떤 경로를 거쳐 공급되는지에 따라 환자 접근성과 시장 안정성이 달라질 수 있기 때문이다. 의약품 품절과 사재기, 반품과 대체조제 문제가 반복되는 상황에서 공급망을 보다 투명하게 관리하려는 움직임은 시대적 요청이다. 본지는 국내 의약품 유통 구조의 현주소를 점검하고 글로벌 변화 흐름과 제도 개선 과제를 3회에 걸쳐 살펴본다.","의약품은 연구개발이나 생산만큼 유통 과정이 중요하다. 같은 약이라도 어떤 경로를 거쳐 공급되는지에 따라 환자 접근성과 시장 안정성이 달라질 수 있기 때문이다. 의약품 품절과 사재기, 반품과 대체조제 문제가 반복되는 상황에서 공급망을 보다 투명하게 관리하려는 움직임은 시대적 요청이다. 본지는 국내 의약품 유통 구조의 현주소를 점검하고 글로벌 변화 흐름과 제도 개선 과제를 3회에 걸쳐 살펴본다. 질병 치료에 필수적인 의약품은 유효성은 물론 안정성과 안정성 등을 확보하는 것이 기본이다. 이런 의약품이라도 적기에 공급되지 않으면",local,10,지오영,,,0.9654374894140624,,1.0,0.9654374894140624,11.854837455539062,15.0,9.758062425898437,True
2026-06-25,Distribution,2026-06-19 06:02:00,Naver News,https://www.yakup.com/news/index.html?mode=view&cat=12&nid=328710,[약업신문]위고비 유통망 합류한 국내 유통사들…콜드체인 경쟁력 주목,자동화 물류센터와 콜드체인 시스템을 갖춘 국내 의약품유통업체들이 위고비 공급망에 참여하며 물류 경쟁력을 인정받고 있다. ©AI 생성 이미지국내 의약품유통업체들이 글로벌 빅파마의 비만치료제 공급망에 잇...,자동화 물류센터와 콜드체인 시스템을 갖춘 국내 의약품유통업체들이 위고비 공급망에 참여하며 물류 경쟁력을 인정받고 있다. ©AI 생성 이미지국내 의약품유통업체들이 글로벌 빅파마의 비만치료제 공급망에 잇...,local,10,지오영,,,0.9653496929255275,1.0,1.0,0.9653496929255275,11.854468710287215,15.0,9.757447850478693,True
2026-06-25,Distribution,2026-06-26 07:06:00,Naver News,https://www.kpanews.co.kr/news/articleView.html?idxno=537436,의약품 배송 11시간…'당연한 아침'을 만든다 - 약사공론,최근 의약품 유통체계를 둘러싼 다양한 평가와 개선 필요성이 제기되고 있다. 하지만 국내 의약품 유통망은 이미 전국 약국을 대상으로 촘촘한 배송 체계를 구축해 운영.,최근 의약품 유통체계를 둘러싼 다양한 평가와 개선 필요성이 제기되고 있다. 하지만 국내 의약품 유통망은 이미 전국 약국을 대상으로 촘촘한 배송 체계를 구축해 운영,local,10,의약품유통,,,0.9655037162319533,,1.0,0.9655037162319533,11.055115608174203,13.0,9.758526013623673,True
2026-06-25,Distribution,2026-06-24 13:08:00,Naver News,https://www.startuptoday.co.kr/news/articleView.html?idxno=804503,"[이슈] 에스테틱 의존도 낮춘다…휴메딕스, 약국·브라질서 성장 확대 - 오늘경제",휴메딕스가 에스테틱 중심 사업 구조에서 벗어나기 위한 외연 확장에 속도를 내고 있다. 더마 코스메틱의 약국 유통망을 확대하는 한편 골관절염 주사제의 해외 수출을.,휴메딕스가 에스테틱 중심 사업 구조에서 벗어나기 위한 외연 확장에 속도를 내고 있다. 더마 코스메틱의 약국 유통망을 확대하는 한편 골관절염 주사제의 해외 수출을,local,10,바로팜,,,0.9634392560408856,,1.0,0.9634392560408856,11.04644487537172,13.0,9.744074792286199,False
2026-06-25,Distribution,2026-06-26 06:06:00,Naver News,https://www.medipana.com/news/articleView.html?idxno=413620,"제약사와 약국을 잇는 모세혈관, 의약품유통 현장을 가다 - 메디파나뉴스",제약사는 약을 만든다. 약국의 약사는 필요한 약을 주문해 진열대를 채워 환자들이 건넨 처방전이나 일반의약품 상담에 따라 필요한 약.,[메디파나뉴스 = 조해진 기자] 제약사는 약을 만든다. 약국의 약사는 필요한 약을 주문해 진열대를 채워 환자들이 건넨 처방전이나 일반의약품 상담에 따라 필요한 약,local,10,의약품유통,,,0.960488205868423,,1.0,0.960488205868423,11.034050464647375,13.0,9.72341744107896,False
2026-06-25,Distribution,2026-06-22 15:00:00,Naver News,https://www.medicaltimes.com/Main/News/NewsView.html?ID=1169384&ref=naverpc,"[메디칼타임즈] DKSH, 브릿지바이오와 전략적 파트너십 체결","DKSH 헬스케어 사업부가 유전 질환 전문 바이오테크 기업 브릿지바이오(BridgeBio)와 파트너십을 체결했다. DKSH가 한국, 호주, 싱가포르, 대만에서 ATTR-CM 치료를 위한 트랜스티레틴 안정화제의 허가 및 환자 접근성 확대를 지원하기 위해 브릿지바이오(BridgeBio)와 전략적 파트너십을 체결했다.제약, 일반의약품(OTC), 컨슈머 헬스, 의료기기 기업을 위한 전략적 헬스케어 비즈니스 파트너이자 마켓 확장 서비스의 선도 기업인 DKSH 헬스케어 사업부는 이번 파트너십 계약에 따라 한국, 호주, 싱가포르, 대만에서 트랜스티레틴 아밀로이드성 심근병증(ATTR-CM) 치료를 위한 트랜스티레틴 안정화제의 허가 및 커머셜라이제이션(commercialization)을 담당하게 된다.해당 제품은 승인된 국가에서 성인 환자의 심혈관계 사망 및 심혈관 관련 입원 위험을 낮추기 위해 야생형 또는 변이형 트랜스티레틴 아밀로이드증 심근병증(ATTR-CM)의 치료제로 사용된다. 트랜스티레틴 아밀로이드증 심근병증(ATTR-CM)은 삶의 질을 저하시키고 반복적인 입원을 유발하며 조기 사망으로 이어질 수 있는 중증 진행성 질환이다.","[메디칼타임즈=문성호 기자]DKSH 헬스케어 사업부가 유전 질환 전문 바이오테크 기업 브릿지바이오(BridgeBio)와 파트너십을 체결했다. DKSH가 한국, 호주, 싱가포르, 대만에서 ATTR-CM 치료를 위한 트랜스티레틴 안정화제의 허가 및 환자 접근성 확대를 지원하기 위해 브릿지바이오(BridgeBio)와 전략적 파트너십을 체결했다.제약, 일반의약품(OTC), 컨슈머 헬스, 의료기기 기업을 위한 전략적 헬스케어 비즈니스 파트너이자 마켓 확장 서비스의 선도 기업인 DKSH 헬스케어 사업부는 이번 파트너십 계약에 따라 한국, 호주, 싱가포르, 대만에서 트랜스티레틴 아밀로이드성 심근병증(ATTR-CM) 치료를 위한 트랜스티레틴 안정화제의 허가 및 커머셜라이제이션(commercialization)을 담당하게 된다.해당 제품은 승인된 국가에서 성인 환자의 심혈관계 사망 및 심혈관 관련 입원 위험을 낮추기 위해 야생형 또는 변이형 트랜스티레틴 아밀로이드증 심근병증(ATTR-CM)의 치료제로 사용된다. 트랜스티레틴 아밀로이드증 심근병증(ATTR-CM)은 삶의 질을 저하시키고 반복적인 입원을 유발하며 조기 사망으로 이어질 수 있는 중증 진행성 질환이다. 이 새로운 치료제는 현재 본 계약 대상 국가들에서 아직 승인되지 않았으며, 향후 판매 및 공급은 각국의 허가와 현지 규정에 따라 진행될 예정이다.DKSH는 인허가 및 학술, 시장 접근성, 성공적인 출시 전략에 대한 전문성을 비롯해 통합적인 커머셜 역량을 바탕으로, 환자의 치료 접근성을 최우선으로 하는 통합 솔루션을 제공할 예정이다. DKSH는 제품의 허가 이후 해당 지역 전반에 걸쳐 이번 바이오테크 혁신 치료제의 도입을 지원할 수 있는 최적의 역량을 갖추고 있다.DKSH 글로벌 헬스케어 사업부 총괄 본부장인 패트릭 그란데(Patrik Grande)는",local,10,DKSH,,,0.9325001285629051,,1.0,0.9325001285629051,10.9165005399642,13.0,9.527500899940335,False
2026-06-25,BD,2026-06-26 06:30:00,Naver News,http://www.medisobizanews.com/news/articleView.html?idxno=139704,"편두통 신약 ‘레이보우’ 철수, 일동제약 “무지개 빛 꿈 만…”",일동제약이 도입한 편두통 치료 신약 '레이보우정(라스미디탄헤미숙신산염ㆍ사진)'이 국내 공급을 중단한다. 건강보험 급여 등재 실패로 시장 안착에 난항을 겪은 데다 원개발사인 일라이 릴리가 글로벌 생산 중단을 결정하면서 결국 국내 시장에서 철수하게 됐다. 25일 식품의약품안전처에 따르면 일동제약은 레이보우에 대한 국내 공급 중단을 보고했다.레이보우는 일동제약이 2013년 미국 바이오기업 콜루시드로부터 국내 도입 계약을 체결하며 확보한 품목이다.,일동제약이 도입한 편두통 치료 신약 '레이보우정(라스미디탄헤미숙신산염ㆍ사진)'이 국내 공급을 중단한다. 건강보험 급여 등재 실패로 시장 안착에 난항을 겪은 데다 원개발사인 일라이 릴리가 글로벌 생산 중단을 결정하면서 결국 국내 시장에서 철수하게 됐다. 25일 식품의약품안전처에 따르면 일동제약은 레이보우에 대한 국내 공급 중단을 보고했다.레이보우는 일동제약이 2013년 미국 바이오기업 콜루시드로부터 국내 도입 계약을 체결하며 확보한 품목이다. 이후 2017년 일라이 릴리가 콜루시드를 인수하면서 라스미디탄의 권리도 릴리로 넘어갔다. 국,local,10,인수,,,0.969665254188288,,1.0,0.969665254188288,10.672594067590811,12.0,9.787656779318016,True
2026-06-25,BD,2026-06-23 12:00:00,Naver News,https://www.dailypharm.com/user/news/339681?REFERER=NP,[데일리팜]피나 59%·두타 61%…탈모약 처방 시장서 제네릭 강세,경구용 전문의약품 탈모치료제 시장에서 제네릭 의약품이 강세를 나타냈다. 피나스테리드 시장에서 제네릭 점유율이 오리지널을 넘어섰고 두타스테리드 성분 시장에서도 제네릭이 60%를 상회했다. 판매 가격이 저렴한 특성상 판매량 기준으로 피나스테리드 제네릭은 점유율이 90%에 육박했다. 보건당국의 탈모치료제 건강보험 급여가 현실화하면 국내 제약사들도 동반 수혜를 볼 것이란….,경구용 전문의약품 탈모치료제 시장에서 제네릭 의약품이 강세를 나타냈다. 피나스테리드 시장에서 제네릭 점유율이 오리지널을 넘어섰고 두타스테리드 성분 시장에서도 제네릭이 60%를 상회했다. 판매 가격이 저렴한 특성상 판매량 기준으로 피나스테리드 제네릭은 점유율이 90%에 육박했다. 보건당국의 탈모치료제 건강보험 급여가 현실화하면 국내 제약사들도 동반 수혜를 볼 것이란…,local,10,오가논,,,0.952413537375338,,1.0,0.952413537375338,10.60013685697642,12.0,9.666894761627365,True
2026-06-25,Distribution,2026-06-18 22:44:00,Naver News,https://www.dailypharm.com/user/news/339585?REFERER=NP,"[데일리팜]부산시약 ""마약퇴치 약사가 앞장선다""…정보 공유의 장 마련",부산광역시약사회(회장 변정석) 마약류 및 약물중독예방센터(센터장 이철희)는 17일 회관 7층 대강당에서 ‘2026년도 세계 마약퇴치의 날 기념 심포지엄’을 열고 마약류 관련 정보 공유의 장을 마련했다. 세계 마약퇴치의 날 40주년을 기념해 열린 이번 행사는 부산시가 주최하고 시약사회 마약류 및 약물중독예방센터가 주관하는 ‘마약 없는 부산 운동 사업’의 일환으로 마련됐다.,부산광역시약사회(회장 변정석) 마약류 및 약물중독예방센터(센터장 이철희)는 17일 회관 7층 대강당에서 ‘2026년도 세계 마약퇴치의 날 기념 심포지엄’을 열고 마약류 관련 정보 공유의 장을 마련했다. 세계 마약퇴치의 날 40주년을 기념해 열린 이번 행사는 부산시가 주최하고 시약사회 마약류 및 약물중독예방센터가 주관하는 ‘마약 없는 부산 운동 사업’의 일환으로 마련됐다. 심포지…,local,10,지오영,,,0.9283317775853208,,1.0,0.9283317775853208,10.498993465858348,12.0,9.498322443097244,False
2026-06-25,BD,2026-06-24 06:02:00,Naver News,https://biz.chosun.com/science-chosun/bio/2026/06/24/CZDZ75AKPVAKPGMCPOO3UJOPXE/?utm_source=naver&utm_medium=original&utm_campaign=biz,"해외로 눈 돌리는 씨어스, 붙잡는 대웅…‘AI 헬스케어 파트너십’ 밀당 본격화","해외로 눈 돌리는 씨어스, 붙잡는 대웅AI 헬스케어 파트너십 밀당 본격화 씨어스, 대웅제약 영업망 업고 씽크 시장 점유율 1위   사명 변경·해외 인재 영입중동서 실적 쌓고 美 진출 추진   탈대웅 독자 성장 시동대웅은 재계약·인수 카드 만지작.","해외로 눈 돌리는 씨어스, 붙잡는 대웅AI 헬스케어 파트너십 밀당 본격화 씨어스, 대웅제약 영업망 업고 씽크 시장 점유율 1위   사명 변경·해외 인재 영입중동서 실적 쌓고 美 진출 추진   탈대웅 독자 성장 시동대웅은 재계약·인수 카드 만지작",local,10,다이이찌산쿄,,,0.9219508365688819,,1.0,0.9219508365688819,10.472193513589303,12.0,9.453655855982174,True
2026-06-25,BD,2026-06-24 12:00:00,Naver News,https://www.dailypharm.com/user/news/339708?REFERER=NP,"[데일리팜]비보존제약 38호 신약 어나프라주, 국내 안착이 미국행 열쇠","비보존제약이 국산 38호 신약 어나프라주를 앞세워 국내 시장 안착과 미국 진출에 속도를 내고 있다. 관계사 비보존은 동일 성분인 오피란제린의 미국 임상 3상 재개를 추진 중이며, 비보존제약은 한미약품과 한국다이이찌산쿄의 판매망을 활용해 국내 처방 확대에 나서고 있다. 업계는 국내 상업화 성과가 향후 미국 개발 전략과 글로벌 사업화의 중요한 기반이 될 것으로 보고 있다.","비보존제약이 국산 38호 신약 어나프라주를 앞세워 국내 시장 안착과 미국 진출에 속도를 내고 있다. 관계사 비보존은 동일 성분인 오피란제린의 미국 임상 3상 재개를 추진 중이며, 비보존제약은 한미약품과 한국다이이찌산쿄의 판매망을 활용해 국내 처방 확대에 나서고 있다. 업계는 국내 상업화 성과가 향후 미국 개발 전략과 글로벌 사업화의 중요한 기반이 될 것으로 보고 있다. 어…",local,10,코프로모션,,,0.9287153560598748,,1.0,0.9287153560598748,10.100604495451474,11.0,9.501007492419124,True
2026-06-25,Distribution,2026-06-22 09:18:00,Naver News,https://www.hitnews.co.kr/news/articleView.html?idxno=77031,"DKSH, 심근병증치료제 도전…화이자 '빈다맥스'에 '아코라미디스' 맞불",DKSH코리아가 미국 브릿지바이오와 유통·상업화 계약을 맺고 확보한 트랜스티레틴 아밀로이드 심근병증 치료제 아코라미디스를 올해 하반기 국내 허가 신청한다. 회사는 화이자 빈다맥스가 주도해온 국내 ATTR-CM 시장에 2세대 TTR 안정화제로 진입하겠다는 구상이다.DKSH코리아 헬스케어 사업부는 22일 한국과 호주 싱가포르 대만 4개국에서 아코라미디스염산염 성분 제제(가칭 아트루비정)의 허가와 상업화를 담당하는 전략적 파트너십을 브릿지바이오와 체결했다고 밝혔다.해당 제품은 올해 5월 식약처로부터 희귀의약품으로 지정됐으며 DKSH코리아.,DKSH코리아가 미국 브릿지바이오와 유통·상업화 계약을 맺고 확보한 트랜스티레틴 아밀로이드 심근병증 치료제 아코라미디스를 올해 하반기 국내 허가 신청한다. 회사는 화이자 빈다맥스가 주도해온 국내 ATTR-CM 시장에 2세대 TTR 안정화제로 진입하겠다는 구상이다.DKSH코리아 헬스케어 사업부는 22일 한국과 호주 싱가포르 대만 4개국에서 아코라미디스염산염 성분 제제(가칭 아트루비정)의 허가와 상업화를 담당하는 전략적 파트너십을 브릿지바이오와 체결했다고 밝혔다.해당 제품은 올해 5월 식약처로부터 희귀의약품으로 지정됐으며 DKSH코리아,local,10,DKSH,,,0.9253270749548216,,1.0,0.9253270749548216,10.08637371481025,11.0,9.477289524683751,False
2026-06-25,BD,2026-06-25 05:00:00,Naver News,https://www.etoday.co.kr/news/view/2596460,생산 충분한데 약이 없다…‘깜깜이 유통’에 의약품 유통 추적 필요성 커진다,반복되는 의약품 품절…재고 쌓이는 쏠림 현상도불투명한 공급 문제…유통 전 과정 투명성 높여야▲서울 종로구 약국 밀집 지역 모습.,반복되는 의약품 품절…재고 쌓이는 쏠림 현상도불투명한 공급 문제…유통 전 과정 투명성 높여야▲서울 종로구 약국 밀집 지역 모습. (사진제공=뉴시스),local,10,콜드체인,,,0.96982926634943,,1.0,0.96982926634943,9.873282918667606,10.0,9.78880486444601,True
2026-06-25,BD,2026-06-25 16:44:00,Naver News,https://www.apsk.co.kr/news/articleView.html?idxno=539687,철수한 오리지널 빈자리 채운다…'브리비액트' 제네릭 내달 급여 - 메디팜스투데이,국내 시장에서 철수한 유씨비(UCB)제약의 뇌전증 치료제 '브리비액트(성분명 브리바라세탐)'의 빈자리를 국내 제네릭이 메우게 됐다. 오리지널은 끝내 급여권에 진입.,국내 시장에서 철수한 유씨비(UCB)제약의 뇌전증 치료제 '브리비액트(성분명 브리바라세탐)'의 빈자리를 국내 제네릭이 메우게 됐다. 오리지널은 끝내 급여권에 진입,local,10,암젠,,,0.9656583837867057,,1.0,0.9656583837867057,9.855765211904163,10.0,9.75960868650694,True
2026-06-25,BD,2026-06-25 06:02:00,Naver News,https://new.dailypharm.com/user/news/339754?REFERER=NP,"[데일리팜]CSO협회 설립 급물살타나…복지부, 사단법인 인가 검토",이재명 정부가 불법 의약품 판촉영업자(CSO) 철퇴와 제약사 의약품 불법 리베이트를 국가 정상화 과제로 낙점한 가운데 보건복지부가 임시조직인 CSO협회의 사단법인 인가를 검토할 방침이다. CSO 신고제 법제화 이후 다음 단계 규제 도입으로 난립하는 불법 CSO 문제 해결과 불법 리베이트 등 불건전 의약품 유통·판매 편법을 잡기 위해 CSO업계와 공식적으로 소통할 수 있는 창구가 필….,이재명 정부가 불법 의약품 판촉영업자(CSO) 철퇴와 제약사 의약품 불법 리베이트를 국가 정상화 과제로 낙점한 가운데 보건복지부가 임시조직인 CSO협회의 사단법인 인가를 검토할 방침이다. CSO 신고제 법제화 이후 다음 단계 규제 도입으로 난립하는 불법 CSO 문제 해결과 불법 리베이트 등 불건전 의약품 유통·판매 편법을 잡기 위해 CSO업계와 공식적으로 소통할 수 있는 창구가 필…,local,10,판촉영업자,,,0.9648175985528727,,1.0,0.9648175985528727,9.852233913922063,10.0,9.753723189870108,True
2026-06-25,Client,2026-06-24 07:30:00,Naver News,https://news.bizwatch.co.kr/article/healthcare/2026/06/22/0032,'탈모 급여화' 시장 커지는데 제약사 큰 돈 벌까?,정부 당국이 탈모치료제에 대한 건강보험 적용 확대를 검토하면서 관련 제약사들이 직접적인 수혜를 받을 것이란 기대가 커지고 있다. 급여 등재로 처방이 늘면 그만큼 시장이 커질 수 있어서다. 다만 업계에서는 ...,정부 당국이 탈모치료제에 대한 건강보험 적용 확대를 검토하면서 관련 제약사들이 직접적인 수혜를 받을 것이란 기대가 커지고 있다. 급여 등재로 처방이 늘면 그만큼 시장이 커질 수 있어서다.    다만 업계에서는 ...,local,10,오가논,,,0.9621025314441974,,1.0,0.9621025314441974,9.840830632065629,10.0,9.734717720109382,True
2026-06-25,Distribution,2026-06-24 09:46:00,Naver News,https://www.pharmnews.com/news/articleView.html?idxno=304396,"바로팜, 더마 브랜드 '닥터멜락신' 운영사 브랜드501과 전략적 제휴 체결 - 팜뉴스","약국 경영 토탈 플랫폼 기업 바로팜이 고기능성 더마 스킨케어 브랜드 닥터멜락신의 운영사 브랜드501과 전략적 제휴를 체결하고, 핵심 제품인.","[팜뉴스=김응민 기자] 약국 경영 토탈 플랫폼 기업 바로팜이 고기능성 더마 스킨케어 브랜드 닥터멜락신의 운영사 브랜드501과 전략적 제휴를 체결하고, 핵심 제품인",local,10,바로팜,,,0.9601158538701295,,1.0,0.9601158538701295,9.832486586254543,10.0,9.720810977090906,False
2026-06-25,BD,2026-06-24 06:02:00,Naver News,http://www.newsmp.com/news/articleView.html?idxno=255125,"약제 급여 목록, 엑스탄디ㆍ브리비액트 제네릭 대거 가세","이달 말과 내달 초, 엑스탄디(아스텔라스) 제네릭과 브리비액트(유씨비) 제네릭이 대거 약제 급여 목록에 가세한다.기존 등재 품목 중 린버크(애브비)와 줄토피(노보노디스크), 셈블릭스(노바티스)는 약가 유연계약으로 변경 등재된다.내달 1일 상한액이 인하될 예정이었던 악템라(JW중외제약)과 앱토즈마(셀트리온)의 급여 상한액은 유지되며, 알닥톤필름코팅정(화이자) 등 5개 품목은 상한액이 인상되고 렉라자(유한양행) 등 7개 품목의 상한액은 인하된다.보건복지부는 23일, 이와 같은 내용을 담아 ‘약제 급여 목록 및 급여 상한금액.","[의약뉴스] 이달 말과 내달 초, 엑스탄디(아스텔라스) 제네릭과 브리비액트(유씨비) 제네릭이 대거 약제 급여 목록에 가세한다.기존 등재 품목 중 린버크(애브비)와 줄토피(노보노디스크), 셈블릭스(노바티스)는 약가 유연계약으로 변경 등재된다.내달 1일 상한액이 인하될 예정이었던 악템라(JW중외제약)과 앱토즈마(셀트리온)의 급여 상한액은 유지되며, 알닥톤필름코팅정(화이자) 등 5개 품목은 상한액이 인상되고 렉라자(유한양행) 등 7개 품목의 상한액은 인하된다.보건복지부는 23일, 이와 같은 내용을 담아 ‘약제 급여 목록 및 급여 상한금액",local,10,메나리니,,,0.9584186780446562,,1.0,0.9584186780446562,9.825358447787554,10.0,9.708930746312593,True
2026-06-25,BD,2026-06-26 06:02:00,Naver News,https://www.dailypharm.com/user/news/339798?REFERER=NP,"[데일리팜]급여등재 포기 편두통신약 일동 '레이보우', 국내 공급 중단",건강보험 급여 등재를 포기하고 비급여 시장을 택했던 일동제약의 편두통 신약 레이보우정(성분명 라스미디탄헤미숙신산염)이 결국 국내 시장에서 사라진다. 일동제약은 원개발사인 미국 일라이 릴리(Eli Lilly) 본사로부터 레이보우정의 생산 및 공급 중단 결정을 공식 통보받았다고 밝혔다. 이에 따라 레이보우정은 오는 2026년 12월을 끝으로 국내 판매가 전면 종료될 예정이다.,"건강보험 급여 등재를 포기하고 비급여 시장을 택했던 일동제약의 편두통 신약 레이보우정(성분명 라스미디탄헤미숙신산염)이 결국 국내 시장에서 사라진다. 일동제약은 원개발사인 미국 일라이 릴리(Eli Lilly) 본사로부터 레이보우정의 생산 및 공급 중단 결정을 공식 통보받았다고 밝혔다. 이에 따라 레이보우정은 오는 2026년 12월을 끝으로 국내 판매가 전면 종료될 예정이다. 단,…",local,10,판권,,,0.9563784148845961,,1.0,0.9563784148845961,9.816789342515303,10.0,9.694648904192173,False
2026-06-25,BD,2026-06-23 17:12:00,Naver News,https://www.sisajournal-e.com/news/articleView.html?idxno=421930,탈모藥 급여시 1797억 소요···건보 적용되면 오히려 약가 오를까 - 시사저널e,향후 탈모 치료제를 급여화할 경우 1797억원대 건강보험 재정이 소요될 것으로 예상되는 가운데 건강보험 적용 시 오히려 약값이.,[시사저널e=이상구 의약전문기자] 향후 탈모 치료제를 급여화할 경우 1797억원대 건강보험 재정이 소요될 것으로 예상되는 가운데 건강보험 적용 시 오히려 약값이,local,10,오가논,,,0.9549542161485545,,1.0,0.9549542161485545,9.810807707823928,10.0,9.68467951303988,False
2026-06-25,Distribution,2026-06-22 10:07:00,Naver News,https://www.mt.co.kr/thebio/2026/06/22/2026062210035415606,"DKSH, ""올 하반기 심근병증 치료제 '아트루비정' 품목 허가 신청"" - 머니투데이",DKSH코리아 헬스케어 사업부가 올 하반기 트랜스티레틴 아밀로이드성 심근병증(ATTR-CM) 치료제 '아트루비정'(성분명 아코라미디스염산염·가칭)에 대한 국내 품목 허가를 신청할 예정이라고 22일 밝혔다.,DKSH코리아 헬스케어 사업부가 올 하반기 트랜스티레틴 아밀로이드성 심근병증(ATTR-CM) 치료제 '아트루비정'(성분명 아코라미디스염산염·가칭)에 대한 국내 품목 허가를 신청할 예정이라고 22일 밝혔다.,local,10,DKSH,,,0.9461247025173446,,1.0,0.9461247025173446,9.773723750572845,10.0,9.622872917621411,False
2026-06-25,BD,2026-06-26 06:02:00,Naver News,https://www.dailypharm.com/user/news/339817?REFERER=NP,[데일리팜]린버크 등 약가유연계약 5품목 추가…7월 차액정산 주의,자가면역질환 치료제 린버크 등 5개 품목이 약가유연계약제 대상에 추가된다. 보건복지부에 따르면 오는 7월 1일부터 ▲린버크서방정15mg(한국애브비) ▲린버크서방정30mg ▲줄토피플렉스터치주(노보노디스크제약) ▲셈블릭스정20mg(한국노바티스) ▲셈블릭스정40mg 등 5품목이 약가유연계약제 적용을 받게 된다. 첫 약가유연계약제 대상에 포함된 ▲펙수클루정40mg(대웅제약) ▲위캡정40mg(대웅….,자가면역질환 치료제 린버크 등 5개 품목이 약가유연계약제 대상에 추가된다. 보건복지부에 따르면 오는 7월 1일부터 ▲린버크서방정15mg(한국애브비) ▲린버크서방정30mg ▲줄토피플렉스터치주(노보노디스크제약) ▲셈블릭스정20mg(한국노바티스) ▲셈블릭스정40mg 등 5품목이 약가유연계약제 적용을 받게 된다. 첫 약가유연계약제 대상에 포함된 ▲펙수클루정40mg(대웅제약) ▲위캡정40mg(대웅…,local,10,생물학적제제,,,0.9436189358697639,,1.0,0.9436189358697639,9.763199530653008,10.0,9.605332551088347,False
2026-06-25,Client,2026-06-25 16:45:00,Naver News,https://www.mt.co.kr/thebio/2026/06/25/2026062516043399827,"""치료 시급한 비만환자, 급여화 절실""…탈모약 건보에 '비만 치료'도 주목 - 머니투데이","25일 의료계에 따르면 대한비만학회는 비만치료제의 건강보험(건보) 급여화 논의를 위한 공청회를 계획 중이다. 학회 관계자는 ""치료가 시급한 고위험군 환자를 중심으로 급여화에 속도를 내야 한단 취지의 의견서를 정부에 제출한 상황""이라며 ""하반기 관련 공청회 등을 통해 정부 차원의 논의를 촉구할 생각""이라고 말했다.","25일 의료계에 따르면 대한비만학회는 비만치료제의 건강보험(건보) 급여화 논의를 위한 공청회를 계획 중이다. 학회 관계자는 ""치료가 시급한 고위험군 환자를 중심으로 급여화에 속도를 내야 한단 취지의 의견서를 정부에 제출한 상황""이라며 ""하반기 관련 공청회 등을 통해 정부 차원의 논의를 촉구할 생각""이라고 말했다.",local,10,마운자로,,,0.9434219633729826,,1.0,0.9434219633729826,9.762372246166525,10.0,9.603953743610877,True
2026-06-25,BD,2026-06-26 07:02:00,Naver News,https://www.thebell.co.kr/free/content/ArticleView.asp?key=202606251413136320104018,"[더벨]노바셀테크, 중복상장 우려 프리IPO 난항 '주관사 수혈'","해당 물질은 라이선스 아웃을 통해 파트너사를 확보해 노바셀테크놀로지의 직접적인 비용 지출 부담이 낮다. 안구건조증 적응증은 휴온스가, 아토피 피부염 적응증은 동구바이오제약이 각각 라이선스를 보유하고... ","해당 물질은 라이선스 아웃을 통해 파트너사를 확보해 노바셀테크놀로지의 직접적인 비용 지출 부담이 낮다. 안구건조증 적응증은 휴온스가, 아토피 피부염 적응증은 동구바이오제약이 각각 라이선스를 보유하고... ",local,10,라이선스,,,0.9432458744030268,,1.0,0.9432458744030268,9.761632672492713,10.0,9.602721120821187,False
2026-06-25,Client,2026-06-23 14:05:00,Naver News,https://www.mk.co.kr/article/12080801,"한독, 항암·희귀질환 도입 효과 본격화...1분기 흑자 전환 - 매일경제",사노피 항암제 등 신규 도입 첫 분기 매출 합류 전문의약품 매출 18.4% 증가하며 실적 개선 견인.,사노피 항암제 등 신규 도입 첫 분기 매출 합류 전문의약품 매출 18.4% 증가하며 실적 개선 견인,local,10,한독,,,0.9365112173024749,,1.0,0.9365112173024749,9.733347112670394,10.0,9.555578521117322,True
2026-06-25,Zuellig,2026-06-23 14:26:00,Naver News,https://www.rapportian.com/news/articleView.html?idxno=237382,"쥴릭파마코리아, 어린이 대상 의약품 안전교육 실시",쥴릭파마코리아가 어린이들의 올바른 의약품 사용 습관 형성을 돕기 위한 의약품 안전교육 사회공헌 활동을 진행했다.쥴릭파마코리아는 지난 18일 경기도 안성시 별빛누리유치.,[라포르시안] 쥴릭파마코리아가 어린이들의 올바른 의약품 사용 습관 형성을 돕기 위한 의약품 안전교육 사회공헌 활동을 진행했다.쥴릭파마코리아는 지난 18일 경기도 안성시 별빛누리유치,local,10,쥴릭,,,0.9360936639195138,,1.0,0.9360936639195138,9.731593388461958,10.0,9.552655647436596,True
2026-06-25,BD,2026-06-26 07:06:00,Naver News,https://www.kpanews.co.kr/news/articleView.html?idxno=537452,[ASCO싱가포르] 730억달러 ADC 시장 고민…표적·페이로드 쏠림 심화 - 약사공론,"항체-약물 접합체(ADC) 시장이 폭발적으로 성장하며 항암 영역의 대세로 자리 잡았으나, 특정 표적과 페이로드(약물)에만 개발이 쏠리는 ‘글로벌 ADC 생태계의.","항체-약물 접합체(ADC) 시장이 폭발적으로 성장하며 항암 영역의 대세로 자리 잡았으나, 특정 표적과 페이로드(약물)에만 개발이 쏠리는 ‘글로벌 ADC 생태계의",local,10,계약,,,0.9360394507149183,,1.0,0.9360394507149183,9.731365693002656,10.0,9.552276155004428,False
2026-06-25,BD,2026-06-26 06:06:00,Naver News,https://www.medipana.com/news/articleView.html?idxno=413594,도수치료는 시작일 뿐…신경외과계가 본 의료현장의 위기 - 메디파나뉴스,도수치료 관리급여 시행을 앞두고 신경외과계의 위기감이 커지고 있다. 낮은 수가와 복잡한 시행 기준 탓에 개원가에서는 이미 도수치료.,[메디파나뉴스 = 박으뜸 기자] 도수치료 관리급여 시행을 앞두고 신경외과계의 위기감이 커지고 있다. 낮은 수가와 복잡한 시행 기준 탓에 개원가에서는 이미 도수치료,local,10,합병,,,0.9351589275121518,,1.0,0.9351589275121518,9.727667495551037,10.0,9.546112492585062,False
2026-06-25,BD,2026-06-26 07:02:00,Naver News,https://www.thebell.co.kr/free/content/ArticleView.asp?key=202606251529143160103059,"[더벨][스카이랩스 IPO] 대웅제약 의존도 98%, 성장성에 가려진 '독점 유...",스카이랩스는 2023년 6월 대웅제약과 반지형 연속혈압측정기 '카트원BP'의 국내 판권 계약을 체결했고 이듬해 본격적인 매출 증가세가 시작됐다. 2024년 출시한 후속 제품 '카트 비피 프로'의 국내 유통도 대웅제약이... ,스카이랩스는 2023년 6월 대웅제약과 반지형 연속혈압측정기 '카트원BP'의 국내 판권 계약을 체결했고 이듬해 본격적인 매출 증가세가 시작됐다. 2024년 출시한 후속 제품 '카트 비피 프로'의 국내 유통도 대웅제약이... ,local,10,판권,,,0.9345932652251947,,1.0,0.9345932652251947,9.725291713945817,10.0,9.542152856576362,False
2026-06-25,BD,2026-06-26 07:02:00,Naver News,https://www.thebell.co.kr/free/content/ArticleView.asp?key=202606251106535160101151,"[더벨]프로티나, 결실 이룬 '미국 진출 전략' 1년 계약 연장 관건",실제 계약으로 연결하는 모습이다. 미국 고객 확보를 위한 사업개발(BD)과 글로벌 네트워크 구축이 미국 제약사 프로젝트와 최근 다국적 제약사 계약으로 이어졌다. 하지만 현재 확보한 프로젝트 상당수는 1년... ,실제 계약으로 연결하는 모습이다. 미국 고객 확보를 위한 사업개발(BD)과 글로벌 네트워크 구축이 미국 제약사 프로젝트와 최근 다국적 제약사 계약으로 이어졌다. 하지만 현재 확보한 프로젝트 상당수는 1년... ,local,10,계약,,,0.9334464300828093,,1.0,0.9334464300828093,9.720475006347797,10.0,9.534125010579665,False
2026-06-25,BD,2026-06-26 07:06:00,Naver News,https://www.kpanews.co.kr/news/articleView.html?idxno=537461,PVA 협상지침 개정…혁신형 제약기업 인하율 30% 감면 신설 - 약사공론,사용량-약가연동협상지침에 혁신형 제약기업에 대한 약가인하율 감면과 환급계약 제도가 새롭게 도입됐다.건보공단은 25일 '사용량-약가연동협상(PVA) 세부운영지침'.,사용량-약가연동협상지침에 혁신형 제약기업에 대한 약가인하율 감면과 환급계약 제도가 새롭게 도입됐다.건보공단은 25일 '사용량-약가연동협상(PVA) 세부운영지침',local,10,계약,,,0.9313720882337945,,1.0,0.9313720882337945,9.711762770581934,10.0,9.51960461763656,False
2026-06-25,BD,2026-06-24 14:12:00,Naver News,https://www.pinpointnews.co.kr/news/articleView.html?idxno=462692,"수입산 판치던 연구실 싹 바꿨다…대한과학, 토종 기술로 거둔 대반전",콜드체인(저온 유통) 테마가 바이오 의약품과 백신 시장 성장에 따른 저온 보관·운송 수요 확대 기대감에 힘입어 상승 흐름을 나타내고 있다.최근 고부가가치 바이오 의약품 비중이 커지면서 정밀 온도 관리 기술과 냉장·냉동 물류 인프라를 보유한 기업들의 성장 가능성이 주목받는 모습이다.한국거래소에 따르면 이날 오후 2시6분 현재 대한과학은 4.31% 상승한 3510원에 거래되고 있다. 실험 장비와 초저온 냉동고 등 바이오 연구용 장비 경쟁력이 부각되면서 투자자들의 관심이 이어지고 있다.대창솔루션과 한익스프레스는 냉동·냉장 설비 및 물류.,콜드체인(저온 유통) 테마가 바이오 의약품과 백신 시장 성장에 따른 저온 보관·운송 수요 확대 기대감에 힘입어 상승 흐름을 나타내고 있다.최근 고부가가치 바이오 의약품 비중이 커지면서 정밀 온도 관리 기술과 냉장·냉동 물류 인프라를 보유한 기업들의 성장 가능성이 주목받는 모습이다.한국거래소에 따르면 이날 오후 2시6분 현재 대한과학은 4.31% 상승한 3510원에 거래되고 있다. 실험 장비와 초저온 냉동고 등 바이오 연구용 장비 경쟁력이 부각되면서 투자자들의 관심이 이어지고 있다.대창솔루션과 한익스프레스는 냉동·냉장 설비 및 물류,local,10,콜드체인,,,0.9301577738692922,,1.0,0.9301577738692922,9.706662650251026,10.0,9.511104417085045,False
2026-06-25,Zuellig,2026-06-22 05:56:00,Naver News,https://www.kpanews.co.kr/news/articleView.html?idxno=537104,"""강의에 집중"" 1900명 한자리 경남약사학술제, 전문성 강화 - 약사공론",2026 경남약사학술제 및 제52회 팜엑스포가 20~21일 창원컨벤션센터(CECO)에서 개최됐다. 올해 행사는 1900여 명의 회원이 참석한 가운데 학술 강의 중.,2026 경남약사학술제 및 제52회 팜엑스포가 20~21일 창원컨벤션센터(CECO)에서 개최됐다. 올해 행사는 1900여 명의 회원이 참석한 가운데 학술 강의 중,local,10,쥴릭,,,0.9225873313726357,,1.0,0.9225873313726357,9.67486679176507,10.0,9.458111319608449,True
2026-06-25,BD,2026-06-26 07:02:00,Naver News,https://www.sedaily.com/article/20060162?ref=naver,롯데바이오 “한미 공장 연계 전략으로 연내 2건 수주 가능”,접근이 거부되었습니다 관리자에게 문의하세요 Email : 홈으로 돌아가기.,"403
접근이 거부되었습니다
관리자에게 문의하세요
Email : sscinfra@ssc.co.kr
홈으로 돌아가기",local,10,계약,,,0.9223828308530682,,1.0,0.9223828308530682,9.674007889582885,10.0,9.456679815971476,False
2026-06-25,BD,2026-06-26 06:01:00,Naver News,https://www.newsis.com/view/NISX20260625_0003683715,"""터지면 잭팟""…바이오 기술수출 금맥은 '항암제'","ADC(항체-약물 접합체), 이중항체 등 항암제 개발을 위한 치료 기술이 글로벌 대형 계약의 주류를 이뤘다. 26일 신한투자증권이 의약품 시장조사기관 이밸류에이트 파마의 자료를 인용해 분석한 보고서에 따르면, 2020~2025년 선급금 기준 상위 10개의 제약바이오 기술 수출 계약 중 6개가 항암제 관련이었다. 대부분 ADC,..","[서울=뉴시스]송연주 기자 = ADC(항체-약물 접합체), 이중항체 등 항암제 개발을 위한 치료 기술이 글로벌 대형 계약의 주류를 이뤘다. 26일 신한투자증권이 의약품 시장조사기관 이밸류에이트 파마의 자료를 인용해 분석한 보고서에 따르면, 2020~2025년 선급금 기준 상위 10개의 제약바이오 기술 수출 계약 중 6개가 항암제 관련이었다. 대부분 ADC,..",local,10,파트너십,,,0.9191933656782162,,1.0,0.9191933656782162,9.660612135848508,10.0,9.434353559747514,False
2026-06-25,BD,2026-06-26 06:12:00,Naver News,https://www.hitnews.co.kr/news/articleView.html?idxno=77168,"샌디에이고의 잠 못드는 밤… 1200명 운집 코리아나이트 ""할 수 있다""","세계 최대 규모 바이오 행사인 바이오USA에서 열린 '코리아 나이트'가 수많은 국내외 제약바이오 관계자들로 성황을 이뤘다. 단순한 친목 행사를 넘어 국내 기업과 글로벌 제약사, 투자자들이 자연스럽게 만나 협력 기회를 모색하는 대표 네트워킹 행사로 성장했다는 평가다.23일(현지시간) 저녁 미국 샌디에이고 힐튼 베이프런트에서 열린 코리아 나이트(Korea Night) 행사장에는 국내외 제약바이오 관계자 1200여명 이상이 몰렸다. 특히 올해는 해외 참가자 비중이 약 55%로 역대 최고 수준을 기록한 것으로 나.","[샌디에이고=김동우 기자] 세계 최대 규모 바이오 행사인 바이오USA에서 열린 '코리아 나이트'가 수많은 국내외 제약바이오 관계자들로 성황을 이뤘다. 단순한 친목 행사를 넘어 국내 기업과 글로벌 제약사, 투자자들이 자연스럽게 만나 협력 기회를 모색하는 대표 네트워킹 행사로 성장했다는 평가다.23일(현지시간) 저녁 미국 샌디에이고 힐튼 베이프런트에서 열린 코리아 나이트(Korea Night) 행사장에는 국내외 제약바이오 관계자 1200여명 이상이 몰렸다. 특히 올해는 해외 참가자 비중이 약 55%로 역대 최고 수준을 기록한 것으로 나",local,10,파트너십,,,0.9177983603362054,,1.0,0.9177983603362054,9.654753113412063,10.0,9.424588522353439,False
2026-06-25,BD,2026-06-26 07:02:00,Naver News,https://www.sedaily.com/article/20060125?ref=naver,“中 푸싱제약 전략투자…3대 주주로 참여”,접근이 거부되었습니다 관리자에게 문의하세요 Email : 홈으로 돌아가기.,"403
접근이 거부되었습니다
관리자에게 문의하세요
Email : sscinfra@ssc.co.kr
홈으로 돌아가기",local,10,판권,,,0.9165471587241093,,1.0,0.9165471587241093,9.649498066641257,10.0,9.415830111068765,False
2026-06-25,Distribution,2026-06-25 15:32:00,Naver News,https://www.g-enews.com/view.php?ud=202606251516033071740eacf404_1,EU 포장 규제 앞두고…식품업계 친환경 기술 '주목' - 글로벌이코노믹,"오는 8월 유럽연합(EU)의 포장 및 포장폐기물 규정(PPWR) 일부 시행을 앞두고 국내 식품업계가 개발해온 친환경 포장 기술과 바이오소재가 다시 주목받고 있다. K푸드의 유럽 수출이 성장세를 이어가는 가운데 식품기업들이 개발해온 친환경 기술에도 관심이 쏠리고 있다.CJ제일제당과 대상,.","오는 8월 유럽연합(EU)의 포장 및 포장폐기물 규정(PPWR) 일부 시행을 앞두고 국내 식품업계가 개발해온 친환경 포장 기술과 바이오소재가 다시 주목받고 있다. K푸드의 유럽 수출이 성장세를 이어가는 가운데 식품기업들이 개발해온 친환경 기술에도 관심이 쏠리고 있다.CJ제일제당과 대상,",local,10,CJ,,,0.9154223159338304,,1.0,0.9154223159338304,9.644773726922088,10.0,9.407956211536813,False
2026-06-25,BD,2026-06-26 07:02:00,Naver News,https://www.thebell.co.kr/free/content/ArticleView.asp?key=202606251223414960102364,"[더벨]리스큐어바이오, 프리IPO 1년 만에 밸류 낮춘 추가 펀딩",ExoPN-101은 최근 글로벌 제약사와 물질이전계약(MTA)을 체결하며 플랫폼 활용 범위를 넓혔다.... 공동연구개발 계약을 체결했다. 기존 주주에는 국내 벤처캐피털과 전략적 투자자가 다수 참여하고 있다. 한국투자... ,ExoPN-101은 최근 글로벌 제약사와 물질이전계약(MTA)을 체결하며 플랫폼 활용 범위를 넓혔다.... 공동연구개발 계약을 체결했다. 기존 주주에는 국내 벤처캐피털과 전략적 투자자가 다수 참여하고 있다. 한국투자... ,local,10,계약,,,0.9148866806783132,,1.0,0.9148866806783132,9.642524058848915,10.0,9.404206764748192,False
2026-06-25,Client,2026-06-25 12:00:00,Naver News,https://www.m-i.kr/news/articleView.html?idxno=1383163,[넥스트 코리아] 신약개발에 승부 건 K-제약산업… 구조 선진화 앞장,"매일일보 = 이용 기자 | 오랜 기간 제네릭 중심의 사업 구조에 머물렀던 제약기업들이 자체 신약의 매출 성과와 기술수출 소식이 잇따르면서, 국내 제약산업도 연구개발(R&D) 중심의 선진형 산업으로 재편됐단 평가가 나온다.25일 업계에 따르면, 올해 아리바이오, 한미약품, 큐라클, 오스코텍 등 4개 기업이 조단위 기술수출을 성사했다.국내 바이오벤처 아리바이오가 중국 푸싱제약과 알츠하이머병 치료제 ‘AR1001’의 글로벌 사업화를 위한 초대형 계약을 체결했다. 계약 규모는 총 47억달러(한화 약 7조원)에 달해, 국내 바이오 산업 역사.","매일일보 = 이용 기자 | 오랜 기간 제네릭 중심의 사업 구조에 머물렀던 제약기업들이 자체 신약의 매출 성과와 기술수출 소식이 잇따르면서, 국내 제약산업도 연구개발(R&D) 중심의 선진형 산업으로 재편됐단 평가가 나온다.25일 업계에 따르면, 올해 아리바이오, 한미약품, 큐라클, 오스코텍 등 4개 기업이 조단위 기술수출을 성사했다.국내 바이오벤처 아리바이오가 중국 푸싱제약과 알츠하이머병 치료제 ‘AR1001’의 글로벌 사업화를 위한 초대형 계약을 체결했다. 계약 규모는 총 47억달러(한화 약 7조원)에 달해, 국내 바이오 산업 역사",local,10,얀센,,,0.9125946924201793,,1.0,0.9125946924201793,9.632897708164753,10.0,9.388162846941256,True
2026-06-25,BD,2026-06-25 14:44:00,Naver News,https://www.ebn.co.kr/news/articleView.html?idxno=1713920,"DXVX, 유럽 바이오기업과 세 번째 MTA 체결…KRNA 글로벌 검증 확대 - 이비엔(EBN)뉴스센터",디엑스앤브이엑스(DXVX)가 자사의 범용 핵산 안정화 플랫폼 'KRNA'에 대해 유럽 소재 생명공학 기업과 세 번째 물질이전계약(MTA)을 체결했다고 25일 밝혔.,디엑스앤브이엑스(DXVX)가 자사의 범용 핵산 안정화 플랫폼 'KRNA'에 대해 유럽 소재 생명공학 기업과 세 번째 물질이전계약(MTA)을 체결했다고 25일 밝혔,local,10,백신,,,0.9013410375773288,,1.0,0.9013410375773288,9.58563235782478,10.0,9.3093872630413,False
2026-06-25,Client,2026-06-25 08:02:00,Naver News,https://www.edaily.co.kr/news/newspath.asp?newsid=02555126645485328,BIO USA 기대감에 비엘팜텍 강세…디앤디파마텍은 CB 전환에 약세[바이오맥짚기],"23일 국내 제약·바이오 섹터는 글로벌 바이오 파트너링 행사 'BIO USA 2026'을 둘러싼 기대감이 시장을 움직였다. 비엘팜텍이 행사 성과 기대감에 강세를 보였고, 큐로...","이 기사는 2026년06월24일 08시00분에 팜이데일리 프리미엄 콘텐츠로 선공개 되었습니다. 23일 국내 제약·바이오 섹터는 글로벌 바이오 파트너링 행사 'BIO USA 2026'을 둘러싼 기대감이 시장을 움직였다. 비엘팜텍이 행사 성과 기대감에 강세를 보였고, 큐로...",local,10,암젠,,,0.8989349251214698,,1.0,0.8989349251214698,9.575526685510173,10.0,9.292544475850288,True
2026-06-25,BD,2026-06-26 06:04:00,Naver News,https://www.segye.com/newsView/20260626500358?OutUrl=naver,"K-바이오, 중남미 영토 확장…경과원 지원 기업, 브라질 독점 라이선스 계약","경기도와 경기도경제과학진흥원(경과원)이 지원한 도내 바이오 벤처기업이 세계 최대 규모의 바이오·제약 전시회에서 중남미 거대 시장 진출의 교두보를 마련했다. 경과원은 이달 22일부터 25일까지 나흘간 미국 샌디에이고에서 개최된 ‘2026 바이오 인터내셔널 컨벤션(BIO USA 2026)’에 참가한 도내 바이오기업이 브라질 유력 제약사와 독점 라이선스 계약을 체결했다고 25일 밝혔다. ‘BIO USA’는 글로벌 다국적 제약사와 바이오테크 기업, 투자기관, 연구소 등이 집결해 신약 개발 정보와 첨단 의료기술 동향을 공유하는 권위 있는 제약·바이오 박람회다.","경기도와 경기도경제과학진흥원(경과원)이 지원한 도내 바이오 벤처기업이 세계 최대 규모의 바이오·제약 전시회에서 중남미 거대 시장 진출의 교두보를 마련했다. 경과원은 이달 22일부터 25일까지 나흘간 미국 샌디에이고에서 개최된 ‘2026 바이오 인터내셔널 컨벤션(BIO USA 2026)’에 참가한 도내 바이오기업이 브라질 유력 제약사와 독점 라이선스 계약을 체결했다고 25일 밝혔다. ‘BIO USA’는 글로벌 다국적 제약사와 바이오테크 기업, 투자기관, 연구소 등이 집결해 신약 개발 정보와 첨단 의료기술 동향을 공유하는 권위 있는 제약·바이오 박람회다.",local,10,라이선스,,,0.8984131427772817,,1.0,0.8984131427772817,9.573335199664582,10.0,9.28889199944097,False
2026-06-25,BD,2026-06-26 05:56:00,Naver News,https://www.pharmnews.com/news/articleView.html?idxno=304466,[칼럼] 스위스에서 찾은 200조 한국형 제약바이오 하이브리드 성장엔진 - 팜뉴스,"지도를 펼치면 국가의 운명이 보인다. 유럽 대륙 한복판에 위치한 스위스는 바다로 나갈 출구가 없는 내륙국가다. 알프스 산맥에 둘러싸인 작은 영토, 부족한 자원,.","지도를 펼치면 국가의 운명이 보인다. 유럽 대륙 한복판에 위치한 스위스는 바다로 나갈 출구가 없는 내륙국가다. 알프스 산맥에 둘러싸인 작은 영토, 부족한 자원,",local,10,M&A,,,0.944111916201218,,1.0,0.944111916201218,9.365270048045115,9.0,9.608783413408526,False
2026-06-25,BD,2026-06-26 07:02:00,Naver News,https://www.thebell.co.kr/free/content/ArticleView.asp?key=202606250615194380107742,"[더벨][TKG태광, 에이프릴바이오 인수] 에이프릴바이오, 4000억 유동성 '...",이 기사는 2026년 06월 26일 07시 00분 더벨 무료페이지에 표출된 기사입니다. 에이프릴바이오가 IMM인베스트먼트·TKG태광 컨소시엄의 3자배정 유증으로 4300억원이 넘는 유동성을 확보하게 된다. IPO 당시부터 제시해... ,이 기사는 2026년 06월 26일 07시 00분 더벨 무료페이지에 표출된 기사입니다. 에이프릴바이오가 IMM인베스트먼트·TKG태광 컨소시엄의 3자배정 유증으로 4300억원이 넘는 유동성을 확보하게 된다. IPO 당시부터 제시해... ,local,10,인수,,,0.9351598568389775,,1.0,0.9351598568389775,9.327671398723705,9.0,9.546118997872842,False
2026-06-25,BD,2026-06-26 06:12:00,Naver News,https://www.koreadaily.com/article/20260625141155561,"한인, 일본 최대 제약사 수장됐다 | 미주중앙일보","줄리 김, 다케다 CEO에 취임 245년 역사 첫 한인 대표이사 다트머스 출신 업계 30년 경력.","줄리 김, 다케다 CEO에 취임 245년 역사 첫 한인 대표이사 다트머스 출신 업계 30년 경력",local,10,인수,,,0.9099896021243836,,1.0,0.9099896021243836,9.221956328922412,9.0,9.369927214870685,False
2026-06-25,BD,2026-06-26 07:12:00,Naver News,https://www.thebell.co.kr/free/content/ArticleView.asp?key=202606251529316960104039,"[더벨][2026 BIO USA] 삼성바이오로직스, 항체 넘어 펩타이드로…GLP-1 검...",삼성바이오로직스는 3월 31일 미국 록빌 공장 인수로 글로벌 총 생산능력을 84만5000L까지 끌어올렸다. 국내에서는 6공장(18만L) 착공 여부를 연내 결정해 2032년까지 제2바이오캠퍼스(5~8공장)를 완성하고 송도 내 132만5000L... ,삼성바이오로직스는 3월 31일 미국 록빌 공장 인수로 글로벌 총 생산능력을 84만5000L까지 끌어올렸다. 국내에서는 6공장(18만L) 착공 여부를 연내 결정해 2032년까지 제2바이오캠퍼스(5~8공장)를 완성하고 송도 내 132만5000L... ,local,10,인수,,,0.8977952358568584,,1.0,0.8977952358568584,9.170739990598804,9.0,9.284566650998007,False
2026-06-25,BD,2026-06-19 12:12:00,Naver News,https://www.kpanews.co.kr/news/articleView.html?idxno=537034,'엑스탄디 독주' 끝난다…엔잘루타미드 제네릭 경쟁 본격화 - 약사공론,성분 내 유일 자리를 유지하던 전립선암 치료제 엑스탄디(엔잘루타미드)의 물질특허 만료를 앞두고 국내 제약사들의 제네릭 제품 9개가 건강보험 급여권에 진입한다.,성분 내 유일 자리를 유지하던 전립선암 치료제 엑스탄디(엔잘루타미드)의 물질특허 만료를 앞두고 국내 제약사들의 제네릭 제품 9개가 건강보험 급여권에 진입한다. 특,local,10,아스텔라스,,,0.9680891256745151,,1.0,0.9680891256745151,9.065974327832963,8.0,9.776623879721605,False
2026-06-25,BD,2026-06-26 06:02:00,Naver News,https://www.dailypharm.com/user/news/339806?REFERER=NP,"[데일리팜]파슬로덱스 제네릭 경쟁 심화...동국·삼진, 내달 급여 가세","아스트라제네카의 유방암 치료제 파슬로덱스(풀베스트란트) 시장을 겨냥한 제네릭 경쟁이 하반기 본격화된다. 동국제약과 삼진제약이 내달 급여 진입하면서 보령과 한국코러스를 포함해 4파전 구도가 만들어졌다. 26일 업계에 따르면, 동국제약의 풀베란트프리필드주사(0.5g/1팩), 삼진제약의 풀베서드주(0.5g/1팩)가 내달 급여 목록에 이름을 올릴 예정이다. 지난 2022년 보령 ‘풀베트’….","아스트라제네카의 유방암 치료제 파슬로덱스(풀베스트란트) 시장을 겨냥한 제네릭 경쟁이 하반기 본격화된다. 동국제약과 삼진제약이 내달 급여 진입하면서 보령과 한국코러스를 포함해 4파전 구도가 만들어졌다. 26일 업계에 따르면, 동국제약의 풀베란트프리필드주사(0.5g/1팩), 삼진제약의 풀베서드주(0.5g/1팩)가 내달 급여 목록에 이름을 올릴 예정이다. 지난 2022년 보령 ‘풀베트’…",local,10,제네릭,,,0.9675444036137649,,1.0,0.9675444036137649,9.063686495177812,8.0,9.772810825296354,False
2026-06-25,Client,2026-06-23 06:10:00,Naver News,https://www.hitnews.co.kr/news/articleView.html?idxno=77048,엑스탄디 후발약 9품목 28일 등재… 약가 차이도 눈길,전립선암 치료제 '엑스탄디(성분명 엔잘루타마이드)'의 특허 만료와 함께 후발의약품 9개 품목이 이달 28일 건강보험 급여목록에 등재된다.다수 제약사가 시장에 동시 진입하는 가운데 품목별 상한금액에도 차이가 나타나 경쟁 구도에 관심이 쏠린다.보건복지부 약제급여목록 및 급여상한금액표에 따르면 엔잘루타마이드 후발의약품 9개 품목이 6월 28일부터 신규 등재된다.이번에 등재되는 품목은 △지엘파마의 프로엔자연질캡슐 △알보젠코리아의 아나미드연질캡슐 △동국제약의 엔타미드연질캡슐 △에이치엘비제약의 엘비탄디연질캡슐 △JW중외제약의 트루엔자연질캡슐.,전립선암 치료제 '엑스탄디(성분명 엔잘루타마이드)'의 특허 만료와 함께 후발의약품 9개 품목이 이달 28일 건강보험 급여목록에 등재된다.다수 제약사가 시장에 동시 진입하는 가운데 품목별 상한금액에도 차이가 나타나 경쟁 구도에 관심이 쏠린다.보건복지부 약제급여목록 및 급여상한금액표에 따르면 엔잘루타마이드 후발의약품 9개 품목이 6월 28일부터 신규 등재된다.이번에 등재되는 품목은 △지엘파마의 프로엔자연질캡슐 △알보젠코리아의 아나미드연질캡슐 △동국제약의 엔타미드연질캡슐 △에이치엘비제약의 엘비탄디연질캡슐 △JW중외제약의 트루엔자연질캡슐,local,10,아스텔라스,,,0.965198900788565,,1.0,0.965198900788565,9.053835383311974,8.0,9.756392305519954,True
2026-06-25,Client,2026-06-23 11:50:00,Naver News,https://www.medicaltimes.com/Main/News/NewsView.html?ID=1169401&ref=naverpc,[메디칼타임즈] 췌장 기능장애 처방시장 더 커진다…양분구조에서 다품목 확산,"애보트와 한국팜비오가 양분하고 있던 췌장 외분비 기능 장애 소화제 시장이 다수 경쟁 체제로 전환되는 모습이다.이는 정제로 전환을 시도한 테라젠이텍스가 위수탁사업을 확대하는데다, 정우신약 등 추가적인 제약사의 진입이 이어지고 있는 것.기존 췌장 외분비 기능장애 소화제 시장을 양분하던 크레온캡슐과 노자임캡슐 제품사진. 식품의약품안전처 품목허가 현황에 따르면 지난 22일 대웅제약은 '판크레노정25000(판크레아스분말)'의 허가를 획득했다.해당 품목은 췌장 외분비 기능장애에 사용되는 소화효소제로 쓰이는 판크레아스 분말의 정제 제형의 품목이다.이 약은 췌장 기능을 잃은 만성췌장염 환자에서 지방 및 비타민 흡수를 돕는 췌장효소의 역할을 대신한다.기존 해당 시장은 일반의약품 비급여 수입의약품인 애보트의 '크레온캡슐'과 한국팜비오의 '노자임캡슐'이 양분해왔다.하지만 지난해 테라젠이텍스가 처음 정제로 전환한 품목을 허가 받았고, 지난 3월에는 정우신약 역시 정제 전환 품목을 허가 받으며 시장에 뛰어들었다.이런 상황에서 테라젠이텍스가 이번에 허가 받은 대웅제약의 품목과 대원제약의 품목 등을 생산하며, 추가로 시장 진입 품목을 확대하고 있는 상황이다.아울러 테라젠이텍스의 품목 허가 이후 애보트가 추진했던 적극적 권리범위 확인 심판도 취하되며 사실상 장벽도 사라졌다.이는 크레온캡슐에 등재돼 있던 2026년 8월 15일 만료 예정인 '산 불안정성 약제를 위한 조절방출 약제학적 조성물' 특허의 적극적 권리범위 확인 심판을 통해 새 주자들의 진입을 막으려 했으나 이를 포기한 것.결국 특허 장벽이 사라지면서 정제의 진입 등이 자유로워졌고 관련 품목이 추가되는 상황이됐다.아울러 한국팜비오 역시 지난 2월 정제인 '노자임미세정40000(판크레아틴장용성제피미세정)'을 허가 받으며 국내 제조 정제 품목을 추가했다.결국 수입 캡슐형 제형으로 양분돼 있던 시장에서 국내 제조 정제 품목들이 시장에서 본격적인 경쟁을 벌이며 다수 경쟁 체제로 돌입했다.다만 해당 시장의 경우 아직 비급여 일반의약품 시장에다 매출 자체가 크지는 않은 상태라는 점에서 향후 변화는 지켜봐야할 것으로 보인다.","[메디칼타임즈=허성규 기자] 애보트와 한국팜비오가 양분하고 있던 췌장 외분비 기능 장애 소화제 시장이 다수 경쟁 체제로 전환되는 모습이다.이는 정제로 전환을 시도한 테라젠이텍스가 위수탁사업을 확대하는데다, 정우신약 등 추가적인 제약사의 진입이 이어지고 있는 것.기존 췌장 외분비 기능장애 소화제 시장을 양분하던 크레온캡슐과 노자임캡슐 제품사진. 식품의약품안전처 품목허가 현황에 따르면 지난 22일 대웅제약은 '판크레노정25000(판크레아스분말)'의 허가를 획득했다.해당 품목은 췌장 외분비 기능장애에 사용되는 소화효소제로 쓰이는 판크레아스 분말의 정제 제형의 품목이다.이 약은 췌장 기능을 잃은 만성췌장염 환자에서 지방 및 비타민 흡수를 돕는 췌장효소의 역할을 대신한다.기존 해당 시장은 일반의약품 비급여 수입의약품인 애보트의 '크레온캡슐'과 한국팜비오의 '노자임캡슐'이 양분해왔다.하지만 지난해 테라젠이텍스가 처음 정제로 전환한 품목을 허가 받았고, 지난 3월에는 정우신약 역시 정제 전환 품목을 허가 받으며 시장에 뛰어들었다.이런 상황에서 테라젠이텍스가 이번에 허가 받은 대웅제약의 품목과 대원제약의 품목 등을 생산하며, 추가로 시장 진입 품목을 확대하고 있는 상황이다.아울러 테라젠이텍스의 품목 허가 이후 애보트가 추진했던 적극적 권리범위 확인 심판도 취하되며 사실상 장벽도 사라졌다.이는 크레온캡슐에 등재돼 있던 2026년 8월 15일 만료 예정인 '산 불안정성 약제를 위한 조절방출 약제학적 조성물' 특허의 적극적 권리범위 확인 심판을 통해 새 주자들의 진입을 막으려 했으나 이를 포기한 것.결국 특허 장벽이 사라지면서 정제의 진입 등이 자유로워졌고 관련 품목이 추가되는 상황이됐다.아울러 한국팜비오 역시 지난 2월 정제인 '노자임미세정40000(판크레아틴장용성제피미세정)'을 허가 받으며 국내 제조 정제 품목을 추가했다.결국 수입 캡슐형 제형으로 양분돼 있던 시장에서 국내 제조 정제 품목들이 시장에서 본격적인 경쟁을 벌이며 다수 경쟁 체제로 돌입했다.다만 해당 시장의 경우 아직 비급여 일반의약품 시장에다 매출 자체가 크지는 않은 상태라는 점에서 향후 변화는 지켜봐야할 것으로 보인다.",local,10,애보트,,,0.9509674065848585,,1.0,0.9509674065848585,8.994063107656405,8.0,9.656771846094008,True
2026-06-25,BD,2026-06-26 05:30:00,Naver News,https://www.medicaltimes.com/Main/News/NewsView.html?ID=1169456&ref=naverpc,[메디칼타임즈] 뇌전증 브리바라세탐 7월 급여…종근당·대웅 7개사 진입,1차 약제로도 발작이 잡히지 않는 뇌전증 환자들의 치료 선택지가 넓어진다. 또한 안구건조증을 호소하는 환자들도 신약 급여화로 약제비 부담이 크게 줄어든다.25일 제약업계에 따르면 지난 22일 열린 건강보험정책심의위원회 서면의결을 통해 브리바라세탐 제네릭 7개사 제품을 7월부터 급여 적용하기로 확정했다. 이와 함께 안구건조증 인공눈물 시스폴점안액도 급여권에 진입한다.이번에 새롭게 건강보험 혜택을 받게 된 결정신청 약제는 약가협상 및 협상생략 단계를 거친 신약 30품목을 포함해 총 99품목이다.,"[메디칼타임즈=이지현 기자] 1차 약제로도 발작이 잡히지 않는 뇌전증 환자들의 치료 선택지가 넓어진다. 또한 안구건조증을 호소하는 환자들도 신약 급여화로 약제비 부담이 크게 줄어든다.25일 제약업계에 따르면 지난 22일 열린 건강보험정책심의위원회 서면의결을 통해 브리바라세탐 제네릭 7개사 제품을 7월부터 급여 적용하기로 확정했다. 이와 함께 안구건조증 인공눈물 시스폴점안액도 급여권에 진입한다.이번에 새롭게 건강보험 혜택을 받게 된 결정신청 약제는 약가협상 및 협상생략 단계를 거친 신약 30품목을 포함해 총 99품목이다. 이중 주목받는 주요 신약 성분은 안과용제인 '폴리에틸렌글리콜400·프로필렌글리콜' 복합 성분과 항전간제(뇌전증 치료제)인 '브리바라세탐' 성분이다.  ■ 뇌전증 치료제 브리바라세탐 제네릭 7개사 급여 진입브리바라세탐은 시냅스 소포 단백질(SV2A)에 결합해 신경전달물질 방출을 억제하는 항뇌전증제다.해당 약제는 임상시험에서 기존 항뇌전증제로 조절되지 않는 난치성 부분발작 환자의 발작 빈도를 위약 대비 통계적으로 유의하게 감소시키는 등 임상적 유용성을 인정받았다.내달부터 브리바라세탐, 시스폴점안액 등 급여권 진입하면서 환자 부담이 대폭 경감될 전망이다. 16세 이상 뇌전증 환자에서 2차성 전신발작을 동반하거나 동반하지 않는 부분발작 치료의 부가요법으로 허가돼 있다. 기존 1차제인 레비티라세탐과 같은 SV2A 계열이지만 결합 친화도와 선택성이 더 높은 것으로 알려져 있다.이번에 급여 등재되는 제품은 종근당(브리베타정), 대웅제약(브리바탑정), 부광약품(부광브리필정), 삼진제약(브리세탐정), 명인제약(부리팜정), 환인제약(브리바정), 현대약품(브릴렉트정) 등 7개사 29개 품목이다.상한금액은 함량별로 10mg 256원, 25mg 513원, 50mg 770원, 75mg 963원, 100mg 1155원이다.  브리바라세탐 약제는 대체약제 1일 가중비용(1713원) 대비 고가였으나, 제약사들이 일제히 약가협상생략기준금액 이하를 수용하면서 협상 절차를 생략하면서 7월 조기 등재가 가능해졌다.건보공단과의 협상에 따라 연간 예상 청구금액은 65억원, 대상 환자 수는 약 1만 1564명으로 추산된다. 환자 1인당 연간 투약비용은 약 56만 2100원이며, 30% 본인부담 시 환자는 연간 약 16만 8630원만 부담하면 된다.■ 안구건조증 인공눈물 '시스폴점안액' 급여유니메드제약의 시스폴점안액(폴리에틸렌글리콜400·프로필렌글리콜)도 7월부터 급여권에 들어온다. 미국에서 2009년 허가된 성분으로 국내에는 지난해 4월 품목허가를 받은 일회용 인공눈물이다.상한금액은 1관(0.4mL)당 207원으로, 기존 급여 인공눈물인 히알루론산나트륨·카르복시메틸셀룰로오스·폴리소르베이트80 등의 가중평균가보다 저렴하다.임상적으로는 기존 대체약제와 삼투압 수치, 눈물막 파괴 시간 등에서 유사한 효과를 보인다는 평가를 받았다.환자 1인당 연간 투약비용은 약 3만 7000원이며 30% 본인부담 기준 실부담은 약 1만 1000원으로 대폭 낮아진다. 연간 대상 환자는 약 5만 4000명, 재정 소요는 20억원으로 예상된다.당초 대체약제 가중평균가보다 고가여서 비용효과성이 불분명하다는 이유로 비급여 처분 위기에 놓였으나, 제약사가 약가협상생략기준금액 이하를 수용함에 따라 신속하게 등재 절차를 밟았다.이밖에도 한국로슈의 유방암 치료제 '퍼제타주'는 환자단위 사용량 제한형에서 환급형으로 위험분담 유형이 변경되며 재계약 체결을 완료했다.  이어 한국릴리의 당뇨병 치료제 '트루리시티', 한국애브비의 '린버크서방정' 등이 사용량-약가 연동 협상(PVA) 체결에 따라 상한금액이 조정되거나 약가유연계약이 적용된다.반면 품목허가를 자진 취하한 대웅바이오 '글리아타민주', 한국노바티스 '졸레어주사' 등 기등재 약제 38품목은 급여 목록에서 삭제된다.",local,10,제네릭,,,0.9496463821028995,,1.0,0.9496463821028995,8.988514804832178,8.0,9.647524674720298,False
2026-06-25,Client,2026-06-24 17:30:00,Naver News,https://www.medicaltimes.com/Main/News/NewsView.html?ID=1169435&ref=naverpc,[메디칼타임즈] 글로벌서 입증된 예스카타 상륙…2차 치료 급여 승부수,"국내 재발·불응성 미만성 거대 B세포 림프종(Diffuse Large B-cell Lymphoma, DLBCL) 치료 시장에 지각변동이 예고됐다. 노바티스의 '킴리아'가 독점하던 시장에 최근 국산 CAR-T(Chimeric Antigen Receptor T-cell) 신약인 '림카토'가 등장한 데 이어, 글로벌 시장을 주도 중인 길리어드의 '예스카타(악시캅타젠실로류셀)'가 본격적인 국내 출시를 선언했다. 길리어드 사이언스 코리아는 24일 예스카타 국내 출시 기념 기자간담회를 개최하고, DLBCL 2차 치료 환경에서의 임상적 가치와 조기 급여 등재의 필요성을 공유했다.","[메디칼타임즈=문성호 기자]국내 재발·불응성 미만성 거대 B세포 림프종(Diffuse Large B-cell Lymphoma, DLBCL) 치료 시장에 지각변동이 예고됐다. 노바티스의 '킴리아'가 독점하던 시장에 최근 국산 CAR-T(Chimeric Antigen Receptor T-cell) 신약인 '림카토'가 등장한 데 이어, 글로벌 시장을 주도 중인 길리어드의 '예스카타(악시캅타젠실로류셀)'가 본격적인 국내 출시를 선언했다. 길리어드 사이언스 코리아는 24일 예스카타 국내 출시 기념 기자간담회를 개최하고, DLBCL 2차 치료 환경에서의 임상적 가치와 조기 급여 등재의 필요성을 공유했다",local,10,노바티스,,,0.9397484350757096,,1.0,0.9397484350757096,8.94694342731798,8.0,9.578239045529967,False
2026-06-25,BD,2026-06-25 15:16:00,Naver News,https://www.medicopharma.co.kr/news/articleView.html?idxno=68523,"일라이 릴리, 中 아비스코와 2.6조 규모 연구 협력 체결","일라이 릴리가 중국 바이오텍 아비스코 테라퓨틱스(Abbisko Therapeutics)와 최대 19억달러(약 2조 6000억원) 규모의 공동 연구 계약을 체결하며 기존 협력 관계를 확대, 신약 후보물질 발굴 역량 강화에 나섰다.25일 업계에 따르면, 일라.","[메디코파마뉴스=이호빈 기자] 일라이 릴리가 중국 바이오텍 아비스코 테라퓨틱스(Abbisko Therapeutics)와 최대 19억달러(약 2조 6000억원) 규모의 공동 연구 계약을 체결하며 기존 협력 관계를 확대, 신약 후보물질 발굴 역량 강화에 나섰다.25일 업계에 따르면, 일라",local,10,백신,,,0.9335413856919765,,1.0,0.9335413856919765,8.920873819906301,8.0,9.534789699843834,False
2026-06-25,BD,2026-06-23 11:12:00,Naver News,https://it.chosun.com/news/articleView.html?idxno=2023092164384,HLB ‘리보세라닙’ 7월 FDA 문턱 넘을까… 파트너社 불확실성 여전,"HLB의 간암 신약 후보물질 ‘리보세라닙’이 오는 7월 미국 식품의약국(FDA)의 최종 허가 판단을 앞두고 다시 시험대에 올랐다. 리보세라닙·캄렐리주맙 병용요법은 임상 유효성 측면에서는 허가 기대감을 키우고 있지만, 앞선 두 차례 보완요구서한(CRL)의 핵심 원인으로 지목된 캄렐리주맙.","HLB의 간암 신약 후보물질 ‘리보세라닙’이 오는 7월 미국 식품의약국(FDA)의 최종 허가 판단을 앞두고 다시 시험대에 올랐다. 리보세라닙·캄렐리주맙 병용요법은 임상 유효성 측면에서는 허가 기대감을 키우고 있지만, 앞선 두 차례 보완요구서한(CRL)의 핵심 원인으로 지목된 캄렐리주맙",local,10,생물학적제제,,,0.9323805744525283,,1.0,0.9323805744525283,8.915998412700619,8.0,9.526664021167697,False
2026-06-25,BD,2026-06-26 06:02:00,Naver News,http://www.docdocdoc.co.kr/news/articleView.html?idxno=3040386,AI·K바이오·다학제 잇는 대한암학회…'bench to bedside',"인공지능(AI)과 공간 전사체학 등 첨단 암 연구기술부터 국내 바이오기업의 항암 신약 후보물질, 암 다학제 진료와 근거가 부족한 비급여 암 보조치료의 재평가까지 한자리에서 논의된다.대한암학회는 올해 학술대회를 기초연구 성과를 환자 치료로 연결하고, 임상 현장에서 확인된 문제를 다시 연구와 정책 의제로 되돌리는 'bench to bedside, and back to bench'의 장으로 꾸렸다.대한암학회는 이달 25일부터 26일까지 양일간 그랜드 인터컨티넨탈 서울 파르나스에서 제52차 학술대회를 개최한다.올해 대회에는 세계 17개국에.","인공지능(AI)과 공간 전사체학 등 첨단 암 연구기술부터 국내 바이오기업의 항암 신약 후보물질, 암 다학제 진료와 근거가 부족한 비급여 암 보조치료의 재평가까지 한자리에서 논의된다.대한암학회는 올해 학술대회를 기초연구 성과를 환자 치료로 연결하고, 임상 현장에서 확인된 문제를 다시 연구와 정책 의제로 되돌리는 'bench to bedside, and back to bench'의 장으로 꾸렸다.대한암학회는 이달 25일부터 26일까지 양일간 그랜드 인터컨티넨탈 서울 파르나스에서 제52차 학술대회를 개최한다.올해 대회에는 세계 17개국에",local,10,백신,,,0.9265191832700309,,1.0,0.9265191832700309,8.891380569734128,8.0,9.485634282890215,False
2026-06-25,Client,2026-06-26 06:04:00,Naver News,http://www.newsmp.com/news/articleView.html?idxno=255281,"노바티스, 안타레스와 항암제 신약 개발 협력",스위스 제약기업 노바티스가 미국 생명공학기업 안타레스 테라퓨틱스(Antares Therapeutics)와 암 치료 신약 개발을 위해 협력한다.안타레스는 노바티스와 유망하지만 그동안 약물화가 어려웠던 암 표적을 겨냥한 저분자 치료제의 발굴ㆍ개발ㆍ상업화를 위한 전략적 협력 계약을 체결했다고 24일 발표했다.회사는 이번 계약이 오랫동안 공략이 어려운 것으로 여겨져 온 표적을 대상으로 개발 후보물질을 지속적으로 도출해 온 자사 신약 발굴 역량의 생산성과 확장성을 보여준다고 설명했다.계약 조건에 따라 안타레스는 선급금으로 1억5.,[의약뉴스] 스위스 제약기업 노바티스가 미국 생명공학기업 안타레스 테라퓨틱스(Antares Therapeutics)와 암 치료 신약 개발을 위해 협력한다.안타레스는 노바티스와 유망하지만 그동안 약물화가 어려웠던 암 표적을 겨냥한 저분자 치료제의 발굴ㆍ개발ㆍ상업화를 위한 전략적 협력 계약을 체결했다고 24일 발표했다.회사는 이번 계약이 오랫동안 공략이 어려운 것으로 여겨져 온 표적을 대상으로 개발 후보물질을 지속적으로 도출해 온 자사 신약 발굴 역량의 생산성과 확장성을 보여준다고 설명했다.계약 조건에 따라 안타레스는 선급금으로 1억5,local,10,노바티스,,,0.9259114890326936,,1.0,0.9259114890326936,8.888828253937314,8.0,9.481380423228856,False
2026-06-25,Client,2026-06-23 06:56:00,Naver News,https://biz.chosun.com/science-chosun/bio/2026/06/23/DTCGYYZNVFAPTIHOJR3D3K4H2Q/?utm_source=naver&utm_medium=original&utm_campaign=biz,"큐라클 1.6兆 기술 산 뉴코, 사노피·글로벌 VC였다…망막질환 치료제 세대교체 신호탄","큐라클 1.6兆 기술 산 뉴코, 사노피·글로벌 VC였다망막질환 치료제 세대교체 신호탄 큐라클 기술수출 뉴코 메멘토에 사노피·美 RA캐피탈 등 투자   1.6조원 규모 계약 기술가치 재조명황반변성 치료제 시장 주목   MSD 선두 경쟁 속 큐라클 후보물질도 차세대 치료제 후보 부상.","큐라클 1.6兆 기술 산 뉴코, 사노피·글로벌 VC였다망막질환 치료제 세대교체 신호탄 큐라클 기술수출 뉴코 메멘토에 사노피·美 RA캐피탈 등 투자   1.6조원 규모 계약 기술가치 재조명황반변성 치료제 시장 주목   MSD 선두 경쟁 속 큐라클 후보물질도 차세대 치료제 후보 부상",local,10,리제네론,,,0.9229148301805029,,1.0,0.9229148301805029,8.876242286758112,8.0,9.46040381126352,False
2026-06-25,Client,2026-06-24 16:52:00,Naver News,https://www.mdtoday.co.kr/news/articleView.html?idxno=602313,"뇌혈관장벽 투과율 높인 한국비엔씨 파트너사 덴마크 케리야, 치매 치료제 임상 2상 돌입 - 메디컬투데이",한국비엔씨가 전략적 지분 투자를 단행한 덴마크 제약사 케리야(Kariya)가 GLP-GIP 이중작용제 기반의 알츠하이머 및 파킨.,[mdtoday = 차혜영 기자] 한국비엔씨가 전략적 지분 투자를 단행한 덴마크 제약사 케리야(Kariya)가 GLP-GIP 이중작용제 기반의 알츠하이머 및 파킨,local,10,노보노디스크,,,0.9160466704057575,,1.0,0.9160466704057575,8.84739601570418,8.0,9.412326692840303,False
2026-06-25,BD,2026-06-24 09:12:00,Naver News,https://biz.chosun.com/science-chosun/bio/2026/06/24/DHCPR3A55NC2DOZM42UQOR2JY4/?utm_source=naver&utm_medium=original&utm_campaign=biz,[바이오USA] “기술만으론 안 된다”…글로벌 빅파마가 꼽은 파트너십 성공 방정식,차우 CFO는 실제 아스텔라스와의 협력 과정에서 문제가 발생했을 때 복수의 해결 방안을 함께 제시하는... 지난 4월에는 일본 아스텔라스파마와 전립선암 치료제 후보물질 ‘VIR-5500’ 공동 개발·상업화를 위한 최대... ,차우 CFO는 실제 아스텔라스와의 협력 과정에서 문제가 발생했을 때 복수의 해결 방안을 함께 제시하는... 지난 4월에는 일본 아스텔라스파마와 전립선암 치료제 후보물질 ‘VIR-5500’ 공동 개발·상업화를 위한 최대... ,local,10,아스텔라스,,,0.9100014660743247,,1.0,0.9100014660743247,8.822006157512165,8.0,9.370010262520275,False
2026-06-25,BD,2026-06-26 07:02:00,Naver News,https://www.thebell.co.kr/free/content/ArticleView.asp?key=202606242008043200108152,"[더벨][thebell interview | 2026 BIO USA] 일동제약 ""비만약 관건 임상 전...",일동제약이 단독 개발 대신 글로벌 파트너십을 택한 이유는 비만 치료제 상업화의 성패를 가르는 요소가... 이재준 일동제약 사장 파트너십 형태는 개발 전 과정에 일동제약이 계속 관여할 수 있는 공동개발에 무게를... ,일동제약이 단독 개발 대신 글로벌 파트너십을 택한 이유는 비만 치료제 상업화의 성패를 가르는 요소가... 이재준 일동제약 사장 파트너십 형태는 개발 전 과정에 일동제약이 계속 관여할 수 있는 공동개발에 무게를... ,local,10,파트너십,,,0.9098847781859494,,1.0,0.9098847781859494,8.821516068380987,8.0,9.369193447301646,False
2026-06-25,BD,2026-06-26 06:02:00,Naver News,https://www.yakup.com/news/index.html?mode=view&cat=12&nid=329033,"[약업신문][영상] 한미약품, 하반기 비만·대사 시장 휩쓸까?","한미약품이 글로벌 제약사 일라이 릴리와 단장증후군 치료제 후보물질 '소네페글루타이드(LAPSGLP-2 analog)'의 개발, 제조 및 상업화를 위한 라이선스 계약을 체결하며 K-바이오의 글로벌 경쟁력을 다시 한번 입...","한미약품이 글로벌 제약사 일라이 릴리와 단장증후군 치료제 후보물질 '소네페글루타이드(LAPSGLP-2 analog)'의 개발, 제조 및 상업화를 위한 라이선스 계약을 체결하며 K-바이오의 글로벌 경쟁력을 다시 한번 입...",local,10,릴리,,,0.9012785294871297,,1.0,0.9012785294871297,8.785369823845944,8.0,9.308949706409907,False
2026-06-25,Client,2026-06-25 12:10:00,Naver News,https://www.hitnews.co.kr/news/articleView.html?idxno=77128,2025 OTC 키워드는 '피부'였다… 동아제약 독주체제 굳혔다,"히트뉴스와 비저너리 데이터 공동 기획 OTC NEXT 15% 히트뉴스와 빅데이터 분석회사 비저너리 데이터는 2024부터 2025년까지 약국경영 관련 원본데이터를 생성한 전국 500곳 패널 약국 데이터를 기반으로, 15% 박스권에 갇힌 일반의약품 시장을 다양한 관점에서 분석한다.◇ 글 싣는 순서(1) 제약회사 순위로 살펴본 약국 일반약약국 OTC 시장에 다시 활기가 돌고 있다. K-뷰티 열풍에 힘입어 피부·미용 제품군이 성장하고, 탈모와 이너뷰티 등 새로운 수요가 확대되면서 약국 진열대와 소비자 선택도 빠르게 변화하고 있다.익숙한 강.","히트뉴스와 비저너리 데이터 공동 기획 OTC NEXT 15% 히트뉴스와 빅데이터 분석회사 비저너리 데이터는 2024부터 2025년까지 약국경영 관련 원본데이터를 생성한 전국 500곳 패널 약국 데이터를 기반으로, 15% 박스권에 갇힌 일반의약품 시장을 다양한 관점에서 분석한다.◇ 글 싣는 순서(1) 제약회사 순위로 살펴본 약국 일반약약국 OTC 시장에 다시 활기가 돌고 있다. K-뷰티 열풍에 힘입어 피부·미용 제품군이 성장하고, 탈모와 이너뷰티 등 새로운 수요가 확대되면서 약국 진열대와 소비자 선택도 빠르게 변화하고 있다.익숙한 강",local,10,한독,,,0.9656897144989159,,1.0,0.9656897144989159,8.655896800895448,7.0,9.759828001492412,False
2026-06-25,Client,2026-06-25 06:02:00,Naver News,https://new.dailypharm.com/user/news/339751?REFERER=NP,[데일리팜]올해 신규 특허 등록 41%↑…마운자로 광폭 등재·종근당 두각,"올 상반기 식품의약품안전처 특허목록집에 신규 등재된 품목은 총 142개으로, 전년동기 대비 41% 증가한 것으로 나타났다. 다국적제약사 한국법인과국내 제약사가 대조적인 흐름을 보였다. 다국적제약사의 경우 신규 등재 품목 수가 72개에서 110개로 53% 급증한 반면, 국내 제약사는 29개에서 32개로 10% 소폭 증가하는 데 그쳤다. 다국적제약사 가운데선 한국릴리의 비만신약 마운자로(….","올 상반기 식품의약품안전처 특허목록집에 신규 등재된 품목은 총 142개으로, 전년동기 대비 41% 증가한 것으로 나타났다. 다국적제약사 한국법인과국내 제약사가 대조적인 흐름을 보였다. 다국적제약사의 경우 신규 등재 품목 수가 72개에서 110개로 53% 급증한 반면, 국내 제약사는 29개에서 32개로 10% 소폭 증가하는 데 그쳤다. 다국적제약사 가운데선 한국릴리의 비만신약 마운자로(…",local,10,애브비,,,0.9653101805158328,,1.0,0.9653101805158328,8.654302758166498,7.0,9.757171263610829,False
2026-06-25,BD,2026-06-25 09:38:00,Naver News,http://www.the-biz.co.kr/news/articleView.html?idxno=723219,"제네릭 개편 앞둔 제약업계, '약가관리 이슈' 부각 - THE Biz(더비즈)",=정윤식 기자] 제네릭 약가 개편을 앞두고 국내 제약업계의 약가 관리 이슈가 부각된다. 사용량 증가에 따른 약가 협상 모니터링 대상까지 공.,[THE Biz(더비즈)=정윤식 기자] 제네릭 약가 개편을 앞두고 국내 제약업계의 약가 관리 이슈가 부각된다. 사용량 증가에 따른 약가 협상 모니터링 대상까지 공,local,10,로슈,,,0.964483396629694,,1.0,0.964483396629694,8.650830265844714,7.0,9.751383776407858,False
2026-06-25,BD,2026-06-25 12:50:00,Naver News,https://www.monews.co.kr/news/articleView.html?idxno=412099,대체조제 비율 증가에 제약업계 '영업전략' 고심 깊어져 - 메디칼업저버,동일성분 대체조제 비율이 늘어나는 분위기 속에 제약업계가 영업전략 변화라는 새로운 과제를 떠안게 됐다는 우려가 나오고 있다.,[메디칼업저버 이승덕 기자] 동일성분 대체조제 비율이 늘어나는 분위기 속에 제약업계가 영업전략 변화라는 새로운 과제를 떠안게 됐다는 우려가 나오고 있다. 제약업계,local,10,CSO,,,0.961788896899029,,1.0,0.961788896899029,8.639513366975923,7.0,9.732522278293203,False
2026-06-25,BD,2026-06-24 10:30:00,Naver News,https://www.ebn.co.kr/news/articleView.html?idxno=1713695,"[특허 끝, 독점 종료④] '엑스탄디' 특허 만료 D-3...국산 제네릭 '출격 대기' - 이비엔(EBN)뉴스센터",글로벌 제약바이오 산업의 중대한 전환점으로 불리는 '특허 절벽(대형 약물의 특허 만료로 매출이 급감하는 현상)'이 본격적으로 다가오고 있다.,[편집자 주] 글로벌 제약바이오 산업의 중대한 전환점으로 불리는 '특허 절벽(대형 약물의 특허 만료로 매출이 급감하는 현상)'이 본격적으로 다가오고 있다. 빅파마,local,10,아스텔라스,,,0.9605024511269412,,1.0,0.9605024511269412,8.634110294733153,7.0,9.723517157888589,False
2026-06-25,BD,2026-06-26 05:50:00,Naver News,http://www.medisobizanews.com/news/articleView.html?idxno=139637,"한국MSD, 소아 A형간염 백신 ‘박타프리필드시린지’ 공급중단",한국MSD가 A형간염 백신 ‘박타프리필드시린지’ 공급을 중단한다. 국내 국가예방접종사업(NIP)에서 박타 소아 제형에 대한 수요가 감소한 데 따른 결정이다.26일 식품의약품안전처에 따르면 한국MSD는 A형간염 바이러스 감염 예방에 사용돼 온 박타프리필드시린지의 공급을 중단하기로 했다. 회사는 국내 NIP 접종에서 박타 소아 제형에 대한 지속적인 수요 감소가 이어지면서 수요가 회복될 때까지 소아 제형 공급을 중단한다는 입장이다.이번 공급중단은 A형간염 소아 예방접종 수요 전반의 위축이라기보다 NIP 내 특정 품목의 수요 감소에 따른.,한국MSD가 A형간염 백신 ‘박타프리필드시린지’ 공급을 중단한다. 국내 국가예방접종사업(NIP)에서 박타 소아 제형에 대한 수요가 감소한 데 따른 결정이다.26일 식품의약품안전처에 따르면 한국MSD는 A형간염 바이러스 감염 예방에 사용돼 온 박타프리필드시린지의 공급을 중단하기로 했다. 회사는 국내 NIP 접종에서 박타 소아 제형에 대한 지속적인 수요 감소가 이어지면서 수요가 회복될 때까지 소아 제형 공급을 중단한다는 입장이다.이번 공급중단은 A형간염 소아 예방접종 수요 전반의 위축이라기보다 NIP 내 특정 품목의 수요 감소에 따른,local,10,백신,,,0.959423761797862,,1.0,0.959423761797862,8.62957979955102,7.0,9.715966332585033,False
2026-06-25,BD,2026-06-26 06:02:00,Naver News,https://www.dailypharm.com/user/news/339811?REFERER=NP,"[데일리팜]놀텍·펙수클루도 정조준…국내개발 신약, 전방위 특허도전 직면","국내제약사가 자체 개발한 오리지널 제품에 대한 제네릭사의 특허도전이 집중되는 모습이다. 올해 상반기 일양약품 ‘놀텍(일라프라졸)’과 대웅제약 ‘펙수클루(펙수프라잔)’이 제네릭사의 특허도전 타깃이 됐다. 다국적제약사 제품 가운데선 바이엘 ‘케렌디아(피네레론)’에 65개 업체가 특허심판을 청구했고, 애브비 ‘린버크(유파다시티닙)’와 화이자 ‘프리세덱스(덱스메데토미딘)’에도 심….","국내제약사가 자체 개발한 오리지널 제품에 대한 제네릭사의 특허도전이 집중되는 모습이다. 올해 상반기 일양약품 ‘놀텍(일라프라졸)’과 대웅제약 ‘펙수클루(펙수프라잔)’이 제네릭사의 특허도전 타깃이 됐다. 다국적제약사 제품 가운데선 바이엘 ‘케렌디아(피네레론)’에 65개 업체가 특허심판을 청구했고, 애브비 ‘린버크(유파다시티닙)’와 화이자 ‘프리세덱스(덱스메데토미딘)’에도 심…",local,10,라이선스,,,0.9590474977949935,,1.0,0.9590474977949935,8.627999490738972,7.0,9.713332484564955,False
2026-06-25,BD,2026-06-26 06:00:00,Naver News,https://www.bosa.co.kr/news/articleView.html?idxno=3006828,"[현장] 의약품 주문 버튼 클릭 후 4시간, 약국에 약이 도착하기까지 - 의학신문","매일 아침, 전국 각지의 약국에서 클릭 한 번으로 발주되는 수만 가지의 의약품들. 환자의 손에 쥐어지는 알약 한 알, 주사제 한.","[의학신문·일간보사=김상일 기자]매일 아침, 전국 각지의 약국에서 클릭 한 번으로 발주되는 수만 가지의 의약품들. 환자의 손에 쥐어지는 알약 한 알, 주사제 한",local,10,콜드체인,,,0.9588617125262758,,1.0,0.9588617125262758,8.627219192610358,7.0,9.712031987683929,False
2026-06-25,Client,2026-06-24 05:56:00,Naver News,https://www.kpanews.co.kr/news/articleView.html?idxno=537273,많이 팔린 엔허투·솔리리스·엔블로 등 사후관리 가동 - 약사공론,사용량 증가에 따른 약가조정 가능성을 가늠할 수 있는 사용량-약가연동협상(PVA) 모니터링 대상 약제가 공개됐다.건강보험공단은 최근 '2026년 3분기 사용량-약.,사용량 증가에 따른 약가조정 가능성을 가늠할 수 있는 사용량-약가연동협상(PVA) 모니터링 대상 약제가 공개됐다.건강보험공단은 최근 '2026년 3분기 사용량-약,local,10,다이이찌산쿄,,,0.9579949351553991,,1.0,0.9579949351553991,8.623578727652678,7.0,9.705964546087795,False
2026-06-25,Client,2026-06-26 06:02:00,Naver News,https://www.yakup.com/news/index.html?mode=view&cat=12&nid=329034,"[약업신문]길리어드 트로델비, FDA 1차 TNBC 적응증 확대…TROP2 ADC 시장 경쟁 본격화",길리어드사이언스의 TROP2 항체-약물접합체(ADC) '트로델비(Trodelvy)'가 미국 식품의약국(FDA)으로부터 1차 삼중음성유방암(TNBC) 치료 적응증을 확대 승인받으며 TROP2 ADC 시장 경쟁이 한층 치열해질 전망이다...,길리어드사이언스의 TROP2 항체-약물접합체(ADC) '트로델비(Trodelvy)'가 미국 식품의약국(FDA)으로부터 1차 삼중음성유방암(TNBC) 치료 적응증을 확대 승인받으며 TROP2 ADC 시장 경쟁이 한층 치열해질 전망이다...,local,10,적응증,,,0.9552096647272915,,1.0,0.9552096647272915,8.611880591854623,7.0,9.68646765309104,False
2026-06-25,Client,2026-06-24 15:10:00,Naver News,http://www.financialreview.co.kr/news/articleView.html?idxno=43098,[오늘의 제약리뷰] 한미약품·일동제약·현대약품·JW중외제약·한국제약바이오협회,"24일 제약바이오 업계의 소식. 한미약품은 6월 환경의달을 맞아 임직원 및 자녀들과 함께하는 자원순환 사내 캠페인에 나섰으며, 일동제약은 신제품 ‘아로나민 골드 액티브’와 관련한 AI 활용 광고 캠페인으로 주목을 끌었다. 현대약품은 기능성 탄산음료 브랜드 ‘헬씨올리고 팝’의 신제품이 트레이더스 전 매장에 입점했다고 밝혔으며, JW중외제약은 A형 혈우병 치료제 ‘헴리브라’의 국내 허가 7주년을 기념한 심포지엄을 성료했다.","[파이낸셜리뷰=박영주 기자] 24일 제약바이오 업계의 소식. 한미약품은 6월 환경의달을 맞아 임직원 및 자녀들과 함께하는 자원순환 사내 캠페인에 나섰으며, 일동제약은 신제품 ‘아로나민 골드 액티브’와 관련한 AI 활용 광고 캠페인으로 주목을 끌었다. 현대약품은 기능성 탄산음료 브랜드 ‘헬씨올리고 팝’의 신제품이 트레이더스 전 매장에 입점했다고 밝혔으며, JW중외제약은 A형 혈우병 치료제 ‘헴리브라’의 국내 허가 7주년을 기념한 심포지엄을 성료했다. 한국제약바이오협회는 미국에서 열린 ‘BIO USA’에 참가해 K-제약바이오 기업들 글",local,10,현대약품,,,0.9529267727885452,,1.0,0.9529267727885452,8.602292445711889,7.0,9.670487409519815,False
2026-06-25,BD,2026-06-26 06:00:00,Naver News,https://www.pharmnews.com/news/articleView.html?idxno=304457,글로벌 시장 뒤흔드는 돌풍...단백질 분해 신약이 주도 - 팜뉴스,세계 최초의 표적 단백질 분해제(TPD) 신약이 미국 FDA의 승인을 받으며 글로벌 제약바이오 시장의 패러다임 전환이 본격화되고 있다.,[팜뉴스=김응민 기자] 세계 최초의 표적 단백질 분해제(TPD) 신약이 미국 FDA의 승인을 받으며 글로벌 제약바이오 시장의 패러다임 전환이 본격화되고 있다. 질,local,10,CSO,,,0.9517484138540104,,1.0,0.9517484138540104,8.597343338186844,7.0,9.662238896978074,False
2026-06-25,BD,2026-06-24 00:31:00,Naver News,https://www.chosun.com/national/court_law/2026/06/24/ECPUD46D5ZHZPN6KJ3YGUHE4ZM/?utm_source=naver&utm_medium=referral&utm_campaign=naver-news,8국 9개 해외 네트워크 활용… 글로벌 바이오·헬스케어 법률 서비스,8국 9개 해외 네트워크 활용 글로벌 바이오·헬스케어 법률 서비스 지평 AI바이오헬스케어센터.,8국 9개 해외 네트워크 활용 글로벌 바이오·헬스케어 법률 서비스 지평 AI바이오헬스케어센터,local,10,바이엘,,,0.9516842566269592,,1.0,0.9516842566269592,8.597073877833228,7.0,9.661789796388714,False
2026-06-25,Client,2026-06-26 06:02:00,Naver News,https://www.dailypharm.com/user/news/339818?REFERER=NP,[데일리팜]내달 알닥톤 약가 56→85원 인상…수급불안정 해소될까,내달부터 이뇨제 알닥톤필름코팅정25mg(스피로노락톤) 약가가 56원에서 85원으로 인상된다. 한국화이자제약은 7월 1일부터 알닥톤필름코팅정25mg 기준약가가 29원 인상된 85원으로 변경된다고 안내했다. 인상률은 52%다. 약국가는 이번 조치가 수급불안정 해소에 도움이 될 지 이목을 집중하는 모습이다. 알닥톤의 수급불안정이 되풀이되면서 관련 제제 확보에 어려움을 겪었다는 게 약국….,내달부터 이뇨제 알닥톤필름코팅정25mg(스피로노락톤) 약가가 56원에서 85원으로 인상된다. 한국화이자제약은 7월 1일부터 알닥톤필름코팅정25mg 기준약가가 29원 인상된 85원으로 변경된다고 안내했다. 인상률은 52%다. 약국가는 이번 조치가 수급불안정 해소에 도움이 될 지 이목을 집중하는 모습이다. 알닥톤의 수급불안정이 되풀이되면서 관련 제제 확보에 어려움을 겪었다는 게 약국…,local,10,약가,,,0.9502406622822743,,1.0,0.9502406622822743,8.591010781585553,7.0,9.65168463597592,False
2026-06-25,Client,2026-06-25 09:02:00,Naver News,https://www.edaily.co.kr/news/newspath.asp?newsid=02879846645485328,"""체중 감량에 근육 증가까지""...'후발주자' K제약·바이오, 비만치료제 차별화로 ...","비만 치료제 시장은 단순한 체중 감량을 넘어 제형·투여 주기·작용기전 혁신 경쟁으로 빠르게 재편되고 있다. 주사제 중심에서 경구제와 장기 지속형 제형, 다중작용제로 진화하면서 치료 패러다임도 변화하는 모습이다. 글로벌 제약사와 국내 바이오기업들은 차세대 비만 신약 개발...","비만 치료제 시장은 단순한 체중 감량을 넘어 제형·투여 주기·작용기전 혁신 경쟁으로 빠르게 재편되고 있다. 주사제 중심에서 경구제와 장기 지속형 제형, 다중작용제로 진화하면서 치료 패러다임도 변화하는 모습이다. 글로벌 제약사와 국내 바이오기업들은 차세대 비만 신약 개발...",local,10,노보노디스크,,,0.9499548967876638,,1.0,0.9499548967876638,8.589810566508188,7.0,9.649684277513646,False
2026-06-25,Client,2026-06-24 10:38:00,Naver News,https://www.yakup.com/news/index.html?mode=view&cat=16&nid=328925,[약업신문]중증 근무력증 치료제 美 ‧EU서 허가심사 개시,리제네론 파마슈티컬스社는 FDA와 유럽 의약품감독국(EMA)이 전신성 중증 근무력증(gMG) 치료제 셈디시란(cemdisiran)의 허가신청 건을 접수했다고 22일 공표했다.셈디시란은 항-아세틸콜린 수용체(AChR) ...,리제네론 파마슈티컬스社는 FDA와 유럽 의약품감독국(EMA)이 전신성 중증 근무력증(gMG) 치료제 셈디시란(cemdisiran)의 허가신청 건을 접수했다고 22일 공표했다.셈디시란은 항-아세틸콜린 수용체(AChR) ...,local,10,리제네론,,,0.9499520199495406,,1.0,0.9499520199495406,8.589798483788071,7.0,9.649664139646784,False
2026-06-25,BD,2026-06-25 09:26:00,Naver News,http://www.doctorsnews.co.kr/news/articleView.html?idxno=165123,"한국CSO협회 사단법인 설립…복지부도 ""필요성 공감""","한국의약품판촉영업자협회가 사단법인화를 추진하는 가운데 정부도 설립 필요성에 공감한다는 메세지를 전했다. 지난 2022년 한국의약품판촉영업자협회가 임시단체로 출범한 이후 법인화를 수차례 추진해왔다. 그러나 보건복지부는 지난해 사단법인화를 평가하며 불허가 결정을 내린 것으로 전해진다. 사업실적 부족, 회원수나 예산, 시설 등 제반조건 등을 들어 법인 설립 기준을 충족하기 어렵다고 판단한 것.법인설립허가 신청 건은 보건복지부에서 검토한 후 '비영리법인 심의위원회'에 상정해 심의 및 자문하는 절차를 통해 법인 설립이 가능하다.","한국의약품판촉영업자협회가 사단법인화를 추진하는 가운데 정부도 설립 필요성에 공감한다는 메세지를 전했다. 지난 2022년 한국의약품판촉영업자협회가 임시단체로 출범한 이후 법인화를 수차례 추진해왔다. 그러나 보건복지부는 지난해 사단법인화를 평가하며 불허가 결정을 내린 것으로 전해진다. 사업실적 부족, 회원수나 예산, 시설 등 제반조건 등을 들어 법인 설립 기준을 충족하기 어렵다고 판단한 것.법인설립허가 신청 건은 보건복지부에서 검토한 후 '비영리법인 심의위원회'에 상정해 심의 및 자문하는 절차를 통해 법인 설립이 가능하다",local,10,CSO,,,0.949285011727506,,1.0,0.949285011727506,8.586997049255526,7.0,9.644995082092542,False
2026-06-25,Client,2026-06-23 12:02:00,Naver News,https://www.medipana.com/news/articleView.html?idxno=413400,3분기 PVA 모니터링 대상…케이캡·엔허투 등 150품목 - 메디파나뉴스,국민건강보험공단이 사용량 증가에 따른 재정 영향을 점검하기 위해 150개 의약품을 사용량-약가 연동 협상(PVA) 모니터링 대상으.,[메디파나뉴스 = 박으뜸 기자] 국민건강보험공단이 사용량 증가에 따른 재정 영향을 점검하기 위해 150개 의약품을 사용량-약가 연동 협상(PVA) 모니터링 대상으,local,10,바이엘,,,0.9479367510673278,,1.0,0.9479367510673278,8.581334354482777,7.0,9.635557257471294,False
2026-06-25,BD,2026-06-25 13:14:00,Naver News,https://www.m-i.kr/news/articleView.html?idxno=1385037,"마운자로·젭바운드, 처방약 매출 견인… 6년後 코로나19 백신 전성기 넘는다","매일일보 = 이용 기자 | 글로벌 처방의약품 시장이 비만치료제와 면역질환 치료제의 성장세에 힘입어 2032년 2조 달러 규모를 돌파할 것으로 전망됐다. 특히 비만치료제 분야는 팬데믹 시절 폭발적인 수요를 기록한 코로나19 백신 매출을 뛰어 넘을 것으로 예상된다.25일 글로벌 제약시장 분석기관 이밸류에이트에 따르면, 전 세계 처방의약품 판매액은 연평균 7% 이상 성장률을 기록하며 2032년 2조달러를 넘어설 것으로 전망된다.미래 글로벌 처방약 시장 확대를 이끄는 핵심 동력은 GLP-1 계열 비만·당뇨 치료제다. 특히 일라이 릴리의 마.","매일일보 = 이용 기자 | 글로벌 처방의약품 시장이 비만치료제와 면역질환 치료제의 성장세에 힘입어 2032년 2조 달러 규모를 돌파할 것으로 전망됐다. 특히 비만치료제 분야는 팬데믹 시절 폭발적인 수요를 기록한 코로나19 백신 매출을 뛰어 넘을 것으로 예상된다.25일 글로벌 제약시장 분석기관 이밸류에이트에 따르면, 전 세계 처방의약품 판매액은 연평균 7% 이상 성장률을 기록하며 2032년 2조달러를 넘어설 것으로 전망된다.미래 글로벌 처방약 시장 확대를 이끄는 핵심 동력은 GLP-1 계열 비만·당뇨 치료제다. 특히 일라이 릴리의 마",local,10,사노피,,,0.9476215299422325,,1.0,0.9476215299422325,8.580010425757376,7.0,9.633350709595627,False
2026-06-25,Client,2026-06-25 12:02:00,Naver News,https://www.dailypharm.com/user/news/339766?REFERER=NP,"[데일리팜]대표 유고 시 누가 경영하나…제약, 경영 공백 대책 잇단 정비",국내 제약바이오 기업이 최고경영자(CEO) 승계 체계 정비에 속도를 내고 있다. 대표이사 유고 시 직무대행자를 정하는 수준을 넘어 후보군 발굴·평가·교육과 연임·신규 선임 절차까지 규정에 담는 모습이다. 갑작스러운 경영 공백을 막고 장기간 이어지는 연구개발(R&D)과 투자 의사결정의 연속성을 확보하려는 움직임으로 풀이된다. 25일 금융감독원에 따르면 국내 주요 상장 제약바이오….,국내 제약바이오 기업이 최고경영자(CEO) 승계 체계 정비에 속도를 내고 있다. 대표이사 유고 시 직무대행자를 정하는 수준을 넘어 후보군 발굴·평가·교육과 연임·신규 선임 절차까지 규정에 담는 모습이다. 갑작스러운 경영 공백을 막고 장기간 이어지는 연구개발(R&D)과 투자 의사결정의 연속성을 확보하려는 움직임으로 풀이된다. 25일 금융감독원에 따르면 국내 주요 상장 제약바이오…,local,10,한독,,,0.9474186228996635,,1.0,0.9474186228996635,8.579158216178588,7.0,9.631930360297645,False
2026-06-25,BD,2026-06-23 09:46:00,Naver News,https://sateconomy.co.kr/news/view/1065573184035059,"동아제약, OTC로 체질 바꿨다…“박카스가 전부는 아니다”","법인명 : (주)토요경제신문 서울특별시 마포구 마포대로 12 (한신빌딩) 612호 대표전화 : 02-784-2115 팩스 : 02-717-2115 청소년보호책임자 : 조봉환 등록번호 : 서울, 아03409 등록일 : 2014-11-05 발행일 : 2005-11-30 발행인 : 조봉환 편집인 : 임종호 광고문의 : 010-2261-9030 「열린보도원칙」 당 매체는 독자와 취재원 등 뉴스이용자의 권리 보장을 위해 반론이나 정정보도, 추후보도를 요청할 수 있는 창구를 열어두고 있음을 알려드립니다. 고충처리인 조봉환  | 02-784-2115 | 본 콘텐츠의 저작권은 토요경제 또는 제공처에 있으며 이를 무단 이용하는 경우 저작권법 등에 따라 법적책임을 질 수 있습니다. Copyright ⓒ 토요경제 All rights reserved.","법인명 : (주)토요경제신문
|
서울특별시 마포구 마포대로 12 (한신빌딩) 612호
|
대표전화 : 02-784-2115
|
팩스 : 02-717-2115
|
청소년보호책임자 : 조봉환
제호 :
토요경제
|
등록번호 : 서울, 아03409
|
등록일 : 2014-11-05
|
발행일 : 2005-11-30
|
발행인 : 조봉환
|
편집인 : 임종호
|
광고문의 : 010-2261-9030 (김승원 상무)
「열린보도원칙」 당 매체는 독자와 취재원 등 뉴스이용자의 권리 보장을 위해 반론이나 정정보도, 추후보도를 요청할 수 있는 창구를 열어두고 있음을 알려드립니다.
고충처리인 조봉환  | 02-784-2115 | webmaster@sateconomy.co.kr
본 콘텐츠의 저작권은 토요경제 또는 제공처에 있으며 이를 무단 이용하는 경우 저작권법 등에 따라 법적책임을 질 수 있습니다.
Copyright ⓒ 토요경제 All rights reserved.  제보메일  :
webmaster@sateconomy.co.kr",local,10,오펠라,,,0.9465301076748247,,1.0,0.9465301076748247,8.575426452234264,7.0,9.625710753723773,False
2026-06-25,Client,2026-06-25 18:02:00,Naver News,https://www.ajunews.com/view/20260624155002290,가격 대신 편의성…바이오시밀러 승부처 된 SC 제형 | 아주경제,바이오시밀러 시장의 승부처가 가격에서 제형으로 옮겨가고 있다. 정맥주사(IV) 중심이던 바이오의약품 시장에서 피하주사(SC) 제형이 확산되며국내 기업들도 관련 제...,바이오시밀러 시장의 승부처가 가격에서 제형으로 옮겨가고 있다. 정맥주사(IV) 중심이던 바이오의약품 시장에서 피하주사(SC) 제형이 확산되며국내 기업들도 관련 제...,local,10,사노피,,,0.9450222763155268,,1.0,0.9450222763155268,8.569093560525213,7.0,9.615155934208687,False
2026-06-25,Client,2026-06-25 10:36:00,Naver News,http://www.medisobizanews.com/news/articleView.html?idxno=139695,"""심부전약 '베리시구앗' 투여 6개월후 입원률 등 감소 확인""","심부전치료제 '베리시구앗' 투여 6개월 후 심부전 입원률 등의 관련 수치가 모두 감소한 것으로 나타났다. 대구가톨릭대학교병원 약제부(연구자 박지은, 도재령, 박지수, 문보경)는 최근 병원약사회 춘계학술대회에서 이같은 내용의 '단일 의료기관에서 베리시구앗 사용 현황 분석' 연구결과를 공개했다. 약제부는 2024년 4월부터 2025년 9월까지 대구가톨릭대병원에서 베리시구앗(vericiguat)을 처음 처방받은 만 19세 이상의 환자를 대상으로 최소 6개월간의 전자의무기록을 후향적으로 검토했다.","심부전치료제 '베리시구앗' 투여 6개월 후 심부전 입원률 등의 관련 수치가 모두 감소한 것으로 나타났다. 대구가톨릭대학교병원 약제부(연구자 박지은, 도재령, 박지수, 문보경)는 최근 병원약사회 춘계학술대회에서 이같은 내용의 '단일 의료기관에서 베리시구앗 사용 현황 분석' 연구결과를 공개했다. 약제부는 2024년 4월부터 2025년 9월까지 대구가톨릭대병원에서 베리시구앗(vericiguat)을 처음 처방받은 만 19세 이상의 환자를 대상으로 최소 6개월간의 전자의무기록을 후향적으로 검토했다. 베리시구앗 투여 전과 비교한 입원율, 약물",local,10,바이엘,,,0.944771282455271,,1.0,0.944771282455271,8.568039386312138,7.0,9.613398977186897,False
2026-06-25,BD,2026-06-25 06:12:00,Naver News,https://www.hitnews.co.kr/news/articleView.html?idxno=77122,CSO협회 사단법인 재추진에 정부와 소통 창구 될지 주목,의약품판촉영업자협회가 사단법인 설립을 다시 추진하는 가운데 정부의 CSO 관련 제도 정비 흐름과 맞물려 이번에는 허가 절차를 넘을 수 있을지 주목된다.한국의약품판촉영업자협회는 2022년 임의단체로 출범한 이후 법인화를 추진해왔지만 사단법인 설립 인가가 불허된 상태다.24일 업계에 따르면 협회는 사단법인 설립을 위한 보완 작업을 준비 중이다.CSO협회는 2022년 3월 첫 창립총회를 개최하고 복지부에 사단법인 인가를 신청했지만 '임의단체로 활동 후 다시 신청해야 한다'는 의견을 제시했으며 2024년 10월 의약품판매촉진업자 신고제의.,의약품판촉영업자협회가 사단법인 설립을 다시 추진하는 가운데 정부의 CSO 관련 제도 정비 흐름과 맞물려 이번에는 허가 절차를 넘을 수 있을지 주목된다.한국의약품판촉영업자협회는 2022년 임의단체로 출범한 이후 법인화를 추진해왔지만 사단법인 설립 인가가 불허된 상태다.24일 업계에 따르면 협회는 사단법인 설립을 위한 보완 작업을 준비 중이다.CSO협회는 2022년 3월 첫 창립총회를 개최하고 복지부에 사단법인 인가를 신청했지만 '임의단체로 활동 후 다시 신청해야 한다'는 의견을 제시했으며 2024년 10월 의약품판매촉진업자 신고제의,local,10,판촉영업자,,,0.944318111838105,,1.0,0.944318111838105,8.566136069720041,7.0,9.610226782866736,False
2026-06-25,Client,2026-06-25 05:56:00,Naver News,https://www.kpanews.co.kr/news/articleView.html?idxno=537332,세계 의약품시장 '2조 달러' 연다…사상 최대 매출 약물은? - 약사공론,글로벌 의약품 매출이 2032년 2조 달러를 넘어설 것이란 전망이 나왔다. 데이터 분석업체 이밸류에이트(Evaluate)는 ‘World Preview 2026’.,글로벌 의약품 매출이 2032년 2조 달러를 넘어설 것이란 전망이 나왔다. 데이터 분석업체 이밸류에이트(Evaluate)는 ‘World Preview 2026’,local,10,애브비,,,0.9442144887270302,,1.0,0.9442144887270302,8.565700852653526,7.0,9.609501421089211,False
2026-06-25,BD,2026-06-25 06:06:00,Naver News,https://www.medipana.com/news/articleView.html?idxno=413537,의약품CSO협회 사단법인 '3수' 도전…정부에선 긍정적 신호 - 메디파나뉴스,한국의약품판촉영업자협회(의약품CSO협회)가 세 번째 시도 끝에 사단법인으로 허가될 수 있을지 주목된다. 정부에서는 자격 요건이 갖.,[메디파나뉴스 = 이정수 기자] 한국의약품판촉영업자협회(의약품CSO협회)가 세 번째 시도 끝에 사단법인으로 허가될 수 있을지 주목된다. 정부에서는 자격 요건이 갖,local,10,판촉영업자,,,0.9430000647548423,,1.0,0.9430000647548423,8.560600271970337,7.0,9.601000453283895,False
2026-06-25,Client,2026-06-19 11:38:00,Naver News,https://www.medipana.com/news/articleView.html?idxno=413223,비만치료제 시대 승자들…빅파마 CEO 연봉도 사상 최고 수준 - 메디파나뉴스,글로벌 제약업계 최고경영자(CEO)들의 보수가 지난해 큰 폭으로 증가한 것으로 나타났다. 피어스파마(Fierce Pharma)가.,[메디파나뉴스 = 조해진 기자] 글로벌 제약업계 최고경영자(CEO)들의 보수가 지난해 큰 폭으로 증가한 것으로 나타났다. 피어스파마(Fierce Pharma)가,local,10,켄뷰,,,0.9426330561701445,,1.0,0.9426330561701445,8.559058835914605,7.0,9.59843139319101,False
2026-06-25,Client,2026-06-26 06:02:00,Naver News,https://www.yakup.com/news/index.html?mode=view&cat=12&nid=329032,"[약업신문]미국 MFN 여파 유럽까지…릴리, 파운데요 출시 전략 신중 모드","일라이 릴리가 유럽에서 경구 비만치료제 '파운데요(Foundayo)' 출시를 앞두고 미국의 '최혜국(MFN, Most Favored Nation)' 약가 정책이 향후 출시 전략에 중요한 변수로 작용할 것이라는 입장을 밝혔다.로이터와...","일라이 릴리가 유럽에서 경구 비만치료제 '파운데요(Foundayo)' 출시를 앞두고 미국의 '최혜국(MFN, Most Favored Nation)' 약가 정책이 향후 출시 전략에 중요한 변수로 작용할 것이라는 입장을 밝혔다.로이터와...",local,10,신제품,,,0.9407040851539964,,1.0,0.9407040851539964,8.550957157646785,7.0,9.584928596077974,False
2026-06-25,BD,2026-06-25 21:00:00,Naver News,https://www.startuptoday.co.kr/news/articleView.html?idxno=804688,"[기자수첩] ""혁신하라면서 약가 깎고""…정부 '제약 육성책' 엇박자 - 오늘경제",정부는 제약·바이오 산업을 미래 성장동력으로 육성하겠다고 말한다. 혁신형 제약기업 인증 제도를 운영하며 기업들의 연구개발(R&D) 투자를 독려하는 이유도 여기에.,정부는 제약·바이오 산업을 미래 성장동력으로 육성하겠다고 말한다. 혁신형 제약기업 인증 제도를 운영하며 기업들의 연구개발(R&D) 투자를 독려하는 이유도 여기에,local,10,약가,,,0.9401398663976162,,1.0,0.9401398663976162,8.548587438869989,7.0,9.580979064783314,False
2026-06-25,Client,2026-06-25 10:08:00,Naver News,https://www.spotvnews.co.kr/news/articleView.html?idxno=824788,"샘 해밍턴, 핼쑥해진 이유…육아 아닌 마운자로였나 ""주사 맞았다""","방송인 샘 해밍턴이 비만 치료제의 도움을 받아 감량에 성공, 몰라보게 핼쑥해진 근황을 공개했다.24일 유튜브 채널 '개과천선 서인영'에는 '서인영 때려잡는 역대급 사춘기 초딩 벤틀리 윌리엄'이라는 제목의 영상이 공개됐다.해당 영상에서 서인영은 최근.","[스포티비뉴스=홍혜민 기자] 방송인 샘 해밍턴이 비만 치료제의 도움을 받아 감량에 성공, 몰라보게 핼쑥해진 근황을 공개했다.24일 유튜브 채널 &#039;개과천선 서인영&#039;에는 &#039;서인영 때려잡는 역대급 사춘기 초딩 벤틀리 윌리엄&#039;이라는 제목의 영상이 공개됐다.해당 영상에서 서인영은 최근",local,10,마운자로,,,0.9393876803580583,,1.0,0.9393876803580583,8.545428257503843,7.0,9.575713762506407,False
2026-06-25,Client,2026-06-23 08:44:00,Naver News,https://www.segye.com/newsView/20260623503274?OutUrl=naver,"살은 빼고 근육은 남긴다…비만약 전쟁, ‘감량의 질’로 옮겨갔다","몸무게는 줄이되 지방을 중심으로 빼고 근육은 최대한 지키는 ‘질 높은 체중 감량’이 비만 치료제 시장의 새 승부처로 떠오르고 있다. 위고비와 젭바운드 등 인크레틴 계열 비만치료제가 두 자릿수 체중 감량 효과를 보여주면서 비만 치료의 판을 바꿨지만, 체중이 빠지는 과정에서 제지방도 함께 줄어드는 문제가 뒤따랐다. 글로벌 제약사들은 기존 치료제의 감량 효과를 유지하면서 근육 감소를 막아줄 약물을 찾는 데 힘을 쏟고 있다.","몸무게는 줄이되 지방을 중심으로 빼고 근육은 최대한 지키는 ‘질 높은 체중 감량’이 비만 치료제 시장의 새 승부처로 떠오르고 있다. 위고비와 젭바운드 등 인크레틴 계열 비만치료제가 두 자릿수 체중 감량 효과를 보여주면서 비만 치료의 판을 바꿨지만, 체중이 빠지는 과정에서 제지방도 함께 줄어드는 문제가 뒤따랐다. 글로벌 제약사들은 기존 치료제의 감량 효과를 유지하면서 근육 감소를 막아줄 약물을 찾는 데 힘을 쏟고 있다.",local,10,리제네론,,,0.9392036347804766,,1.0,0.9392036347804766,8.544655266078001,7.0,9.574425443463335,False
2026-06-25,Client,2026-06-26 06:16:00,Naver News,https://www.globale.co.kr/news/articleView.html?idxno=39016,"""비만치료제 열풍 속 그늘""···다이어트 식품 부작용 신고 5년간 2,300여 건","위고비, 마운자로 등 비만치료제 열풍과 함께 체중 감량에 대한 사회적 관심이 커지면서 이와 관련한 부작용 이상 사례 신고와 소비자 피해도 지속해서 증가하는 것으로 나타났다.26일 국회 농림축산식품해양수산위원회 소속 이양수 국민의힘 의원이 식품의약품안전처로부터 제출받은 자료를 분석한 결.","위고비, 마운자로 등 비만치료제 열풍과 함께 체중 감량에 대한 사회적 관심이 커지면서 이와 관련한 부작용 이상 사례 신고와 소비자 피해도 지속해서 증가하는 것으로 나타났다.26일 국회 농림축산식품해양수산위원회 소속 이양수 국민의힘 의원이 식품의약품안전처로부터 제출받은 자료를 분석한 결",local,10,위고비,,,0.9392017675661317,,1.0,0.9392017675661317,8.544647423777754,7.0,9.574412372962922,False
2026-06-25,Client,2026-06-25 10:16:00,Naver News,http://www.bokuennews.com/news/article.html?no=280305,"한국GSK, 'EC 서밋 심포지엄'… 자궁내막암 면역항암제 치료 전략 논의",한국GSK가 6월 자궁체부암 인식의 달을 맞아 지난 17일 'EC(자궁내막암) 서밋 심포지엄'을 개최했다. 한국GSK가 6월 자궁체부암 인식의 달을 맞아 지난 17일 'EC(자궁내막암) 서밋 심..,"한국GSK가 6월 자궁체부암 인식의 달을 맞아 지난 17일 &#39;EC(자궁내막암) 서밋 심포지엄&#39;을 개최했다.



한국GSK가 6월 자궁체부암 인식의 달을 맞아 지난 17일 &#39;EC(자궁내막암) 서밋 심..",local,10,GSK,,,0.9390568708694519,,1.0,0.9390568708694519,8.544038857651698,7.0,9.573398096086162,False
2026-06-25,BD,2026-06-26 07:18:00,Naver News,https://www.koreahealthlog.com/news/articleView.html?idxno=57801,"건강검진에서 발견된 ‘게실’…평소 무증상, 염증 생기면 ‘대장게실염’","‘게실’은 대부분 특별한 증상 없이 지내는 경우가 많다. 그래서 건강검진이나 대장내시경 검사에서 우연히 발견되기도 한다. 장 벽에 생긴 작은 주머니인 게실에 염증이 발생하면 대장게실염으로 진행할 수 있다.대장게실염 초기는 복통이나 발열 등 비특이 증상으로 나타나 장염이나 소화불량으로 오인되기 쉽다. 치료 시기를 놓치면 농양과 장 천공, 복막염 등 중증 합병증으로 이어질 수 있어 주의가 필요하다.건강보험심사평가원 통계를 보면, 장 게실병으로 병원 진료를 받은 환자는 최근 10년 63% 정도 늘었다.","‘게실’은 대부분 특별한 증상 없이 지내는 경우가 많다. 그래서 건강검진이나 대장내시경 검사에서 우연히 발견되기도 한다. 장 벽에 생긴 작은 주머니인 게실에 염증이 발생하면 대장게실염으로 진행할 수 있다.대장게실염 초기는 복통이나 발열 등 비특이 증상으로 나타나 장염이나 소화불량으로 오인되기 쉽다. 치료 시기를 놓치면 농양과 장 천공, 복막염 등 중증 합병증으로 이어질 수 있어 주의가 필요하다.건강보험심사평가원 통계를 보면, 장 게실병으로 병원 진료를 받은 환자는 최근 10년 63% 정도 늘었다. 게실 환자를 연령대별로 보면, 30",local,10,합병,,,0.9385183317681776,,1.0,0.9385183317681776,8.541776993426346,7.0,9.569628322377243,False
2026-06-25,BD,2026-06-26 06:20:00,Naver News,https://www.bosa.co.kr/news/articleView.html?idxno=3007093,“사우나 세신비보다 못한 도수치료 수가...신경외과 벼랑 끝” - 의학신문,"“사우나 세신비보다 못한 수가, 겹겹히 쌓인 진료 규제 탓에 사실상 도수치료는 퇴출 수순을 밟을 수밖에 없다.”오는 7월부터 도.","[의학신문·일간보사=김현기 기자] “사우나 세신비보다 못한 수가, 겹겹히 쌓인 진료 규제 탓에 사실상 도수치료는 퇴출 수순을 밟을 수밖에 없다.”오는 7월부터 도",local,10,합병,,,0.9377520946010496,,1.0,0.9377520946010496,8.538558797324407,7.0,9.564264662207346,False
2026-06-25,Client,2026-06-25 09:52:00,Naver News,https://new.dailypharm.com/user/news/339779?REFERER=NP,[데일리팜]첨가제 '메글루민' 불순물 불똥…관련 의약품 회수 조치,"의약품 첨가로제로 사용되는 메글루민에서 불순물 초과 검출 이슈로 관련 품목이 회수된다. 주성분이 아닌 첨가제에서 불순물 이슈로 회수가 시작됐다는 점에서 제약업계가 긴장하고 있다. 식약처는 지난 24일자로 넥스팜코리아 글로틴듀오정 3개 품목(2.5/500mg, 2.5/1000mg, 2.5, 850mg, 리나글립틴-메트포르민염산염)과 한림제약 로디엔티정40/5mg(텔미사르탄, 에스암로디핀니코틴산염….","의약품 첨가로제로 사용되는 메글루민에서 불순물 초과 검출 이슈로 관련 품목이 회수된다. 주성분이 아닌 첨가제에서 불순물 이슈로 회수가 시작됐다는 점에서 제약업계가 긴장하고 있다. 식약처는 지난 24일자로 넥스팜코리아 글로틴듀오정 3개 품목(2.5/500mg, 2.5/1000mg, 2.5, 850mg, 리나글립틴-메트포르민염산염)과 한림제약 로디엔티정40/5mg(텔미사르탄, 에스암로디핀니코틴산염…",local,10,바이엘,,,0.9371195004054639,,1.0,0.9371195004054639,8.53590190170295,7.0,9.559836502838248,False
2026-06-25,BD,2026-06-25 15:00:00,Naver News,https://www.medipana.com/news/articleView.html?idxno=413577,"메디팁, 첨단바이오의약품 개발전략 세미나 개최 - 메디파나뉴스","메디팁이 첨단바이오의약품 개발기업과 제약·바이오 업계 관계자를 대상으로 개발 전략 세미나를 열었다. 세포유전자치료제, 마이크로바이옴, 생균치료제 등 첨단바이오의약.","메디팁이 첨단바이오의약품 개발기업과 제약·바이오 업계 관계자를 대상으로 개발 전략 세미나를 열었다. 세포유전자치료제, 마이크로바이옴, 생균치료제 등 첨단바이오의약",local,10,CSO,,,0.935480267730628,,1.0,0.935480267730628,8.529017124468638,7.0,9.548361874114395,False
2026-06-25,BD,2026-06-26 07:10:00,Naver News,https://news.bizwatch.co.kr/article/healthcare/2026/06/25/0028,세계 첫 이중항체 ADC·고형암 CAR-T…중국 차세대 신약 선점,중국이 차세대 신약 분야에서 새로운 '퍼스트 무버'로 부상하고 있다. 이중항체 약물접합체와 고형암 키메라 항원수용체 T세포(CAR-T) 치료제 등을 세계 최초로 상용화하며 글로벌 혁신신약의 주요 ...,중국이 차세대 신약 분야에서 새로운 &#39;퍼스트 무버&#39;로 부상하고 있다. 이중항체 약물접합체와 고형암 키메라 항원수용체 T세포(CAR-T) 치료제 등을 세계 최초로 상용화하며 글로벌 혁신신약의 주요 ...,local,10,라이선스,,,0.9344230200846269,,1.0,0.9344230200846269,8.524576684355432,7.0,9.540961140592387,False
2026-06-25,Client,2026-06-24 17:29:00,Naver News,https://www.greened.kr/news/articleView.html?idxno=343262,"[데이터 뉴스룸] 제약業, 1분기 영업성적에 함박웃음…삼성바이오로직스·셀트리온·JW중외제약, 1년 새 영업곳간 두둑해져","주요 제약 업체 50곳의 올 1분기 영업이익 성적은 30% 넘게 크게 향상된 것으로 나타났다. 하지반 개별 기업으로 살펴보면 영업내실이 좋아진 곳보다는 나빠진 곳이 더 많아 희비는 크게 엇갈렸다. 조사 대상 50개 업체 중 삼성바이오로직스와 셀트리온은 작년 1분기 대비 올 동기간 별도 기준 영업이익이 1000억 원 이상 상승한 것으로 파악됐다. 반면 녹십자, 한미약품, 대웅제약 등은 100억 원 이상 영업이익이 줄어든 것으로 조사됐다.","[녹색경제신문 = 한익재 기자] 주요 제약 업체 50곳의 올 1분기 영업이익 성적은 30% 넘게 크게 향상된 것으로 나타났다. 하지반 개별 기업으로 살펴보면 영업내실이 좋아진 곳보다는 나빠진 곳이 더 많아 희비는 크게 엇갈렸다. 조사 대상 50개 업체 중 삼성바이오로직스와 셀트리온은 작년 1분기 대비 올 동기간 별도 기준 영업이익이 1000억 원 이상 상승한 것으로 파악됐다. 반면 녹십자, 한미약품, 대웅제약 등은 100억 원 이상 영업이익이 줄어든 것으로 조사됐다. 동화약품은 최근 1년 새 영업이익 증가율이 200%를 상회해 미소",local,10,한독,,,0.9323099757253673,,1.0,0.9323099757253673,8.515701898046542,7.0,9.52616983007757,False
2026-06-25,BD,2026-06-26 06:04:00,Naver News,https://www.monews.co.kr/news/articleView.html?idxno=412092,"글로벌 제약시장, 연평균 7%↑···2032년 처방약 2조달러 규모 - 메디칼업저버",글로벌 제약시장이 향후 6년간 연평균 7% 이상 성장세를 이어가며 2032년 처방약 시장 규모 2조달러를 넘어설 것이라는 전망이 나왔.,[메디칼업저버 문윤희 기자] 글로벌 제약시장이 향후 6년간 연평균 7% 이상 성장세를 이어가며 2032년 처방약 시장 규모 2조달러를 넘어설 것이라는 전망이 나왔,local,10,라이선스,,,0.9319745563172966,,1.0,0.9319745563172966,8.514293136532645,7.0,9.523821894221076,False
2026-06-25,Client,2026-06-25 06:02:00,Naver News,https://www.kukinews.com/article/view/kuk202606240174,‘살 빼는 약’ 넘어 치매·암까지…GLP-1 치료제의 ‘영토 확장’,"Why have I been blocked? This website is using a security service to protect itself from online attacks. The action you just performed triggered the security solution. There are several actions that could trigger this block including submitting a certain word or phrase, a SQL command or malformed data.","Why have I been blocked?
This website is using a security service to protect itself from online attacks. The action you just performed triggered the security solution. There are several actions that could trigger this block including submitting a certain word or phrase, a SQL command or malformed data.",local,10,노보노디스크,,,0.9319190240092609,,1.0,0.9319190240092609,8.514059900838895,7.0,9.523433168064825,False
2026-06-25,Client,2026-06-25 14:18:00,Naver News,https://www.news1.kr/local/incheon/6208269,"인하대, '과학기술 기업' 머크와 바이오의약품 교육 협력","Access Denied You don't have permission to access ""http://www.news1.kr/local/incheon/6208269"" on this server. Reference #18.4d07d417.1782426124.b88915e3 https://errors.edgesuite.net/18.4d07d417.1782426124.b88915e3.","Access Denied
You don't have permission to access ""http://www.news1.kr/local/incheon/6208269"" on this server.
Reference #18.4d07d417.1782426124.b88915e3
https://errors.edgesuite.net/18.4d07d417.1782426124.b88915e3",local,10,머크,,,0.93042266742926,,1.0,0.93042266742926,8.507775203202893,7.0,9.512958672004821,False
2026-06-25,Client,2026-06-26 00:02:00,Naver News,https://www.newsis.com/view/NISX20260625_0003682724,'10㎏ 감량' 씬님의 말 못할 고민…마운자로가 부른 '사이즈' 변화,"뷰티 크리에이터 씬님은 마운자로를 활용한 다이어트로 체중을 감량한 뒤 겪은 신체 변화를 솔직하게 공유했다.지난 8일 씬님은 유튜브를 통해 GLP-1 계열 비만치료제인 '마운자로'를 사용해 10㎏가량 감량한 이후 가슴 사이즈가 줄어들었다고 밝혔다. 특히 그는 ""가슴 사이즈가 줄어들면서 6년 동안 잘 입던 속옷을 모두 정리하..","[서울=뉴시스]허준희 인턴 기자 = 뷰티 크리에이터 씬님은 마운자로를 활용한 다이어트로 체중을 감량한 뒤 겪은 신체 변화를 솔직하게 공유했다.지난 8일 씬님은 유튜브를 통해 GLP-1 계열 비만치료제인 '마운자로'를 사용해 10㎏가량 감량한 이후 가슴 사이즈가 줄어들었다고 밝혔다. 특히 그는 ""가슴 사이즈가 줄어들면서 6년 동안 잘 입던 속옷을 모두 정리하..",local,10,마운자로,,,0.9303386966261664,,1.0,0.9303386966261664,8.507422525829899,7.0,9.512370876383166,False
2026-06-25,Client,2026-06-25 15:40:00,Naver News,https://www.webeconomy.co.kr/news/articleView.html?idxno=2211793,"K-바이오, 세계 최대 전시회서 글로벌 제약사와 협력 확대 - 웹이코노미","대한무역투자진흥공사(코트라)는 25일 미국 샌디에이고에서 열린 세계 최대 바이오 전시회 '바이오 USA 2026'에 역대 최대 규모의 통합한국관을 운영하고, 국내.","대한무역투자진흥공사(코트라)는 25일 미국 샌디에이고에서 열린 세계 최대 바이오 전시회 '바이오 USA 2026'에 역대 최대 규모의 통합한국관을 운영하고, 국내",local,10,화이자,,,0.9301683021166474,,1.0,0.9301683021166474,8.506706868889918,7.0,9.51117811481653,False
2026-06-25,Client,2026-06-25 13:14:00,Naver News,https://www.medipana.com/news/articleView.html?idxno=413569,"[현장] 보령, 국내사 유일 골드 스폰서…항암 포트폴리오 전면 배치 - 메디파나뉴스","글로벌 제약사들이 대표 항암제 한두 개를 중심으로 학술대회 마케팅에 나선 가운데, 보령이 국내 제약사 가운데 유일하게 상위 스폰서.","[메디파나뉴스 = 강희재 기자] 글로벌 제약사들이 대표 항암제 한두 개를 중심으로 학술대회 마케팅에 나선 가운데, 보령이 국내 제약사 가운데 유일하게 상위 스폰서",local,10,다이이찌산쿄,,,0.9294951081358345,,1.0,0.9294951081358345,8.503879454170505,7.0,9.506465756950842,False
2026-06-25,BD,2026-06-25 05:56:00,Naver News,https://www.kpanews.co.kr/news/articleView.html?idxno=537378,정치권은 왜 성분명처방으로 돌아섰나...'타이레놀 쇼크' - 약사공론,"“타이레놀은 없는데 아세트아미노펜은 넘쳤다.”의약품 수급 불안정 상황에 한해 성분명처방을 허용하는 법안이 국회에 계류 중인 가운데, 성분명처방이 대선 공약에 처음.","“타이레놀은 없는데 아세트아미노펜은 넘쳤다.”의약품 수급 불안정 상황에 한해 성분명처방을 허용하는 법안이 국회에 계류 중인 가운데, 성분명처방이 대선 공약에 처음",local,10,품절,,,0.9293801044229437,,1.0,0.9293801044229437,8.503396438576363,7.0,9.505660730960605,False
2026-06-25,BD,2026-06-24 06:04:00,Naver News,https://www.monews.co.kr/news/articleView.html?idxno=412056,"건선 치료제 시장, 빔젤릭스 가세로 본격 3파전 양상 - 메디칼업저버",건선 치료제 시장에서 인터루킨.,[메디칼업저버 정연주 기자] 건선 치료제 시장에서 인터루킨(IL)-17 억제제와 IL-23 억제제 간 경쟁이 다차원으로 확대되고 있다.과거 종양괴사인자(TNF),local,10,생물학적제제,,,0.926945808312901,,1.0,0.926945808312901,8.493172394914184,7.0,9.488620658190307,False
2026-06-25,BD,2026-06-26 06:00:00,Naver News,https://www.pharmnews.com/news/articleView.html?idxno=304459,혈당만 보다 치료 '골든타임' 놓친다...신장이 보내는 '알부민뇨' 경고 - 팜뉴스,"당뇨병성 신장병(DKD) 관리에서 알부민뇨의 중요성이 날로 커지고 있다. 혈당 조절만으로는 신장 손상 위험을 배제하기 어려운 데다, 신장.","[팜뉴스=김민건 기자] 당뇨병성 신장병(DKD) 관리에서 알부민뇨의 중요성이 날로 커지고 있다. 혈당 조절만으로는 신장 손상 위험을 배제하기 어려운 데다, 신장",local,10,합병,,,0.9259192010813867,,1.0,0.9259192010813867,8.488860644541825,7.0,9.481434407569708,False
2026-06-25,Client,2026-06-19 09:02:00,Naver News,https://www.newsway.co.kr/news/view?ud=2026061110221046318,"허세홍표 바이오화학, 사업화 문턱서 '숨고르기' - 뉴스웨이","GS칼텍스가 미래 성장 동력으로 육성해 온 바이오화학 사업이 상업화 단계에서 시장성과 수익성 검증을 위해 속도 조절에 들어갔다. 2,3-부탄다이올 생산 기술과 글로벌 고객사 협력엔 성공했으나, 추가 투자와 사업 확장은 유보 중이다. 최근 연구개발비도 감소세를 보이며, 사업화의 효율성과 안정적 수요 기반이 관건으로 떠올랐다.","GS칼텍스가 미래 성장 동력으로 육성해 온 바이오화학 사업이 상업화 단계에서 시장성과 수익성 검증을 위해 속도 조절에 들어갔다. 2,3-부탄다이올 생산 기술과 글로벌 고객사 협력엔 성공했으나, 추가 투자와 사업 확장은 유보 중이다. 최근 연구개발비도 감소세를 보이며, 사업화의 효율성과 안정적 수요 기반이 관건으로 떠올랐다.",local,10,로레알,,,0.9251491428868683,,1.0,0.9251491428868683,8.485626400124847,7.0,9.476044000208077,False
2026-06-25,BD,2026-06-25 22:10:00,Naver News,https://medicalworldnews.co.kr/news/view.php?idx=1510975513,"질병관리청, 바이오헬스 경쟁력 강화 추진…2026~2030년 ‘제2차 병원체자원관리종합계획’ 수립","질병관리청(청장 임승관)이 병원체자원심의위원회 심의·의결(6월 24일)을 거쳐 향후 5년간(2026~2030년) 병원체자원 관리 정책의 방향과 과제를 담은 ‘제2차 병원체자원관리종합계획’(이하 제2차 종합계획)을 25일 수립·발표했다.국가전략 병원체자원 200건 확보, 분석정보 1,000건 구축, 논문·특허 100건 창출을 목표로 관리체계를 고도화한다는 계획이다.이번 제2차 종합계획은 제1차 종합계획(2021~2025)의 성과를 바탕으로 신종.","질병관리청(청장 임승관)이 병원체자원심의위원회 심의·의결(6월 24일)을 거쳐 향후 5년간(2026~2030년) 병원체자원 관리 정책의 방향과 과제를 담은 ‘제2차 병원체자원관리종합계획’(이하 제2차 종합계획)을 25일 수립·발표했다.국가전략 병원체자원 200건 확보, 분석정보 1,000건 구축, 논문·특허 100건 창출을 목표로 관리체계를 고도화한다는 계획이다.이번 제2차 종합계획은 제1차 종합계획(2021~2025)의 성과를 바탕으로 신종",local,10,백신,,,0.9241766695121426,,1.0,0.9241766695121426,8.481542011950998,7.0,9.469236686584997,False
2026-06-25,Client,2026-06-25 06:02:00,Naver News,https://www.dailypharm.com/user/news/339753?REFERER=NP,[데일리팜]보툴리눔 확장에 신약 탑재…부채비율 7% 휴온스바파 잰걸음,휴온스글로벌의 자회사 휴온스바이오파마가 사업 확장에 속도를 내고 있다. 주력 사업 보툴리눔독소제제의 국내외 시장 침투력을 높이고 신약 개발에도 뛰어들며 기업 경쟁력 제고에 나섰다. 신생 기업임에도 출범 당시 확보한 대규모 자금과 연속된 흑자로 부채 비율이 10%에도 못 미치는 탄탄한 재무 체력을 기반으로 신사업 발굴에 적극적인 행보를 보이고 있다. 25일 업계에 따르면….,휴온스글로벌의 자회사 휴온스바이오파마가 사업 확장에 속도를 내고 있다. 주력 사업 보툴리눔독소제제의 국내외 시장 침투력을 높이고 신약 개발에도 뛰어들며 기업 경쟁력 제고에 나섰다. 신생 기업임에도 출범 당시 확보한 대규모 자금과 연속된 흑자로 부채 비율이 10%에도 못 미치는 탄탄한 재무 체력을 기반으로 신사업 발굴에 적극적인 행보를 보이고 있다. 25일 업계에 따르면…,local,10,애브비,,,0.9236871019668834,,1.0,0.9236871019668834,8.479485828260911,7.0,9.465809713768184,False
2026-06-25,BD,2026-06-26 06:00:00,Naver News,https://www.pharmnews.com/news/articleView.html?idxno=304454,"일본, 210조 신약 창출 승부수...투자 늘리며 약가 깎는 역설 - 팜뉴스",일본 정부가 2040년까지 신약 창출 분야에 23조 4000억 엔(약 210조 6000억 원) 규모의 민관 투자를 유치하는 로드맵을 확정했.,[팜뉴스=우정민 기자] 일본 정부가 2040년까지 신약 창출 분야에 23조 4000억 엔(약 210조 6000억 원) 규모의 민관 투자를 유치하는 로드맵을 확정했,local,10,백신,,,0.9171820419448118,,1.0,0.9171820419448118,8.45216457616821,7.0,9.420274293613682,False
2026-06-25,Client,2026-06-25 15:06:00,Naver News,https://www.ebn.co.kr/news/articleView.html?idxno=1713918,"[특허 끝, 독점 종료⑤] '항암제 제왕' 키트루다 퇴장 준비...삼성·셀트 '왕좌 도전' - 이비엔(EBN)뉴스센터",글로벌 제약바이오 산업의 중대한 전환점으로 불리는 '특허 절벽(대형 약물의 특허 만료로 매출이 급감하는 현상)'이 본격적으로 다가오고 있다.,[편집자 주] 글로벌 제약바이오 산업의 중대한 전환점으로 불리는 '특허 절벽(대형 약물의 특허 만료로 매출이 급감하는 현상)'이 본격적으로 다가오고 있다. 빅파마,local,10,MSD,,,0.9164926324715609,,1.0,0.9164926324715609,8.449269056380556,7.0,9.415448427300927,False
2026-06-25,Client,2026-06-25 15:38:00,Naver News,https://magazine.hankyung.com/job-joy/article/202606258054d,"서울투자진흥재단, 美 샌디에고서 글로벌 바이오 기업과 협력 확대","서울투자진흥재단, 美 샌디에고서 글로벌 바이오 기업과 협력 확대, 김민주 기자, JOB&JOY.","서울투자진흥재단, 美 샌디에고서 글로벌 바이오 기업과 협력 확대, 김민주 기자, JOB&JOY",local,10,다이이찌산쿄,,,0.9161813323112906,,1.0,0.9161813323112906,8.44796159570742,7.0,9.413269326179034,False
2026-06-25,Client,2026-06-25 18:16:00,Naver News,https://www.sentv.co.kr/article/view/sentv202606250015,혈액암 이어 고형암도…‘원샷 치료제’ CAR-T 확장 기대,혈액암 치료의 게임체인저로 평가받는 CAR-T 치료제가 이제 고형암 시장으로 영역을 넓히고 있습니다. 최근 중국에서 세계 최초 고형암 CAR-T 치료제가.,혈액암 치료의 게임체인저로 평가받는 CAR-T 치료제가 이제 고형암 시장으로 영역을 넓히고 있습니다. 최근 중국에서 세계 최초 고형암 CAR-T 치료제가,local,10,아스트라제네카,,,0.914407670896053,,1.0,0.914407670896053,8.440512217763423,7.0,9.400853696272371,False
2026-06-25,BD,2026-06-24 06:00:00,Naver News,http://www.kmedinfo.co.kr/news/articleView.html?idxno=96396,국민들의 호흡기 건강 평등권 확보 나선다,"한국천식알레르기협회가 국민들의 ‘호흡기 건강 평등권’ 실현을 위해 발벗고 나선다.최근 취임한 조영주 회장(이대목동병원 알레르기내과)는 ‘호흡기 건강 평등권’을 협회의 핵심 가치로 제시했다. 학술과 공공의료, 정책 분야를 두루 경험한 조 회장은 그동안의 경험을 바탕으로 천식알레르기 환자.","한국천식알레르기협회가 국민들의 ‘호흡기 건강 평등권’ 실현을 위해 발벗고 나선다.최근 취임한 조영주 회장(이대목동병원 알레르기내과)는 ‘호흡기 건강 평등권’을 협회의 핵심 가치로 제시했다. 학술과 공공의료, 정책 분야를 두루 경험한 조 회장은 그동안의 경험을 바탕으로 천식알레르기 환자",local,10,생물학적제제,,,0.9141267976561374,,1.0,0.9141267976561374,8.439332550155777,7.0,9.39888758359296,False
2026-06-25,Client,2026-06-26 07:02:00,Naver News,https://www.thebell.co.kr/free/content/ArticleView.asp?key=202606240943438280106257,"[더벨]딥브레인AI, 하나증권으로 주관사 변경…IPO 전략 재정비","글로벌 제약사 화이자와 미국 방송사 폭스뉴스, IT기업 레노버 등을 고객사로 확보했다. 최근에는 국내 금융권 구축 경험을 바탕으로 홍콩 은행권과 실증사업(PoC)을 진행하며 해외 금융 시장 공략에 나서고 있다.... ","글로벌 제약사 화이자와 미국 방송사 폭스뉴스, IT기업 레노버 등을 고객사로 확보했다. 최근에는 국내 금융권 구축 경험을 바탕으로 홍콩 은행권과 실증사업(PoC)을 진행하며 해외 금융 시장 공략에 나서고 있다.... ",local,10,화이자,,,0.9136735690388977,,1.0,0.9136735690388977,8.43742898996337,7.0,9.395714983272285,False
2026-06-25,BD,2026-06-25 14:44:00,Naver News,https://www.tournews21.com/news/articleView.html?idxno=137283,"롯데바이오로직스 송도 1공장 완공 6개월 앞당겨, 수주물량 풍부 - 투어코리아",박제임스 롯데바이오로직스 대표는 송도 바이오캠퍼스 내 1공장 완공 시기를 당초 계획보다 6개월 앞당겼다고 밝혔다.박 대표는 고객사에서.,[투어코리아=조성란 기자] 박제임스 롯데바이오로직스 대표는 송도 바이오캠퍼스 내 1공장 완공 시기를 당초 계획보다 6개월 앞당겼다고 밝혔다.박 대표는 고객사에서,local,10,BMS,,,0.9119803937998889,,1.0,0.9119803937998889,8.430317653959532,7.0,9.383862756599221,False
2026-06-25,Client,2026-06-25 08:58:00,Naver News,https://www.sedaily.com/article/20059862?ref=naver,"K바이오, 기술은 증명… 자본·투자구조는 숙제",접근이 거부되었습니다 관리자에게 문의하세요 Email : 홈으로 돌아가기.,"403
접근이 거부되었습니다
관리자에게 문의하세요
Email : sscinfra@ssc.co.kr
홈으로 돌아가기",local,10,베링거인겔하임,,,0.911761827342334,,1.0,0.911761827342334,8.429399674837802,7.0,9.382332791396337,False
2026-06-25,Client,2026-06-26 06:54:00,Naver News,https://www.pinpointnews.co.kr/news/articleView.html?idxno=463197,"리가켐바이오 1위 탈환…의료기기 브랜드평판, 파마리서치·클래시스 順","리가켐바이오가 의료기기 상장기업 브랜드평판 조사에서 1위를 차지했다. 파마리서치와 클래시스가 뒤를 이으며 상위권을 형성한 가운데 전체 브랜드 빅데이터는 직전 조사보다 13% 넘게 감소해 의료기기 업종을 향한 온라인 관심도는 다소 둔화된 것으로 나타났다.한국기업평판연구소가 5월 26일부터 6월 26일까지 의료기기 상장기업 57개 브랜드를 대상으로 빅데이터 2376만8955개를 분석한 결과 리가켐바이오가 브랜드평판지수 161만3131점으로 1위에 올랐다. 이어 파마리서치가 127만4842점으로 2위, 클래시스가 98만9428점으로 3위.","리가켐바이오가 의료기기 상장기업 브랜드평판 조사에서 1위를 차지했다. 파마리서치와 클래시스가 뒤를 이으며 상위권을 형성한 가운데 전체 브랜드 빅데이터는 직전 조사보다 13% 넘게 감소해 의료기기 업종을 향한 온라인 관심도는 다소 둔화된 것으로 나타났다.한국기업평판연구소가 5월 26일부터 6월 26일까지 의료기기 상장기업 57개 브랜드를 대상으로 빅데이터 2376만8955개를 분석한 결과 리가켐바이오가 브랜드평판지수 161만3131점으로 1위에 올랐다. 이어 파마리서치가 127만4842점으로 2위, 클래시스가 98만9428점으로 3위",local,10,한독,,,0.9091471062733215,,1.0,0.9091471062733215,8.41841784634795,7.0,9.36402974391325,False
2026-06-25,Client,2026-06-25 06:04:00,Naver News,http://www.newsmp.com/news/articleView.html?idxno=255173,"유한양행, 100년 역사ㆍR&D 미래 비전 담은 '윌로우하우스' 오픈","유한양행이 창립 100주년을 맞아 대방동 구사옥을 100년 역사와 R&D 미래 비전을 담은 복합문화공간 ‘윌로우하우스(WILLOW HOUSE)’로 리노베이션했다.35년간 본사와 의약품 생산 거점으로 쓰인 공간을 보존해 창업정신과 기업 역사를 지역사회와 공유하고, 유한양행이 보유한 사업 역량과 신약개발 방향도 알리겠다는 취지다.유한양행은 24일 서울 동작구 본사 옆에 개관한 윌로우하우스에서 미디어투어를 개최해 공간 재구성 배경과 운영 방향을 소개했다.윌로우하우스는 유한양행이 1962년 대방동에 신축한 구사옥을 새 단장한.","[의약뉴스] 유한양행이 창립 100주년을 맞아 대방동 구사옥을 100년 역사와 R&D 미래 비전을 담은 복합문화공간 ‘윌로우하우스(WILLOW HOUSE)’로 리노베이션했다.35년간 본사와 의약품 생산 거점으로 쓰인 공간을 보존해 창업정신과 기업 역사를 지역사회와 공유하고, 유한양행이 보유한 사업 역량과 신약개발 방향도 알리겠다는 취지다.유한양행은 24일 서울 동작구 본사 옆에 개관한 윌로우하우스에서 미디어투어를 개최해 공간 재구성 배경과 운영 방향을 소개했다.윌로우하우스는 유한양행이 1962년 대방동에 신축한 구사옥을 새 단장한",local,10,얀센,,,0.9090309376778367,,1.0,0.9090309376778367,8.417929938246914,7.0,9.363216563744857,False
2026-06-25,Client,2026-06-25 15:27:00,Naver News,https://view.asiae.co.kr/article/2026062515272141999,"""기술력은 세계 수준, 이젠 자본·구조가 문제""…K바이오 쓴소리[바이오USA]","한국 바이오 산업이 글로벌 무대에서 기술력을 인정받고 있지만, 경직된 자본 구조와 획일화된 투자 회수 방식이 성장의 발목을 잡고 있다는 냉정한 진단이 나왔.","한국 바이오 산업이 글로벌 무대에서 기술력을 인정받고 있지만, 경직된 자본 구조와 획일화된 투자 회수 방식이 성장의 발목을 잡고 있다는 냉정한 진단이 나왔.",local,10,베링거인겔하임,,,0.907365198525761,,1.0,0.907365198525761,8.410933833808196,7.0,9.351556389680326,False
2026-06-25,BD,2026-06-25 07:02:00,Naver News,https://www.thebell.co.kr/free/content/ArticleView.asp?key=202606221558187720103261,"[더벨][thebell interview | 노벨티노빌리티 리빌딩 전략] ""면역 네트워크...","박상규 대표와 박찬희 최고과학책임자(CSO, 사진)는 ""NN2802는 사실 시작점일 뿐""이라며 ""비만세포를... 박찬희 CSO는 ""당장의 매출 공백을 메울 수 있는 후기 자산 확보가 중요해지면서 글로벌 제약사들의 사업개발... ","박상규 대표와 박찬희 최고과학책임자(CSO, 사진)는 ""NN2802는 사실 시작점일 뿐""이라며 ""비만세포를... 박찬희 CSO는 ""당장의 매출 공백을 메울 수 있는 후기 자산 확보가 중요해지면서 글로벌 제약사들의 사업개발... ",local,10,CSO,,,0.9067551905504805,,1.0,0.9067551905504805,8.408371800312018,7.0,9.347286333853363,False
2026-06-25,Client,2026-06-25 09:08:00,Naver News,https://www.smartbizn.com/news/articleView.html?idxno=146913,"[대한민국 제약의 역사] 유한양행, 안티푸라민에서 렉라자까지 - 스마트비즈","유한양행은 자체 개발 1호 의약품 안티푸라민을 시작으로 국산 신약 레바넥스, 비소세포폐암 치료제 렉라자까지 연구개발을 이어왔다.","| 스마트비즈 = 신동현 기자 | 유한양행은 자체 개발 1호 의약품 안티푸라민을 시작으로 국산 신약 레바넥스, 비소세포폐암 치료제 렉라자까지 연구개발을 이어왔다.",local,10,얀센,,,0.9062663537402619,,1.0,0.9062663537402619,8.406318685709099,7.0,9.343864476181832,False
2026-06-25,BD,2026-06-26 06:00:00,Naver News,https://www.apsk.co.kr/news/articleView.html?idxno=539688,바이오USA서 한국 기업 '혁신 허브' 도약 … '돈맥경화' 뚫을 릴레이 자본 유입 숙제 - 메디팜스투데이,세계 최대 제약·바이오 전시회인 ‘2026 바이오 인터내셔널 컨벤션(BIO USA 2026)’이 나흘간의 대장정을 마친다. 올해 행사는 미국 생물보안법 발효에 따.,세계 최대 제약·바이오 전시회인 ‘2026 바이오 인터내셔널 컨벤션(BIO USA 2026)’이 나흘간의 대장정을 마친다. 올해 행사는 미국 생물보안법 발효에 따,local,10,제휴,,,0.9061435133200907,,1.0,0.9061435133200907,8.405802755944382,7.0,9.343004593240636,False
2026-06-25,Client,2026-06-25 15:31:00,Naver News,https://biz.heraldcorp.com/article/10787899?ref=naver,팬젠 “EPO 외 시밀러 3종 생산공정 연내 완료”,"바이오의약품 기업 팬젠(대표 윤재승)이 블록버스터급 바이오시밀러 3종을 개발, 올해 안 생산공정까지 수립한다. 이 회사는 만성신부전 환자의 빈혈치료제인 에리트로포에.","바이오의약품 기업 팬젠(대표 윤재승)이 블록버스터급 바이오시밀러 3종을 개발, 올해 안 생산공정까지 수립한다. 이 회사는 만성신부전 환자의 빈혈치료제인 에리트로포에",local,10,암젠,,,0.9059507958102947,,1.0,0.9059507958102947,8.404993342403237,7.0,9.341655570672062,False
2026-06-25,BD,2026-06-25 08:23:00,Naver News,http://www.fnnews.com/news/202606250458451456,"""3년 다진 '글로벌 오픈 이노베이션' 2년 뒤엔 조단위 '딜' 가능""[2026 바이오USA]","24일 미국 샌디에이고에서 개최된 바이오USA 2026 현장에서 만난 김용우 한국보건산업진흥원 제약바이오사업단장은 단기 실적주의에 대한 경계와 함께 장기적이고 전략적인 지원의 필요성에 대해 이 같이 강조했다.초기 바이오텍 지원 마중물, 기업 생사 가른다 특히 김..","24일 미국 샌디에이고에서 개최된 바이오USA 2026 현장에서 만난 김용우 한국보건산업진흥원 제약바이오사업단장은 단기 실적주의에 대한 경계와 함께 장기적이고 전략적인 지원의 필요성에 대해 이 같이 강조했다.초기 바이오텍 지원 마중물, 기업 생사 가른다 특히 김..",local,10,BMS,,,0.9014998661227229,,1.0,0.9014998661227229,8.386299437715437,7.0,9.31049906285906,False
2026-06-25,BD,2026-06-25 11:25:00,Naver News,https://biz.heraldcorp.com/article/10787969?ref=naver,"유럽 시장 넓히고, 美 공장 키우고…삼성바이오, 글로벌 삼각 편대로",삼성바이오로직스가 유럽 영업 거점 신설과 미국 생산기지 증설 검증을 양 날개 삼아 올해 ‘15~20% 매출 성장 가동’이라는 정량적 목표를 흔들림 없이 추진한다.,삼성바이오로직스가 유럽 영업 거점 신설과 미국 생산기지 증설 검증을 양 날개 삼아 올해 ‘15~20% 매출 성장 가동’이라는 정량적 목표를 흔들림 없이 추진한다. 최근 창,local,10,GSK,,,0.8963714399980033,,1.0,0.8963714399980033,8.364760047991613,7.0,9.274600079986023,False
2026-06-25,Client,2026-06-23 06:02:00,Naver News,http://www.hansbiz.co.kr/news/articleView.html?idxno=845635,허가받은 톡신 7종뿐…중국 향하는 국내 기업들,"중국 보툴리눔 톡신 시장을 둘러싼 국내 제약바이오 기업들의 경쟁이 본격화되고 있다. 휴젤과 휴온스바이오파마가 품목허가를 획득하며 선발주자로 자리 잡은 가운데 대웅제약, 메디톡스 계열 뉴메코, 종근당바이오, 제테마 등 후발 기업들도 잇따라 중국 진출에 속도를 내고 있다.22일 보건복지부에 따르면 지난해 한국을 찾은 외국인 환자는 총 201만 1822명에 달했다. 국가별로는 중국인 환자가 61만 8973명으로 가장 많았으며 진료과목별로는 피부과 환자가 131만 2700명으로 압도적인 비중을 차지했다.K.","| 서울=한스경제 허승아 기자 | 중국 보툴리눔 톡신 시장을 둘러싼 국내 제약바이오 기업들의 경쟁이 본격화되고 있다. 휴젤과 휴온스바이오파마가 품목허가를 획득하며 선발주자로 자리 잡은 가운데 대웅제약, 메디톡스 계열 뉴메코, 종근당바이오, 제테마 등 후발 기업들도 잇따라 중국 진출에 속도를 내고 있다.22일 보건복지부에 따르면 지난해 한국을 찾은 외국인 환자는 총 201만 1822명에 달했다. 국가별로는 중국인 환자가 61만 8973명으로 가장 많았으며 진료과목별로는 피부과 환자가 131만 2700명으로 압도적인 비중을 차지했다.K",local,10,입센,,,0.8917433720551187,,1.0,0.8917433720551187,8.345322162631499,7.0,9.242203604385832,False
2026-06-25,Client,2026-06-25 12:09:00,Naver News,https://www.edaily.co.kr/news/newspath.asp?newsid=03801526645485328,위고비·마운자로 열풍에…美 의료비 지출 '역대 최대',미국의 의료비 지출이 올해 처음으로 6조 달러(약 9280조원)를 넘어설 전망이다. 위고비와 마운자로 등 GLP-1(글루카곤 유사 펩타이드-1) 계열 비만·당뇨병 치료제 사용이 급증하면서 처방약 지출이 전체 의료비 증가를 이끌 것으로 분석됐다. 노보노디스크의 비만 ...,미국의 의료비 지출이 올해 처음으로 6조 달러(약 9280조원)를 넘어설 전망이다. 위고비와 마운자로 등 GLP-1(글루카곤 유사 펩타이드-1) 계열 비만·당뇨병 치료제 사용이 급증하면서 처방약 지출이 전체 의료비 증가를 이끌 것으로 분석됐다.  노보노디스크의 비만 ...,local,10,노보노디스크,,,0.944180898696211,,1.0,0.944180898696211,7.365559774524087,4.0,9.609266290873478,False
2026-06-25,Client,2026-06-25 14:46:00,Naver News,https://www.newstopkorea.com/news/articleView.html?idxno=45814,"클래시스, 비만약發 美 미용수요 잡는다 - 뉴스톱",글루카곤 유사 펩타이드-1(GLP-1) 계열 비만치료제 확산이 미국 미용 의료 시장의 수요 지형을 바꾸고 있다. 체중 감량 이후 피부 처짐과 볼륨 감소를 관리하려.,글루카곤 유사 펩타이드-1(GLP-1) 계열 비만치료제 확산이 미국 미용 의료 시장의 수요 지형을 바꾸고 있다. 체중 감량 이후 피부 처짐과 볼륨 감소를 관리하려,local,10,애브비,,,0.9360560682444758,,1.0,0.9360560682444758,7.331435486626798,4.0,9.55239247771133,False
2026-06-25,Product Approval,2026-06-26 06:33:00,Naver News,https://biz.chosun.com/science-chosun/bio/2026/06/26/JYUVLOPRWZFDHD6Q5TTGFLBYFM/?utm_source=naver&utm_medium=original&utm_campaign=biz,"GLP-1 비만 신약에 ‘오남용’ 꼬리표 붙나…식약처 의견수렴 마감, 의료계 “치료 위축 우려”","GLP-1 비만 신약에 오남용 꼬리표 붙나식약처 의견수렴 마감, 의료계 치료 위축 우려 식약처, 오남용 우려 의약품 지정 의견수렴 26일 마감 의료계·업계 신중 검토 필요  해외는 처방 관리·불법 유통 단속에 집중.","GLP-1 비만 신약에 오남용 꼬리표 붙나식약처 의견수렴 마감, 의료계 치료 위축 우려 식약처, 오남용 우려 의약품 지정 의견수렴 26일 마감 의료계·업계 신중 검토 필요  해외는 처방 관리·불법 유통 단속에 집중",local,2,허가,,,0.6953008366017097,,0.2,0.6953008366017097,7.28026351372718,10.0,5.467105856211967,False
2026-06-25,Reimbursement,2026-06-26 07:06:00,Naver News,https://www.kpanews.co.kr/news/articleView.html?idxno=537462,"탈모약 ""급여 여부보다 원칙이 먼저""...5대 쟁점 총정리 - 약사공론","정부가 탈모치료제 건강보험 급여화를 본격 검토하면서 정책 논의가 속도를 내는 가운데, 급여적용 여부를 넘어 건강보험 보장성의 원칙과 약가구조, 의약품 안전성 관리.","정부가 탈모치료제 건강보험 급여화를 본격 검토하면서 정책 논의가 속도를 내는 가운데, 급여적용 여부를 넘어 건강보험 보장성의 원칙과 약가구조, 의약품 안전성 관리",local,2,급여,,,0.7177532996635282,,0.2,0.7177532996635282,6.9745638585868175,9.0,5.624273097644696,False
2026-06-25,Reimbursement,2026-06-26 07:06:00,Naver News,https://www.kpanews.co.kr/news/articleView.html?idxno=537456,"올루미언트, 중증원형탈모에 급여 적용…인공누액제 급여기준 확대 - 약사공론",다음 달부터 중증 원형탈모증 환자도 올루미언트 건강보험 급여를 받을 수 있게 된다.정부는 이와 관련한 원형탈모증 급여기준을 신설하는 한편 경구용 항뇌전증약의 급여.,다음 달부터 중증 원형탈모증 환자도 올루미언트 건강보험 급여를 받을 수 있게 된다.정부는 이와 관련한 원형탈모증 급여기준을 신설하는 한편 경구용 항뇌전증약의 급여,local,2,급여,,,0.619707079535599,,0.2,0.619707079535599,6.562769734049516,9.0,4.937949556749192,False
2026-06-25,Product Approval,2026-06-26 06:12:00,Naver News,https://www.hitnews.co.kr/news/articleView.html?idxno=77120,"P-CAB 자큐보, 약가인하 없이 '위궤양 치료'에 급여 확대",P-CAB 신약 '자큐보(성분 자스타프라잔)'가 오는 7월 1일부터 위궤양 치료 적응증까지 건강보험 급여를 적용받는다. P-CAB 계열 가운데 위궤양 급여를 확보한 두 번째 품목으로 적응증 확대에도 별도 약가 인하 없이 급여 범위를 넓히게 됐다.보건복지부는 최근 '요양급여의 적용기준 및 방법에 관한 세부사항' 개정안을 행정예고하고 자큐보의 위궤양 치료 적응증에 대한 급여기준을 신설했다. 자큐보는 지난해 6월 위궤양 적응증을 추가 승인받은 지 약 1년 만에 급여 적용까지 받게 됐다.,P-CAB 신약 '자큐보(성분 자스타프라잔)'가 오는 7월 1일부터 위궤양 치료 적응증까지 건강보험 급여를 적용받는다. P-CAB 계열 가운데 위궤양 급여를 확보한 두 번째 품목으로 적응증 확대에도 별도 약가 인하 없이 급여 범위를 넓히게 됐다.보건복지부는 최근 '요양급여의 적용기준 및 방법에 관한 세부사항' 개정안을 행정예고하고 자큐보의 위궤양 치료 적응증에 대한 급여기준을 신설했다. 자큐보는 지난해 6월 위궤양 적응증을 추가 승인받은 지 약 1년 만에 급여 적용까지 받게 됐다. 시행일은 7월 1일이다.이번 급여 확대는 P-CAB,local,2,출시,,,0.5203801501505224,,0.2,0.5203801501505224,6.545596630632193,10.0,4.242661051053656,False
2026-06-25,Reimbursement,2026-06-26 06:14:00,Naver News,https://www.dailymedi.com/news/news_view.php?wr_id=937741,"醫 “검체검사 배분율 과격, 병·의원 피해 우려”","﻿﻿﻿진단검사를 의뢰하는 위탁 의료기관에 검체검사 수가 인하와 더불어 과격한 배분비율 적용으로 급격한 수가인하가 이뤄지는 대신 내년 수가 인상은 1.6%에 불과해 개원가의 근심이 더 커졌다. 대한의사협회는 25일 정례브리핑에서 이날 있었던 건강보험정책심의위원회 의결 사항들을 두고 의료계가 큰 부담을 떠안게 됐다고 평가했다. 의료계 내 ‘뜨거운 감자’로 부상했던 검체검사 위수탁제도 개편은 진단검사 ‘위탁 25%(시범보상 10%): 수탁45%(고난도검사, 지역가산, 질가산 등 20% 차등보상)’로 결정됐다.다만, 위탁….","﻿﻿﻿진단검사를 의뢰하는 위탁 의료기관에 검체검사 수가 인하와 더불어 과격한 배분비율 적용으로 급격한 수가인하가 이뤄지는 대신 내년 수가 인상은 1.6%에 불과해 개원가의 근심이 더 커졌다. 대한의사협회는 25일 정례브리핑에서 이날 있었던 건강보험정책심의위원회 의결 사항들을 두고 의료계가 큰 부담을 떠안게 됐다고 평가했다. 의료계 내 ‘뜨거운 감자’로 부상했던 검체검사 위수탁제도 개편은 진단검사 ‘위탁 25%(시범보상 10%): 수탁45%(고난도검사, 지역가산, 질가산 등 20% 차등보상)’로 결정됐다.다만, 위탁…",local,2,급여,,,0.5555780353482352,,0.2,0.5555780353482352,6.293427748462587,9.0,4.4890462474376465,False
2026-06-25,Product Approval,2026-06-26 06:12:00,Naver News,https://www.dailymedi.com/news/news_view.php?wr_id=937746,"국제약품 비스메드점안액, 아산·삼성 이어 ‘세브란스’",﻿﻿﻿﻿프랑스 떼아(Thea)사의 글로벌 공급 중단으로 삼일제약 대표 인공눈물 ‘히아박점안액’이 시장에서 퇴장한 이후 상급종합병원을 중심으로 대체 처방이 본격화되고 있다.서울아산병원과 삼성서울병원에 이어 세브란스병원도 국제약품 ‘비스메드점안액’을 히아박 대체 품목으로 승인하면서 안과 점안제 시장의 재편이 구체화되는 모습이다.25일 업계에 따르면 세브란스병원 약사위원회는 최근 국제약품 비스메드점안액을 ‘히아박 대체 승인’ 품목으로 결정했다. 앞서 삼성서울병원도 지난 3월 삼일제약 사정으로 히아박 생산이 중단됨에 따라 비스메드를 대체약….,﻿﻿﻿﻿프랑스 떼아(Thea)사의 글로벌 공급 중단으로 삼일제약 대표 인공눈물 ‘히아박점안액’이 시장에서 퇴장한 이후 상급종합병원을 중심으로 대체 처방이 본격화되고 있다.서울아산병원과 삼성서울병원에 이어 세브란스병원도 국제약품 ‘비스메드점안액’을 히아박 대체 품목으로 승인하면서 안과 점안제 시장의 재편이 구체화되는 모습이다.25일 업계에 따르면 세브란스병원 약사위원회는 최근 국제약품 비스메드점안액을 ‘히아박 대체 승인’ 품목으로 결정했다. 앞서 삼성서울병원도 지난 3월 삼일제약 사정으로 히아박 생산이 중단됨에 따라 비스메드를 대체약…,local,2,출시,,,0.42070388526693964,,0.2,0.42070388526693964,6.126956318121146,10.0,3.5449271968685774,False
2026-06-25,Product Approval,2026-06-26 06:35:00,Naver News,http://www.wowtv.co.kr/NewsCenter/News/Read?articleId=A202606260195&t=NN,"덮어놓고 먹다 보면 ""간 박살난다""…의사가 경고한 '과유불급' 뭐길래","피로 회복과 건강 관리를 위해 여러 영양제를 함께 복용하는 경우가 많지만, 고용량·다중 복용이 오히려... 강 교수 역시 일부 비타민의 고용량 장기 복용에 주의해야 한다고 설명했다. 그는 ""비타민 A와 B군 일부는 고용량... ","피로 회복과 건강 관리를 위해 여러 영양제를 함께 복용하는 경우가 많지만, 고용량·다중 복용이 오히려... 강 교수 역시 일부 비타민의 고용량 장기 복용에 주의해야 한다고 설명했다. 그는 ""비타민 A와 B군 일부는 고용량... ",local,2,용량,,,0.6230381107928037,,0.2,0.6230381107928037,5.776760065329775,7.0,4.961266775549625,False
2026-06-25,Client,2026-06-25 11:42:00,Naver News,http://www.newsmp.com/news/articleView.html?idxno=255198,"마운자로ㆍ위고비, 비만대사수술 환자에서 추가 체중 감량","마운자로(성분명 터제파티드, 릴리)와 위고비(성분명 세마글루티드, 노보노디스크) 등 인크레틴 기만 비만체료제들이 비만대사 수술을 받은 환자에서 추가로 체중 감량 효과를 제공했다는 연구 결과가 보고됐다.22일, eClinicalMedicine part of THE LANCET Discovery Science에는 비만대사수술 후 인크레틴 기반 비만치료제가 1년 후 체중 및 심혈관계 이상사건(MACE)에 미치는 영향을 평가한 미국 내 코호트 분석 결과가 게재됐다.연구는 대학병원 및 사립병원 총 4만 3104개 기관의 의무기록.","[의약뉴스] 마운자로(성분명 터제파티드, 릴리)와 위고비(성분명 세마글루티드, 노보노디스크) 등 인크레틴 기만 비만체료제들이 비만대사 수술을 받은 환자에서 추가로 체중 감량 효과를 제공했다는 연구 결과가 보고됐다.22일, eClinicalMedicine part of THE LANCET Discovery Science에는 비만대사수술 후 인크레틴 기반 비만치료제가 1년 후 체중 및 심혈관계 이상사건(MACE)에 미치는 영향을 평가한 미국 내 코호트 분석 결과가 게재됐다.연구는 대학병원 및 사립병원 총 4만 3104개 기관의 의무기록",local,10,노보노디스크,,,0.9464374170475077,,1.0,0.9464374170475077,5.775037151599532,0.0,9.625061919332554,False
2026-06-25,Client,2026-06-24 06:02:00,Naver News,https://www.yakup.com/news/index.html?mode=view&cat=12&nid=328900,"[약업신문]ADC 개발 복잡성, PBPK로 임상 용량·약물상호작용·규제 푼다","‘Certainty Korea 2026’ 현장.©약업신문=권혁진 기자(왼쪽부터)서타라 지아 닝 PBPK 시니어 컨설턴트, 로저 윌리엄스 아시아태평양 커머셜 부사장.©약업신문=권혁진 기자“ADC는 항체와 링커, 페이로드가 결합된 ...","‘Certainty Korea 2026’ 현장.©약업신문=권혁진 기자(왼쪽부터)서타라 지아 닝 PBPK 시니어 컨설턴트, 로저 윌리엄스 아시아태평양 커머셜 부사장.©약업신문=권혁진 기자“ADC는 항체와 링커, 페이로드가 결합된 ...",local,10,아스텔라스,,,0.9461366859043829,,1.0,0.9461366859043829,5.773774080798408,0.0,9.62295680133068,False
2026-06-25,Client,2026-06-25 16:12:00,Naver News,http://www.doctorstimes.com/news/articleView.html?idxno=238757,[제약업계 소식] 6월 25일,"한국GSK, 자궁체부암 인식의 달 기념 ‘EC 서밋 심포지엄’ 개최한국GSK는 6월 자궁체부암 인식의 달을 맞아 지난 17일 ‘EC 서밋 심포지엄’을 열고 국내외 자궁내막암 최신 치료 지견을 공유했다고 25일 밝혔다.이번 심포지엄은 자궁내막암 인식 제고와 환자 중심 가치 실현을 위해 16일부터 18일까지 운영된 ‘EC 페이션트 위크’의 일환으로 마련됐다.심포지엄은 이재관 고대구로병원 산부인과 교수가 좌장을 맡고, 박정열 서울아산병원 산부인과 교수와 로버트 콜만 텍사스 온콜로지 교수가 연자로 참여했다. 이들은 실제 임상 사례를 중심.","■한국GSK, 자궁체부암 인식의 달 기념 ‘EC 서밋 심포지엄’ 개최한국GSK는 6월 자궁체부암 인식의 달을 맞아 지난 17일 ‘EC 서밋 심포지엄’을 열고 국내외 자궁내막암 최신 치료 지견을 공유했다고 25일 밝혔다.이번 심포지엄은 자궁내막암 인식 제고와 환자 중심 가치 실현을 위해 16일부터 18일까지 운영된 ‘EC 페이션트 위크’의 일환으로 마련됐다.심포지엄은 이재관 고대구로병원 산부인과 교수가 좌장을 맡고, 박정열 서울아산병원 산부인과 교수와 로버트 콜만 텍사스 온콜로지 교수가 연자로 참여했다. 이들은 실제 임상 사례를 중심",local,10,MSD,,,0.9444876574795356,,1.0,0.9444876574795356,5.766848161414049,0.0,9.611413602356748,False
2026-06-25,Reimbursement,2026-06-26 06:02:00,Naver News,https://www.dailypharm.com/user/news/339819?REFERER=NP,"[데일리팜]의협 ""필수의료 살린다며 검체·영상검사 희생양 삼아""",대한의사협회(이하 의협)가 건강보험정책심의위원회(건정심) 본회의에서 의결된 수가 구조 개편안과 환산지수 결정에 대해 “의료계 현실을 무시한 일방적인 통제이자 일차의료 말살 책동”이라며 강력히 반발하고 나섰다. 의협은 오는 28일 서울 대한문 앞에서 대규모 궐기대회를 열고 정부를 향한 투쟁을 선언했다. 건정심은 지역·필수의료 수가 구조 혁신방안을 의결하고 연간 3.6조원….,대한의사협회(이하 의협)가 건강보험정책심의위원회(건정심) 본회의에서 의결된 수가 구조 개편안과 환산지수 결정에 대해 “의료계 현실을 무시한 일방적인 통제이자 일차의료 말살 책동”이라며 강력히 반발하고 나섰다. 의협은 오는 28일 서울 대한문 앞에서 대규모 궐기대회를 열고 정부를 향한 투쟁을 선언했다. 건정심은 지역·필수의료 수가 구조 혁신방안을 의결하고 연간 3.6조원…,local,2,급여,,,0.4274671233075375,,0.2,0.4274671233075375,5.755361917891657,9.0,3.592269863152762,False
2026-06-25,Client,2026-06-25 11:04:00,Naver News,https://www.koreahealthlog.com/news/articleView.html?idxno=57786,"자궁내막암 '면역항암제 조기 사용 전략', 장기 생존 접근법으로 부상","“그간 1차 표준치료로 활용돼 온 백금기반 화학요법은 진행성·재발성 자궁내막암 환자의 예후 개선에 한계가 있었으나 최근 젬퍼리 같은 면역항암제를 조기에 사용하는 전략이 장기 생존 혜택을 뒷받침할 접근법으로 부상하고 있다.”서울아산병원 산부인과 박정열 교수는 최근 한국GSK가 6월 '자궁체부암 인식의 달'을 맞아 연 ‘EC(Endometrial Cancer, 자궁내막암) 서밋 심포지엄’에서 이같이 전하며 “진행성·재발성 자궁내막암 초기 치료 단계부터 전체 치료 여정을 고려해 치료 목표를 설정하는 방향으로 치료 패러다임이 변화하고 있다.","“그간 1차 표준치료로 활용돼 온 백금기반 화학요법은 진행성·재발성 자궁내막암 환자의 예후 개선에 한계가 있었으나 최근 젬퍼리 같은 면역항암제를 조기에 사용하는 전략이 장기 생존 혜택을 뒷받침할 접근법으로 부상하고 있다.”서울아산병원 산부인과 박정열 교수는 최근 한국GSK가 6월 '자궁체부암 인식의 달'을 맞아 연 ‘EC(Endometrial Cancer, 자궁내막암) 서밋 심포지엄’에서 이같이 전하며 “진행성·재발성 자궁내막암 초기 치료 단계부터 전체 치료 여정을 고려해 치료 목표를 설정하는 방향으로 치료 패러다임이 변화하고 있다",local,10,GSK,,,0.9383399902947362,,1.0,0.9383399902947362,5.741027959237891,0.0,9.568379932063152,False
2026-06-25,Client,2026-06-25 11:36:00,Naver News,http://www.bokuennews.com/news/article.html?no=280332,"글로벌 처방의약품 시장, 2032년 2조달러 시대 진입",글로벌 처방의약품 시장이 향후 연평균 7% 이상의 성장세를 이어가며 2032년 2조 달러를 넘어설 것이라는 전망이 제시됐다. 한국바이오협회 바이오경제연구센터는 글로벌 제약시장 분석기관 이밸류에이트(Evaluate)..,"글로벌 처방의약품 시장이 향후 연평균 7% 이상의 성장세를 이어가며 2032년 2조 달러를 넘어설 것이라는 전망이 제시됐다.

한국바이오협회 바이오경제연구센터는 글로벌 제약시장 분석기관 이밸류에이트(Evaluate)..",local,10,머크,,,0.9381720884863676,,1.0,0.9381720884863676,5.740322771642743,0.0,9.567204619404572,False
2026-06-25,BD,2026-06-25 14:35:00,Naver News,https://www.etnews.com/20260625000334,[바이오 USA]정영훈 보산진 기획이사 “AI 접목해 바이오산업 육성 핵심 플랫폼 진화”,"“글로벌 바이오 시장 경쟁은 단순 기술 개발을 넘어 연구개발(R&D)부터 임상, 인허가, 생산, 글로벌 시장 진입까지 생애 주기를 얼마나 빠르고 유기적으로 연결하느냐에 달렸습니다. 한국보건산업진흥원은 산업 전 주기를 잇는 '국가 바이오헬스 산업 육성 핵심 플랫폼'으로 진화하겠습니다.” 정영훈 보산진 기획이사는 세계 최대 제약바이오 박람회 '2026 바이오 인터내셔널 컨벤션(바이오 USA)'에서 현장 밀착형 사업 설계로 국내 기업의 블록버스터 신.","“글로벌 바이오 시장 경쟁은 단순 기술 개발을 넘어 연구개발(R&D)부터 임상, 인허가, 생산, 글로벌 시장 진입까지 생애 주기를 얼마나 빠르고 유기적으로 연결하느냐에 달렸습니다. 한국보건산업진흥원은 산업 전 주기를 잇는 '국가 바이오헬스 산업 육성 핵심 플랫폼'으로 진화하겠습니다.” 정영훈 보산진 기획이사는 세계 최대 제약바이오 박람회 '2026 바이오 인터내셔널 컨벤션(바이오 USA)'에서 현장 밀착형 사업 설계로 국내 기업의 블록버스터 신",local,10,아스트라제네카,,,0.9335599487285953,,1.0,0.9335599487285953,5.7209517846601,0.0,9.534919641100167,False
2026-06-25,Client,2026-06-25 16:42:00,Naver News,http://www.newsmp.com/news/articleView.html?idxno=255205,"美FDA, 입랜스 HRㆍHER2 양성 유방암 적응증 승인","미국 식품의약국(FDA)이 화이자의 CDK4/6 억제제 입랜스(성분명 팔보시클립)를 호르몬 수용체(HR)ㆍ사람상피세포성장인자수용체2(HER2) 양성 유방암의 1차 유지치료제로 승인했다.화이자는 FDA가 HR 양성, HER2 양성 국소 진행성 또는 전이성 유방암 성인 환자의 유도치료 이후 시행하는 유지치료에서 입랜스와 트라스투주맙, 내분비요법을 병용하고 필요에 따라 퍼투주맙을 추가하는 요법을 승인했다고 24일 발표했다.이번 승인은 임상 3상 PATINA 연구에서 도출된 긍정적인 결과를 근거로 이뤄졌다.PATINA는 HR.","[의약뉴스] 미국 식품의약국(FDA)이 화이자의 CDK4/6 억제제 입랜스(성분명 팔보시클립)를 호르몬 수용체(HR)ㆍ사람상피세포성장인자수용체2(HER2) 양성 유방암의 1차 유지치료제로 승인했다.화이자는 FDA가 HR 양성, HER2 양성 국소 진행성 또는 전이성 유방암 성인 환자의 유도치료 이후 시행하는 유지치료에서 입랜스와 트라스투주맙, 내분비요법을 병용하고 필요에 따라 퍼투주맙을 추가하는 요법을 승인했다고 24일 발표했다.이번 승인은 임상 3상 PATINA 연구에서 도출된 긍정적인 결과를 근거로 이뤄졌다.PATINA는 HR",local,10,화이자,,,0.9328118857439438,,1.0,0.9328118857439438,5.717809920124564,0.0,9.529683200207607,False
2026-06-25,Client,2026-06-25 06:20:00,Naver News,https://www.ngetnews.com/news/articleView.html?idxno=551023,신약 격전지 된 BBB…제약업계 '뇌 전달' 기술전 본격화,중추신경계(CNS) 신약 개발의 경쟁 축이 후보물질에서 전달 플랫폼으로 이동하고 있다. 특히 혈액뇌장벽(BBB)을 효과적으로 통과하는 기술이 신약 개발의 핵심 요소로 떠오르면서 글로벌 제약사는 물론 국내 바이오 기업들도 관련 기술 확보에 속도를 내고 있다.25일 관련 업계에 따르면 최.,중추신경계(CNS) 신약 개발의 경쟁 축이 후보물질에서 전달 플랫폼으로 이동하고 있다. 특히 혈액뇌장벽(BBB)을 효과적으로 통과하는 기술이 신약 개발의 핵심 요소로 떠오르면서 글로벌 제약사는 물론 국내 바이오 기업들도 관련 기술 확보에 속도를 내고 있다.25일 관련 업계에 따르면 최,local,10,로슈,,,0.9317850804640769,,1.0,0.9317850804640769,5.713497337949123,0.0,9.522495563248539,False
2026-06-25,BD,2026-06-26 06:50:00,Naver News,https://www.bloter.net/news/articleView.html?idxno=666504,"[BIO USA 2026] 에이비엘바이오, 네옥바이오 시리즈B 추진",이상훈 에이비엘바이오 대표가 내년 미국 자회사 네옥바이오(NEOK Bio)의 자금 조달을 본격화하겠다고 밝혔다. 시리즈B 투자 유치를 통해 이중항체 항체약물접합체(ADC) 파이프라인의 임상 2상 수준 개념입증(PoC)을 확보하겠다는 계획이다. 궁극적으로는 네옥바이오의 기업가치를 키워.,이상훈 에이비엘바이오 대표가 내년 미국 자회사 네옥바이오(NEOK Bio)의 자금 조달을 본격화하겠다고 밝혔다. 시리즈B 투자 유치를 통해 이중항체 항체약물접합체(ADC) 파이프라인의 임상 2상 수준 개념입증(PoC)을 확보하겠다는 계획이다. 궁극적으로는 네옥바이오의 기업가치를 키워,local,10,M&A,,,0.9300410058776138,,1.0,0.9300410058776138,5.706172224685978,0.0,9.510287041143297,False
2026-06-25,Client,2026-06-25 17:22:00,Naver News,https://www.hitnews.co.kr/news/articleView.html?idxno=77162,"코스닥 전선이 밀린다, 바이오도 밀렸다…펩트론·로킷헬스케어 급락","오늘의 증시시장 지수KOSPI: 8,930.30 (▲5.42%)KOSDAQ: 887.81 (▼2.36%)상승 종목씨젠(+8.16%), 파마리서치(+5.91%), 한스바이오메드(+5.19%), 덴티스(+4.56%), 인바디(+3.67%)하락 종목펩트론(-16.67%), 로킷헬스케어(-16.67%), 리센스메디컬(-14.60%), JW신약(-12.74%), 현대약품(-12.07%) 오늘의 이슈온코닉테라퓨틱스(-1.62%): ""네수파립 임상 2상 연내 확대 목표""HLB생명과학(-2.51%): 주사기 제품군 국제 의료기기 인증 획득에이프릴.","오늘의 증시시장 지수KOSPI: 8,930.30 (▲5.42%)KOSDAQ: 887.81 (▼2.36%)상승 종목씨젠(+8.16%), 파마리서치(+5.91%), 한스바이오메드(+5.19%), 덴티스(+4.56%), 인바디(+3.67%)하락 종목펩트론(-16.67%), 로킷헬스케어(-16.67%), 리센스메디컬(-14.60%), JW신약(-12.74%), 현대약품(-12.07%) 오늘의 이슈온코닉테라퓨틱스(-1.62%): ""네수파립 임상 2상 연내 확대 목표""HLB생명과학(-2.51%): 주사기 제품군 국제 의료기기 인증 획득에이프릴",local,10,현대약품,,,0.9295934704849264,,1.0,0.9295934704849264,5.704292576036691,0.0,9.507154293394485,False
2026-06-25,BD,2026-06-24 08:58:00,Naver News,http://www.inews24.com/view/1979041,"270조 '특허절벽'이 열린다…삼성바이오에피스, 6종 메가 의약품 '조기저격'","시밀러시장, 2026년 85조원서 2038년 408조원으로 '5배 폭발' 면역억제제 '탈츠'부터 ADC '엔허투'까지…10년치 파이프라인 스텔라라 성공방정식 잇는다…'R&D 선제투자' 후발주자와 격차 글로벌 제약·바이오시장 판도를 바꿀 이른바 '특허절벽'의 거대한 서막이 올랐다. 올해를 기점으로 세계시장을 호령하던 메가 블록버스터 의약품들 독점권 만료가 대거 도래하면서다. 한국제약바이오협회에 따르면 향후 특허가 만료되는 글로벌 의약품시장 규모는 연간 약 2000억달러(원화 약 270조원)을 웃돈다.","시밀러시장, 2026년 85조원서 2038년 408조원으로 '5배 폭발'
면역억제제 '탈츠'부터 ADC '엔허투'까지&hellip;10년치 파이프라인 
스텔라라 성공방정식 잇는다&hellip;'R&amp;D 선제투자' 후발주자와 격차 글로벌 제약&middot;바이오시장 판도를 바꿀 이른바 '특허절벽'의 거대한 서막이 올랐다. 올해를 기점으로 세계시장을 호령하던 메가 블록버스터 의약품들 독점권 만료가 대거 도래하면서다. 한국제약바이오협회에 따르면 향후 특허가 만료되는 글로벌 의약품시장 규모는 연간 약 2000억달러(원화 약 270조원)을 웃돈다.",local,10,특허만료,,,0.9282876963186422,,1.0,0.9282876963186422,5.698808324538296,0.0,9.498013874230494,False
2026-06-25,Client,2026-06-23 12:18:00,Naver News,https://www.kpanews.co.kr/news/articleView.html?idxno=537222,"애브비, 15조원대 베팅…아토피 장기지속 항체로 듀피젠트 정조준 - 약사공론",애브비(AbbVie)가 아포지 테라퓨틱스(Apogee Therapeutics)를 109억 달러에 인수하기로 했다. 이번 거래로 애브비는 후기 임상 단계의 아토피피.,애브비(AbbVie)가 아포지 테라퓨틱스(Apogee Therapeutics)를 109억 달러에 인수하기로 했다. 이번 거래로 애브비는 후기 임상 단계의 아토피피,local,10,리제네론,,,0.9258611570894263,,1.0,0.9258611570894263,5.68861685977559,0.0,9.481028099625984,False
2026-06-25,BD,2026-06-24 17:36:00,Naver News,https://www.sisajournal-e.com/news/articleView.html?idxno=421963,큐라클 파이프라인 뉴코 모델 시험대···전주기 개발 협력 통할까 - 시사저널e,큐라클의 망막질환 신약 파이프라인이 글로벌 투자자들이 함께 회사를 설립해 개발에 나서는 뉴코 모델의 시험대에 올랐다.,[시사저널e=최성근 기자] 큐라클의 망막질환 신약 파이프라인이 글로벌 투자자들이 함께 회사를 설립해 개발에 나서는 뉴코 모델의 시험대에 올랐다. 신약후보물질 발굴,local,10,노바티스,,,0.9210355785996531,,1.0,0.9210355785996531,5.668349430118543,0.0,9.447249050197572,False
2026-06-25,Client,2026-06-25 08:22:00,Naver News,https://www.medicopharma.co.kr/news/articleView.html?idxno=68516,"트로델비, 유럽 이어 미국서도 TNBC 1차 치료 승인…ADC 초기 치료 진입 확대","길리어드사이언스(Gilead Sciences)의 항체약물접합체(ADC) 트로델비(Trodelvy, 성분명 사시투주맙 고비테칸)가 유럽에 이어 미국에서도 전이성 삼중음성유방암(TNBC) 1차 치료제로 승인됐다. 유럽에서는 면역항암제 치료 대상이 아닌 환자군.","[메디코파마뉴스=정재노 기자] 길리어드사이언스(Gilead Sciences)의 항체약물접합체(ADC) 트로델비(Trodelvy, 성분명 사시투주맙 고비테칸)가 유럽에 이어 미국에서도 전이성 삼중음성유방암(TNBC) 1차 치료제로 승인됐다. 유럽에서는 면역항암제 치료 대상이 아닌 환자군",local,10,아스트라제네카,,,0.9205241702955201,,1.0,0.9205241702955201,5.666201515241184,0.0,9.44366919206864,False
2026-06-25,BD,2026-06-25 17:01:00,Naver News,https://www.chosun.com/economy/science/2026/06/25/B6LXP442TRDONH3B73KW2V3GP4/?utm_source=naver&utm_medium=referral&utm_campaign=naver-news,"“K바이오, 기술 이전으로는 한계…임상 2상 넘어서는 자산 확보해야”","K바이오, 기술 이전으로는 한계임상 2상 넘어서는 자산 확보해야 에이비엘바이오 이상훈 대표 인터뷰.","K바이오, 기술 이전으로는 한계임상 2상 넘어서는 자산 확보해야 에이비엘바이오 이상훈 대표 인터뷰",local,10,GSK,,,0.9178901819375581,,1.0,0.9178901819375581,5.655138764137743,0.0,9.425231273562906,False
2026-06-25,BD,2026-06-25 06:12:00,Naver News,https://www.hitnews.co.kr/news/articleView.html?idxno=77127,글로벌 빅파마들 전쟁처럼 M&A... K-전통제약은 '오늘도 평온',글로벌 제약바이오 시장은 M&A 열풍이다. 유망 신약을 한발 더 빠르게 확보하기 위해 눈에 불을 켜고 있다. 빅파마들이 생존을 걸고 뛰어들었다. 우리도 신약개발의 효용성은 확인되고 있다. 바이오 벤처 개발 유망 파이프라인 확보를 위해 애쓰고 있다. 그러나 여전히 범위도 한정적이고 움직임도 더디다는 지적이다. 제약바이오 분야를 새로운 먹거리로 삼은 정부는 보다 큰 그림을 그리며 당근과 채칙으로 기업들이 혁신 신약개발에 보다 치열하게 임해주기를 촉구하고 있다.,글로벌 제약바이오 시장은 M&A 열풍이다. 유망 신약을 한발 더 빠르게 확보하기 위해 눈에 불을 켜고 있다. 빅파마들이 생존을 걸고 뛰어들었다. 우리도 신약개발의 효용성은 확인되고 있다. 바이오 벤처 개발 유망 파이프라인 확보를 위해 애쓰고 있다. 그러나 여전히 범위도 한정적이고 움직임도 더디다는 지적이다. 제약바이오 분야를 새로운 먹거리로 삼은 정부는 보다 큰 그림을 그리며 당근과 채칙으로 기업들이 혁신 신약개발에 보다 치열하게 임해주기를 촉구하고 있다. 1 블록버스터 넘어 플랫폼 신약으로…글로벌 제약 '생존 경쟁'글로벌 제약 및,local,10,특허만료,,,0.9163234535815369,,1.0,0.9163234535815369,5.6485585050424545,0.0,9.414264175070757,False
2026-06-25,Client,2026-06-25 11:14:00,Naver News,https://www.kpanews.co.kr/news/articleView.html?idxno=537412,ASCO Breakthrough 2026 개막…암 조기진단·GLP-1 연구 주목 - 약사공론,미국임상종양학회(ASCO)가 25일부터 27일까지 싱가포르 래플즈 시티 컨벤션 센터에서 'ASCO Breakthrough 2026'을 개최한다.,미국임상종양학회(ASCO)가 25일부터 27일까지 싱가포르 래플즈 시티 컨벤션 센터에서 'ASCO Breakthrough 2026'을 개최한다. 이번 행사는 싱가,local,10,로슈,,,0.9153611117698001,,1.0,0.9153611117698001,5.64451666943316,0.0,9.4075277823886,False
2026-06-25,BD,2026-06-23 14:16:00,Naver News,http://www.bizwnews.com/news/articleView.html?idxno=139231,"미국, 바이오시밀러 규제 장벽 낮춘다…국내사 수혜 여부 관심",미국이 바이오시밀러 시장 확대를 위한 규제 완화에 속도를 내면서 국내 기업들의 수혜 여부에 관심이 쏠리고 있다.앞으로 10년 동안 다수의 대형 바이오의약품 특허 만료가 예고된 가운데 시장 진입 장벽까지 낮아질 것으로 예상되면서다. 이에 따라 글로벌 바이오시밀러 시장 경쟁이 한층 치열해질 것으로 관측된다. 23일 한국바이오협회 바이오경제연구센터·한국바이오의약품협회 등 관련 업계에 따르면 미국 상원 보건·교육·노동·연금(HELP) 위원회는 지난 17일(현지시각) 바이오시밀러 규제완화법(Biosimilar Red Tape E.,[비즈월드] 미국이 바이오시밀러 시장 확대를 위한 규제 완화에 속도를 내면서 국내 기업들의 수혜 여부에 관심이 쏠리고 있다.앞으로 10년 동안 다수의 대형 바이오의약품 특허 만료가 예고된 가운데 시장 진입 장벽까지 낮아질 것으로 예상되면서다. 이에 따라 글로벌 바이오시밀러 시장 경쟁이 한층 치열해질 것으로 관측된다. 23일 한국바이오협회 바이오경제연구센터·한국바이오의약품협회 등 관련 업계에 따르면 미국 상원 보건·교육·노동·연금(HELP) 위원회는 지난 17일(현지시각) 바이오시밀러 규제완화법(Biosimilar Red Tape E,local,10,오가논,,,0.913661462668708,,1.0,0.913661462668708,5.637378143208573,0.0,9.395630238680955,False
2026-06-25,Client,2026-06-23 15:04:00,Naver News,https://www.medicopharma.co.kr/news/articleView.html?idxno=68494,"일라이 릴리, BBB 통과 기술에 1조 베팅…바이오아크틱과 맞손","일라이 릴리가 퇴행성 뇌질환 치료제 개발에 활용할 수 있는 뇌 전달 플랫폼 기술을 확보하며 신경과학 분야 파이프라인 강화에 나섰다.23일 업계에 따르면, 일라이 릴리는 최근 스웨덴 바이오텍 바이오아크틱(BioArctic)과 신경퇴행성질환 치료제 개발을 위.","[메디코파마뉴스=이호빈 기자] 일라이 릴리가 퇴행성 뇌질환 치료제 개발에 활용할 수 있는 뇌 전달 플랫폼 기술을 확보하며 신경과학 분야 파이프라인 강화에 나섰다.23일 업계에 따르면, 일라이 릴리는 최근 스웨덴 바이오텍 바이오아크틱(BioArctic)과 신경퇴행성질환 치료제 개발을 위",local,10,바이오젠,,,0.9124556700392978,,1.0,0.9124556700392978,5.632313814165052,0.0,9.387189690275086,False
2026-06-25,Client,2026-06-22 11:12:00,Naver News,https://www.medipana.com/news/articleView.html?idxno=413301,"올릭스, 'OLX501A' 원숭이 데이터 촉각…비만신약 기대감 고조 - 메디파나뉴스",올릭스가 RNA 간섭(RNAi) 기반 파이프라인 개발에서 하반기 전환점을 앞두고 있다. 지방세포를 표적으로 하는 비만 후보물질 '.,[메디파나뉴스 = 최인환 기자] 올릭스가 RNA 간섭(RNAi) 기반 파이프라인 개발에서 하반기 전환점을 앞두고 있다. 지방세포를 표적으로 하는 비만 후보물질 ',local,10,로레알,,,0.9106331515860504,,1.0,0.9106331515860504,5.624659236661411,0.0,9.374432061102352,False
2026-06-25,BD,2026-06-25 17:11:00,Naver News,https://www.donga.com/news/Health/article/all/20260625/134181063/1,“글로벌 제약사들 눈여겨보는 나라 한국…실제 임상서 가능성 확인해야”,“글로벌 제약사들이 중국 다음으로 눈여겨봐야 할 나라가 한국입니다. 다만 5년 뒤 실제 ‘K바이오’ 웨이브가 올지는 우리 손에 달려 있습니다.”이중항체 전문기업 에이비엘바이오의 이상훈 대표(사진)는 24일(현지 시간) 미국 샌디에이고에서 열린 바이오USA 현장 인터뷰….,“글로벌 제약사들이 중국 다음으로 눈여겨봐야 할 나라가 한국입니다. 다만 5년 뒤 실제 ‘K바이오’ 웨이브가 올지는 우리 손에 달려 있습니다.”이중항체 전문기업 에이비엘바이오의 이상훈 대표(사진)는 24일(현지 시간) 미국 샌디에이고에서 열린 바이오USA 현장 인터뷰…,local,10,사노피,,,0.9095804384860523,,1.0,0.9095804384860523,5.62023784164142,0.0,9.367063069402366,False
2026-06-25,BD,2026-06-25 07:48:00,Naver News,https://www.medicopharma.co.kr/news/articleView.html?idxno=68515,"글로벌 바이오 온기, 국내 파이프라인 재평가로 이어질까",글로벌 바이오 업종의 투자심리가 회복되는 가운데 국내 바이오기업의 후속 모멘텀에 관심이 모이고 있다. 최근 흐름의 핵심은 비만·대사질환 학회 데이터와 미국 식품의약국(FDA)의 심사 기조 변화다. 미국당뇨병학회(ADA)에서는 글루카곤 유사 펩타이드-1(G.,[메디코파마뉴스=최원석 기자] 글로벌 바이오 업종의 투자심리가 회복되는 가운데 국내 바이오기업의 후속 모멘텀에 관심이 모이고 있다. 최근 흐름의 핵심은 비만·대사질환 학회 데이터와 미국 식품의약국(FDA)의 심사 기조 변화다. 미국당뇨병학회(ADA)에서는 글루카곤 유사 펩타이드-1(G,local,10,생물학적제제,,,0.9025182004509394,,1.0,0.9025182004509394,5.590576441893945,0.0,9.317627403156575,False
2026-06-25,BD,2026-06-19 15:10:00,Naver News,http://www.wikileaks-kr.org/news/articleView.html?idxno=188820,[한국GSK 40년] AI·바이오 ‘글로벌 파이프라인’ 韓 시장에 내놓을 것,올해로 한국 진출 40주년을 맞이한 한국GSK(글락소스미스클라인).단순한 외형 성장을 넘어 질병 예방부터 중증·희귀질환 치료를 아우르는 '고부가가치 혁신 제약사'로 도약기를 맞고 있다.19일 한국GSK에 따르면 이 회사는 지난 1986년 '한국그락소' 설립을 시작으로 그간 40년간 한국의 보건의료 인프라 확대와 환자들의 치료 접근성 향상에 기여했다. 2022년 컨슈머 헬스케어 부문(현 헤일리온)을 성공적으로 분리한 이후 백신과 특수질환 중심의 포트폴리오 다변화를 추진하고 있다. 한국GSK의 역사는 한국.,올해로 한국 진출 40주년을 맞이한 한국GSK(글락소스미스클라인).단순한 외형 성장을 넘어 질병 예방부터 중증·희귀질환 치료를 아우르는 &#39;고부가가치 혁신 제약사&#39;로 도약기를 맞고 있다.19일 한국GSK에 따르면 이 회사는 지난 1986년 &#39;한국그락소&#39; 설립을 시작으로 그간 40년간 한국의 보건의료 인프라 확대와 환자들의 치료 접근성 향상에 기여했다. 2022년 컨슈머 헬스케어 부문(현 헤일리온)을 성공적으로 분리한 이후 백신과 특수질환 중심의 포트폴리오 다변화를 추진하고 있다. 한국GSK의 역사는 한국,local,10,헤일리온,,,0.9008411821038683,,1.0,0.9008411821038683,5.583532964836246,0.0,9.305888274727078,False
2026-06-25,Product Approval,2026-06-25 23:47:00,Naver News,https://www.busan.com/view/busan/view.php?code=2026062523450986040,국민 10명 중 4명 ‘의료용 마약류 처방’,"클립아트코리아 지난해 의료용 마약류를 처방받은 환자 중 1262만 명은 마취제, 972만 명은 최면진정제를 처방받은 것으로 나타났다...","클립아트코리아
				
			지난해 의료용 마약류를 처방받은 환자 중 1262만 명은 마취제, 972만 명은 최면진정제를 처방받은 것으로 나타났다...",local,2,용량,,,0.5190550312990567,,0.2,0.5190550312990567,5.340031131456038,7.0,4.233385219093396,False
2026-06-25,Reimbursement,2026-06-26 05:30:00,Naver News,https://www.medicaltimes.com/Main/News/NewsView.html?ID=1169452&ref=naverpc,[메디칼타임즈] 제약사 소송 전략 확대되나…보험약가 인하 소송도 최종 승,"1심에서 패소했던 제약사들이 끈질기게 법정 공방을 이어간 끝에 정부의 처분을 취소시키는 반전 사례가 확대되는 모습이다.앞선 실리마린 제제에 이어, 일동제약이 정부를 상대로 제기한 사미온과 투탑스플러스정의 약가 인하 처분 취소 소송 역시 제약사의 최종 승소로 마무리됐다.일동제약의 보험약가 인하 처분 취소 소송도 승소하며, 제약사들의 승소 사례가 늘어나느 모습이다. 26일 관련 업계 등에 따르면 일동제약이 정부를 상대로 제기한 보험약가 인하 처분 취소 소송에 대해 대법원이 상고를 기각했다.이에 따라 약가 인하 관련 소송에서 제약사가 대법원 확정 판결로 최종 승소하는 선례를 남기게 됐다.이번 소송의 시작은 지난 2021년 건강보험심사평가원이 약가 가산 기준을 변경하면서 진행한 가산 재평가로 거슬러 올라간다.당시 일동제약의 투탑스플러스 4개 품목(1개 급여 종료로 현재 3개)과 사미온정 2개 품목의 가산이 종료됐고, 회사 측이 이에 불복하면서 소송이 제기됐다.실제 소 제기 후 1년여 만에 나온 1심 판결에서는 보건복지부의 약가 인하 처분이 적법하다는 결정이 내려지며 정부가 우위를 점하는 듯했다.하지만 일동제약은 이에 반발해 항소를 제기했고, 약 2년에 걸친 변론 끝에 지난 2024년 5월 2심에서 1심 판결을 완전히 뒤집는 데 성공했다. 이에 따라 정부는 약가 인하 소송과 관련한 선례를 남기지 않기 위해 상고장을 제출하면서 대법원의 판결을 기다리게 됐다.이후 약 2년여의 검토 끝에 최근 상고가 기각되면서 2심 판결이 확정, 제약사의 승소로 소송이 마무리된 것이다.해당 건은 향후 제약사와 정부 간의 소송에서 제약사가 승소한 선례로 남아, 이후 소송에도 일부 영향을 줄 수 있을 것으로 예상된다.특히 최근 정부는 급여 재평가를 통한 급여 삭제 소송에서도 연이어 고배를 마시며 제약사 승소 사례를 누적시키고 있다.앞서 실리마린 성분(밀크씨슬) 제제에 대한 정부의 급여 삭제 결정에 불복해 제기됐던 소송에서도 제약사들은 승소 판결을 받아냈다.해당 소송 역시 1심에서는 재판부가 정부 측의 손을 들어줬으나, 2심에서 제약사의 손을 들어주며 분위기가 반전됐다.이후 정부 측이 해당 건과 관련해 대법원 상고를 포기하고 급여 재평가를 다시 추진하기로 결정하면서 기존 판결대로 소송이 종료됐다.이처럼 최근 정부를 상대로 제기한 제약사들의 소송이 연이어 승소로 결론 나면서, 향후 정부 결정에 불복하는 법적 대응 사례가 더욱 확대될 가능성이 커졌다.과거에는 제약사와 정부의 소송이 주로 집행정지를 신청해 약가 인하를 미루는 '처분 지연'의 의미가 강했다면, 이제는 본안 소송에서도 충분히 승소할 수 있다는 데이터가 쌓였기 때문이다.이에 따라 정부의 급여 재평가와 약가 인하 기조가 거세지는 가운데, 제약사들이 향후 어떤 공세적 소송 전략을 펼칠지도 주목된다.","[메디칼타임즈=허성규 기자] 1심에서 패소했던 제약사들이 끈질기게 법정 공방을 이어간 끝에 정부의 처분을 취소시키는 반전 사례가 확대되는 모습이다.앞선 실리마린 제제에 이어, 일동제약이 정부를 상대로 제기한 사미온과 투탑스플러스정의 약가 인하 처분 취소 소송 역시 제약사의 최종 승소로 마무리됐다.일동제약의 보험약가 인하 처분 취소 소송도 승소하며, 제약사들의 승소 사례가 늘어나느 모습이다.  26일 관련 업계 등에 따르면 일동제약이 정부를 상대로 제기한 보험약가 인하 처분 취소 소송에 대해 대법원이 상고를 기각했다.이에 따라 약가 인하 관련 소송에서 제약사가 대법원 확정 판결로 최종 승소하는 선례를 남기게 됐다.이번 소송의 시작은 지난 2021년 건강보험심사평가원이 약가 가산 기준을 변경하면서 진행한 가산 재평가로 거슬러 올라간다.당시 일동제약의 투탑스플러스 4개 품목(1개 급여 종료로 현재 3개)과 사미온정 2개 품목의 가산이 종료됐고, 회사 측이 이에 불복하면서 소송이 제기됐다.실제 소 제기 후 1년여 만에 나온 1심 판결에서는 보건복지부의 약가 인하 처분이 적법하다는 결정이 내려지며 정부가 우위를 점하는 듯했다.하지만 일동제약은 이에 반발해 항소를 제기했고, 약 2년에 걸친 변론 끝에 지난 2024년 5월 2심에서 1심 판결을 완전히 뒤집는 데 성공했다. 이에 따라 정부는 약가 인하 소송과 관련한 선례를 남기지 않기 위해 상고장을 제출하면서 대법원의 판결을 기다리게 됐다.이후 약 2년여의 검토 끝에 최근 상고가 기각되면서 2심 판결이 확정, 제약사의 승소로 소송이 마무리된 것이다.해당 건은 향후 제약사와 정부 간의 소송에서 제약사가 승소한 선례로 남아, 이후 소송에도 일부 영향을 줄 수 있을 것으로 예상된다.특히 최근 정부는 급여 재평가를 통한 급여 삭제 소송에서도 연이어 고배를 마시며 제약사 승소 사례를 누적시키고 있다.앞서 실리마린 성분(밀크씨슬) 제제에 대한 정부의 급여 삭제 결정에 불복해 제기됐던 소송에서도 제약사들은 승소 판결을 받아냈다.해당 소송 역시 1심에서는 재판부가 정부 측의 손을 들어줬으나, 2심에서 제약사의 손을 들어주며 분위기가 반전됐다.이후 정부 측이 해당 건과 관련해 대법원 상고를 포기하고 급여 재평가를 다시 추진하기로 결정하면서 기존 판결대로 소송이 종료됐다.이처럼 최근 정부를 상대로 제기한 제약사들의 소송이 연이어 승소로 결론 나면서, 향후 정부 결정에 불복하는 법적 대응 사례가 더욱 확대될 가능성이 커졌다.과거에는 제약사와 정부의 소송이 주로 집행정지를 신청해 약가 인하를 미루는 '처분 지연'의 의미가 강했다면, 이제는 본안 소송에서도 충분히 승소할 수 있다는 데이터가 쌓였기 때문이다.이에 따라 정부의 급여 재평가와 약가 인하 기조가 거세지는 가운데, 제약사들이 향후 어떤 공세적 소송 전략을 펼칠지도 주목된다.",local,2,약가,,,0.22289562239600502,,0.2,0.22289562239600502,4.896161614063221,9.0,2.160269356772035,False
2026-06-25,Product Approval,2026-06-25 18:14:00,Naver News,https://sports.hankooki.com/news/articleView.html?idxno=6935446,"[뷰티 새소식] 궁중비책 선케어 3종, 일본내 수요 확대… 에버셀, 팩 클렌저 출시 外","제로투세븐의 궁중비책이 일본 최대 이커머스 할인 행사 ‘큐텐(Qoo10) 메가와리’에서 긍정적 반응을 얻었다. 또한 차바이오F&C의 에버셀이 신제품 ‘에버셀 마이크로 턴오버 클레이 팩클렌저를 출시했다.▶ K선크림, 일본내 수요 확대… 궁중비책 선케어 3종 인기 랭킹 상위제로투세븐의 영유아 및 민감성 피부를 위한 스킨케어 브랜드 궁중비책이 일본 최대 이커머스 할인 행사인 ‘큐텐(Qoo10) 메가와리’에서 선케어 제품을 중심으로 긍정적인 반응을 얻었다.24일 제로투세븐 측은 ""6월 메가와리 행사에서 궁중비책의.","[스포츠한국 모신정 기자] 제로투세븐의 궁중비책이 일본 최대 이커머스 할인 행사 ‘큐텐(Qoo10) 메가와리’에서 긍정적 반응을 얻었다. 또한 차바이오F&C의 에버셀이 신제품 ‘에버셀 마이크로 턴오버 클레이 팩클렌저를 출시했다.▶ K선크림, 일본내 수요 확대… 궁중비책 선케어 3종 인기 랭킹 상위제로투세븐의 영유아 및 민감성 피부를 위한 스킨케어 브랜드 궁중비책이 일본 최대 이커머스 할인 행사인 ‘큐텐(Qoo10) 메가와리’에서 선케어 제품을 중심으로 긍정적인 반응을 얻었다.24일 제로투세븐 측은 ""6월 메가와리 행사에서 궁중비책의",local,2,신제품,,,0.06932102690343928,,0.2,0.06932102690343928,4.651148312994445,10.0,1.0852471883240749,False
2026-06-25,Product Approval,2026-06-26 06:00:00,Naver News,http://www.hansbiz.co.kr/news/articleView.html?idxno=846422,"비보존제약, 반복되는 GMP 위반…‘어나프라’ 불똥 튀나",비보존제약이 국산 38호 신약 ‘어나프라주(성분명 오피란제린)’를 앞세워 처방 확대에 나선 가운데 올해 들어 GMP(제조·품질관리기준) 위반과 의약품 불법 유통으로 두 차례 행정처분을 받으면서 품질관리 리스크가 재부각 되고 있다.▲ 상급종합병원 진입 확대…어나프라주 처방 기반 넓혀26일 제약바이오 업계에 따르면 최근 비보존제약은 어나프라주 12만 바이알을 추가 발주하며 국내 처방 증가 기대감을 키우고 있다. 어나프라주는 2024년 12월 식품의약품안전처로부터 품목허가를 받은 국산 38호 신약이다.,| 서울=한스경제 허승아 기자 | 비보존제약이 국산 38호 신약 ‘어나프라주(성분명 오피란제린)’를 앞세워 처방 확대에 나선 가운데 올해 들어 GMP(제조·품질관리기준) 위반과 의약품 불법 유통으로 두 차례 행정처분을 받으면서 품질관리 리스크가 재부각 되고 있다.▲ 상급종합병원 진입 확대…어나프라주 처방 기반 넓혀26일 제약바이오 업계에 따르면 최근 비보존제약은 어나프라주 12만 바이알을 추가 발주하며 국내 처방 증가 기대감을 키우고 있다. 어나프라주는 2024년 12월 식품의약품안전처로부터 품목허가를 받은 국산 38호 신약이다.,local,2,제형,,,0.24479163685455932,,0.2,0.24479163685455932,4.588124874789149,8.0,2.3135414579819154,False
2026-06-25,Reimbursement,2026-06-26 06:12:00,Naver News,https://www.hitnews.co.kr/news/articleView.html?idxno=77172,"기대여명 4개월 담관암, '팁소보' 급여 지연에 의료계·환자 우려","담관암 중 10~20%를 차지하는 IDH1 변이 전이성 담관암 표적 치료제 '팁소보(성분 이보시데닙)'의 급여가 1년 이상 지연되면서 의료계와 환자들의 우려가 이어지고 있다.서울아산병원 종양내과 유창훈 교수는 25일 히트뉴스에 ""한국은 전 세계 담관암 사망률 1위로 보고될 만큼 질병 부담이 크다. 그만큼 임상적 가치가 확인된 치료제를 필요한 환자에게 적시에 닿을 수 있도록 하는 것이 무엇보다 중요하다""며 ""암질환심의위원회(암질심)에서 급여 기준이 설정된 이후에도 1년 이상 후속 논의가 진전되지 않고 있다는 점은 기대 여명이 4개월에.","담관암 중 10~20%를 차지하는 IDH1 변이 전이성 담관암 표적 치료제 '팁소보(성분 이보시데닙)'의 급여가 1년 이상 지연되면서 의료계와 환자들의 우려가 이어지고 있다.서울아산병원 종양내과 유창훈 교수는 25일 히트뉴스에 ""한국은 전 세계 담관암 사망률 1위로 보고될 만큼 질병 부담이 크다. 그만큼 임상적 가치가 확인된 치료제를 필요한 환자에게 적시에 닿을 수 있도록 하는 것이 무엇보다 중요하다""며 ""암질환심의위원회(암질심)에서 급여 기준이 설정된 이후에도 1년 이상 후속 논의가 진전되지 않고 있다는 점은 기대 여명이 4개월에",local,2,급여,,,0.32997358217492373,,0.2,0.32997358217492373,4.54588904513468,7.0,2.909815075224466,False
2026-06-25,Therapeutic Areas,2026-06-26 06:05:00,Naver News,https://kormedi.com/?p=2828078,"""어깨 아팠지만 암 관련없다해""…유방암 완치 두 달 만에 4기, 무슨 사연? - 코메디닷컴","영국 매체 미러 등에 따르면 켄트주 레이넘에 사는 영업관리자 레베카 벨(33)은 2025년 4월 왼쪽 가슴에서 포도알 크기의 덩어리를 발견했다. 평소 자가검진을 하던 그는 곧바로 병원을 찾았고, 유방의 덩어리와 함께 어깨뼈 통증도 호소했다.","영국 매체 미러 등에 따르면 켄트주 레이넘에 사는 영업관리자 레베카 벨(33)은 2025년 4월 왼쪽 가슴에서 포도알 크기의 덩어리를 발견했다. 평소 자가검진을 하던 그는 곧바로 병원을 찾았고, 유방의 덩어리와 함께 어깨뼈 통증도 호소했다.",local,2,항암제,,,0.4320787825921344,,0.2,0.4320787825921344,4.174730886886964,5.0,3.624551478144941,False
2026-06-25,Therapeutic Areas,2026-06-25 14:04:00,Naver News,https://www.tvreport.co.kr/entertainment/article/1056741/,"'오형제맘' 정주리, 왼쪽 난소 제거→불임 가능성 진단…""입양까지 생각했다"" ('동치미')","방송인 정주리가 불임 가능성 속에서 다섯 형제의 엄마가 된 놀라운 사연을 전했다. 지난 24일 MBN '속풀이쇼 동치미'는 공식 채널에 '정주리, 임신이 어렵다던 그…하나, 둘, 셋, 다섯까지?! 산부인과 의사도 놀란 사연'이라는 제목의 선공.","방송인 정주리가 불임 가능성 속에서 다섯 형제의 엄마가 된 놀라운 사연을 전했다. 지난 24일 MBN '속풀이쇼 동치미'는 공식 채널에 '정주리, 임신이 어렵다던 그…하나, 둘, 셋, 다섯까지?! 산부인과 의사도 놀란 사연'이라는 제목의 선공",local,2,불임,,,0.43043980750889965,,0.2,0.43043980750889965,4.167847191537378,5.0,3.6130786525622973,False
2026-06-25,Reimbursement,2026-06-26 05:04:00,Naver News,https://www.hani.co.kr/arti/hanihealth/healthcolumn/1265446.html,"희귀질환 치료 접근성 위한 신속등재제도, 환자 보호장치는? [건강한겨레]",지난 19∼20일 39개 희귀질환과 난치성 질환 환자단체 대표들이 모였다. 금요일 오후 2시에 시작해서 토요일 오후 2시까지 1박2일 24시간 동안 열띤 토론과 쏟아지는 질문으로 뜨거웠다. 우리 한국희귀·난치성질환연합회 25주년 기념 워크숍의 모습이었다.,지난 19∼20일 39개 희귀질환과 난치성 질환 환자단체 대표들이 모였다. 금요일 오후 2시에 시작해서 토요일 오후 2시까지 1박2일 24시간 동안 열띤 토론과 쏟아지는 질문으로 뜨거웠다. 우리 한국희귀·난치성질환연합회 25주년 기념 워크숍의 모습이었다. 그런데 그 1,local,2,약가,,,0.32864124386551724,,0.2,0.32864124386551724,4.140293224235172,6.0,2.9004887070586207,False
2026-06-25,Product Approval,2026-06-26 06:30:00,Naver News,https://www.news2day.co.kr/article/20260625500187,"바이오 USA 성과 낸다...K-바이오, 수주·신약개발 확대 가속","미국 바이오 USA 현장에서 국내 제약·바이오 기업들이 수주 확대와 생산거점 확장, 신약개발 전략 구체화에 나서며 글로벌 사업 성과를 가시화하고 있다. 26일 제약·바이오업계에 따르면 22~25일(현지시간) 미국 캘리포니아주 샌디에이고에서 열.","[뉴스투데이=서민지 기자] 미국 바이오 USA 현장에서 국내 제약·바이오 기업들이 수주 확대와 생산거점 확장, 신약개발 전략 구체화에 나서며 글로벌 사업 성과를 가시화하고 있다. 26일 제약·바이오업계에 따르면 22~25일(현지시간) 미국 캘리포니아주 샌디에이고에서 열",local,2,신약,,,0.20682668321642522,,0.2,0.20682668321642522,4.0286720695089855,7.0,2.0477867825149763,False
2026-06-25,Product Approval,2026-06-26 07:02:00,Naver News,https://www.thebell.co.kr/free/content/ArticleView.asp?key=202606240602424340107981,"[더벨][오스코텍 R&D 전략 점검] 보조수단서 메인 과제로, 항내성항암제...","◇보조수단으로 들여온 OCT-598, 항내성 전략 전면에 OCT-598은 오스코텍이 2022년 카나프테라퓨틱스로부터 도입한 신약 후보물질이다. 출발점은 기존 항암 파이프라인의 한계를 보완하기 위한 내성 억제 전략이었다. 표준... ","◇보조수단으로 들여온 OCT-598, 항내성 전략 전면에 OCT-598은 오스코텍이 2022년 카나프테라퓨틱스로부터 도입한 신약 후보물질이다. 출발점은 기존 항암 파이프라인의 한계를 보완하기 위한 내성 억제 전략이었다. 표준... ",local,2,신약,,,0.102105196978178,,0.2,0.102105196978178,3.988841827308348,8.0,1.314736378847246,False
2026-06-25,Reimbursement,2026-06-25 12:00:00,Naver News,https://www.medipana.com/news/articleView.html?idxno=413535,"기술수출 13조 시대…후기 임상 역량, 국내에 얼마나 쌓였나 - 메디파나뉴스","국내 제약·바이오기업의 글로벌 기술수출 계약 규모가 약 13조원에 이른 가운데, 조기 기술수출 의존이 이어지면서 후기 임상과 해외.","[메디파나뉴스 = 민준영 기자] 국내 제약·바이오기업의 글로벌 기술수출 계약 규모가 약 13조원에 이른 가운데, 조기 기술수출 의존이 이어지면서 후기 임상과 해외",local,2,보험등재,,,0.17546225107012745,,0.2,0.17546225107012745,3.8969414544945353,7.0,1.828235757490892,False
2026-06-25,Reimbursement,2026-06-26 06:04:00,Naver News,http://www.newsmp.com/news/articleView.html?idxno=255278,"한국은행, 의약품 제조업 수출 경기 개선 전망","의약품 제조업에 대한 한국은행도 경기 전망도 한층 더 어두워졌다. 다만, 수출에 대한 기대감은 높아졌다.한국은행이 25일 발표한 ‘2026년 6월 기업경기조사 결과 및 경제심리지수’ 의료용 물질 및 의약품 제조업의 6월 실적(현황)과 7월 전망 BSI 중 업황이 모두 전월보다 하락하며 80선에 그쳤다.BSI는 매월 기업경기 동향을 파악하고 다음 달 전망을 위해 전국 3500여개 법인기업을 대상으로 현재 기업경영상황에 대한 판단과 향후 전망을 조사해 지수화한 수치다.지수는 긍정적으로 응답한 업체에서 부정적인 응답을 한 업.","[의약뉴스] 의약품 제조업에 대한 한국은행도 경기 전망도 한층 더 어두워졌다. 다만, 수출에 대한 기대감은 높아졌다.한국은행이 25일 발표한 ‘2026년 6월 기업경기조사 결과 및 경제심리지수’ 의료용 물질 및 의약품 제조업의 6월 실적(현황)과 7월 전망 BSI 중 업황이 모두 전월보다 하락하며 80선에 그쳤다.BSI는 매월 기업경기 동향을 파악하고 다음 달 전망을 위해 전국 3500여개 법인기업을 대상으로 현재 기업경영상황에 대한 판단과 향후 전망을 조사해 지수화한 수치다.지수는 긍정적으로 응답한 업체에서 부정적인 응답을 한 업",local,2,약가,,,0.2680916156272565,,0.2,0.2680916156272565,3.885984785634477,6.0,2.476641309390795,False
2026-06-25,Therapeutic Areas,2026-06-23 16:20:00,Naver News,https://www.kmib.co.kr/article/view.asp?arcid=0030009214&code=61121911&cp=nv,“난임시료 수동 보관 불안”…시민 10명 중 8명 “자동화 시스템 병원 선택”,"난임 시술에 사용되는 난임시료, 즉 정자·난자·배아의 수동으로 보관하는 현행 방식에 시민들의 우려가 큰 것으로 나타났다. 이에 난임시료의 자동화 보관 시.","난임 시술에 사용되는 난임시료, 즉 정자·난자·배아의 수동으로 보관하는 현행 방식에 시민들의 우려가 큰 것으로 나타났다. 이에 난임시료의 자동화 보관 시",local,2,불임,,,0.35984982248008485,,0.2,0.35984982248008485,3.871369254416356,5.0,3.118948757360594,False
2026-06-25,Product Approval,2026-06-26 07:19:00,Naver News,https://www.mt.co.kr/industry/2026/06/26/2026062513484444112,"크레스콤, 무릎 골관절염 솔루션 美 FDA '510(k) 의료기기' 허가 - 머니투데이",근골격 특화 의료 AI(인공지능) 기업 크레스콤(대표 이재준)이 무릎 골관절염 분석 AI 솔루션 'MediAI-OA'(메디에이아이-오에이)가 미국 식품의약국(FDA)으로부터 '510(k) 의료기기 허가'를 받았다고 26일 밝혔다.,근골격 특화 의료 AI(인공지능) 기업 크레스콤(대표 이재준)이 무릎 골관절염 분석 AI 솔루션 'MediAI-OA'(메디에이아이-오에이)가 미국 식품의약국(FDA)으로부터 '510(k) 의료기기 허가'를 받았다고 26일 밝혔다.,local,2,허가,,,0.14060842878009583,,0.2,0.14060842878009583,3.7505554008764026,7.0,1.5842590014606706,False
2026-06-25,Therapeutic Areas,2026-06-26 05:10:00,Naver News,https://www.dt.co.kr/article/12069652?ref=naver,천하람 “견적서 없는 탈모 공약…건보재정부터 탈모될 판”,"천하람 개혁신당 원내대표가 청년층 탈모 치료비를 건강보험으로 적용하겠다는 이재명 정부 구상에 대해 주먹구구식 정책이라고 비판했다. 26일 정치권에 따르면 천 원내대표는 전날 페이스북에 국민건강보험공단으로부터 제출받은 자료를 공개하며 “견적서도 없는 탈모 공약, 국민.","천하람 개혁신당 원내대표가 청년층 탈모 치료비를 건강보험으로 적용하겠다는 이재명 정부 구상에 대해 주먹구구식 정책이라고 비판했다.  26일 정치권에 따르면 천 원내대표는 전날 페이스북에 국민건강보험공단으로부터 제출받은 자료를 공개하며 “견적서도 없는 탈모 공약, 국민",local,2,항암제,,,0.3094817056829987,,0.2,0.3094817056829987,3.6598231638685945,5.0,2.7663719397809907,False
2026-06-25,Product Approval,2026-06-26 06:02:00,Naver News,https://www.yakup.com/news/index.html?mode=view&cat=16&nid=329027,[약업신문]최초 중성지방‧급성 췌장염 이도류 치료제 나온다,"중성지방 수치도 낮추고, 급성 췌장염 위성성도 감소시키는 이도류(二刀流)..미국 캘리포니아州 칼스바드에 소재한 RNA 표적 치료제 및 안티센스 의약품 개발 전문 제약기업 아이오니스 파마슈티컬스...","중성지방 수치도 낮추고, 급성 췌장염 위성성도 감소시키는 이도류(二刀流)..미국 캘리포니아州 칼스바드에 소재한 RNA 표적 치료제 및 안티센스 의약품 개발 전문 제약기업 아이오니스 파마슈티컬스...",local,2,적응증,,,0.10973836852585908,,0.2,0.10973836852585908,3.6209011478086084,7.0,1.3681685796810135,False
2026-06-25,Product Approval,2026-06-26 07:02:00,Naver News,https://www.thebell.co.kr/free/content/ArticleView.asp?key=202606251031146040107696,"[더벨]브렉소젠, 기술평가 돌입 '엑소좀 신약·미용' 투트랙 경쟁력",신약 개발에 더해 화장품·뷰티 디바이스 등 에스테틱 제품까지 사업 영역을 확장하고 있다. 기술이전... 신약 개발 바이오텍들이 연구개발 성과만으로는 기술성평가를 통과하기 어려워지면서 반복 가능한 매출과... ,신약 개발에 더해 화장품·뷰티 디바이스 등 에스테틱 제품까지 사업 영역을 확장하고 있다. 기술이전... 신약 개발 바이오텍들이 연구개발 성과만으로는 기술성평가를 통과하기 어려워지면서 반복 가능한 매출과... ,local,2,신약,,,0.08435683608769294,,0.2,0.08435683608769294,3.5142987115683106,7.0,1.1904978526138505,False
2026-06-25,Product Approval,2026-06-25 18:27:00,Naver News,https://www.joongang.co.kr/article/25439930,"[2026 혁신 바이오 기술대상] 비엘팜텍, 분자접착제 기반 항암 신약 개발",낮은 용량에서도 효능을 낼 수 있는 촉매적 작용 메커니즘도 갖췄다. 비엘팜텍은 미국 코넬 의과대학의 ALT 양성 암세포와 마우스 모델 연구를 통해 종양 감소와 증식 억제 효능을 확인했다. 이를 바탕으로... ,낮은 용량에서도 효능을 낼 수 있는 촉매적 작용 메커니즘도 갖췄다. 비엘팜텍은 미국 코넬 의과대학의 ALT 양성 암세포와 마우스 모델 연구를 통해 종양 감소와 증식 억제 효능을 확인했다. 이를 바탕으로... ,local,2,용량,,,0.06704503316901742,,0.2,0.06704503316901742,3.4415891393098734,7.0,1.0693152321831219,False
2026-06-25,Therapeutic Areas,2026-06-23 16:50:00,Naver News,http://www.ifs.or.kr/bbs/board.php?bo_table=News&wr_id=55798,오태광의 바이오 산책  후성 유전학을 이용한 헬스케어(Healthcare us...,"사실 여왕벌과 일벌의 형태부터 다르고, 수명은 여왕벌은 1~3년, 일벌은 7주, 여왕벌은 하루 2,000개의 알을 낳고, 평생 2백만 개의 알을 낳지만, 일벌도 암컷인데 난소퇴화로 불임이다. 실제로 꿀벌의 유전자... ","사실 여왕벌과 일벌의 형태부터 다르고, 수명은 여왕벌은 1~3년, 일벌은 7주, 여왕벌은 하루 2,000개의 알을 낳고, 평생 2백만 개의 알을 낳지만, 일벌도 암컷인데 난소퇴화로 불임이다. 실제로 꿀벌의 유전자... ",local,2,불임,,,0.2455563091260582,,0.2,0.2455563091260582,3.3913364983294443,5.0,2.3188941638824074,False
2026-06-25,Supply Issues,2026-06-24 14:34:00,Naver News,https://www.newspim.com/news/view/20260624000794,"美 FDA, 암 치료제 품귀 사태로 인도 제약업계에 'SOS'","암 치료제 공급 부족을 겪고 있는 미국이 인도에 도움을 요청했다고 인도 매체 민트(mint)가 복수의 인도 정부 관계자를 인용해 23일 보도했다.소식통들에 따르면, 미국 식품의약국(FDA)은 최근 인도 정부에 고환암과 방광암&middo.","[방콕=뉴스핌] 홍우리 특파원 = 암 치료제 공급 부족을 겪고 있는 미국이 인도에 도움을 요청했다고 인도 매체 민트(mint)가 복수의 인도 정부 관계자를 인용해 23일 보도했다.소식통들에 따르면, 미국 식품의약국(FDA)은 최근 인도 정부에 고환암과 방광암&middo",local,2,품귀,,,0.24319670179418532,,0.2,0.24319670179418532,3.3814261475355782,5.0,2.302376912559297,False
2026-06-25,Therapeutic Areas,2026-06-26 05:04:00,Naver News,https://www.hani.co.kr/arti/hanihealth/medical/1265450.html,"소세포폐암, 30년 만의 치료 혁신…생존 기간 두 배 늘렸다 [건강한겨레]","국내 암 사망 원인 1위인 폐암은 항암치료의 발전으로 치료 성적이 꾸준히 개선되고 있지만, ‘소세포폐암’은 오랫동안 예외였다. 전체 폐암의 10~15%를 차지하는 소세포폐암은 진단 후 5년 생존율이 15~30% 수준에 불과할 정도다. 진행 속도가 빠르고 재발도 잦아 수.","국내 암 사망 원인 1위인 폐암은 항암치료의 발전으로 치료 성적이 꾸준히 개선되고 있지만, ‘소세포폐암’은 오랫동안 예외였다. 전체 폐암의 10~15%를 차지하는 소세포폐암은 진단 후 5년 생존율이 15~30% 수준에 불과할 정도다. 진행 속도가 빠르고 재발도 잦아 수",local,2,항암제,,,0.1400523192329136,,0.2,0.1400523192329136,2.948219740778237,5.0,1.5803662346303953,False
2026-06-25,Therapeutic Areas,2026-06-25 18:52:00,Naver News,http://www.lawissue.co.kr/view.php?ud=202606251850477264f4ab64559d_12,"차병원-서울지방변호사회, 저출산 대응 업무협약 체결","차병원은 서울지방변호사회와 저출산 문제 해결과 임직원 복지 강화를 위한 업무협약을 체결했다고 25일 밝혔다.협약식은 마곡차병원 난임센터에서 열렸으며, 한세열 차병원 난임총괄원장과 조순열 서울지방변호사회 회장 등 관계자들이 참석했다.양 기관은 난임 치료와 항뮬러관호르몬(AMH) 검사, 남.","차병원은 서울지방변호사회와 저출산 문제 해결과 임직원 복지 강화를 위한 업무협약을 체결했다고 25일 밝혔다.협약식은 마곡차병원 난임센터에서 열렸으며, 한세열 차병원 난임총괄원장과 조순열 서울지방변호사회 회장 등 관계자들이 참석했다.양 기관은 난임 치료와 항뮬러관호르몬(AMH) 검사, 남",local,2,난임,,,0.1396319007800652,,0.2,0.1396319007800652,2.9464539832762737,5.0,1.5774233054604565,False
2026-06-25,Product Approval,2026-06-26 07:02:00,Naver News,http://www.whosaeng.com/sub_read.html?uid=171630&section=sc1,"≪후생신보≫ “중입자 치료 임상효과 평가, 아직은 시간 필요”",중입자 치료의 임상적 유효성과 건강보험 적용 가능성을 평가하기 위해서는 충분한 임상 데이터 축적이 선행돼야 한다는 전문가 의견이.,【후생신보】 중입자 치료의 임상적 유효성과 건강보험 적용 가능성을 평가하기 위해서는 충분한 임상 데이터 축적이 선행돼야 한다는 전문가 의견이,local,2,적응증,,,0.221390721990552,,0.2,0.221390721990552,1.2898410323603182,0.0,2.1497350539338638,False
2026-06-25,Product Approval,2026-06-26 06:02:00,Naver News,https://www.monews.co.kr/news/articleView.html?idxno=412073,"유한양행, '약속의 100년' 이끌 파이프라인 준비중 - 메디칼업저버","유한양행이 창립 100주년을 맞아 'Great & Global'이라는 비전을 선포하고, 혁신 신약 기반의 글로벌 기업으로의 도약을 선.","[메디칼업저버 이승덕 기자] 유한양행이 창립 100주년을 맞아 'Great & Global'이라는 비전을 선포하고, 혁신 신약 기반의 글로벌 기업으로의 도약을 선",local,2,제형,,,0.18582699234242525,,0.2,0.18582699234242525,1.140473367838186,0.0,1.9007889463969767,False
2026-06-25,Product Approval,2026-06-25 18:55:00,Naver News,https://www.donga.com/news/Health/article/all/20260625/134184778/1,"셀트리온, ‘램시마SC’ 日 임상 결과 국내 첫선… 제품 경쟁력 재입증",셀트리온이 피하주사제형 자가면역질환 치료제 램시마SC에 대한 최신 임상 연구 데이터를 통해 의약품 안전성과 제품 경쟁력을 재입증했다. 셀트리온은 서울에서 열린 2026 아시아 염증성장질환학술대회 및 대한장연구학회 국제학술대회(AOCC 2026 in conjunctio….,셀트리온이 피하주사제형 자가면역질환 치료제 램시마SC에 대한 최신 임상 연구 데이터를 통해 의약품 안전성과 제품 경쟁력을 재입증했다. 셀트리온은 서울에서 열린 2026 아시아 염증성장질환학술대회 및 대한장연구학회 국제학술대회(AOCC 2026 in conjunctio…,local,2,제형,,,0.14596681707255163,,0.2,0.14596681707255163,0.9730606317047168,0.0,1.6217677195078615,False
2026-06-25,Product Approval,2026-06-25 19:18:00,Naver News,http://www.lawissue.co.kr/view.php?ud=2026062519161370f4ab64559d_12,"고려대 구로병원, 개방형실험실 협력 연구과제 착수",고려대학교 구로병원은 개방형실험실 운영사업단이 지난 23일 스마트워크센터에서 '2026년도 개방형실험실 협력 연구과제 협약식 및 착수보고회'를 열고 지원기업과 임상의사 간 공동연구를 시작했다고 25일 밝혔다.보건복지부와 한국보건산업진흥원이 지원하는 개방형실험실 운영사업은 병원의 임상 역.,고려대학교 구로병원은 개방형실험실 운영사업단이 지난 23일 스마트워크센터에서 '2026년도 개방형실험실 협력 연구과제 협약식 및 착수보고회'를 열고 지원기업과 임상의사 간 공동연구를 시작했다고 25일 밝혔다.보건복지부와 한국보건산업진흥원이 지원하는 개방형실험실 운영사업은 병원의 임상 역,local,2,신제품,,,0.14148794558030692,,0.2,0.14148794558030692,0.9542493714372889,0.0,1.5904156190621483,False
2026-06-25,Product Approval,2026-06-25 22:12:00,Naver News,http://www.bizwnews.com/news/articleView.html?idxno=139416,"[헬스 이모저모] 셀트리온 ‘램시마SC’ 日 임상 결과 발표, 온코닉 ""네수파립 글로벌 2상 연내 확대 목표…美 IND 준비""","◆셀트리온, ‘램시마SC’ 日 임상 결과 발표셀트리온이 글로벌 학술대회를 무대로 자사 자가면역질환 치료제의 임상 경쟁력 알리기에 나섰다.축적된 임상 근거와 실제 처방 데이터를 바탕으로 제품 신뢰도를 높이며 아시아 시장 내 입지 확대에 속도를 내는 모습이다.셀트리온은 오는 27일까지 사흘 동안 서울에서 통합 개최되는 ‘2026 아시아 염증성장질환학술대회·대한장연구학회 국제학술대회(AOCC 2026 in conjunction with IMKASID 2026, 이하 AOCC&IMKASID)’에 참석해 자가면역질환 치료제 ‘램.","[비즈월드] ◆셀트리온, ‘램시마SC’ 日 임상 결과 발표셀트리온이 글로벌 학술대회를 무대로 자사 자가면역질환 치료제의 임상 경쟁력 알리기에 나섰다.축적된 임상 근거와 실제 처방 데이터를 바탕으로 제품 신뢰도를 높이며 아시아 시장 내 입지 확대에 속도를 내는 모습이다.셀트리온은 오는 27일까지 사흘 동안 서울에서 통합 개최되는 ‘2026 아시아 염증성장질환학술대회·대한장연구학회 국제학술대회(AOCC 2026 in conjunction with IMKASID 2026, 이하 AOCC&IMKASID)’에 참석해 자가면역질환 치료제 ‘램",local,2,제형,,,0.13491440618010106,,0.2,0.13491440618010106,0.9266405059564244,0.0,1.5444008432607075,False
2026-06-25,Therapeutic Areas,2026-06-26 06:01:00,Naver News,https://biz.heraldcorp.com/article/10787315?ref=naver,홍유석 지놈앤컴퍼니 대표 “신규 타깃 발굴 검증 완료…올해 추가 LO 시동”[바이오 USA],=최은지 기자] “신약 개발 기업으로서 차별화된 ‘퍼스트 인 클래스(First-in-Class·혁신신약)’ 파이프라인의 기술이전 성과를 이어가는 동시에.,[헤럴드경제(샌디에이고)=최은지 기자] “신약 개발 기업으로서 차별화된 ‘퍼스트 인 클래스(First-in-Class·혁신신약)’ 파이프라인의 기술이전 성과를 이어가는 동시에,local,2,항암제,,,0.11450873600644561,,0.2,0.11450873600644561,0.8409366912270715,0.0,1.4015611520451192,False
2026-06-25,Product Approval,2026-06-26 06:12:00,Naver News,https://www.hitnews.co.kr/news/articleView.html?idxno=77163,"탈모 치료 넘보는 ECM 스킨부스터, 임상 데이터 부재 장벽 넘을까","모낭을 물리적으로 지지하고 성장인자를 저장하는 특성을 바탕으로 세포외기질(ECM) 성분 활용 영역이 탈모 치료로 확대되고 있다. 다만 본격적인 활용까지는 시간이 소요될 것이라는 의견도 나온다.25일 관련업계에 따르면 엘앤씨바이오는 자사 인젝션 플랫폼 아이젝을 활용해 ECM 스킨부스터 '리투오'의 적용 영역을 탈모 치료 분야로 확대할 계획이다.탈모가 진행되면 모낭 줄기세포 기능 저하 및 모낭을 지지하는 ECM 구조의 소실과 섬유화가 나타나는데, 두피 ECM에 콜라겐·엘라스틴·프로테오글리칸 등 성분이 함유돼 모낭의 성장인자를 지지할 수.","모낭을 물리적으로 지지하고 성장인자를 저장하는 특성을 바탕으로 세포외기질(ECM) 성분 활용 영역이 탈모 치료로 확대되고 있다. 다만 본격적인 활용까지는 시간이 소요될 것이라는 의견도 나온다.25일 관련업계에 따르면 엘앤씨바이오는 자사 인젝션 플랫폼 아이젝을 활용해 ECM 스킨부스터 '리투오'의 적용 영역을 탈모 치료 분야로 확대할 계획이다.탈모가 진행되면 모낭 줄기세포 기능 저하 및 모낭을 지지하는 ECM 구조의 소실과 섬유화가 나타나는데, 두피 ECM에 콜라겐·엘라스틴·프로테오글리칸 등 성분이 함유돼 모낭의 성장인자를 지지할 수",local,2,적응증,,,0.0836113181461807,,0.2,0.0836113181461807,0.7111675362139589,0.0,1.1852792270232648,False
