date,category,published_date,site_name,url,title,summary,content,region,score_ag,keywords,reward_x,rl_score,lgbm_score,reward_y,score_ag_norm,lgbm_score_norm,final_score,strategic_score,lgbm_component,is_top20
2026-04-23,BD,2026-04-21 16:44:00,Naver News,https://www.newsway.co.kr/news/view?ud=2026042116341783511,"부광약품, 외형 유지에도 수익성 둔화···외주생산 확대 영향 - 뉴스웨이","부광약품은 1분기 매출이 전년과 비슷했으나 외주생산 확대에 따른 제조원가 부담으로 영업이익이 62.6% 감소했다. 처방실적과 신제품 출시로 매출은 유지했으며, 한국유니온제약 인수와 연구개발 강화를 통해 2분기 이후 수익성 회복을 모색하고 있다.","부광약품은 1분기 매출이 전년과 비슷했으나 외주생산 확대에 따른 제조원가 부담으로 영업이익이 62.6% 감소했다. 처방실적과 신제품 출시로 매출은 유지했으며, 한국유니온제약 인수와 연구개발 강화를 통해 2분기 이후 수익성 회복을 모색하고 있다.",local,10,코프로모션,,,0.7187744619515773,,1.0,0.7187744619515773,10.818852740196625,15.0,8.03142123366104,True
2026-04-23,Distribution,2026-04-22 18:14:00,Naver News,https://www.bloter.net/news/articleView.html?idxno=660283,[지오영 MBK 매각 명암]① 지오영 몸값 2조원 ‘플러스 알파’ 기대감,국내 최대 사모펀드(PEF) 운용사 MBK파트너스가 의약품 유통 공룡인 지오영을 품은 지 2년째에 접어들었다. 당시 MBK는 세계 최대 자산운용사 블랙스톤으로부터 지오영을 약 2조원에 인수했다. 2019년 이후 5년 만에 엑시트에 성공한 블랙스톤은 약 2배의 차익을 거뒀다.,국내 최대 사모펀드(PEF) 운용사 MBK파트너스가 의약품 유통 공룡인 지오영을 품은 지 2년째에 접어들었다. 당시 MBK는 세계 최대 자산운용사 블랙스톤으로부터 지오영을 약 2조원에 인수했다. 2019년 이후 5년 만에 엑시트에 성공한 블랙스톤은 약 2배의 차익을 거뒀다. 최근 지오,local,10,지오영,,,0.6985465981418671,,1.0,0.6985465981418671,10.733895712195842,15.0,7.889826186993069,True
2026-04-23,Distribution,2026-04-17 06:02:00,Naver News,https://www.apsk.co.kr/news/articleView.html?idxno=539164,"""유비스트보다 빠르다""…비알피커넥트,약국 유통 데이터로 제약계 '존재감' 부각 - 메디팜스투데이","""제약사는 자사 데이터는 잘 알지만, 경쟁 회사 및 시장 데이터는 모른다. 그 빈틈을 메우는 게 우리 역할이다.""약국 기반 실거래 유통 데이터를 무기로 제약시장에.","""제약사는 자사 데이터는 잘 알지만, 경쟁 회사 및 시장 데이터는 모른다. 그 빈틈을 메우는 게 우리 역할이다.""약국 기반 실거래 유통 데이터를 무기로 제약시장에",local,10,블루엠텍,,,0.7527127322589511,1.0,1.0,0.7527127322589511,10.161393475487595,13.0,8.268989125812658,True
2026-04-23,Distribution,2026-04-21 15:28:00,Naver News,http://www.segyebiz.com/newsView/20260421512897?OutUrl=naver,"쎄라필, 블루엠텍과 손잡고 국내 메디컬 에스테틱 시장 확대",와이에스메디의 쎄라필이 블루엠텍과 국내 총판 계약을 체결하고 국내 메디컬 에스테틱 시장 확대를 본격화한다고 21일 밝혔다. 국내 의약품 유통 플랫폼 ‘블루팜코리아’를 운영하는 코스닥 상장사 블루엠텍은 이번 계약에 따라 쎄라필의 국내 총판 역할을 맡게 된다. 와이에스메디는 블루...,와이에스메디의 쎄라필이 블루엠텍과 국내 총판 계약을 체결하고 국내 메디컬 에스테틱 시장 확대를 본격화한다고 21일 밝혔다. 국내 의약품 유통 플랫폼 ‘블루팜코리아’를 운영하는 코스닥 상장사 블루엠텍은 이번 계약에 따라 쎄라필의 국내 총판 역할을 맡게 된다. 와이에스메디는 블루...,local,10,블루엠텍,,,0.7430027420361867,,1.0,0.7430027420361867,10.120611516551984,13.0,8.201019194253305,True
2026-04-23,Distribution,2026-04-21 15:34:00,Naver News,https://www.ksilbo.co.kr/news/articleView.html?idxno=1054670,"디퍼앤디퍼, 바로팜 ‘피부 과학 더마 코스메틱관’ 정식 입점","더마 코스메틱 브랜드 디퍼앤디퍼(Differ&Deeper)가 약국 전용 플랫폼 바로팜의 ‘피부 과학 더마 코스메틱관’에 입점하며, 전문 유통 채널을 기반으로 한 브랜드 노출 및 판매 확대에 나선다고 밝혔다.이번 입점은 디퍼앤디퍼가 병의원 및 약국 중심으로 전개해온 전문 채널 전략을 확장하는 행보로 풀이된다. 특히 바로팜 ‘피부 과학 더마 코스메틱관’에 입점함으로써, 브랜드 방향성을 보다 명확히 전달할 수 있을 것으로 기대된다고 회사 측은 설명했다.바로팜은 전국 약사 및 약국을 대상으로 운영되는 B2B 플랫폼으로, 제품 공급과 함께.","더마 코스메틱 브랜드 디퍼앤디퍼(Differ&Deeper)가 약국 전용 플랫폼 바로팜의 ‘피부 과학 더마 코스메틱관’에 입점하며, 전문 유통 채널을 기반으로 한 브랜드 노출 및 판매 확대에 나선다고 밝혔다.이번 입점은 디퍼앤디퍼가 병의원 및 약국 중심으로 전개해온 전문 채널 전략을 확장하는 행보로 풀이된다. 특히 바로팜 ‘피부 과학 더마 코스메틱관’에 입점함으로써, 브랜드 방향성을 보다 명확히 전달할 수 있을 것으로 기대된다고 회사 측은 설명했다.바로팜은 전국 약사 및 약국을 대상으로 운영되는 B2B 플랫폼으로, 제품 공급과 함께",local,10,바로팜,,,0.7303087153935602,,1.0,0.7303087153935602,10.067296604652952,13.0,8.11216100775492,False
2026-04-23,Distribution,2026-04-21 17:58:00,Naver News,http://www.finomy.com/news/articleView.html?idxno=253458,"의약품유통협회 ""유통갑질' VS 대웅제약 ""책임형 파트너""···거점도매 '갑론을박'","현대경제신문 최효경 기자 | 대웅제약의 '블록형 거점도매' 정책을 둘러싼 갈등이 현장으로 확산되며 파장이 커지고 있다. 최근 '약사의 미래를 준비하는 모임(약준모)'이 전국 약국을 대상으로 실시 한 조사에서 해당 정책 시행 이후 의약품 수급 차질이 광범위하게 발생한 것으로 나타나면서,.","현대경제신문 최효경 기자 | 대웅제약의 '블록형 거점도매' 정책을 둘러싼 갈등이 현장으로 확산되며 파장이 커지고 있다. 최근 '약사의 미래를 준비하는 모임(약준모)'이 전국 약국을 대상으로 실시 한 조사에서 해당 정책 시행 이후 의약품 수급 차질이 광범위하게 발생한 것으로 나타나면서,",local,10,콜드체인,,,0.724744579658231,,1.0,0.724744579658231,10.04392723456457,13.0,8.073212057607616,False
2026-04-23,BD,2026-04-17 05:00:00,Naver News,https://www.etoday.co.kr/news/view/2575411,P-CAB 신약 시장 성장세…‘케이캡’·‘자큐보’가 이끈다,국내 소화성궤양용제 시장에서 칼륨경쟁적 위산분비억제제(P-CAB) 계열 신약이 빠르게 존재감을 키우고 있다.,(사진제공=HK이노엔)국내 소화성궤양용제 시장에서 칼륨경쟁적 위산분비억제제(P-CAB) 계열 신약이 빠르게 존재감을 키우고 있다. 기존 프로톤펌프억,local,10,코프로모션,,,0.7159389403332744,,1.0,0.7159389403332744,10.006943549399752,13.0,8.01157258233292,True
2026-04-23,Distribution,2026-04-22 12:00:00,Naver News,https://www.medipana.com/news/articleView.html?idxno=410127,"의약품유통업체 지급수수료, 지난해 업체 평균 49억원 - 메디파나뉴스",④지급수수료[메디파나뉴스 = 조해진 기자] 지난해 의약품 유통업체들이 업체 평균 약 48억7016만원을 수수료.,[의약품 유통업체 2025년 경영실적 분석 시리즈] ④지급수수료[메디파나뉴스 = 조해진 기자] 지난해 의약품 유통업체들이 업체 평균 약 48억7016만원을 수수료,local,10,DKSH,,,0.7104518785667998,,1.0,0.7104518785667998,9.983897889980557,13.0,7.973163149967598,False
2026-04-23,Distribution,2026-04-17 12:00:00,Naver News,https://www.medipana.com/news/articleView.html?idxno=409919,의약품유통업체 조마진율 6.87%…저마진 구조 8년째 지속 - 메디파나뉴스,③조마진율[메디파나뉴스 = 조해진 기자] 의약품유통업계 조마진율이 8년째 6%대를 유지하며 저마진 구조가 지속.,[의약품 유통업체 2025년 경영실적 분석 시리즈] ③조마진율[메디파나뉴스 = 조해진 기자] 의약품유통업계 조마진율이 8년째 6%대를 유지하며 저마진 구조가 지속,local,10,DKSH,,,0.7084893664575063,,1.0,0.7084893664575063,9.975655339121527,13.0,7.959425565202544,False
2026-04-23,BD,2026-04-24 06:02:00,Naver News,https://www.dailypharm.com/user/news/337818?REFERER=NP,"[데일리팜]대형제약, 제품매출 동반 성장…약가개편에 실적 체력 꺾이나","대형 전통제약사들이 자체 생산 제품의 매출이 크게 뛰었다. 제품매출 성장률이 상품매출을 크게 앞서며 탄탄한 실적 체력을 구축했다는 평가다. 한미약품은 매출의 90% 이상을 제품매출로 채우며 선두를 질주했다. 유한양행, 녹십자, 대웅제약, 제일약품 등 자체개발 신약을 내놓은 제약사들의 제품매출 성장세가 두드러졌다. 제약사들은 정부의 제네릭 약가인하로 수익성이 악화하면 상….","대형 전통제약사들이 자체 생산 제품의 매출이 크게 뛰었다. 제품매출 성장률이 상품매출을 크게 앞서며 탄탄한 실적 체력을 구축했다는 평가다. 한미약품은 매출의 90% 이상을 제품매출로 채우며 선두를 질주했다. 유한양행, 녹십자, 대웅제약, 제일약품 등 자체개발 신약을 내놓은 제약사들의 제품매출 성장세가 두드러졌다. 제약사들은 정부의 제네릭 약가인하로 수익성이 악화하면 상…",local,10,공동판매,,,0.6969897717913368,,1.0,0.6969897717913368,9.927357041523614,13.0,7.878928402539358,True
2026-04-23,Distribution,2026-04-22 12:58:00,Naver News,https://www.kpanews.co.kr/news/articleView.html?idxno=533466,원주시약 '약업인 체육대회' 350여 명 참가 '성황' - 약사공론,"원주시약사회(회장 엄일훈)는 지난 19일 육민관고등학교 운동장에서 '제56회 원주시 약업인 체육대회'를 개최했다고 밝혔다.지역 약사 회원을 비롯해 보건소, 제약·.","원주시약사회(회장 엄일훈)는 지난 19일 육민관고등학교 운동장에서 '제56회 원주시 약업인 체육대회'를 개최했다고 밝혔다.지역 약사 회원을 비롯해 보건소, 제약·",local,10,지오영,,,0.7191780756459861,,1.0,0.7191780756459861,9.620547917713141,12.0,8.034246529521901,False
2026-04-23,Distribution,2026-04-23 21:18:00,Naver News,http://www.newsmp.com/news/articleView.html?idxno=252869,"대한약사회, 약사회장배 지오영 전국약사 탁구대회 개최","대한약사회(회장 권영희)는 지난 19일 안양 호계체육관에서 ‘제12회 대한약사회장배 지오영 전국 약사탁구대회’를 개최했다고 밝혔다.이번 대회에는 전국 각지에서 약사 선수 190여명이 참가했다. 대회 결과 지부별 대표선수 3인이 팀을 이룬 단체전에서는 경기지부A가 우승을 차지했고, 대구지부가 준우승을 기록했다. 인천지부와 경기지부B는 공동 3위에 올랐다.개인전 금배부에서는 황성욱 약사(대구)와 윤덕희 약사(경기 수원)가 각각 남녀부 우승을 차지했다.","대한약사회(회장 권영희)는 지난 19일 안양 호계체육관에서 ‘제12회 대한약사회장배 지오영 전국 약사탁구대회’를 개최했다고 밝혔다.이번 대회에는 전국 각지에서 약사 선수 190여명이 참가했다. 대회 결과 지부별 대표선수 3인이 팀을 이룬 단체전에서는 경기지부A가 우승을 차지했고, 대구지부가 준우승을 기록했다. 인천지부와 경기지부B는 공동 3위에 올랐다.개인전 금배부에서는 황성욱 약사(대구)와 윤덕희 약사(경기 수원)가 각각 남녀부 우승을 차지했다. 은배부에서는 심우길ㆍ이수희 약사(서울 동작)가, 동배부에서는 유호진 약사(충북)와 박",local,10,지오영,,,0.7185956811901757,,1.0,0.7185956811901757,9.618101860998738,12.0,8.03016976833123,False
2026-04-23,Distribution,2026-04-23 06:28:00,Naver News,https://www.medipana.com/news/articleView.html?idxno=410207,"제12회 지오영 전국약사 탁구대회, 경기지부A 우승 - 메디파나뉴스",제12회 대한약사회장배 탁구대회에서 경기지부(A)가 단체전 우승을 차지했다. 개인전(금배부)에서는 황성욱·윤덕희 약사가 각각 정상에 올랐다 대한약사회(회장 권영희.,제12회 대한약사회장배 탁구대회에서 경기지부(A)가 단체전 우승을 차지했다. 개인전(금배부)에서는 황성욱·윤덕희 약사가 각각 정상에 올랐다 대한약사회(회장 권영희,local,10,지오영,,,0.6992815161418321,,1.0,0.6992815161418321,9.536982367795694,12.0,7.894970612992824,False
2026-04-23,BD,2026-04-23 06:12:00,Naver News,https://www.hitnews.co.kr/news/articleView.html?idxno=75636,커지는 소문 'CSO 수수료 상한제'… 비혁신 중소제약 '우려',올해 3월 약가제도 개편안이 확정된 이후 약업계 내부에서 '의약품 판촉영업자(CSO) 수수료 상한제 설정 설'이 떠돌고 있다. '논의가 진행됐다더라'와 같은 이야기도 나오는 상황에서 중소제약사들은 '사실상 상위제약사를 위한 판'이라는 볼멘소리도 나온다.업계 다수의 관계자들에 따르면 제약사들 사이에서 정부가 CSO의 수수료 상한선을 정할 것이라는 이야기가 끊임없이 제기되고 있다.아직까지 구체 내용이나 논의 과정이 공개된 것은 아니지만 약가 개편에 따른 규제환경이 '유통질서 정상화'라는 방향으로 흐르는 상황이라서 중소제약사들의 긴장은.,올해 3월 약가제도 개편안이 확정된 이후 약업계 내부에서 '의약품 판촉영업자(CSO) 수수료 상한제 설정 설'이 떠돌고 있다. '논의가 진행됐다더라'와 같은 이야기도 나오는 상황에서 중소제약사들은 '사실상 상위제약사를 위한 판'이라는 볼멘소리도 나온다.업계 다수의 관계자들에 따르면 제약사들 사이에서 정부가 CSO의 수수료 상한선을 정할 것이라는 이야기가 끊임없이 제기되고 있다.아직까지 구체 내용이나 논의 과정이 공개된 것은 아니지만 약가 개편에 따른 규제환경이 '유통질서 정상화'라는 방향으로 흐르는 상황이라서 중소제약사들의 긴장은,local,10,판촉영업자,,,0.7389439035571315,,1.0,0.7389439035571315,8.903564394939952,10.0,8.17260732489992,True
2026-04-23,Client,2026-04-24 06:00:00,Naver News,https://www.news1.kr/bio/pharmaceutical-bio/6146975,위고비·마운자로가 키운 비만치료제 시장…K-바이오 추격 속도,"Access Denied You don't have permission to access ""http://www.news1.kr/bio/pharmaceutical-bio/6146975"" on this server. Reference #18.c0d0317.1776980810.5447b0d2 https://errors.edgesuite.net/18.c0d0317.1776980810.5447b0d2.","Access Denied
You don't have permission to access ""http://www.news1.kr/bio/pharmaceutical-bio/6146975"" on this server.
Reference #18.c0d0317.1776980810.5447b0d2
https://errors.edgesuite.net/18.c0d0317.1776980810.5447b0d2",local,10,출시,,,0.7285028534408674,,1.0,0.7285028534408674,8.859711984451643,10.0,8.099519974086071,True
2026-04-23,Client,2026-04-22 12:00:00,Naver News,https://new.dailypharm.com/user/news/337769?REFERER=NP,"[데일리팜]카나브젯·소그로야, 내달 신규 급여…제미다파, 약가 유지","보령제약 고혈압·이상지질혈증 3제복합제 카나브젯과 노보노디스크제약 장기지속형 성장호르몬제 소그로야가 내달(5월)부터 건강보험급여를 적용받는다. 한국희귀필수의약품센터를 통해 공급되는 비아트리스이솝틴과 에픽콜레스티라민, 센라5-에에치티피 등도 신규 급여를 획득한다. 오노약품 옵디보는 120밀리그램, GSK 누칼라는 오토인젝터 제형이 신규 급여 등재되며, 대원제약 펠루비….","보령제약 고혈압·이상지질혈증 3제복합제 카나브젯과 노보노디스크제약 장기지속형 성장호르몬제 소그로야가 내달(5월)부터 건강보험급여를 적용받는다. 한국희귀필수의약품센터를 통해 공급되는 비아트리스이솝틴과 에픽콜레스티라민, 센라5-에에치티피 등도 신규 급여를 획득한다. 오노약품 옵디보는 120밀리그램, GSK 누칼라는 오토인젝터 제형이 신규 급여 등재되며, 대원제약 펠루비…",local,10,노보노디스크,,,0.7269815234776466,,1.0,0.7269815234776466,8.853322398606114,10.0,8.088870664343524,True
2026-04-23,BD,2026-04-18 06:22:00,Naver News,https://www.kpanews.co.kr/news/articleView.html?idxno=533223,보령 다사킨정 급여 임박…혈액암 치료제 9종 포트폴리오 구축 - 약사공론,보령이 만성골수성백혈병과 필라델피아 염색체 양성 급성림프구성백혈병 치료제 ‘다사킨정’에 대한 급여 등재가 코 앞에 다가온 것으로 확인됐다. 급여 등재가 완료될 경.,보령이 만성골수성백혈병과 필라델피아 염색체 양성 급성림프구성백혈병 치료제 ‘다사킨정’에 대한 급여 등재가 코 앞에 다가온 것으로 확인됐다. 급여 등재가 완료될 경,local,10,안텐진,,,0.7201757689827927,,1.0,0.7201757689827927,8.824738229727728,10.0,8.041230382879547,True
2026-04-23,Client,2026-04-22 05:24:00,Naver News,https://www.yakup.com/news/index.html?mode=view&cat=12&nid=326287,[약업신문]1위 완하제 ‘둘코락스’ 미국서 腸 건강 구미제 출시,‘둘코락스’(Dulcolax)는 의사들이 복용을 권고하는 넘버원 완하제 브랜드로 잘 알려져 있다.프랑스의 글로벌 제약기업 사노피(Sanofi)의 컨슈머 헬스케어 사업부문이었다가 지난해 분사된 오펠라(Opella)가...,‘둘코락스’(Dulcolax)는 의사들이 복용을 권고하는 넘버원 완하제 브랜드로 잘 알려져 있다.프랑스의 글로벌 제약기업 사노피(Sanofi)의 컨슈머 헬스케어 사업부문이었다가 지난해 분사된 오펠라(Opella)가...,local,10,오펠라,,,0.7145444541508678,,1.0,0.7145444541508678,8.801086707433644,10.0,8.001811179056073,True
2026-04-23,BD,2026-04-21 11:16:00,Naver News,http://www.press9.kr/news/articleView.html?idxno=75332,"[Generic Trend]복잡해지는 '엑스탄디' 제네릭, 연질캡슐 제형 후발주자 합류","아스텔라스의 전립선암 치료제 '엑스탄디(성분명 엔잘루타마이드)'의 제네릭 출시가 가시화되고 있는 가운데 새로운 후발주자가 나타나 주목된다.식품의약품안전처는 지난 20일 지엘파마의 엔잘루타마이드 성분 제제 '프로엔자연질캡슐'을 허가했다.오리지널인 엑스탄디는 연질캡슐 제형과 이를 개선한 정제 제형 두 가지로 허가를 받았으며, 이에 제네릭 도전 제약사들도 두 가지 제형으로 나눠 시장 공략을 준비 중이다.연질캡슐 제형 제네릭의 경우 이전까지 알보젠코리아 등 5개사가 허가를 받은 상태로, 이들은 엑스탄디의 물질특허가 만료되는.","[프레스나인] 아스텔라스의 전립선암 치료제 '엑스탄디(성분명 엔잘루타마이드)'의 제네릭 출시가 가시화되고 있는 가운데 새로운 후발주자가 나타나 주목된다.식품의약품안전처는 지난 20일 지엘파마의 엔잘루타마이드 성분 제제 '프로엔자연질캡슐'을 허가했다.오리지널인 엑스탄디는 연질캡슐 제형과 이를 개선한 정제 제형 두 가지로 허가를 받았으며, 이에 제네릭 도전 제약사들도 두 가지 제형으로 나눠 시장 공략을 준비 중이다.연질캡슐 제형 제네릭의 경우 이전까지 알보젠코리아 등 5개사가 허가를 받은 상태로, 이들은 엑스탄디의 물질특허가 만료되는",local,10,특허만료,,,0.7140513906319144,,1.0,0.7140513906319144,8.79901584065404,10.0,7.9983597344234,True
2026-04-23,Distribution,2026-04-17 07:45:00,Naver News,http://www.inews24.com/view/1960961,"물류업계, 바이오·신선식품 '콜드체인' 고도화 나서","온도 민감 화물 수요 증가에 국내외 물류 거점 및 기술력 강화 페덱스·CJ대한통운 등 북미 및 국내외 인프라 확장 가속 국내외 물류업계가 바이오 헬스케어 제품과 신선식품 등 온도에 민감한 화물의 물동량이 급증함에 따라 관련 인프라 고도화에 집중하고 있다. 16일 업계에 따르면, 글로벌 물류기업 중 DHL과 양대 산맥으로 꼽히는 페덱스(FedEx)는 올해 4월까지 국내외 '콜드체인' 시설을 총 130여개까지 확장했다. 특히 미국 내 바이오 의약품 등 엄격한 온도 관리가 필요한 화물의 물동량이 늘어남에 따라 이러한 확장 추세는 더욱 가팔라질 전망이다.","온도 민감 화물 수요 증가에 국내외 물류 거점 및 기술력 강화 
페덱스&middot;CJ대한통운 등 북미 및 국내외 인프라 확장 가속 국내외 물류업계가 바이오 헬스케어 제품과 신선식품 등 온도에 민감한 화물의 물동량이 급증함에 따라 관련 인프라 고도화에 집중하고 있다. 16일 업계에 따르면, 글로벌 물류기업 중 DHL과 양대 산맥으로 꼽히는 페덱스(FedEx)는 올해 4월까지 국내외 '콜드체인' 시설을 총 130여개까지 확장했다. 특히 미국 내 바이오 의약품 등 엄격한 온도 관리가 필요한 화물의 물동량이 늘어남에 따라 이러한 확장 추세는 더욱 가팔라질 전망이다.",local,10,DHL,,,0.7117380993341991,,1.0,0.7117380993341991,8.789300017203637,10.0,7.9821666953393935,False
2026-04-23,Distribution,2026-04-23 18:52:00,Naver News,https://www.ccdn.co.kr/news/articleView.html?idxno=1075242,열처리 가금육 베트남 수출길 활짝,우리나라 열처리 가금육(육가공품)의 베트남 수출을 위한 위생·검역 협상이 한·베트남 정상회담을 계기로 최종 타결됐다.식품의약품안전처와 농림축산식품부는 23일.,우리나라 열처리 가금육(육가공품)의 베트남 수출을 위한 위생·검역 협상이 한·베트남 정상회담을 계기로 최종 타결됐다.식품의약품안전처와 농림축산식품부는 23일,local,10,CJ,,,0.708305170757697,,1.0,0.708305170757697,8.774881717182327,10.0,7.9581361953038785,False
2026-04-23,BD,2026-04-22 12:10:00,Naver News,https://www.medicaltimes.com/Main/News/NewsView.html?ID=1168383&ref=naverpc,[메디칼타임즈] 약제유연계약제 대상 공고...특허만료 오리지널 방패될까,"보건복지부가 해외 약가 참조 시스템으로 인한 신약 등재 지연을 막기 위해 추진 중인 '약제유연계약제(별도 상한금액 협상)'의 구체적인 적용 대상을 확정했다. 제약업계는 이번 공고가 신약뿐만 아니라 특허 만료를 앞둔 오리지널 의약품과 바이오시밀러의 '글로벌 약가 방어'를 위한 실질적인 장치가 될 것으로 평가하고 있다. 보건복지부는 약제유연계약제 추진을 위한 '별도의 상한금액 협상 대상 약제 및 별도 합의로 정해진 약제의 상한금액 통보 대상'을 공고했다.22일 제약업계에 따르면, 최근 보건복지부는 '별도의 상한금액 협상 대상 약제 및 별도 합의로 정해진 약제의 상한금액 통보 대상'을 공고했다.이번 공고의 근거가 된 '약제유연계약제'는 건강보험 급여 목록에 등재되는 약제의 '표시가격'과 실제 제약사가 수령하는 '실제가격'을 이원화하여 운영하는 제도다.","[메디칼타임즈=문성호 기자]보건복지부가 해외 약가 참조 시스템으로 인한 신약 등재 지연을 막기 위해 추진 중인 '약제유연계약제(별도 상한금액 협상)'의 구체적인 적용 대상을 확정했다. 제약업계는 이번 공고가 신약뿐만 아니라 특허 만료를 앞둔 오리지널 의약품과 바이오시밀러의 '글로벌 약가 방어'를 위한 실질적인 장치가 될 것으로 평가하고 있다. 보건복지부는 약제유연계약제 추진을 위한 '별도의 상한금액 협상 대상 약제 및 별도 합의로 정해진 약제의 상한금액 통보 대상'을 공고했다.22일 제약업계에 따르면, 최근 보건복지부는 '별도의 상한금액 협상 대상 약제 및 별도 합의로 정해진 약제의 상한금액 통보 대상'을 공고했다.이번 공고의 근거가 된 '약제유연계약제'는 건강보험 급여 목록에 등재되는 약제의 '표시가격'과 실제 제약사가 수령하는 '실제가격'을 이원화하여 운영하는 제도다. 해외 국가들이 한국의 약가를 자국 약가 결정의 참고 기준으로 삼는 상황에서, 국내 약가가 낮게 책정될 경우 글로벌 제약사가 한국 시장 등재를 포기하거나 철수하는 문제를 해결하기 위해 도입됐다. 제약사는 표시가와 실제가의 차액을 국민건강보험공단에 환급하는 방식으로 계약을 체결하게 된다.공고안에 따르면 별도의 상한금액 협상을 할 수 있는 대상은 ▲신약 및 준하는 의약품 ▲대조약 및 동일성분 약제 ▲기타 혁신 치료제 등이다.여기서 '신약 및 준하는 의약품'은 약사법에 따른 신약, 자료보호의약품 목록 수재 의약품, 재심사기간 부여 의약품이 포함된다. '대조약 및 동일성분 약제'는 의약품 동등성 시험기준에 따라 대조약으로 지정된 의약품과 해당 업체가 보유한 동일 성분의 타 함량·제형 의약품도 대상에 이름을 올렸다.'기타 혁신 치료제'로는 약사법에 따른 희귀의약품(동등성 시험 허가 제외), 첨단재생바이오법에 따른 첨단바이오의약품, 개량신약 및 개량생물의약품, 동등생물의약품(바이오시밀러) 등이 포함됐다. 다만, 위험분담제(RSA)가 부과된 약제는 이번 대상에서 제외된다.제약업계에서는 정부가 설정한 대상 범위 중 특히 '대조약(오리지널)'과 '바이오시밀러'가 포함된 점에 주목하고 있다. 이는 신약의 초기 등재 단계뿐만 아니라, 제품 수명 주기상 약가 인하 압박이 가장 거센 '특허만료 시점'에서 유연계약제를 활용할 수 있는 길이 열렸기 때문이다.제약업계 관계자는",local,10,특허만료,,,0.7037684735008839,,1.0,0.7037684735008839,8.755827588703713,10.0,7.926379314506187,True
2026-04-23,BD,2026-04-23 12:22:00,Naver News,https://www.monews.co.kr/news/articleView.html?idxno=410838,"시밀러까지 포함한 '유연계약제'···업계, 규모 따라 반응 엇갈려 - 메디칼업저버",신약 등재 지연을 막고 국내 의약품 글로벌 경쟁력을 강화하기 위한 약제유연계약제의 적용 대상을 정부가 확정해 공고했다.,[메디칼업저버 김지예 기자] 신약 등재 지연을 막고 국내 의약품 글로벌 경쟁력을 강화하기 위한 약제유연계약제의 적용 대상을 정부가 확정해 공고했다. 제약업계는 대,local,10,특허만료,,,0.6993695095169068,,1.0,0.6993695095169068,8.737351939971008,10.0,7.895586566618348,True
2026-04-23,Client,2026-04-23 08:56:00,Naver News,https://www.koreahealthlog.com/news/articleView.html?idxno=56876,"투석환자, 월요일·화요일 사망 주나…원인 '고칼륨혈증' 잡는 신약 출시","우리 몸에서 정수기 역할을 하는 콩팥(신장)이 고장나 몸 밖으로 칼륨을 배출하지 못하면서 '고칼륨혈증'에 이르는 수많은 콩팥질환자들에게 희소식이 전해졌다. 40여년만에 고칼륨혈증에 '응급 투석치료' 효과에 비견할만한 새로운 치료 선택지가 이달 본격 등판한 까닭이다.분당서울대병원 신장내과 김세중 교수는 지난 22일 한국아스트라제네카가 연 '로켈마 국내 출시 기자간담회'에서 칼륨포획제 '로켈마(성분명 지르코늄사이클로규산나트륨, Sodium Zirconium Cyclosilicate, SZC)’가 오늘(22일)국내 9개 병원에 들어간 것.","우리 몸에서 정수기 역할을 하는 콩팥(신장)이 고장나 몸 밖으로 칼륨을 배출하지 못하면서 '고칼륨혈증'에 이르는 수많은 콩팥질환자들에게 희소식이 전해졌다. 40여년만에 고칼륨혈증에 '응급 투석치료' 효과에 비견할만한 새로운 치료 선택지가 이달 본격 등판한 까닭이다.분당서울대병원 신장내과 김세중 교수는 지난 22일 한국아스트라제네카가 연 '로켈마 국내 출시 기자간담회'에서 칼륨포획제 '로켈마(성분명 지르코늄사이클로규산나트륨, Sodium Zirconium Cyclosilicate, SZC)’가 오늘(22일)국내 9개 병원에 들어간 것",local,10,아스트라제네카,,,0.6679179043994611,,1.0,0.6679179043994611,8.605255198477735,10.0,7.6754253307962275,True
2026-04-23,BD,2026-04-21 18:42:00,Naver News,http://www.newsmp.com/news/articleView.html?idxno=252819,"바이오젠, 면역질환 치료제 중화권 내 권리 인수","미국 제약사 바이오젠이 면역질환 치료 신약 후보물질 펠자르타맙(felzartamab)의 중화권 내 권리를 인수하며 글로벌 권리를 완전히 확보했다.바이오젠과 중국 생명공학기업 TJ 바이오파마(TJ Biopharma)는 바이오젠이 중화권 지역에서 펠자르타맙에 대한 독점적 권리를 인수하는 최종 계약을 체결했다고 20일 발표했다.펠자르타맙은 형질세포, 형질모세포, 자연살해세포에서 발현되는 단백질 CD38을 표적으로 하는 인간 단일클론항체 후보물질로, 다양한 면역매개 질환에 적용 가능한 제품 내 파이프라인 형태의 계열 내 최초.","[의약뉴스] 미국 제약사 바이오젠이 면역질환 치료 신약 후보물질 펠자르타맙(felzartamab)의 중화권 내 권리를 인수하며 글로벌 권리를 완전히 확보했다.바이오젠과 중국 생명공학기업 TJ 바이오파마(TJ Biopharma)는 바이오젠이 중화권 지역에서 펠자르타맙에 대한 독점적 권리를 인수하는 최종 계약을 체결했다고 20일 발표했다.펠자르타맙은 형질세포, 형질모세포, 자연살해세포에서 발현되는 단백질 CD38을 표적으로 하는 인간 단일클론항체 후보물질로, 다양한 면역매개 질환에 적용 가능한 제품 내 파이프라인 형태의 계열 내 최초",local,10,바이오젠,,,0.6550752998254443,,1.0,0.6550752998254443,8.551316259266866,10.0,7.58552709877811,False
2026-04-23,Distribution,2026-04-22 10:34:00,Naver News,http://www.bokuennews.com/news/article.html?no=277124,"대봉엘에스, 인-코스메틱스 2026서 '차세대 바이오 액티브'로 유럽 공략",인-코스메틱스 글로벌 2026 현장에서 참관객들이 대봉엘에스 부스를 찾아 독자 원료 포트폴리오를 살펴보고 있다 화장품소재·원료의약품 전문기업 대봉엘에스(대표 박진오)가 프랑스 파..,"인-코스메틱스 글로벌 2026 현장에서 참관객들이 대봉엘에스 부스를 찾아 독자 원료 포트폴리오를 살펴보고 있다



&nbsp;

화장품소재&middot;원료의약품 전문기업 대봉엘에스(대표 박진오)가 프랑스 파..",local,10,DKSH,,,0.6502792744293138,,1.0,0.6502792744293138,8.531172952603118,10.0,7.551954921005196,False
2026-04-23,BD,2026-04-24 06:02:00,Naver News,https://www.dailypharm.com/user/news/337797?REFERER=NP,[데일리팜]카나브 제네릭 9개월 점유율 0.5%…견고한 오리지널 방어력,"카나브 제네릭이 발매된 지 9개월이 지났지만 시장에 안착하는 데 어려움을 겪는 모습이다. 지난 1분기 제네릭 합산 처방액은 1억원에도 못 미쳤고, 피마사르탄 시장에서의 점유율은 0.5%에 그치는 것으로 나타났다. 미등재 용도특허 리스크와 보령의 견제가 제네릭 부진의 배경으로 꼽힌다. 또한 ARB 계열 고혈압 치료제 시장이 포화 상태라는 점도 제네릭 성장의 걸림돌로 작용하고 있….","카나브 제네릭이 발매된 지 9개월이 지났지만 시장에 안착하는 데 어려움을 겪는 모습이다. 지난 1분기 제네릭 합산 처방액은 1억원에도 못 미쳤고, 피마사르탄 시장에서의 점유율은 0.5%에 그치는 것으로 나타났다. 미등재 용도특허 리스크와 보령의 견제가 제네릭 부진의 배경으로 꼽힌다. 또한 ARB 계열 고혈압 치료제 시장이 포화 상태라는 점도 제네릭 성장의 걸림돌로 작용하고 있…",local,10,신약,,,0.7213011046373533,,1.0,0.7213011046373533,8.429464639476883,9.0,8.049107732461472,False
2026-04-23,BD,2026-04-24 06:02:00,Naver News,https://www.kukinews.com/article/view/kuk202604230196,‘호실적’에도 웃지 못하는 삼성바이오로직스…‘노사 갈등’ 격화에 깊어지는 시름,"삼성바이오로직스와 삼성바이오에피스가 나란히 1분기 실적 개선 흐름을 이어가며 시장의 기대를 키웠지만, 정작 회사 안팎의 분위기는 마냥 밝지만.","삼성바이오로직스와 삼성바이오에피스가 나란히 1분기 실적 개선 흐름을 이어가며 시장의 기대를 키웠지만, 정작 회사 안팎의 분위기는 마냥 밝지만",local,10,인수,,,0.6967105079034178,,1.0,0.6967105079034178,8.326184133194355,9.0,7.876973555323924,False
2026-04-23,BD,2026-04-23 12:16:00,Naver News,https://www.kpanews.co.kr/news/articleView.html?idxno=533550,"중국은 자산, 한국은 플랫폼…아시아 바이오 '투트랙 부상' - 약사공론","글로벌 제약·바이오 시장에서 기술 거래와 인수합병(M&A)의 흐름이 빠르게 재편되고 있다.업계에 따르면 2026년 1분기에는 특정 기업 중심의 공격적 투자, 아시.","글로벌 제약·바이오 시장에서 기술 거래와 인수합병(M&A)의 흐름이 빠르게 재편되고 있다.업계에 따르면 2026년 1분기에는 특정 기업 중심의 공격적 투자, 아시",local,10,노바티스,,,0.6811083418428494,,1.0,0.6811083418428494,8.260655035739967,9.0,7.767758392899945,False
2026-04-23,BD,2026-04-24 06:06:00,Naver News,https://www.medipana.com/news/articleView.html?idxno=410282,"대원제약, 건기식 전략 변화…'대원헬스' 직접 키운다 - 메디파나뉴스",대원제약 CHC(컨슈머헬스케어) 사업 전략에 변화가 확인된다. 자회사 중심 건기식 사업 구조를 넘어 자체 브랜드 '대원헬스' 매출.,[메디파나뉴스 = 조후현 기자] 대원제약 CHC(컨슈머헬스케어) 사업 전략에 변화가 확인된다. 자회사 중심 건기식 사업 구조를 넘어 자체 브랜드 '대원헬스' 매출,local,10,인수,,,0.6683762547426672,,1.0,0.6683762547426672,8.207180269919203,9.0,7.67863378319867,False
2026-04-23,BD,2026-04-21 01:16:00,Naver News,https://www.pointdaily.co.kr/news/articleView.html?idxno=301986,유럽서 고성장 K-바이오…미국 이을 신시장 '부상',"최근 국내 바이오 기업들이 유럽 시장을 중심으로 수출액, 점유율 등 성과를 확대하고 있다. 유럽 내에서 바이오시밀러 사용을 적극 권장하면서 국내 기업들의 시장 공략이 적극 이뤄진데 따른 것이다. 이 가운데 유럽 내 바이오시밀러 개발·승인 조건도 완화되면서 국내 바이오 기업들과 글로벌 기업들 간 현지 입지 확보 다툼도 치열해질 전망이다. 21일 식품의약품안전처에 따르면 우리나라 바이오의약품의 올해 1분기 수출 규모는 전년 동기 대비 11% 증가한 20억 달러(약 2조9500억원)로 사상 최대 규모를 기록했.","[포인트데일리 송가영 기자] 최근 국내 바이오 기업들이 유럽 시장을 중심으로 수출액, 점유율 등 성과를 확대하고 있다. 유럽 내에서 바이오시밀러 사용을 적극 권장하면서 국내 기업들의 시장 공략이 적극 이뤄진데 따른 것이다. 이 가운데 유럽 내 바이오시밀러 개발·승인 조건도 완화되면서 국내 바이오 기업들과 글로벌 기업들 간 현지 입지 확보 다툼도 치열해질 전망이다. 21일 식품의약품안전처에 따르면 우리나라 바이오의약품의 올해 1분기 수출 규모는 전년 동기 대비 11% 증가한 20억 달러(약 2조9500억원)로 사상 최대 규모를 기록했",local,10,리제네론,,,0.6667721419956091,,1.0,0.6667721419956091,8.200442996381557,9.0,7.667404993969263,False
2026-04-23,BD,2026-04-23 17:40:00,Naver News,https://www.sedaily.com/article/20036374?ref=naver,"사모대출 덮친 ‘복병’ 헬스케어...블랙스톤·KKR, 2조 부실 비상","미국 사모 신용 시장에 대한 우려 속에 2조 원 규모의 대출 부실이 헬스케어 분야에서 발생했다. 민간 병원, 의료기기와 서비스 등 헬스케어 업종은 사모펀드들이 인수합병(M&A)을 통한 규모의 경제를 노리고 투자와 대출을 일으켰지만 최근 부메랑으로 돌아오고 있다.","미국 사모 신용 시장에 대한 우려 속에 2조 원 규모의 대출 부실이 헬스케어 분야에서 발생했다. 민간 병원, 의료기기와 서비스 등 헬스케어 업종은 사모펀드들이 인수합병(M&A)을 통한 규모의 경제를 노리고 투자와 대출을 일으켰지만 최근 부메랑으로 돌아오고 있다. 22일",local,10,M&A,,,0.6661438830413484,,1.0,0.6661438830413484,8.197804308773664,9.0,7.663007181289439,False
2026-04-23,BD,2026-04-23 09:54:00,Naver News,https://www.bosa.co.kr/news/articleView.html?idxno=3003540,암닐 바이오시밀러 전문기업 인수 - 의학신문,암닐이 바이오시밀러 황금기를 맞이해 카쉬브 바이오사이언시스를 인수하기로 합의했다고 발표했다.카쉬브에 암닐은 선금으로 현금 3억7.,[의학신문·일간보사=김자연 기자] 암닐이 바이오시밀러 황금기를 맞이해 카쉬브 바이오사이언시스를 인수하기로 합의했다고 발표했다.카쉬브에 암닐은 선금으로 현금 3억7,local,10,특허만료,,,0.6655191705812896,,1.0,0.6655191705812896,8.195180516441416,9.0,7.658634194069027,False
2026-04-23,BD,2026-04-22 17:47:00,Naver News,https://www.sedaily.com/article/20035838?ref=naver,릴리가 베팅한 ‘인비보 CAR-T’…韓기업도 개발 속도,일라이릴리가 인비보(in vivo) 키메릭항원수용체 T세포(CAR-T) 신약 개발 기업을 인수하는 데 올해 들어서만 최대 94억 달러(약 13조 원)를 투자했다. 인비보 CAR-T란 주사 한 방으로 면역세포인 T세포를 활성화해 암을 치료하는 차세대 치료제다.,일라이릴리가 인비보(in vivo) 키메릭항원수용체 T세포(CAR-T) 신약 개발 기업을 인수하는 데 올해 들어서만 최대 94억 달러(약 13조 원)를 투자했다. 인비보 CAR-T란 주사 한 방으로 면역세포인 T세포를 활성화해 암을 치료하는 차세대 치료제다. 글로벌 시,local,10,BMS,,,0.6653157858554569,,1.0,0.6653157858554569,8.194326300592918,9.0,7.657210500988198,False
2026-04-23,BD,2026-04-24 06:02:00,Naver News,https://www.dailypharm.com/user/news/337649?REFERER=NP,"[데일리팜]IPO는 끝 아닌 시작…중소 제약, 상장 후 전략이 운명 갈랐다","IPO는 기업 성과를 가르는 분기점이다. 상장을 통해 대규모 자금을 유입한 기업들이 연구개발(R&D) 투자와 인수합병(M&A) 등을 통해 외형과 사업 포트폴리오를 확장하는 데 성공하는 사례가 있는 반면, 투자 성과 부진으로 성장 동력을 확보하지 못한 채 정체 국면에 빠지는 기업 간 격차도 빠르게 벌어지고 있다. 특히 상장 이후 확보한 자금을 어디에, 어떻게 배분하느냐에 따라 기업의….","IPO는 기업 성과를 가르는 분기점이다. 상장을 통해 대규모 자금을 유입한 기업들이 연구개발(R&D) 투자와 인수합병(M&A) 등을 통해 외형과 사업 포트폴리오를 확장하는 데 성공하는 사례가 있는 반면, 투자 성과 부진으로 성장 동력을 확보하지 못한 채 정체 국면에 빠지는 기업 간 격차도 빠르게 벌어지고 있다. 특히 상장 이후 확보한 자금을 어디에, 어떻게 배분하느냐에 따라 기업의…",local,10,M&A,,,0.6622208824029989,,1.0,0.6622208824029989,8.181327706092596,9.0,7.635546176820992,False
2026-04-23,BD,2026-04-24 06:02:00,Naver News,https://www.yakup.com/news/index.html?mode=view&cat=12&nid=326422,[약업신문]2025 빅파마 TOP10…‘특허 만료’ 넘고 ‘신성장 축’으로 이동 ②,"글로벌 제약시장은 2025년을 기점으로 상위권 기업 간 ‘순위 고착화’와 동시에 ‘성장 방식의 재편’이라는 이중 구조를 보이고 있다.특히 6위부터 10위 구간에 위치한 기업들은 단순한 매출 규모 경쟁을 넘어, 특...","글로벌 제약시장은 2025년을 기점으로 상위권 기업 간 ‘순위 고착화’와 동시에 ‘성장 방식의 재편’이라는 이중 구조를 보이고 있다.특히 6위부터 10위 구간에 위치한 기업들은 단순한 매출 규모 경쟁을 넘어, 특...",local,10,인수,,,0.6531586690728539,,1.0,0.6531586690728539,8.143266410105985,9.0,7.572110683509977,False
2026-04-23,BD,2026-04-24 06:12:00,Naver News,https://www.hitnews.co.kr/news/articleView.html?idxno=75680,"작년 500대 대중광고 기업에 제약사 44곳 진입, 5793억 지출",제약기업들의 지난해 대중광고 활동이 활발했다. 한국광고총연합회가 집계하는 대중광고 500대 기업에 이름을 올린 제약기업이 대폭 늘었다. 게다가 광고금액 자체를 늘린 기업도 많다. 그 만큼 제약 대중광고가 활성화 됐다는 의미이다. 특히 다국적제약 기업들의 대중광고비 증가율이 눈에 띄었는데 직접적 제품 광고도 있지만 캠페인성 광고가 주를 이뤄 눈길을 끌었다.가 한국광고총연합회 '월간광고계 동향'(자료제공: 닐슨코리아)을 토대로 '2025년 상위 500大 광고업체 중 제약사 현황'을 집계했다.,제약기업들의 지난해 대중광고 활동이 활발했다. 한국광고총연합회가 집계하는 대중광고 500대 기업에 이름을 올린 제약기업이 대폭 늘었다. 게다가 광고금액 자체를 늘린 기업도 많다. 그 만큼 제약 대중광고가 활성화 됐다는 의미이다. 특히 다국적제약 기업들의 대중광고비 증가율이 눈에 띄었는데 직접적 제품 광고도 있지만 캠페인성 광고가 주를 이뤄 눈길을 끌었다.가 한국광고총연합회 '월간광고계 동향'(자료제공: 닐슨코리아)을 토대로 '2025년 상위 500大 광고업체 중 제약사 현황'을 집계했다. (다만 내부계약에 따라 채널 또는,local,10,계약,,,0.7360752509031299,,1.0,0.7360752509031299,8.091516053793145,8.0,8.152526756321908,False
2026-04-23,BD,2026-04-21 06:08:00,Naver News,https://www.kpanews.co.kr/news/articleView.html?idxno=533362,릭시아나 제네릭 11월 진입…시장 규모 최대 50% 감소 전망 - 약사공론,항응고제 시장(NOAC) 내 독보적 1위를 기록중인 ‘릭시아나(에독사반)’가 제네릭 출시에 따른 치열한 경쟁을 예고하고 있다. 앞서 ‘자렐토(리바록사반)’ 선행.,항응고제 시장(NOAC) 내 독보적 1위를 기록중인 ‘릭시아나(에독사반)’가 제네릭 출시에 따른 치열한 경쟁을 예고하고 있다. 앞서 ‘자렐토(리바록사반)’ 선행,local,10,다이이찌산쿄,,,0.7153389647109287,,1.0,0.7153389647109287,8.0044236517859,8.0,8.0073727529765,False
2026-04-23,Client,2026-04-22 15:12:00,Naver News,http://www.bizwnews.com/news/articleView.html?idxno=134565,국내 제약사 'GLP-1 비만약' 개발 경쟁 가속,"국내 제약사들이 GLP-1(글루카곤 유사 펩타이드-1) 계열 비만 치료제 개발에 속도를 내고 있다.전 세계에서 GLP-1 기반 치료제가 비만 치료의 주요 옵션으로 자리 잡은 가운데 국내 기업들도 임상 개발과 후보물질 도입 등을 통해 시장 진입 가능성을 모색하는 모습이다.22일 관련 업계에 따르면 GLP-1 계열 치료제는 당초 당뇨병 치료제로 개발됐지만 체중 감소 효과가 확인되면서 비만 치료제로 활용 범위가 확대됐다.현재 글로벌 시장에서는 제형의 다변화, 접근성 확대 등을 중심으로 비만 치료 패러다임 변화가 일어나고 있다.","[비즈월드] 국내 제약사들이 GLP-1(글루카곤 유사 펩타이드-1) 계열 비만 치료제 개발에 속도를 내고 있다.전 세계에서 GLP-1 기반 치료제가 비만 치료의 주요 옵션으로 자리 잡은 가운데 국내 기업들도 임상 개발과 후보물질 도입 등을 통해 시장 진입 가능성을 모색하는 모습이다.22일 관련 업계에 따르면 GLP-1 계열 치료제는 당초 당뇨병 치료제로 개발됐지만 체중 감소 효과가 확인되면서 비만 치료제로 활용 범위가 확대됐다.현재 글로벌 시장에서는 제형의 다변화, 접근성 확대 등을 중심으로 비만 치료 패러다임 변화가 일어나고 있다",local,10,마운자로,,,0.7145085026951895,,1.0,0.7145085026951895,8.000935711319796,8.0,8.001559518866326,True
2026-04-23,Client,2026-04-24 05:32:00,Naver News,https://www.medicaltimes.com/Main/News/NewsView.html?ID=1168425&ref=naverpc,[메디칼타임즈] 유방암 시장 잡아라 글로벌 제약사 신약 홍보 경쟁 후끈,"국내 최대 규모의 유방암 학술대회인 'GBCC 2026(세계유방암학술대회 2026 및 한국유방암학회 학술대회)' 현장이 임상 현장을 넘어 제약사들의 보이지 않는 홍보 전쟁터로 변모하고 있다. 특히 유방암 분야 신약의 국내 허가와 급여 확대 이슈가 맞물리며, 의료진을 향한 마케팅 경쟁과 함께 현실적인 급여 정책 수립을 요구하는 전문가들의 목소리도 커지고 있다.23일 개막한 GBCC 2026 전시장에는 최고 등급인 '플래티넘' 후원사로 참여한 한국다이이찌산쿄, 한국로슈, 한국MSD, 보령을 필두로 글로벌 빅파마들이 대형 부스를 마련하고 자사 유방암 신약의 임상적 유용성 알리기에 나섰다.GBCC 2026 전시장에 마련된 한국노바티스와 한국릴리 부스 모습이다. 이들 은 보조요법 급여 논의와 맞물려 키스칼리와 버제니오의 임상적 가치를 알리는 데 주력했다.전면 배치된 'ADC'와 '보조요법'… 급여 이슈 맞물려 주목이번 학술대회 홍보전의 핵심은 단연 'ADC(항체-약물 접합체) 신약'과 '보조요법'이다.특히 유방암 치료 패러다임을 바꾸고 있는 '엔허투(트라스투주맙 데룩스테칸)'의 한국다이이찌산쿄는 최대 후원사로서 부스와 심포지엄을 통해 압도적인 존재감을 과시했다.","[메디칼타임즈=문성호 기자]국내 최대 규모의 유방암 학술대회인 'GBCC 2026(세계유방암학술대회 2026 및 한국유방암학회 학술대회)' 현장이 임상 현장을 넘어 제약사들의 보이지 않는 홍보 전쟁터로 변모하고 있다. 특히 유방암 분야 신약의 국내 허가와 급여 확대 이슈가 맞물리며, 의료진을 향한 마케팅 경쟁과 함께 현실적인 급여 정책 수립을 요구하는 전문가들의 목소리도 커지고 있다.23일 개막한 GBCC 2026 전시장에는 최고 등급인 '플래티넘' 후원사로 참여한 한국다이이찌산쿄, 한국로슈, 한국MSD, 보령을 필두로 글로벌 빅파마들이 대형 부스를 마련하고 자사 유방암 신약의 임상적 유용성 알리기에 나섰다.GBCC 2026 전시장에 마련된 한국노바티스와 한국릴리 부스 모습이다. 이들 은 보조요법 급여 논의와 맞물려 키스칼리와 버제니오의 임상적 가치를 알리는 데 주력했다.전면 배치된 'ADC'와 '보조요법'… 급여 이슈 맞물려 주목이번 학술대회 홍보전의 핵심은 단연 'ADC(항체-약물 접합체) 신약'과 '보조요법'이다.특히 유방암 치료 패러다임을 바꾸고 있는 '엔허투(트라스투주맙 데룩스테칸)'의 한국다이이찌산쿄는 최대 후원사로서 부스와 심포지엄을 통해 압도적인 존재감을 과시했다. 학술 세션에서도 ADC 신약이 기존 치료제 대비 뛰어난 효과를 보이면서, 이를 어느 단계에서 사용하는 것이 최적인지에 대한 임상적 토론이 이어졌다.보조요법 영역에서의 경쟁도 눈여겨볼 대목이다. '골드플러스' 등급으로 참여한 한국릴리와 한국노바티스는 각각 '버제니오(아베마시클립)'와 '키스칼리(리보시클립)'를 앞세워 거센 홍보전을 벌였다. 릴리는 2년 복용 데이터인 '버제니오'의 재발 위험 감소 효과를 강조했고, 노바티스는 3년 투여 임상인 NATALEE 데이터를 통해 '키스칼리'의 장기적 입지 굳히기에 주력했다. 플래티넘 후원사인 한국로슈 역시 '퍼제타(퍼투주맙)'의 표준 보조요법 가치를 재확인하는 자리를 마련했다. 이들 3개사가 주목받는 이유는 급여 이슈 때문이다. 릴리, 노바티스, 로슈 모두 해당 보조요법들의 급여를 추진 중이며, 올해 상반기 첫 관문인 건강보험심사평가원 암질환심의위원회 상정을 목표로 하고 있다.최근 2년 간 주요 다국적 제약사 유방암 치료제 급여 적용 및 추진 현황이다.행사에서 만난 한 상급종합병원 종양내과 교수는",local,10,MSD,,,0.6994201982269045,,1.0,0.6994201982269045,7.937564832552998,8.0,7.895941387588331,True
2026-04-23,Client,2026-04-23 17:12:00,Naver News,https://www.tokenpost.kr/news/market/352484,"로슈홀딩스, FDA 승인·임상 3상·진단장비 확장 ‘동시 전개’ - TokenPost","스위스 제약사 로슈홀딩스(Roche Holding Ltd/ADR, $RHHBY)가 최근 신약 승인, 임상 3상 결과, 진단 장비 출시, 정책 대응 등 여러 이슈를 한꺼번에 내놓으며 시장의 주목을 받고 있다. 제약과 진단을 함께 키우는 로슈의 사업 구조가 다시...","스위스 제약사 로슈홀딩스(Roche Holding Ltd/ADR, $RHHBY)가 최근 신약 승인, 임상 3상 결과, 진단 장비 출시, 정책 대응 등 여러 이슈를 한꺼번에 내놓으며 시장의 주목을 받고 있다. 제약과 진단을 함께 키우는 로슈의 사업 구조가 다시...",local,10,로슈,,,0.6917064682205225,,1.0,0.6917064682205225,7.905167166526194,8.0,7.841945277543657,True
2026-04-23,BD,2026-04-23 16:19:00,Naver News,https://www.mt.co.kr/thebio/2026/04/24/2026042315552777116,"삼성에피스, '형만한 아우' 경쟁력 입증…외형 성장 속 신약개발 순항 - 머니투데이","주력 사업인 바이오시밀러 판매 호조에 사상 최대 1분기 매출을 기록한 가운데 차세대 파이프라인 개발도 순항 중이다. 김경아 삼성바이오에피스 사장은 지난 1월 미국에서 열린 JP모건 헬스케어 콘퍼런스에서 ""2030년까지 키트루다, 듀피젠트, 트렘피아, 탈츠,  엔허투, 엔티비오, 오크레부스 등 7종의 블록버스터 의약품에 대한 시밀러 개발 파이프라인을 확대할 계획""이라며 ""이를 통해 회사 시밀러 제품군은 총 20종으로 늘어날 것""이라고 밝힌 바 있다.","주력 사업인 바이오시밀러 판매 호조에 사상 최대 1분기 매출을 기록한 가운데 차세대 파이프라인 개발도 순항 중이다. 김경아 삼성바이오에피스 사장은 지난 1월 미국에서 열린 JP모건 헬스케어 콘퍼런스에서 ""2030년까지 키트루다, 듀피젠트, 트렘피아, 탈츠,  엔허투, 엔티비오, 오크레부스 등 7종의 블록버스터 의약품에 대한 시밀러 개발 파이프라인을 확대할 계획""이라며 ""이를 통해 회사 시밀러 제품군은 총 20종으로 늘어날 것""이라고 밝힌 바 있다.",local,10,판권,,,0.6654093120028707,,1.0,0.6654093120028707,7.794719110412057,8.0,7.657865184020094,False
2026-04-23,Client,2026-04-23 10:34:00,Naver News,http://www.bizwnews.com/news/articleView.html?idxno=134685,머크·구글 클라우드 10년 협력 체결…AI로 신약 개발 혁신 가속,"글로벌 제약사 머크가 인공지능(AI)을 활용한 연구·개발 혁신을 위해 구글 클라우드와 장기 협력에 나섰다.양사는 최대 10억 달러 규모로 알려진 협력을 통해 신약 개발 전 과정에 AI를 적용하며 생산성 향상과 비용 절감을 동시에 추진할 계획이다.로이터 보도에 따르면 이번 협력은 약 10년에 걸쳐 진행되며, 단순 기술 도입을 넘어 연구·임상·생산 전반에 걸친 통합적 AI 활용이 핵심이다.구글 클라우드는 자체 인공지능 기술과 데이터 분석 역량을 기반으로 머크의 연구개발(R&D) 시스템을 지원하고, 실제 현장에 엔지니어를 투.","[비즈월드] 글로벌 제약사 머크가 인공지능(AI)을 활용한 연구·개발 혁신을 위해 구글 클라우드와 장기 협력에 나섰다.양사는 최대 10억 달러 규모로 알려진 협력을 통해 신약 개발 전 과정에 AI를 적용하며 생산성 향상과 비용 절감을 동시에 추진할 계획이다.로이터 보도에 따르면 이번 협력은 약 10년에 걸쳐 진행되며, 단순 기술 도입을 넘어 연구·임상·생산 전반에 걸친 통합적 AI 활용이 핵심이다.구글 클라우드는 자체 인공지능 기술과 데이터 분석 역량을 기반으로 머크의 연구개발(R&D) 시스템을 지원하고, 실제 현장에 엔지니어를 투",local,10,머크,,,0.6538031719504416,,1.0,0.6538031719504416,7.745973322191854,8.0,7.57662220365309,True
2026-04-23,BD,2026-04-23 12:06:00,Naver News,https://www.dailypharm.com/user/news/337806?REFERER=NP,"[데일리팜]지엘파마·비씨월드, 구강붕해정 앞세워 블록버스터 시장 공략","국내 제약업계에 ‘구강붕해정(ODT, Oral Disintegrating Tablet)’ 개발 바람이 거세게 불고 있다. 그 중심에 지엘파마와 비씨월드제약이 있다. 물 없이 입안에서 녹여 먹을 수 있는 편의성을 앞세워 고령 환자와 연하곤란(삼킴 장애) 환자 시장을 선점하는 동시에, 개편된 약가 제도를 활용해 수익성을 극대화하려는 전략으로 풀이된다. 최근 국내 제약사들이 구강붕해정 개발에 사활을….","국내 제약업계에 ‘구강붕해정(ODT, Oral Disintegrating Tablet)’ 개발 바람이 거세게 불고 있다. 그 중심에 지엘파마와 비씨월드제약이 있다. 물 없이 입안에서 녹여 먹을 수 있는 편의성을 앞세워 고령 환자와 연하곤란(삼킴 장애) 환자 시장을 선점하는 동시에, 개편된 약가 제도를 활용해 수익성을 극대화하려는 전략으로 풀이된다. 최근 국내 제약사들이 구강붕해정 개발에 사활을…",local,10,제네릭,,,0.7470388951019612,,1.0,0.7470388951019612,7.737563359428236,7.0,8.229272265713728,False
2026-04-23,BD,2026-04-22 12:00:00,Naver News,https://www.dailypharm.com/user/news/337731?REFERER=NP,[데일리팜]ADC 승부 건 국내 제약사…기초 연구 넘어 임상 본격화,"국내 제약·바이오 업계가 차세대 항암 플랫폼으로 꼽히는 ADC(항체약물접합체, Antibody-Drug Conjugate) 신약 개발이 고도화되고 있다. 초기 기술 도입과 기초 연구 단계에 머물던 흐름에서 벗어나 본임상에 진입하는 사례가 늘어나고 있다. ADC는 항체의 표적 특이성과 세포독성 약물의 강력한 항암 효과를 결합한 치료 기술로, 항체에 약물을 결합해 암세포에 선택적으로 전달하는 방….","국내 제약·바이오 업계가 차세대 항암 플랫폼으로 꼽히는 ADC(항체약물접합체, Antibody-Drug Conjugate) 신약 개발이 고도화되고 있다. 초기 기술 도입과 기초 연구 단계에 머물던 흐름에서 벗어나 본임상에 진입하는 사례가 늘어나고 있다. ADC는 항체의 표적 특이성과 세포독성 약물의 강력한 항암 효과를 결합한 치료 기술로, 항체에 약물을 결합해 암세포에 선택적으로 전달하는 방…",local,10,다이이찌산쿄,,,0.6500581264805279,,1.0,0.6500581264805279,7.730244131218217,8.0,7.550406885363695,False
2026-04-23,BD,2026-04-21 13:30:00,Naver News,http://www.hansbiz.co.kr/news/articleView.html?idxno=834275,삼진제약·동국제약 ‘케이캡’ 제네릭 행렬 합류,역류성식도염 치료제 ‘케이캡(성분명 테고프라잔)’ 제네릭 품목 4종이 품목허가를 획득했다. 또한 소아 희귀질환 척수성근위축증(SMA) 치료제도 허가 목록에 이름을 올렸다. 21일 식품의약품안전처(식약처)에 따르면 삼진제약의 ‘위테고정’과 동국제약의 ‘테고피드정’ 각각 25mg·50mg 품목이 허가를 받았다.이들은 모두 테고프라잔을 주성분으로 하는 제네릭 의약품이다.,| 서울=한스경제 허승아 기자 | 역류성식도염 치료제 ‘케이캡(성분명 테고프라잔)’ 제네릭 품목 4종이 품목허가를 획득했다. 또한 소아 희귀질환 척수성근위축증(SMA) 치료제도 허가 목록에 이름을 올렸다. 21일 식품의약품안전처(식약처)에 따르면 삼진제약의 ‘위테고정’과 동국제약의 ‘테고피드정’ 각각 25mg·50mg 품목이 허가를 받았다.이들은 모두 테고프라잔을 주성분으로 하는 제네릭 의약품이다. 오리지널인 HK이노엔의 케이캡은 국내 30호 신약으로 P-CAB(칼륨 경쟁적 위산분비 억제제) 계열 역류성식도염 치료제다. 같은 날 바,local,10,바이엘,,,0.7294563435156753,,1.0,0.7294563435156753,7.663716642765836,7.0,8.106194404609727,False
2026-04-23,BD,2026-04-24 06:02:00,Naver News,https://www.dailypharm.com/user/news/337822?REFERER=NP,"[데일리팜]희귀질환 접근성 개선 방안, 사각지대 해결할 수 있나?","희귀질환 약제의 접근성을 강화한다는 정부의 방침이 제대로 실현될 수 있을지 주목된다. 아직까지 사각지대에 놓여 있는 신약들이 즐비한 상황에서, 실효성에 대한 의문도 함께 제기되고 있다. 지난 3월 보건복지부는 약가제도 개선방안을 의결하며, 중증·희귀질환 치료제에 대한 환자 접근성을 높이고 혁신 신약의 가치를 적정하게 평가하겠다는 방향을 공식화했다. 제약업계는 이를 희….","희귀질환 약제의 접근성을 강화한다는 정부의 방침이 제대로 실현될 수 있을지 주목된다. 아직까지 사각지대에 놓여 있는 신약들이 즐비한 상황에서, 실효성에 대한 의문도 함께 제기되고 있다. 지난 3월 보건복지부는 약가제도 개선방안을 의결하며, 중증·희귀질환 치료제에 대한 환자 접근성을 높이고 혁신 신약의 가치를 적정하게 평가하겠다는 방향을 공식화했다. 제약업계는 이를 희…",local,10,합병,,,0.7293790233730769,,1.0,0.7293790233730769,7.663391898166923,7.0,8.105653163611539,False
2026-04-23,BD,2026-04-23 11:06:00,Naver News,https://www.hitnews.co.kr/news/articleView.html?idxno=75664,일양도 류마티스약 토파시티닙 시장 참전…경제성 높은 '엘란즈' 내놔,"특허 만료 이후 이어지는 류마티스 관절염 치료제 토파시티닙(상품명 젤잔즈) 시장에 일양약품이 제네릭을 내놓으며 참전을 선언했다. 토파시티닙 특허 만료 후 56개 제네릭이 쏟아지는 시장에서 가격 경쟁력을 무기로 삼으려는 전략이다.회사는 23일 '엘란즈정5mg'을 선보인다고 밝혔다.해당 약제는 야누스키나제(JAK) 억제제인 토파시티닙 성분으로 류마티스 관절염뿐 아니라 건선성 관절염, 강직성 척추염, 궤양성 대장염 치료에도 쓰인다.토파시티닙은 화이자 '젤잔즈'의 특허가 2025년 4월 만료된 후 식약처가 56개 제네릭 품목을 허가받으며.","특허 만료 이후 이어지는 류마티스 관절염 치료제 토파시티닙(상품명 젤잔즈) 시장에 일양약품이 제네릭을 내놓으며 참전을 선언했다. 토파시티닙 특허 만료 후 56개 제네릭이 쏟아지는 시장에서 가격 경쟁력을 무기로 삼으려는 전략이다.회사는 23일 '엘란즈정5mg'을 선보인다고 밝혔다.해당 약제는 야누스키나제(JAK) 억제제인 토파시티닙 성분으로 류마티스 관절염뿐 아니라 건선성 관절염, 강직성 척추염, 궤양성 대장염 치료에도 쓰인다.토파시티닙은 화이자 '젤잔즈'의 특허가 2025년 4월 만료된 후 식약처가 56개 제네릭 품목을 허가받으며",local,10,제네릭,,,0.7291878164113667,,1.0,0.7291878164113667,7.66258882892774,7.0,8.104314714879566,False
2026-04-23,Client,2026-04-22 13:09:00,Naver News,https://www.chosun.com/national/welfare-medical/2026/04/22/FXUWB5JYNBBQJOVXXQTJIWK6IM/?utm_source=naver&utm_medium=referral&utm_campaign=naver-news,"위고비·마운자로, ‘오남용 우려 의약품’ 지정 추진…식약처, 고시 개정 잰걸음",식품의약품안전처가 위고비와 마운자로 등 GLP-1 계열의 비만치료제를 오남용 우려 의약품으로 지정하기로 가닥을 잡았다. 최근 중앙약사심의위원회에서 위고비와 마운자로를 오남용 우려 의약품으로 지정하는 것이... ,식품의약품안전처가 위고비와 마운자로 등 GLP-1 계열의 비만치료제를 오남용 우려 의약품으로 지정하기로 가닥을 잡았다. 최근 중앙약사심의위원회에서 위고비와 마운자로를 오남용 우려 의약품으로 지정하는 것이... ,local,10,마운자로,,,0.7266591300091058,,1.0,0.7266591300091058,7.6519683460382435,7.0,8.08661391006374,False
2026-04-23,Client,2026-04-23 06:18:00,Naver News,https://www.kpanews.co.kr/news/articleView.html?idxno=533459,트럼프 ‘약가 딜’에도 처방약은 더 비싸졌다…샌더스 보고서의 경고 - 약사공론,"도널드 트럼프 미국 대통령이 제약사들과 약가 인하를 약속했지만, 실제로는 주요 의약품 가격 인상이 계속되고 있다는 지적이 나왔다. 미국 상원 예산위원장 버니 샌더.","도널드 트럼프 미국 대통령이 제약사들과 약가 인하를 약속했지만, 실제로는 주요 의약품 가격 인상이 계속되고 있다는 지적이 나왔다. 미국 상원 예산위원장 버니 샌더",local,10,노바티스,,,0.7249975420616566,,1.0,0.7249975420616566,7.644989676658957,7.0,8.074982794431595,False
2026-04-23,Client,2026-04-23 05:40:00,Naver News,http://www.medisobizanews.com/news/articleView.html?idxno=137584,"제품은 나보타, 상품은 리피토 … 지난해 ‘매출 왕중왕’ 찍었다","지난해 주요 제약사 주력 품목 가운데 자체 제품 매출은 대웅제약의 보툴리눔 톡신 제제 ‘나보타’, 상품 매출은 제일약품이 판매하는 고지혈증 치료제 ‘리피토정’이 각각 선두에 오른 것으로 집계됐다.23일 각사가 금융감독원에 제출한 2025년 사업보고서 기준으로 주요 품목 매출을 분석한 결과 대웅제약 나보타는 지난해 2289억원의 매출을 올리며 조사 대상 제품군 1위를 차지했다. 제일약품의 상품 품목인 리피토정(비아트리스)은 1512억원으로 상품군에서 가장 높은 매출을 기록했다.◇제품은 ‘나보타’ 독주… 케이캡ㆍ리바로ㆍ.","지난해 주요 제약사 주력 품목 가운데 자체 제품 매출은 대웅제약의 보툴리눔 톡신 제제 ‘나보타’, 상품 매출은 제일약품이 판매하는 고지혈증 치료제 ‘리피토정’이 각각 선두에 오른 것으로 집계됐다.23일 각사가 금융감독원에 제출한 2025년 사업보고서 기준으로 주요 품목 매출을 분석한 결과 대웅제약 나보타는 지난해 2289억원의 매출을 올리며 조사 대상 제품군 1위를 차지했다. 제일약품의 상품 품목인 리피토정(비아트리스)은 1512억원으로 상품군에서 가장 높은 매출을 기록했다.◇제품은 ‘나보타’ 독주… 케이캡ㆍ리바로ㆍ",local,10,한독,,,0.722645175441329,,1.0,0.722645175441329,7.6351097368535825,7.0,8.058516228089303,False
2026-04-23,Client,2026-04-22 12:20:00,Naver News,https://www.kpanews.co.kr/news/articleView.html?idxno=533449,얼리다·펠루비 인하에 설글리코타이드 퇴출…약국가 반품 주의 - 약사공론,5월 약가변동 예정사항이 공개되면서 반품을 위한 약국가 주의가 요구된다.업계에 따르면 5월 1일부터 적용되는 약가변동에는 인하폭이 큰 주요 품목들이 포함됐다.,5월 약가변동 예정사항이 공개되면서 반품을 위한 약국가 주의가 요구된다.업계에 따르면 5월 1일부터 적용되는 약가변동에는 인하폭이 큰 주요 품목들이 포함됐다. 먼,local,10,얀센,,,0.7195120240159059,,1.0,0.7195120240159059,7.621950500866804,7.0,8.03658416811134,False
2026-04-23,Client,2026-04-22 09:00:00,Naver News,https://www.etoday.co.kr/news/view/2576675,완치 불가능 건선…효과 높고 복약 편한 ‘차세대 신약’ 나올까,완치가 어려운 중증 건선 치료제 시장에 효과적인 옵션이 등장할 것으로 기대된다. 글로벌 빅파마들이 효과성이 높고 투약.,(그래픽=김소영 기자 sue@)완치가 어려운 중증 건선 치료제 시장에 효과적인 옵션이 등장할 것으로 기대된다. 글로벌 빅파마들이 효과성이 높고 투약,local,10,BMS,,,0.7185789735345596,,1.0,0.7185789735345596,7.61803168884515,7.0,8.030052814741918,False
2026-04-23,Client,2026-04-23 06:12:00,Naver News,https://www.hitnews.co.kr/news/articleView.html?idxno=75634,작년 중소제약사 웃지 못했다... 그러나 '101위 기업까지 1000억 매출',"규모가 작을수록 성장이 더디다. 당연 신약개발 투자여력도 부족할 수밖에 없다. 약가인하 등 불이익에서 자유로울 수 없다는 얘기다. 중소제약이 맞닥뜨린 현실이 만만치 않음을 반영한다. 제약 기업 전반적으론 경기 회복세가 완연하다. 매출성장률이 코로나19 이전 수준으로 회복됐다. 다국적기업이 성장을 견인했는데 비만·당뇨 혁신신약이 그 중심에 섰다. 빅5 순위가 유한·종근당·GC녹십자·대웅·한미 순으로 굳어지는 양상이고, 2025년은 100위 기업이 연간 매출 1000억 이상을 기록한 최초의 해 이기도 하다.코로나19 이전 수준으로 성장.","규모가 작을수록 성장이 더디다. 당연 신약개발 투자여력도 부족할 수밖에 없다. 약가인하 등 불이익에서 자유로울 수 없다는 얘기다. 중소제약이 맞닥뜨린 현실이 만만치 않음을 반영한다. 제약 기업 전반적으론 경기 회복세가 완연하다. 매출성장률이 코로나19 이전 수준으로 회복됐다. 다국적기업이 성장을 견인했는데 비만·당뇨 혁신신약이 그 중심에 섰다. 빅5 순위가 유한·종근당·GC녹십자·대웅·한미 순으로 굳어지는 양상이고, 2025년은 100위 기업이 연간 매출 1000억 이상을 기록한 최초의 해 이기도 하다.코로나19 이전 수준으로 성장",local,10,아스텔라스,,,0.7179608268663032,,1.0,0.7179608268663032,7.615435472838474,7.0,8.025725788064122,False
2026-04-23,BD,2026-04-23 10:54:00,Naver News,https://www.ebn.co.kr/news/articleView.html?idxno=1706338,'위고비 효과'에 1Q 웃었지만…종근당 미래 '예측 불가' - 이비엔(EBN)뉴스센터,종근당이 덴마크 제약사 노보 노디스크가 개발한 비만치료제 '위고비'(성분명 세마글루타이드)의 국내 공동 판매 효과에 힘입어 올해 1분기 외형 성장을 이뤄낼 것으로.,종근당이 덴마크 제약사 노보 노디스크가 개발한 비만치료제 '위고비'(성분명 세마글루타이드)의 국내 공동 판매 효과에 힘입어 올해 1분기 외형 성장을 이뤄낼 것으로,local,10,노보노디스크,,,0.7172060930295541,,1.0,0.7172060930295541,7.612265590724126,7.0,8.020442651206878,False
2026-04-23,Client,2026-04-23 11:24:00,Naver News,https://www.yakup.com/news/index.html?mode=view&cat=16&nid=326386,[약업신문]사노피 당뇨약  ‘티지엘드’ 미국서 사용대상 8세 이상->1세,사용가능 연령대가 8세 이상에서 1세로..사노피社는 자사의 1형 당뇨병(T1D) 치료제 ‘티지엘드’(Tzield: 테플리주맙-mzwv)의 적응증 추가가 FDA에 의해 승인됐다고 22일 공표했다.확대된 ‘티지엘드’의 적응증은 1...,사용가능 연령대가 8세 이상에서 1세로..사노피社는 자사의 1형 당뇨병(T1D) 치료제 ‘티지엘드’(Tzield: 테플리주맙-mzwv)의 적응증 추가가 FDA에 의해 승인됐다고 22일 공표했다.확대된 ‘티지엘드’의 적응증은 1...,local,10,사노피,,,0.7166576917698698,,1.0,0.7166576917698698,7.609962305433452,7.0,8.016603842389088,False
2026-04-23,BD,2026-04-24 00:02:00,Naver News,https://www.ksilbo.co.kr/news/articleView.html?idxno=1054970,[사설]울산서 올해 첫 SFTS환자…치명률 18%의 계절성 경고,"울산에서 올해 첫 중증열성혈소판감소증후군(SFTS) 환자가 발생했다. 지난해에도 8명의 확진자가 나온 상황에서, 계절이 바뀔 때마다 반복되는 경고가 다시 현실이 됐다. 매년 되풀이되는 계절성 위험인 만큼, 울산의 대응수준을 돌아볼 필요가 있다.SFTS는 참진드기가 옮기는 감염병으로 4~11월 집중된다. 감염시 고열과 오한, 소화기증상이 나타나고, 중증으로 진행되면 사망에 이를 수 있다.","울산에서 올해 첫 중증열성혈소판감소증후군(SFTS) 환자가 발생했다. 지난해에도 8명의 확진자가 나온 상황에서, 계절이 바뀔 때마다 반복되는 경고가 다시 현실이 됐다. 매년 되풀이되는 계절성 위험인 만큼, 울산의 대응수준을 돌아볼 필요가 있다.SFTS는 참진드기가 옮기는 감염병으로 4~11월 집중된다. 감염시 고열과 오한, 소화기증상이 나타나고, 중증으로 진행되면 사망에 이를 수 있다. 백신과 특이치료제가 없어 예방 외에는 뚜렷한 대응수단이 없다. 2013년 법정 감염병 지정 이후 2025년까지 총 2345명의 환자가 발생했고, 그",local,10,백신,,,0.7162008652871034,,1.0,0.7162008652871034,7.608043634205833,7.0,8.013406057009723,False
2026-04-23,BD,2026-04-23 20:46:00,Naver News,http://www.ujeil.com/news/articleView.html?idxno=384786,울산서 올해 전국 첫 진드기 물림 환자 발생,- 70대 텃밭 작업 후 발열·오한 등- 진단검사서 SFTS 양성판정 받아- 치료제·백신 없어 발견 예방 중요-“야외활동 2주 내 증상땐 병원에”울산에서 올해 전국 첫 중증열성혈소판감소증후군(SFTS) 확진 환자가 발생하면서 보건당국이 진드기 매개 감염병에 대한 주의를 당부했다. 특히 고령층을 중심으로 환자가 늘어나는 추세를 보이면서 농작업과 야외 활동이 잦은 시민들의 각별한 주의가 요구된다.23일 울산시와 울주군에 따르면 지난 21일 울산에 거주하는 70대 남성이 SFTS 확인진단 검사에서 양성 판정을 받았다.이 남성은 울주군 일.,- 70대 텃밭 작업 후 발열·오한 등- 진단검사서 SFTS 양성판정 받아- 치료제·백신 없어 발견 예방 중요-“야외활동 2주 내 증상땐 병원에”울산에서 올해 전국 첫 중증열성혈소판감소증후군(SFTS) 확진 환자가 발생하면서 보건당국이 진드기 매개 감염병에 대한 주의를 당부했다. 특히 고령층을 중심으로 환자가 늘어나는 추세를 보이면서 농작업과 야외 활동이 잦은 시민들의 각별한 주의가 요구된다.23일 울산시와 울주군에 따르면 지난 21일 울산에 거주하는 70대 남성이 SFTS 확인진단 검사에서 양성 판정을 받았다.이 남성은 울주군 일,local,10,백신,,,0.7161940755800483,,1.0,0.7161940755800483,7.608015117436203,7.0,8.013358529060337,False
2026-04-23,Client,2026-04-21 16:06:00,Naver News,http://www.medisobizanews.com/news/articleView.html?idxno=137592,한국얀센 '얼리다정'...중성구 감소증 흔하게 발현,"한국얀센의 전립선암치료제 '얼리다정'이 중성구 감소증 이상반응 등이 발현된 것으로 확인됐다. 식품의약품안전처는 최근 유럽 의약품청(EMA)의 '아팔루타마이드' 성분 제제에 대한 안전성 정보에 따라 국내·외 허가 현황 및 제출의견 등을 종합 검토한 결과를 토대로 허가사항 변경안을 마련해 의견조회를 실시, 오는 5월8일 변경명령을 내린다. 변경안은 약물이상반응에 혈액 및 림프계 관련 내용이 추가됐다.","한국얀센의 전립선암치료제 '얼리다정'이 중성구 감소증 이상반응 등이 발현된 것으로 확인됐다. 식품의약품안전처는 최근 유럽 의약품청(EMA)의 '아팔루타마이드' 성분 제제에 대한 안전성 정보에 따라 국내·외 허가 현황 및 제출의견 등을 종합 검토한 결과를 토대로 허가사항 변경안을 마련해 의견조회를 실시, 오는 5월8일 변경명령을 내린다. 변경안은 약물이상반응에 혈액 및 림프계 관련 내용이 추가됐다. 중성구 감소증이 흔하게 나타났으며 무가립구증은 발생 빈도를 알 수 없으나 약물이상반응이 새롭게 보고됐다. 얼리다정은 지난 2024년 기준",local,10,얀센,,,0.7160376586261215,,1.0,0.7160376586261215,7.607358166229709,7.0,8.012263610382849,False
2026-04-23,Client,2026-04-23 13:01:00,Naver News,https://www.newsis.com/view/NISX20260423_0003603424,"""하루 한알 꿀꺽하면 끝""…HIV치료제가 달라졌어요",인체면역결핍바이러스(HIV) 치료제 개발에 뛰어드는 제약바이오 기업들이 복용 편리성 등을 높이는 등 다양한 치료제를 의료 현장에 내놓으면서 투약 판도를 바꾸는 추세다.23일 제약바이오업계에 따르면 미국 식품의약국(FDA)은 지난 21일(현지 시간) 머크가 개발한 경구용 HIV-1 치료제 'Idvynso'를 성인 환자용으로 승인..,[서울=뉴시스]이소헌 기자 = 인체면역결핍바이러스(HIV) 치료제 개발에 뛰어드는 제약바이오 기업들이 복용 편리성 등을 높이는 등 다양한 치료제를 의료 현장에 내놓으면서 투약 판도를 바꾸는 추세다.23일 제약바이오업계에 따르면 미국 식품의약국(FDA)은 지난 21일(현지 시간) 머크가 개발한 경구용 HIV-1 치료제 'Idvynso'를 성인 환자용으로 승인..,local,10,GSK,,,0.7159568444251829,,1.0,0.7159568444251829,7.607018746585769,7.0,8.011697910976281,False
2026-04-23,BD,2026-04-23 06:00:00,Naver News,https://www.monews.co.kr/news/articleView.html?idxno=410791,"릭시아나·엑스탄디 올해 특허 만료, 국내 제네릭 경쟁 가열 - 메디칼업저버",글로벌 제약사 블록버스터들의 특허 만료가 본격화되는 특허절벽(Patent Cliff) 시대를 앞두고 이들의 제네릭에 도전하는 국내 제.,[메디칼업저버 김지예 기자] 글로벌 제약사 블록버스터들의 특허 만료가 본격화되는 특허절벽(Patent Cliff) 시대를 앞두고 이들의 제네릭에 도전하는 국내 제,local,10,한독,,,0.7135689124940584,,1.0,0.7135689124940584,7.596989432475045,7.0,7.994982387458409,False
2026-04-23,Client,2026-04-22 19:45:00,Naver News,http://www.inews24.com/view/1962629,"""위고비·마운자로 맞고 윗배 터질듯 부풀어""⋯부작용 '논란'",비만 치료제인 위고비와 마운자로 등 글루카곤 유사 펩티드-1(GLP-1) 작용제를 투여하는 사람들이 늘어나면서 급성 췌장염 등 부작용에 대한 우려도 커지고 있다. 담석이 만들어지기 쉬운 환경이 조성되기 때문에 주의해야 한다. 21일 의료계에 따르면 췌장염은 GLP-1 계열 주사제를 사용해 급격하게 체중을 줄이는 경우 나타날 수 있는 대표적인 부작용 중 하나다.,비만 치료제인 위고비와 마운자로 등 글루카곤 유사 펩티드-1(GLP-1) 작용제를 투여하는 사람들이 늘어나면서 급성 췌장염 등 부작용에 대한 우려도 커지고 있다. 담석이 만들어지기 쉬운 환경이 조성되기 때문에 주의해야 한다. 21일 의료계에 따르면 췌장염은 GLP-1 계열 주사제를 사용해 급격하게 체중을 줄이는 경우 나타날 수 있는 대표적인 부작용 중 하나다.,local,10,위고비,,,0.7117916354641445,,1.0,0.7117916354641445,7.589524868949406,7.0,7.982541448249011,False
2026-04-23,BD,2026-04-23 14:01:00,Naver News,https://www.newsis.com/view/NISX20260423_0003603488,'항암제 게임체인저' 인비보 CAR-T…개발 경쟁 후끈,"기적의 항암제로 불리는 CAR-T(키메릭항원수용체-T)의 단점을 보완한 ‘인비보’(in-vivo)CAR-T 치료제에 대한 기대감이 커지고 있다.23일 관련 업계에 따르면, 인비보 CAR-T(카티) 치료제가 국내외에서 활발히 개발되고 있다.카티는 유전자 조작 면역세포(T세포)로, 우리 몸의 T세포는 병균이나 암을 공격하는 역할을..","[서울=뉴시스]황재희 기자 = 기적의 항암제로 불리는 CAR-T(키메릭항원수용체-T)의 단점을 보완한 ‘인비보’(in-vivo)CAR-T 치료제에 대한 기대감이 커지고 있다.23일 관련 업계에 따르면, 인비보 CAR-T(카티) 치료제가 국내외에서 활발히 개발되고 있다.카티는 유전자 조작 면역세포(T세포)로, 우리 몸의 T세포는 병균이나 암을 공격하는 역할을..",local,10,애브비,,,0.7106757298055945,,1.0,0.7106757298055945,7.584838065183497,7.0,7.974730108639161,False
2026-04-23,BD,2026-04-24 05:08:00,Naver News,http://www.mjmedi.com/news/articleView.html?idxno=62425,[한의사 김형찬의 도서비평] 살다 보면 누구나 정화의 시간이 필요하다,"이 책은 우리나라에는 로 알려진 리 호이나키의 카미노 순례기이다. 65세가 되던 해 저자는 친구의 권유를 받고 프랑스 남부의 국경 마을인 생장피드포르에서 피레네산맥을 넘어 스페인 북부를 횡단하면서 예수의 제자인 성 야고보의 무덤이 있다고 하는 산티아고까지 800킬로의 길을 32일에 걸쳐 홀로 걷는다. 이 순례길은 중세 이후로 수많은 사람이 걸어온 길이며, 현재는 거의 관광지 수준으로 많은 사람이 다양한 방법으로 찾고 있다.","이 책은 우리나라에는 로 알려진 리 호이나키의 카미노 순례기이다. 65세가 되던 해 저자는 친구의 권유를 받고 프랑스 남부의 국경 마을인 생장피드포르에서 피레네산맥을 넘어 스페인 북부를 횡단하면서 예수의 제자인 성 야고보의 무덤이 있다고 하는 산티아고까지 800킬로의 길을 32일에 걸쳐 홀로 걷는다. 이 순례길은 중세 이후로 수많은 사람이 걸어온 길이며, 현재는 거의 관광지 수준으로 많은 사람이 다양한 방법으로 찾고 있다. 이에 관한 책들도 많이 나와 있고 스페인은 국가적으로 카미노를 홍보하고 있지만,",local,10,백신,,,0.7103819227470415,,1.0,0.7103819227470415,7.583604075537574,7.0,7.97267345922929,False
2026-04-23,Client,2026-04-22 18:18:00,Naver News,https://www.bosa.co.kr/news/articleView.html?idxno=3003515,"제약업계, 지구의 날 맞아 일상 속 자원순환 실천 - 의학신문",제약업계가 4월 22일 지구의 날을 맞아 친환경 나눔 캠페인을 전개하며 일상 속 자원순환을 실천했다.광동제약(대표이사 최성원·박.,[의학신문·일간보사=김정일 기자] 제약업계가 4월 22일 지구의 날을 맞아 친환경 나눔 캠페인을 전개하며 일상 속 자원순환을 실천했다.광동제약(대표이사 최성원·박,local,10,한독,,,0.7097849266708305,,1.0,0.7097849266708305,7.581096692017487,7.0,7.968494486695813,False
2026-04-23,BD,2026-04-21 11:00:00,Naver News,https://www.apsk.co.kr/news/articleView.html?idxno=539191,"엑스탄디 제네릭 허가 '속도전'…지엘파마 가세, 6품목으로 확대 - 메디팜스투데이",아스텔라스의 전립선암 치료제 '엑스탄디(성분명 엔잘루타마이드)' 제네릭 허가가 잇따르며 시장 경쟁이 빠르게 달아오르고 있다. 물질특허 만료를 앞두고 캡슐 제형 중.,아스텔라스의 전립선암 치료제 '엑스탄디(성분명 엔잘루타마이드)' 제네릭 허가가 잇따르며 시장 경쟁이 빠르게 달아오르고 있다. 물질특허 만료를 앞두고 캡슐 제형 중,local,10,아스텔라스,,,0.7054245471101004,,1.0,0.7054245471101004,7.562783097862422,7.0,7.937971829770702,False
2026-04-23,BD,2026-04-23 21:50:00,Naver News,http://www.gnmaeil.com/news/articleView.html?idxno=585272,참진드기 '주의보' 긴팔 착용·기피제 사용해야,"경남도가 SFTS 확진자 발생에 따른 예방대책에 나섰다. 도에 따르면 울산시는 지난 21일 올해 전국 첫 중증열성혈소판감소증후군(SFTS) 환자가 지역 내에 발생했다고 23일 밝혔다.이 확진자는 70대 남성으로 이달 발열·근육통의 증상을 보여 17일 병원을 방문했다가 21일 확진 판정을 받았다.이 확진자가 남구와 울주군 일대에서 텃밭 작업과 등산, 산책을 한 이력을 확인하고 추정 감염경로에 대한 역학조사를 진행했다.지난해 울산에선 5월 15일 첫 확진자가 발생한 데 이어 모두 8명이 확진됐다. 4년 만에 사망자도 발생했다.","경남도가 SFTS 확진자 발생에 따른 예방대책에 나섰다. 도에 따르면 울산시는 지난 21일 올해 전국 첫 중증열성혈소판감소증후군(SFTS) 환자가 지역 내에 발생했다고 23일 밝혔다.이 확진자는 70대 남성으로 이달 발열·근육통의 증상을 보여 17일 병원을 방문했다가 21일 확진 판정을 받았다.이 확진자가 남구와 울주군 일대에서 텃밭 작업과 등산, 산책을 한 이력을 확인하고 추정 감염경로에 대한 역학조사를 진행했다.지난해 울산에선 5월 15일 첫 확진자가 발생한 데 이어 모두 8명이 확진됐다. 4년 만에 사망자도 발생했다. 이들은",local,10,백신,,,0.7038041441767554,,1.0,0.7038041441767554,7.555977405542373,7.0,7.9266290092372875,False
2026-04-23,Client,2026-04-17 17:46:00,Naver News,https://daily.hankooki.com/news/articleView.html?idxno=1359448,"동성제약, 최용석 신임 대표 선임…""경영 정상화 조기 실현""","동성제약이 신임 대표를 선임하고, 경영 정상화에 나선다. 동성제약은 지난 15일 서울회생법원 허가를 받아 최용석 전 파마노비아코리아 대표를 신임 대표이사로 선임했다고 17일 밝혔다. 최용석 대표는 포항공대(POSTECH) 생명과학과를 졸업하고 동 대학원에서 환경공학 석사를 취득한 이공계 출신의 글로벌 사업개발 전문가다. 한미약품 사업개발팀장을 시작으로 한국아스트라제네카 전략기획 및 사업개발 부장, 아스트라제네카 미국 법인 라틴아메리카 사업개발매니저를 맡았다.","[데일리한국 최성수 기자]동성제약이 신임 대표를 선임하고, 경영 정상화에 나선다. 동성제약은 지난 15일 서울회생법원 허가를 받아 최용석 전 파마노비아코리아 대표를 신임 대표이사로 선임했다고 17일 밝혔다. 최용석 대표는 포항공대(POSTECH) 생명과학과를 졸업하고 동 대학원에서 환경공학 석사를 취득한 이공계 출신의 글로벌 사업개발 전문가다. 한미약품 사업개발팀장을 시작으로 한국아스트라제네카 전략기획 및 사업개발 부장, 아스트라제네카 미국 법인 라틴아메리카 사업개발매니저를 맡았다. 아스트라제네카 글로벌 바이오벤처스(Global B",local,10,파마노비아,,,0.6983550465318588,,1.0,0.6983550465318588,7.533091195433807,7.0,7.8884853257230105,False
2026-04-23,Client,2026-04-22 18:22:00,Naver News,https://www.financialpost.co.kr/news/articleView.html?idxno=256419,"[제약업계 3·4세 승계] 한독 ‘3세’ 김동한, 헬스케어 분야 주도…반등 이끌까","최근 수년간 실적 부진에 따른 수익성 악화, 재무안정성 하락 등으로 성장 모멘텀이 약화되고 있는 한독이 반등을 위한 다각적인 행보에 나서고 있다. 이 가운데 ‘오너 3세’ 김동한 전무가 이끄는 헬스케어 분야가 새로운 돌파구가 될 것인지 주목되는 분위기다.22일 업계에 따르면, 한독은.","최근 수년간 실적 부진에 따른 수익성 악화, 재무안정성 하락 등으로 성장 모멘텀이 약화되고 있는 한독이 반등을 위한 다각적인 행보에 나서고 있다. 이 가운데 ‘오너 3세’ 김동한 전무가 이끄는 헬스케어 분야가 새로운 돌파구가 될 것인지 주목되는 분위기다.22일 업계에 따르면, 한독은",local,10,한독,,,0.6955776499161818,,1.0,0.6955776499161818,7.521426129647963,7.0,7.869043549413272,False
2026-04-23,Client,2026-04-20 06:02:00,Naver News,http://www.medisobizanews.com/news/articleView.html?idxno=137452,"1분기 항암제 20개 허가 러시 … 보령 5개 품목, ‘종갓집 위엄’","국내외 제약사들이 암 정복을 향한 행보를 가속화하고 있다. 올해 1분기 동안 보령을 포함한 12개 제약사가 총 20개의 항암제 품목을 허가받으며 암 환자들을 위한 치료 선택지 확대에 나섰다.식품의약품안전처의 항암제 허가 현황에 따르면 지난 1분기 허가된 20개 품목을 성분별로 분류하면 총 12종에 달한다. 특히 제약업계는 백혈병을 비롯해 유방암, 전립선암, 비소세포폐암 등 주요 암종에 화력을 집중했다.적응증별로는 백혈병 치료제가 7품목으로 가장 많았으며 유방암 3품목, 전립선암 3품목, 비소세포폐암 2품목, 성상세포종.","국내외 제약사들이 암 정복을 향한 행보를 가속화하고 있다. 올해 1분기 동안 보령을 포함한 12개 제약사가 총 20개의 항암제 품목을 허가받으며 암 환자들을 위한 치료 선택지 확대에 나섰다.식품의약품안전처의 항암제 허가 현황에 따르면 지난 1분기 허가된 20개 품목을 성분별로 분류하면 총 12종에 달한다. 특히 제약업계는 백혈병을 비롯해 유방암, 전립선암, 비소세포폐암 등 주요 암종에 화력을 집중했다.적응증별로는 백혈병 치료제가 7품목으로 가장 많았으며 유방암 3품목, 전립선암 3품목, 비소세포폐암 2품목, 성상세포종",local,10,메나리니,,,0.6927438512076206,,1.0,0.6927438512076206,7.509524175072006,7.0,7.849206958453344,False
2026-04-23,BD,2026-04-23 21:18:00,Naver News,http://www.newsmp.com/news/articleView.html?idxno=252868,"서울대병원, 대장내시경 AI 학습용 16만 프레임 데이터셋 구축 外","◇서울대병원, 대장내시경 AI 학습용 16만 프레임 데이터셋 구축서울대병원 연구팀이 대장내시경 영상에서 진단 가치가 높은 영상을 효율적으로 골라내는 인공지능(AI) 알고리즘을 개발, 이를 활용해 16만 프레임 규모의 방대한 데이터셋을 구축했다.서울대병원 영상의학과 이동헌 교수와 강남센터 소화기내과 진은효 교수 연구팀은 능동학습 기반 알고리즘인 ‘AD-BALD’를 개발해 진단 가치가 낮은 영상을 걸러내고 고품질 데이터셋인 ‘InfoColon’을 완성했다고 23일 밝혔다.대장내시경 검사 중에는 화면 흐림, 거품, 조명 불량 등 진단에.","◇서울대병원, 대장내시경 AI 학습용 16만 프레임 데이터셋 구축서울대병원 연구팀이 대장내시경 영상에서 진단 가치가 높은 영상을 효율적으로 골라내는 인공지능(AI) 알고리즘을 개발, 이를 활용해 16만 프레임 규모의 방대한 데이터셋을 구축했다.서울대병원 영상의학과 이동헌 교수와 강남센터 소화기내과 진은효 교수 연구팀은 능동학습 기반 알고리즘인 ‘AD-BALD’를 개발해 진단 가치가 낮은 영상을 걸러내고 고품질 데이터셋인 ‘InfoColon’을 완성했다고 23일 밝혔다.대장내시경 검사 중에는 화면 흐림, 거품, 조명 불량 등 진단에",local,10,합병,,,0.6917694083829599,,1.0,0.6917694083829599,7.505431515208432,7.0,7.842385858680719,False
2026-04-23,Client,2026-04-23 18:06:00,Naver News,https://www.hankyung.com/article/2026042326911,'高마진 대명사' 바이오·명품업계 이익률도 제쳐,한국경제신문 대표번호: 02-3604-114 사업자등록번호: 110-81-07390 통신판매업신고번호: 중구 02559 콘텐츠구입 개인정보처리방침 청소년보호정책 서울시 중구 청파로 한국경제신문사 대표번호: 02-3277-9900 사업자등록번호: 104-81-47984 통신판매업신고번호: 중구 00606 인터넷신문등록번호: 서울 아 01035 등록(발행)일자: 2009.11.23 발행·편집인: 박수진 본지는 한국신문윤리위원회의 서약사로서 신문윤리강령을 준수합니다. Copyright 1999-2026. All rights reserved.,"한국경제신문
회사소개
구독신청
고충처리
광고안내
블루애드
대표번호:
02-3604-114
사업자등록번호:
110-81-07390
통신판매업신고번호: 중구
02559
한경닷컴
회사소개
제휴
/
콘텐츠구입
광고안내
사이트맵
고객센터
RSS
이용약관
개인정보처리방침
청소년보호정책(책임자: 이지연)
서울시 중구 청파로
463
한국경제신문사
대표번호:
02-3277-9900
사업자등록번호:
104-81-47984
통신판매업신고번호: 중구
00606
인터넷신문등록번호: 서울 아
01035
등록(발행)일자:
2009.11.23
발행·편집인: 박수진
본지는 한국신문윤리위원회의 서약사로서 신문윤리강령을 준수합니다.
Copyright 1999-2026.
한경닷컴
All rights reserved.",local,10,릴리,,,0.6914100989839168,,1.0,0.6914100989839168,7.5039224157324504,7.0,7.839870692887417,False
2026-04-23,Client,2026-04-24 06:04:00,Naver News,https://www.monews.co.kr/news/articleView.html?idxno=410849,동아시아인에서 카그리세마 효능 입증···비만약 세대교체 예고 - 메디칼업저버,노보노디스크의 새로운 비만치료제 카그리세마(성분명 카그릴린티드 2.4mg/세마글루티드 2.4mg)가 동아시아인에서 효능을 입증하며 비.,[메디칼업저버 박선혜 기자] 노보노디스크의 새로운 비만치료제 카그리세마(성분명 카그릴린티드 2.4mg/세마글루티드 2.4mg)가 동아시아인에서 효능을 입증하며 비,local,10,용량,,,0.68133967937018,,1.0,0.68133967937018,7.461626653354756,7.0,7.76937775559126,False
2026-04-23,Client,2026-04-23 09:26:00,Naver News,http://www.doctorstimes.com/news/articleView.html?idxno=237767,[제약업계 소식] 4월 23일,"CSL ‘세계 혈우인의 날’ 기념, 혈우병 조기 진단 인식 제고 캠페인 진행희귀질환 치료 전문기업 CSL 코리아(대표이사 황세은)는 올해 ‘세계 혈우인의 날(World Hemophilia Day)’을 기념해, 조기 진단의 중요성을 알리고 출혈 질환 환자에 대한 인식을 높이기 위한 글로벌 온라인 미디어 캠페인을 진행한다고 23일 밝혔다.세계혈우연맹(World Federation of Hemophilia, WFH)은 매년 4월 17일을 ‘세계 혈우인의 날’로 지정하고 출혈 질환에 대한 인식 제고와 치료 환경 개선을 위한 활동을 이어오.","■CSL ‘세계 혈우인의 날’ 기념, 혈우병 조기 진단 인식 제고 캠페인 진행희귀질환 치료 전문기업 CSL 코리아(대표이사 황세은)는 올해 ‘세계 혈우인의 날(World Hemophilia Day)’을 기념해, 조기 진단의 중요성을 알리고 출혈 질환 환자에 대한 인식을 높이기 위한 글로벌 온라인 미디어 캠페인을 진행한다고 23일 밝혔다.세계혈우연맹(World Federation of Hemophilia, WFH)은 매년 4월 17일을 ‘세계 혈우인의 날’로 지정하고 출혈 질환에 대한 인식 제고와 치료 환경 개선을 위한 활동을 이어오",local,10,로레알,,,0.6807698455811808,,1.0,0.6807698455811808,7.459233351440959,7.0,7.765388919068266,False
2026-04-23,Client,2026-04-23 02:12:00,Naver News,https://www.pointdaily.co.kr/news/articleView.html?idxno=302398,"녹십자·종근당 '방긋', 유한·한미·대웅 '실망'…1분기 희비 이유는","국내 제약 업계 실적 발표 시즌이 다가오는 가운데 유한양행, 한미약품, GC녹십자, 대웅제약, 종근당 등 국내 5대 제약사들의 실적 희비가 엇갈리는 모습이다. 이들 기업 모두 성장세는 유지할 것으로 예상되나 유한양행, 한미약품, 대웅제약 등 3사는 당초 시장의 전망치를 밑도는 성과를 거둘 것으로 전망된다. 23일 증권업계에 따르면 올해 1분기 호실적을 기록할 것으로 예상되는 곳은 GC녹십자와 종근당이다.","[포인트데일리 송가영 기자] 국내 제약 업계 실적 발표 시즌이 다가오는 가운데 유한양행, 한미약품, GC녹십자, 대웅제약, 종근당 등 국내 5대 제약사들의 실적 희비가 엇갈리는 모습이다. 이들 기업 모두 성장세는 유지할 것으로 예상되나 유한양행, 한미약품, 대웅제약 등 3사는 당초 시장의 전망치를 밑도는 성과를 거둘 것으로 전망된다. 23일 증권업계에 따르면 올해 1분기 호실적을 기록할 것으로 예상되는 곳은 GC녹십자와 종근당이다. GC녹십자의 올해 1분기 영업이익과 매출은 전년 동기 대비 각각 35%, 15% 증가한 107억원,",local,10,MSD,,,0.6793089196488621,,1.0,0.6793089196488621,7.453097462525221,7.0,7.755162437542034,False
2026-04-23,Client,2026-04-21 14:10:00,Naver News,https://www.medicopharma.co.kr/news/articleView.html?idxno=67829,"대웅제약, 보툴리눔 톡신 中 NMPA 심사 돌입",대웅제약의 보툴리눔 톡신 ‘나보타(NABOTA)’가 중국에서 품목허가 신청 접수를 완료하며 재도전에 나섰다.21일 중국 국가약품감독관리국(NMPA) 의약품평가센터(CDE)에 따르면 대웅제약의 ‘주사용 A형 보툴리눔 톡신’ 품목허가 신청이 이날 접수 승인을.,[메디코파마뉴스=최원석 기자] 대웅제약의 보툴리눔 톡신 ‘나보타(NABOTA)’가 중국에서 품목허가 신청 접수를 완료하며 재도전에 나섰다.21일 중국 국가약품감독관리국(NMPA) 의약품평가센터(CDE)에 따르면 대웅제약의 ‘주사용 A형 보툴리눔 톡신’ 품목허가 신청이 이날 접수 승인을,local,10,입센,,,0.6769349907335365,,1.0,0.6769349907335365,7.4431269610808535,7.0,7.738544935134755,False
2026-04-23,Client,2026-04-23 17:58:00,Naver News,https://www.tokenpost.kr/news/market/352495,"로슈, 신약·진단 동반 호조…1분기 성장 속 2026년 가이던스 유지 - TokenPost","스위스 제약·진단 기업 로슈($RHHBY)가 올해 1분기 견조한 실적을 냈다. 항암제와 희귀질환 치료제, 안과 치료제 판매가 고르게 늘었고, 진단 부문도 중국 의료가격 개편 영향에도 핵심 검사 수요로 성장세를 지켰다.로슈는 2026년 1분기...","스위스 제약·진단 기업 로슈($RHHBY)가 올해 1분기 견조한 실적을 냈다. 항암제와 희귀질환 치료제, 안과 치료제 판매가 고르게 늘었고, 진단 부문도 중국 의료가격 개편 영향에도 핵심 검사 수요로 성장세를 지켰다.로슈는 2026년 1분기...",local,10,로슈,,,0.676686503363079,,1.0,0.676686503363079,7.4420833141249325,7.0,7.736805523541553,False
2026-04-23,BD,2026-04-23 20:21:00,Naver News,https://imnews.imbc.com/news/2026/society/article/6817573_36918.html,"법원, 삼성바이오 파업 일부 제동‥노조 ""큰 제약 없어 예정대로 파업""",삼성바이오로직스 노동조합이 예고한 전면 파업에 법원이 제동을 걸었습니다. 인천지법은 삼성바이오로직스 사측이 삼성기업 초기업 노동조합 삼성바이오로직스 상생지부를 상대로 낸 쟁의행위 ...,삼성바이오로직스 노동조합이 예고한 전면 파업에 법원이 제동을 걸었습니다. 인천지법은 삼성바이오로직스 사측이 삼성기업 초기업 노동조합 삼성바이오로직스 상생지부를 상대로 낸 쟁의행위 ...,local,10,백신,,,0.6755505384222555,,1.0,0.6755505384222555,7.437312261373473,7.0,7.728853768955789,False
2026-04-23,Client,2026-04-22 09:06:00,Naver News,https://www.medipana.com/news/articleView.html?idxno=410143,'키트루다+파드셉' FDA 방광암 우선심사 지정 - 메디파나뉴스,"MSD-아스텔라스[메디파나 뉴스 = 이정희 기자] MSD의 '키트루다' (Keytruda, pembrolizumab)와 아스텔라스의 '파드셉' (Padcev, e.","MSD-아스텔라스[메디파나 뉴스 = 이정희 기자] MSD의 '키트루다' (Keytruda, pembrolizumab)와 아스텔라스의 '파드셉' (Padcev, e",local,10,아스텔라스,,,0.6721029528660789,,1.0,0.6721029528660789,7.422832402037532,7.0,7.704720670062552,False
2026-04-23,Client,2026-04-17 06:02:00,Naver News,https://www.yakup.com/news/index.html?mode=view&cat=12&nid=326105,"[약업신문]다이이산쿄, OTC 사업 매각…항암 중심 전환","다이이찌산쿄(Daiichi Sankyo)가 일반의약품(OTC) 사업을 분리하고 혁신 신약, 특히 항암제 중심 전략으로의 전환을 본격화한다. 글로벌 제약업계 전반에서 이어지고 있는 ‘컨슈머 헬스 분리’ 흐름에 동참하는 행...","다이이찌산쿄(Daiichi Sankyo)가 일반의약품(OTC) 사업을 분리하고 혁신 신약, 특히 항암제 중심 전략으로의 전환을 본격화한다. 글로벌 제약업계 전반에서 이어지고 있는 ‘컨슈머 헬스 분리’ 흐름에 동참하는 행...",local,10,헤일리온,,,0.6705458427338058,,1.0,0.6705458427338058,7.416292539481985,7.0,7.69382089913664,False
2026-04-23,BD,2026-04-23 12:28:00,Naver News,http://www.k-health.com/news/articleView.html?idxno=91820,"치료 막막했던 중증건선, 희망 보인다",봄은 겨울 못잖게 건선환자들에게 괴로운 시기다. 큰 일교차와 건조한 환경으로 증상이 악화되기 때문. 건선은 제때 치료하지 않으면 염증을 일으키는 면역물질이 체내를 순환하면서 또 다른 동반질환을 일으켜 조기진단과 꾸준한 치료가 무엇보다 중요하다.건선은 면역체계 이상으로 발생하는 만성염증성질환이다. 주로 붉은 반점 위에 은백색의 두꺼운 각질이 덮이는 형태로 나타나며 호전과 악화를 반복한다.,봄은 겨울 못잖게 건선환자들에게 괴로운 시기다. 큰 일교차와 건조한 환경으로 증상이 악화되기 때문. 건선은 제때 치료하지 않으면 염증을 일으키는 면역물질이 체내를 순환하면서 또 다른 동반질환을 일으켜 조기진단과 꾸준한 치료가 무엇보다 중요하다.건선은 면역체계 이상으로 발생하는 만성염증성질환이다. 주로 붉은 반점 위에 은백색의 두꺼운 각질이 덮이는 형태로 나타나며 호전과 악화를 반복한다. 그러다가 중증으로 진행되면 병변이 넓어지고 만성화돼 심한 가려움과 통증 등이 일상을 방해한다.분당서울대병원 피부과 윤상웅 교수는 “건선은 질환이 장,local,10,생물학적제제,,,0.669694388460174,,1.0,0.669694388460174,7.412716431532731,7.0,7.687860719221218,False
2026-04-23,Client,2026-04-23 16:01:00,Naver News,https://www.sedaily.com/article/20036312?ref=naver,“세계 신약 개발 美·中 비중 78%→82%… 韓기업 중 대웅 1위”,지난해 전 세계 신약 개발에서 미국과 중국이 차지하는 비중이 82%로 전년도(78%) 대비 늘어난 것으로 나타났다. 한국은 14%로 3위를 차지했다. 전 세계 의약품 개발 건수는 1990년대 중반 이후 처음으로 감소했다. 23일 한국바이오협회 바이오경제연구센터가 글로벌.,지난해 전 세계 신약 개발에서 미국과 중국이 차지하는 비중이 82%로 전년도(78%) 대비 늘어난 것으로 나타났다. 한국은 14%로 3위를 차지했다. 전 세계 의약품 개발 건수는 1990년대 중반 이후 처음으로 감소했다. 23일 한국바이오협회 바이오경제연구센터가 글로벌,local,10,MSD,,,0.6693486862347535,,1.0,0.6693486862347535,7.411264482185965,7.0,7.685440803643274,False
2026-04-23,Client,2026-04-23 09:10:00,Naver News,https://www.cstimes.com/news/articleView.html?idxno=703019,"유니온바이오메트릭스, 사우디 의료·교육 보안 시장서 확대",컨슈머타임스=전은정 기자 | 인공지능(AI) 기반 생체인식 및 보안 인증 전문기업 유니온바이오메트릭스가 불안정한 중동 정세 속에서도 사우디아라비아 의료·교육 보안 시장에서 성과를 거두고 있다고 23일 밝혔다.회사는 그간 쌓아온 현지 프로젝트 수행 경험과 차별화된 대응력을 바탕으로 사우디아라비아 내 사업 기반을 다지고 있다. 특히 현지 요구사항에 신속하게 대응하며 교육 및 의료 분야로 사업 영역을 성공적으로 넓히고 있다는 설명이다.의료 분야에서는 사우디아라비아 최대 민간 의료기관 그룹인 하빕 메디컬 그룹(HMG)과의 프로젝트를 중심으.,컨슈머타임스=전은정 기자 | 인공지능(AI) 기반 생체인식 및 보안 인증 전문기업 유니온바이오메트릭스가 불안정한 중동 정세 속에서도 사우디아라비아 의료·교육 보안 시장에서 성과를 거두고 있다고 23일 밝혔다.회사는 그간 쌓아온 현지 프로젝트 수행 경험과 차별화된 대응력을 바탕으로 사우디아라비아 내 사업 기반을 다지고 있다. 특히 현지 요구사항에 신속하게 대응하며 교육 및 의료 분야로 사업 영역을 성공적으로 넓히고 있다는 설명이다.의료 분야에서는 사우디아라비아 최대 민간 의료기관 그룹인 하빕 메디컬 그룹(HMG)과의 프로젝트를 중심으,local,10,BMS,,,0.669144093497883,,1.0,0.669144093497883,7.410405192691108,7.0,7.68400865448518,False
2026-04-23,Client,2026-04-22 14:12:00,Naver News,https://www.medigatenews.com/news/1460273706,"MEDI:GATE NEWS 일라이 릴리, 2025년 글로벌 처방의약품 매출 1위…터제파타이드 성장세 주목",한국바이오협회 [메디게이트뉴스 이지원 기자] 2025년 글로벌 처방의약품 시장에서 일라이 릴리가 매출 1위 기업으로 올라서며 빅파마 판도 변화가 본격화한 것으로 나타났다. 21일 한국바이오협회 바이오경제연구센터에 따르면 일라이 릴리는 2025년 처방의약품 매출 608억 달러를 기록하며 기업 순위 1위를 차지했다. 이는 2024년 대비 200억 달러(49%) 증가한 수치다.,"자료=한국바이오협회 [메디게이트뉴스 이지원 기자] 2025년 글로벌 처방의약품 시장에서 일라이 릴리가 매출 1위 기업으로 올라서며 빅파마 판도 변화가 본격화한 것으로 나타났다. 21일 한국바이오협회 바이오경제연구센터에 따르면 일라이 릴리는 2025년 처방의약품 매출 608억 달러를 기록하며 기업 순위 1위를 차지했다. 이는 2024년 대비 200억 달러(49%) 증가한 수치다. 2024년만 해도 매출 기준 상위 10위권에 들지 못했던 점을 감안하면 12개월 만에 1위로 올라섰다. 협회는 이러한 성장 배경으로 제2형 당뇨병 및 체중 관리에 사용되는 터제파타이드 제품의 성공과 릴리 포트폴리오 내 부정적인 성장 요인이 제한적이었던 점을 들었다. 존슨앤드존슨(J&J)은 2025년 처방의약품 매출 593억 달러로 2위를 기록했다. 이는 2024년 대비 36억 달러(6%) 증가한 수치지만, 릴리에 밀려 2023년과 2024년에 차지했던 1위 자리를 내줬다. 협회는 J&J의 다발성 골수종 치료제 다잘렉스(Darzalex, 다라투무맙)와 자가면역질환 치료제 트렘피아(Tremfya, 구셀쿠맙)가 가장 큰 성장 동력이 됐으며, 이들 제품의 매출 성장이 자가면역질환 치료제 스텔라라(Stelara, 우스테키누맙)의 매출 감소를 상쇄하는 데 도움이 됐다고 설명했다. 제품별 매출 1위는 머크앤컴퍼니(Merck & Co.)의 키트루다(Keytruda, 펨브롤리주맙)였다. 키트루다는 다양한 고형암 적응증에 사용되는 PD-1 표적 단일클론항체로, 2025년 316억 달러의 매출을 기록하며 1위 자리를 유지했다. 협회는",local,10,마운자로,,,0.6682905103625891,,1.0,0.6682905103625891,7.406820143522875,7.0,7.678033572538124,False
2026-04-23,BD,2026-04-23 15:42:00,Naver News,http://www.fntimes.com/html/view.php?ud=202604231407375094923defd0cc_18,"[DQN] ‘사상 최대 실적’ 삼성바이오로직스, ‘파업 위기’ 여파는 [Z-스코어 기업가치 바로보기] - 한국금융신문","기업 가치에 영향을 미치는 요인은 다양하다. 객관적 평가를 위해서는 다양한 변수를 고려해야 한다. 한국금융신문은 ‘알트만 Z-스코어’를 통해 기업이 현재 처한 상황과 대응, 재무건전성 등을 입체적으로 바라보고 그 속에 숨어있는 의미를 심층적으로 다뤄보고자 한다.","기업 가치에 영향을 미치는 요인은 다양하다. 객관적 평가를 위해서는 다양한 변수를 고려해야 한다. 한국금융신문은 ‘알트만 Z-스코어’를 통해 기업이 현재 처한 상황과 대응, 재무건전성 등을 입체적으로 바라보고 그 속에 숨어있는 의미를 심층적으로 다뤄보고자 한다. &lt;편집자 주&gt;",local,10,GSK,,,0.6677930952680128,,1.0,0.6677930952680128,7.404731000125654,7.0,7.674551666876089,False
2026-04-23,BD,2026-04-19 10:00:00,Naver News,https://news.bizwatch.co.kr/article/healthcare/2026/04/17/0028,"[글로벌 바이오워치]다이이찌산쿄, 2.3조원에 소비자헬스 매각",일본의 다이이찌산쿄가 항암제 포트폴리오 등 혁신 신약 개발에 집중하기 위해 컨슈머 헬스케어 사업부를 분할하기로 결정했다. 19일 외신에 따르면 다이이찌산쿄는 일본 음료 기업 산토리 홀딩스에 약 2465억 ...,일본의 다이이찌산쿄가 항암제 포트폴리오 등 혁신 신약 개발에 집중하기 위해 컨슈머 헬스케어 사업부를 분할하기로 결정했다.    19일 외신에 따르면 다이이찌산쿄는 일본 음료 기업 산토리 홀딩스에 약 2465억 ...,local,10,오가논,,,0.6674671963817789,,1.0,0.6674671963817789,7.403362224803471,7.0,7.672270374672451,False
2026-04-23,Client,2026-04-21 06:40:00,Naver News,http://www.docdocdoc.co.kr/news/articleView.html?idxno=3038515,"바이엘, PSMA 방사성의약품 시장 재편 자신하는 이유","전 세계적으로 전립선암 발생 양상이 급격한 변화를 맞이하고 있다. 인구 고령화뿐만 아니라 50세 미만의 '조기 발병 암' 비중이 늘고 있으며, 진단 기술의 발달로 병기가 낮은 단계에서 발견되는 환자군이 두터워졌다.이러한 변화의 중심에서 글로벌 제약사 바이엘(Bayer)이 차세대 항암 모달리티인 '방사성 리간드 치료(Radioligand Therapy, RLT)'를 앞세워 전립선암 시장의 왕좌를 정조준하고 있다.본지는 지난달 1일, 독일 베를린에서 개최된 '2026 파마 미디어 데이(Pharma Media Day)'에서 바이엘 제약사.","전 세계적으로 전립선암 발생 양상이 급격한 변화를 맞이하고 있다. 인구 고령화뿐만 아니라 50세 미만의 '조기 발병 암' 비중이 늘고 있으며, 진단 기술의 발달로 병기가 낮은 단계에서 발견되는 환자군이 두터워졌다.이러한 변화의 중심에서 글로벌 제약사 바이엘(Bayer)이 차세대 항암 모달리티인 '방사성 리간드 치료(Radioligand Therapy, RLT)'를 앞세워 전립선암 시장의 왕좌를 정조준하고 있다.본지는 지난달 1일, 독일 베를린에서 개최된 '2026 파마 미디어 데이(Pharma Media Day)'에서 바이엘 제약사",local,10,바이엘,,,0.6659568274953085,,1.0,0.6659568274953085,7.397018675480295,7.0,7.661697792467159,False
2026-04-23,Client,2026-04-23 10:14:00,Naver News,https://www.pharmnews.com/news/articleView.html?idxno=303036,"이지은 강남차병원 교수, 서울국제내분비학술대회서 이상지질혈증 병용요법 발표 - 팜뉴스",이지은 차의과학대학교 강남차병원 내분비내과 교수는 서울국제내분비학술대회에서 스타틴 치료 이후 잔존하는 심혈관 위험을 줄이기 위한 병용요법.,[팜뉴스=김응민 기자] 이지은 차의과학대학교 강남차병원 내분비내과 교수는 서울국제내분비학술대회에서 스타틴 치료 이후 잔존하는 심혈관 위험을 줄이기 위한 병용요법,local,10,현대약품,,,0.6652439055249453,,1.0,0.6652439055249453,7.394024403204769,7.0,7.656707338674616,False
2026-04-23,Client,2026-04-23 11:56:00,Naver News,https://www.pharmnews.com/news/articleView.html?idxno=303046,글로벌 신약 개발 첫 감소세…바이오의약품 사상 최초 과반 - 팜뉴스,1990년대 중반 이후 처음으로 전 세계 의약품 개발 건수가 감소세로 돌아섰다. 이와 동시에 바이오의약품이 차지하는 비중이 사상 처음으로.,[팜뉴스=우정민 기자] 1990년대 중반 이후 처음으로 전 세계 의약품 개발 건수가 감소세로 돌아섰다. 이와 동시에 바이오의약품이 차지하는 비중이 사상 처음으로,local,10,화이자,,,0.664726094244688,,1.0,0.664726094244688,7.39184959582769,7.0,7.653082659712815,False
2026-04-23,Client,2026-04-22 15:18:00,Naver News,https://www.goodkyung.com/news/articleView.html?idxno=286175,"셀트리온, 중남미 류마티스 총회 참가…치료제 경쟁력 알린다 - 굿모닝경제",셀트리온이 이달 말 파나마에서 열리는 글로벌 류마티스학회에 참가한다. 폭넓은 류마티스 치료제 포트폴리오를 전면에 내세워 해외 바이오시밀러 시장 내 입지 강화에 나.,셀트리온이 이달 말 파나마에서 열리는 글로벌 류마티스학회에 참가한다. 폭넓은 류마티스 치료제 포트폴리오를 전면에 내세워 해외 바이오시밀러 시장 내 입지 강화에 나,local,10,애브비,,,0.6644061721398551,,1.0,0.6644061721398551,7.390505922987391,7.0,7.650843204978985,False
2026-04-23,Client,2026-04-20 09:00:00,Naver News,https://www.yna.co.kr/view/AKR20260420001700017?input=1195m,"""AI 활용시 병리판독시간 대폭 단축""…루닛, 빅파마와 공동 연구 | 연합뉴스","국내 의료 인공지능(AI) 기업 루닛[328130]이 아스트라제네카 등 글로벌 픽파마(대형 제약사), 암...","(샌디에이고=연합뉴스) 최현석 기자 = 국내 의료 인공지능(AI) 기업 루닛[328130]이 아스트라제네카 등 글로벌 픽파마(대형 제약사), 암...",local,10,다이이찌산쿄,,,0.6643495176794639,,1.0,0.6643495176794639,7.390267974253748,7.0,7.650446623756247,False
2026-04-23,BD,2026-04-23 22:32:00,Naver News,https://www.financialpost.co.kr/news/articleView.html?idxno=256623,"[제약업계 3·4세 승계] 현대약품 ‘3세’ 이상준, 지난해 실적 반등으로 흑자 전환…미래 성장동력 발굴 ‘잰걸음’","3세 단독 경영 체제 출범 이후 외형 성장과는 달리 수익성 하락을 이어온 현대약품이 지난해 실적 반등에 따른 흑자 전환에 성공하면서 이상준 대표의 입지도 한층 강화된 모양새다. 다만 지배력 공고화를 위해서는 추가 지분 확보가 필수적이라는 지적이 제기된다.23일 업계에 따르면, 현대약품.","3세 단독 경영 체제 출범 이후 외형 성장과는 달리 수익성 하락을 이어온 현대약품이 지난해 실적 반등에 따른 흑자 전환에 성공하면서 이상준 대표의 입지도 한층 강화된 모양새다. 다만 지배력 공고화를 위해서는 추가 지분 확보가 필수적이라는 지적이 제기된다.23일 업계에 따르면, 현대약품",local,10,제휴,,,0.6636900461665658,,1.0,0.6636900461665658,7.387498193899576,7.0,7.64583032316596,False
2026-04-23,Client,2026-04-23 16:25:00,Naver News,http://www.enewstoday.co.kr/news/articleView.html?idxno=2422556,"로직스·에피스 동반 호실적에도···삼성 바이오, ‘노조 변수’ 급부상",삼성바이오로직스와 삼성에피스홀딩스가 나란히 호실적을 기록하며 ‘생산–개발–투자’로 이어지는 삼성 바이오 사업 구조가 구체적 성과를 내고 있다. 다만 삼성바이오로직스의 노사 갈등이 격화되며 향후 성장 흐름의 변수로 부상하는 모습이다.삼성바이오로직스는 1분기.,[이뉴스투데이 김진영 기자] 삼성바이오로직스와 삼성에피스홀딩스가 나란히 호실적을 기록하며 ‘생산–개발–투자’로 이어지는 삼성 바이오 사업 구조가 구체적 성과를 내고 있다. 다만 삼성바이오로직스의 노사 갈등이 격화되며 향후 성장 흐름의 변수로 부상하는 모습이다.삼성바이오로직스는 1분기,local,10,릴리,,,0.6629277188010346,,1.0,0.6629277188010346,7.384296418964345,7.0,7.640494031607242,False
2026-04-23,BD,2026-04-24 06:10:00,Naver News,https://www.yakup.com/news/index.html?mode=view&cat=12&nid=326426,"[약업신문]“구슬이 서 말이라도 꿰어야 보배 RWE 시대, 데이터에서 ‘근거’로 가는 조건","한국제약의학회가 23일 건국대학교병원에서 ‘2026 제1회 RWE Forum’을 개최했다.©약업신문=권혁진 기자한국제약의학회 이대희 회장.©약업신문=권혁진 기자RWD(real-world data, 실사용데이터)에 대한 제약바이오 ...","한국제약의학회가 23일 건국대학교병원에서 ‘2026 제1회 RWE Forum’을 개최했다.©약업신문=권혁진 기자한국제약의학회 이대희 회장.©약업신문=권혁진 기자RWD(real-world data, 실사용데이터)에 대한 제약바이오 ...",local,10,생물학적제제,,,0.6564803994577345,,1.0,0.6564803994577345,7.357217677722485,7.0,7.5953627962041415,False
2026-04-23,BD,2026-04-23 06:02:00,Naver News,https://new.dailypharm.com/user/news/337789?REFERER=NP,"[데일리팜]""만성손습진 치료전략 변화 예고…'앤줍고' 새 옵션 부상""","만성손습진 치료에서 스테로이드 중심의 단계적 접근이 한계를 드러내는 가운데, 비스테로이드 국소 JAK 억제제 앤줍고크림이 새로운 치료 전환점으로 부상하고 있다. 특히 치료 실패 이후 전신요법으로 넘어가기 전 공백 구간을 메울 옵션으로 주목받으면서, 실제 진료 현장에서의 치료 전략 재정립 필요성이 제기된다. 안드레아 바우어(Andrea Bauer) 독일 드레스덴 공과대학교 및 칼….","만성손습진 치료에서 스테로이드 중심의 단계적 접근이 한계를 드러내는 가운데, 비스테로이드 국소 JAK 억제제 앤줍고크림이 새로운 치료 전환점으로 부상하고 있다. 특히 치료 실패 이후 전신요법으로 넘어가기 전 공백 구간을 메울 옵션으로 주목받으면서, 실제 진료 현장에서의 치료 전략 재정립 필요성이 제기된다. 안드레아 바우어(Andrea Bauer) 독일 드레스덴 공과대학교 및 칼…",local,10,생물학적제제,,,0.6553119474747444,,1.0,0.6553119474747444,7.3523101793939265,7.0,7.58718363232321,False
2026-04-23,Client,2026-04-24 04:01:00,Naver News,http://www.fnnews.com/news/202604231824168218,"""대학병원 수준 심장 진료, 이제 집 앞에서""… 입소문 탄 ‘동네 명의’[Weekend 헬스]","""대학병원 수준 심장 진료, 이제 집 앞에서""… 입소문 탄 ‘동네 명의’ 박효은 서울하트내과 원장은 23일 지난 2010년부터 13년 이상 서울대병원 강남센터에서 순환기내과 교수로 근무하다 개원한 이유에 대해 이렇게 설명했다. 박 원장은 ""심부전이나 심방세동 환자는 대학병원에서 급성기 치료 후 간혹 상태가 나빠지는 경우가 있다""며 ""그 때 약을 조정하거나 원인을 빨리 찾아주고 대학병원에 가야 할지 판단해주는 역할이 지역 심장전문병원에서 가능하다""고 강조했다. 특히 박 원장은 ""환자들이 집 앞에 심장 특화 병원이 있어서 안심된다""고 말할 때 가장 보람을 느낀다고 했다.","""대학병원 수준 심장 진료, 이제 집 앞에서""… 입소문 탄 ‘동네 명의’[Weekend 헬스]
박효은 서울하트내과 원장은 23일 지난 2010년부터 13년 이상 서울대병원 강남센터에서 순환기내과 교수로 근무하다 개원한 이유에 대해 이렇게 설명했다.
박 원장은 ""심부전이나 심방세동 환자는 대학병원에서 급성기 치료 후 간혹 상태가 나빠지는 경우가 있다""며 ""그 때 약을 조정하거나 원인을 빨리 찾아주고 대학병원에 가야 할지 판단해주는 역할이 지역 심장전문병원에서 가능하다""고 강조했다.
특히 박 원장은 ""환자들이 집 앞에 심장 특화 병원이 있어서 안심된다""고 말할 때 가장 보람을 느낀다고 했다.",local,10,위고비,,,0.653562027152826,,1.0,0.653562027152826,7.344960514041869,7.0,7.574934190069781,False
2026-04-23,Client,2026-04-23 13:30:00,Naver News,https://www.biotimes.co.kr/news/articleView.html?idxno=31282,"AI 신약개발·재생의료, 글로벌 경쟁축 부상…BIO KOREA ‘빅딜 기대감’ - 바이오타임즈",바이오헬스 산업의 글로벌 협력과 투자 기회를 모색하는 ‘BIO KOREA 2026’이 오는 4월 28일부터 30일까지 서울 코엑스에서 열린다.단순.,[바이오타임즈] 바이오헬스 산업의 글로벌 협력과 투자 기회를 모색하는 ‘BIO KOREA 2026’이 오는 4월 28일부터 30일까지 서울 코엑스에서 열린다.단순,local,10,암젠,,,0.6532684733402028,,1.0,0.6532684733402028,7.343727588028852,7.0,7.572879313381419,False
2026-04-23,Client,2026-04-23 10:08:00,Naver News,https://www.thebell.co.kr/free/content/ArticleView.asp?key=202604201111262560107183,"[더벨][2026 더벨 제약·바이오 포럼] 바이오 패권 잡는 AI, 애브비·인실...","2026 더벨 제약·바이오 포럼에 애브비·암젠 등 빅파마는 물론 인실리코메디슨, 비바바이오텍과 같은 AI... ◇'AI 적극 활용' 암젠과 원온원 미팅, 신기술 분야 초점 글로벌 빅파마의 AI 활용은 이미 신약개발 전 주기에... ","2026 더벨 제약·바이오 포럼에 애브비·암젠 등 빅파마는 물론 인실리코메디슨, 비바바이오텍과 같은 AI... ◇'AI 적극 활용' 암젠과 원온원 미팅, 신기술 분야 초점 글로벌 빅파마의 AI 활용은 이미 신약개발 전 주기에... ",local,10,암젠,,,0.653194106712893,,1.0,0.653194106712893,7.34341524819415,7.0,7.5723587469902505,False
2026-04-23,BD,2026-04-24 06:02:00,Naver News,https://www.apsk.co.kr/news/articleView.html?idxno=539224,자회사 삼키고 체질 개선 나선 제약사들…비용 절감 넘어 'R&D 연속성' 노린다 - 메디팜스투데이,국내 제약바이오 기업들이 계열사 흡수합병을 통한 '몸집 줄이기'와 '내실 다지기'에 속도를 내고 있다. 글로벌 경기 불확실성과 약가 제도 개편 등 경영 환경이 악.,국내 제약바이오 기업들이 계열사 흡수합병을 통한 '몸집 줄이기'와 '내실 다지기'에 속도를 내고 있다. 글로벌 경기 불확실성과 약가 제도 개편 등 경영 환경이 악,local,10,라이선스,,,0.6524223660434602,,1.0,0.6524223660434602,7.3401739373825325,7.0,7.56695656230422,False
2026-04-23,Client,2026-04-23 08:22:00,Naver News,http://www.edaily.co.kr/news/newspath.asp?newsid=02932326645419072,"손우성 노보렉스 대표 ""차별화된 AI저분자 신약 개발 기술로 혁신 이끌 것”",국내 인공지능(AI) 저분자신약 개발기업들 중 아직 눈에 띄는 성과를 만들어 낸 곳은 없다. AI를 적용하면 신약개발 속도와 정확도를 단숨에 개선시킬 것으로 희망이 드리웠지만...,이 기사는 2026년04월16일 08시20분에 팜이데일리 프리미엄 콘텐츠로 선공개 되었습니다. 국내 인공지능(AI) 저분자신약 개발기업들 중 아직 눈에 띄는 성과를 만들어 낸 곳은 없다. AI를 적용하면 신약개발 속도와 정확도를 단숨에 개선시킬 것으로 희망이 드리웠지만...,local,10,오펠라,,,0.6523278174697521,,1.0,0.6523278174697521,7.339776833372959,7.0,7.566294722288264,False
2026-04-23,Client,2026-04-23 05:00:00,Naver News,https://www.etoday.co.kr/news/view/2577245,"‘유망 후보 찾아라’…K-제약바이오, 중추신경계 신약개발 협력 강화",국내 제약바이오 기업들이 중추신경계(CNS) 질환 치료제 개발에 도전하고 있다. CNS 질환 대부분은 병인이 명확하지 않고.,(그래픽=김소영 기자 sue@)국내 제약바이오 기업들이 중추신경계(CNS) 질환 치료제 개발에 도전하고 있다. CNS 질환 대부분은 병인이 명확하지 않고,local,10,애브비,,,0.6517424978417207,,1.0,0.6517424978417207,7.3373184909352265,7.0,7.562197484892044,False
2026-04-23,Client,2026-04-22 06:02:00,Naver News,https://www.yakup.com/news/index.html?mode=view&cat=12&nid=326292,[약업신문][AACR] 삼성바이오에피스가 Nectin-4 ADC 선택한 이유는,"AI로 생성한 이미지.©ChatGPTADC 치료제 성공의 핵심이 ‘타깃’에서 ‘설계’로 이동하고 있는 것일까. 삼성바이오에피스가 검증된 Nectin-4 타깃을 기반으로, 차세대 ADC 블록버스터에 도전장을 던졌다.삼성바이오...","AI로 생성한 이미지.©ChatGPTADC 치료제 성공의 핵심이 ‘타깃’에서 ‘설계’로 이동하고 있는 것일까. 삼성바이오에피스가 검증된 Nectin-4 타깃을 기반으로, 차세대 ADC 블록버스터에 도전장을 던졌다.삼성바이오...",local,10,아스텔라스,,,0.651175256094167,,1.0,0.651175256094167,7.334936075595502,7.0,7.558226792659169,False
2026-04-23,Client,2026-04-22 07:02:00,Naver News,https://www.thebell.co.kr/free/content/ArticleView.asp?key=202604210747054940101156,"[더벨][2026 더벨 제약·바이오 포럼] K-바이오 혹한기, 글로벌 톱티어들...",특히 글로벌 톱티어 투자은행인 JP모간을 비롯해 노바티스·애브비·베링거인겔하임·암젠·아스텔라스 등 글로벌 상위권 빅파마 임원진들이 총출동해 글로벌 시각에서의 K-바이오 밸류에이션을 진단한다. 혹한기를... ,특히 글로벌 톱티어 투자은행인 JP모간을 비롯해 노바티스·애브비·베링거인겔하임·암젠·아스텔라스 등 글로벌 상위권 빅파마 임원진들이 총출동해 글로벌 시각에서의 K-바이오 밸류에이션을 진단한다. 혹한기를... ,local,10,베링거인겔하임,,,0.6502551793976646,,1.0,0.6502551793976646,7.331071753470191,7.0,7.551786255783652,False
2026-04-23,Client,2026-04-20 18:14:00,Naver News,https://www.ebn.co.kr/news/articleView.html?idxno=1705992,"식약처, 경구용 폐암 치료제 '허뉴오정' 허가…희귀암 치료 선택지↑ - 이비엔(EBN)뉴스센터",식품의약품안전처가 HER2 유전자 변이 비소세포폐암 치료를 위한 새로운 표적항암제의 국내 허가를 승인하며 희귀·난치암 치료 선택지를 넓혔다.20일 식약처는 수입.,식품의약품안전처가 HER2 유전자 변이 비소세포폐암 치료를 위한 새로운 표적항암제의 국내 허가를 승인하며 희귀·난치암 치료 선택지를 넓혔다.20일 식약처는 수입,local,10,바이엘,,,0.648475512411287,,1.0,0.648475512411287,7.323597152127405,7.0,7.539328586879009,False
2026-04-23,Client,2026-04-23 11:30:00,Naver News,http://www.docdocdoc.co.kr/news/articleView.html?idxno=3038596,"스타틴으로도 부족한 심혈관 위험, '페노피브레이트+에제티미브'로 해소?","현대약품은 차의과학대 강남차병원 내분비내과 이지은 교수가 '서울국제내분비학술대회(SICEM 2026)'에서 스타틴 치료 이후에도 남아 있는 심혈관 위험을 줄이기 위한 전략으로 페노피브레이트와 에제티미브 병용요법의 중요성을 발표했다고 23일 밝혔다.이번 발표는 '스타틴 치료를 넘어 잔여 심혈관 위험을 해결하기 위한 전략: 혼합형 이상지질혈증 환자를 위한 최적의 병용 요법'을 주제로, 스타틴 단독요법 한계와 이를 보완하기 위한 약물 병용 접근의 필요성을 중심으로 진행됐다.이지은 교수는 '스타틴 패러독스'를 페노피브레이트와 에제티미브 병.","현대약품은 차의과학대 강남차병원 내분비내과 이지은 교수가 '서울국제내분비학술대회(SICEM 2026)'에서 스타틴 치료 이후에도 남아 있는 심혈관 위험을 줄이기 위한 전략으로 페노피브레이트와 에제티미브 병용요법의 중요성을 발표했다고 23일 밝혔다.이번 발표는 '스타틴 치료를 넘어 잔여 심혈관 위험을 해결하기 위한 전략: 혼합형 이상지질혈증 환자를 위한 최적의 병용 요법'을 주제로, 스타틴 단독요법 한계와 이를 보완하기 위한 약물 병용 접근의 필요성을 중심으로 진행됐다.이지은 교수는 '스타틴 패러독스'를 페노피브레이트와 에제티미브 병",local,10,현대약품,,,0.6481736104349801,,1.0,0.6481736104349801,7.322329163826916,7.0,7.53721527304486,False
2026-04-23,BD,2026-04-23 15:30:00,Naver News,https://hbnpress.com/news/view/1065570291634126,미·중 패권 하이브리드전...신약 시장엔 ′데탕트′ 기류,"미·중 패권 하이브리드전...신약 시장엔 ′데탕트′ 기류 [HBN뉴스 = 허인희 기자] 미국과 중국의 글로벌 패권과 관련한 하이브리드전이 진행되고 있다. 이런 가운데 미국이 생물보안법(BIOSECURE Act) 등을 앞세워 중국 바이오 기업을 압박하고 있지만, 글로벌 신약 시장에서는 반대의 흐름이 나타나고 있어 주목된다. 주요 제약사들은 중국산 신약 후보 물질 확보에 적극 나서며 기술 협력을 확대하는 현상이 감지.","미·중 패권 하이브리드전...신약 시장엔 ′데탕트′ 기류 [HBN뉴스 = 허인희 기자] 미국과 중국의 글로벌 패권과 관련한 하이브리드전이 진행되고 있다. 이런 가운데 미국이 생물보안법(BIOSECURE Act) 등을 앞세워 중국 바이오 기업을 압박하고 있지만, 글로벌 신약 시장에서는 반대의 흐름이 나타나고 있어 주목된다. 주요 제약사들은 중국산 신약 후보 물질 확보에 적극 나서며 기술 협력을 확대하는 현상이 감지",local,10,라이선스,,,0.6480278118785607,,1.0,0.6480278118785607,7.3217168098899545,7.0,7.536194683149925,False
2026-04-23,Product Approval,2026-04-23 22:38:00,Naver News,https://www.womaneconomy.co.kr/news/articleView.html?idxno=252954,"제일약품 ‘자큐보’ 처방액 200억 돌파···위식도역류질환, 환자 얼마나 많길래?",제일약품의 위식도역류질환 치료 신약 ‘자큐보(성분명 자스타프라잔)’가 출시 1년 6개월 만에 누적 처방액 700억원을 돌파하며 시장 점유율을 확대하고 있다.23일 제일약품에 따르면 P-CAB(칼륨 경쟁적 위산분비 억제제) 계열 신약 자큐보의 올 1분기 처방액은 212억2000만원으로 집계됐다. 전년 동기(66억8000만원) 대비 218% 급증한 수치다.자큐보는 제일약품의 연구개발 자회사 온코닉테라퓨틱스가 개발한 국산 37호 신약이다. 2024년 4월 미란성 위식도역류질환을 첫 적응증으로 국내 품목허가를 받아 시장에 출시됐다.의약품.,제일약품의 위식도역류질환 치료 신약 ‘자큐보(성분명 자스타프라잔)’가 출시 1년 6개월 만에 누적 처방액 700억원을 돌파하며 시장 점유율을 확대하고 있다.23일 제일약품에 따르면 P-CAB(칼륨 경쟁적 위산분비 억제제) 계열 신약 자큐보의 올 1분기 처방액은 212억2000만원으로 집계됐다. 전년 동기(66억8000만원) 대비 218% 급증한 수치다.자큐보는 제일약품의 연구개발 자회사 온코닉테라퓨틱스가 개발한 국산 37호 신약이다. 2024년 4월 미란성 위식도역류질환을 첫 적응증으로 국내 품목허가를 받아 시장에 출시됐다.의약품,local,2,적응증,,,0.4193873041839537,,0.2,0.4193873041839537,6.921426677572606,12.0,3.5357111292876757,True
2026-04-23,Reimbursement,2026-04-23 20:24:00,Naver News,https://mdtoday.co.kr/news/view/1065611997452863,[메디컬투데이 - 쇼츠뉴스] 신약 건강보험 적용 절차 간소화…환자 치료 접근성 및 약물 공급 안정성 강화,"· 보건복지부는 신약의 건강보험 적용 속도를 높이기 위해 제약사와 국민건강보험공단이 약가 상한선을 별도로 합의할 수 있는 제도적 기반을 마련했습니다.· 이번 개정안은 중증 및 희귀 질환 치료제의 도입 시기를 앞당기는 한편, 원가 상승 등으로 공 ...","· 보건복지부는 신약의 건강보험 적용 속도를 높이기 위해 제약사와 국민건강보험공단이 약가 상한선을 별도로 합의할 수 있는 제도적 기반을 마련했습니다.· 이번 개정안은 중증 및 희귀 질환 치료제의 도입 시기를 앞당기는 한편, 원가 상승 등으로 공 ...",local,2,약가,,,0.6155988179238807,,0.2,0.6155988179238807,6.545515035280299,9.0,4.909191725467164,False
2026-04-23,Product Approval,2026-04-24 06:06:00,Naver News,https://www.kpanews.co.kr/news/articleView.html?idxno=533616,암로디핀 최저 용량 경쟁 열린다…2.5mg 복합제 4종 6월 출시 - 약사공론,저용량 고혈압 복합제 시장이 하나 더 추가된다. 암로디핀 2.5mg·발사르탄 80mg 조합의 신규 복합제들이 오는 6월 1일 일제히 출시될 예정이다.업계에 따르면.,저용량 고혈압 복합제 시장이 하나 더 추가된다. 암로디핀 2.5mg·발사르탄 80mg 조합의 신규 복합제들이 오는 6월 1일 일제히 출시될 예정이다.업계에 따르면,local,2,출시,,,0.48509345620073746,,0.2,0.48509345620073746,6.397392516043097,10.0,3.995654193405162,False
2026-04-23,Product Approval,2026-04-24 06:00:00,Naver News,https://www.pharmnews.com/news/articleView.html?idxno=303057,"임델트라 급여 재도전, 소세포폐암 3차 치료 공백 메울까 - 팜뉴스",소세포폐암 3차 이상 치료를 둘러싼 급여 논의가 다시 움직이고 있다. 지난 1월 중증(암)질환심의위원회에서 급여기준이 미설정됐던 DLL3.,[팜뉴스=김민건 기자] 소세포폐암 3차 이상 치료를 둘러싼 급여 논의가 다시 움직이고 있다. 지난 1월 중증(암)질환심의위원회에서 급여기준이 미설정됐던 DLL3,local,2,적응증,,,0.3339971667818374,,0.2,0.3339971667818374,5.762788100483717,10.0,2.9379801674728614,False
2026-04-23,Reimbursement,2026-04-24 06:02:00,Naver News,https://www.dailypharm.com/user/news/337834?REFERER=NP,"[데일리팜][기자의 눈] 항암제, 미충족 수요에 대한 형평성",항암 치료는 더 이상 하나의 축으로 설명하기 어려운 단계에 들어섰다. 과거 세포독성항암제가 치료의 중심이던 시기에는 어떤 암인가가 치료 전략을 결정하는 핵심 기준이었다. 하지만 지금은 다르다. 같은 암종 안에서도 바이오마커에 따라 전혀 다른 약제가 선택되고 치료 순서와 병용 전략까지 달라진다. 하나의 질환이 아니라 여러 개의 질환으로 쪼개진 것과 다름없는 구조다.,항암 치료는 더 이상 하나의 축으로 설명하기 어려운 단계에 들어섰다. 과거 세포독성항암제가 치료의 중심이던 시기에는 어떤 암인가가 치료 전략을 결정하는 핵심 기준이었다. 하지만 지금은 다르다. 같은 암종 안에서도 바이오마커에 따라 전혀 다른 약제가 선택되고 치료 순서와 병용 전략까지 달라진다. 하나의 질환이 아니라 여러 개의 질환으로 쪼개진 것과 다름없는 구조다. 이…,local,2,급여,,,0.4073773105714441,,0.2,0.4073773105714441,5.670984704400065,9.0,3.4516411740001085,False
2026-04-23,Product Approval,2026-04-23 16:26:00,Naver News,http://www.wowtv.co.kr/NewsCenter/News/Read?articleId=A202604230511&t=NN,"미메틱스, 기술력 기반 투자 유치…뷰티·바이오 확장","최근에는 글로벌 뷰티 기업 수요에 대응해 실리콘 기반 화장품 흡수 유도기를 한국·일본·미국에 출시했으며, 신규 제형인 하이드로겔 제품군에서도 성과를 내고 있다. 미메틱스의 음압 구조 필름이 적용된 루온셀... ","최근에는 글로벌 뷰티 기업 수요에 대응해 실리콘 기반 화장품 흡수 유도기를 한국·일본·미국에 출시했으며, 신규 제형인 하이드로겔 제품군에서도 성과를 내고 있다. 미메틱스의 음압 구조 필름이 적용된 루온셀... ",local,2,제형,,,0.2728131103439624,,0.2,0.2728131103439624,5.505815063444642,10.0,2.5096917724077366,False
2026-04-23,Product Approval,2026-04-24 06:17:00,Naver News,https://www.voakorea.com/a/us-reclassifies-state-licensed-medical-marijuana-as-less-dangerous-drug-20260423/8141824.html,"미국, 주정부 허가 의료용 마리화나 ‘저위험 약물’로 재분류","토드 블랜치 미국 법무장관 대행은 23일, 주정부가 허가하는 의료용 마리화나와 미국 식품의약국(FDA)이 승인한 마리화나 제품을 가장 규제가 엄격한 연방 약물 분류인 제1급(Schedule I)에서 제3급으(Schedule III)로 즉시 재분류하는 명령에 서명했습니다.","토드 블랜치 미국 법무장관 대행은 23일, 주정부가 허가하는 의료용 마리화나와 미국 식품의약국(FDA)이 승인한 마리화나 제품을 가장 규제가 엄격한 연방 약물 분류인 제1급(Schedule I)에서 제3급으(Schedule III)로 즉시 재분류하는 명령에 서명했습니다.",local,2,허가,,,0.5410875191200911,,0.2,0.5410875191200911,5.432567580304383,7.0,4.387612633840638,False
2026-04-23,Reimbursement,2026-04-24 06:02:00,Naver News,https://www.yakup.com/news/index.html?mode=view&cat=11&nid=326412,[약업신문]가짜 약 퇴출하고 건보 효율화… 2026년 약제 재평가 새 판 짠다,"©약업신문=김홍식 기자보건복지부가 건강보험 약제비 지출의 효율성을 높이기 위해 '급여적정성 재평가' 제도를 전면 개편하고, 2026년부터 새로운 평가 체계를 가동한다. 임상적 유용성이 입증되지 않은 약제는 ...","©약업신문=김홍식 기자보건복지부가 건강보험 약제비 지출의 효율성을 높이기 위해 '급여적정성 재평가' 제도를 전면 개편하고, 2026년부터 새로운 평가 체계를 가동한다. 임상적 유용성이 입증되지 않은 약제는 ...",local,2,급여,,,0.43416531548685683,,0.2,0.43416531548685683,4.9834943250447985,7.0,3.639157208407998,False
2026-04-23,Client,2026-04-23 11:50:00,Naver News,https://www.medicaltimes.com/Main/News/NewsView.html?ID=1168404&ref=naverpc,[메디칼타임즈] 표준 요법 넘지 못한 웰리렉 3제 병용…1차 확장 제동,"글로벌 신장암(신세포암) 치료 시장의 판도를 바꾸려던 MSD의 '다중 타깃' 전략에 제동이 걸렸다. 야심 차게 진행해 온 3제 병용요법이 기존 표준 요법의 벽을 넘지 못했기 때문이다.최근 MSD와 에자이는 신세포암(RCC) 환자의1차 치료를 위한 키트루다-렌비마-웰리렉 3제 요법 임상 결과를 공개했다.23일 제약업계에 따르면, 최근 MSD와 에자이는 전이성 투명세포 신세포암(RCC) 환자의 1차 치료를 위해 진행한 임상 3상 'LITESPARK-012' 연구의 주요 결과를 함께 발표했다.이번 연구는 총 1688명의 대규모 환자군을 대상으로 진행됐다. 기존 표준 요법인 '키트루다(펨브롤리주맙)'와 '렌비마(렌바티닙)' 조합에 저산소증유도인자-2 알파(HIF-2α) 억제제 '웰리렉(벨주티판)'를 추가한 3제 요법, 그리고 차세대 CTLA-4 억제제 콰본리맙(Quavonlimab) 복합제 병용요법의 효능을 각각 비교했다.하지만 사전에 계획된 중간 분석(Interim Analysis) 결과, 두 시험군 모두 대조군인 '키트루다-렌비마' 요법 대비 무진행 생존기간(PFS)과 전체 생존기간(OS)에서 통계적으로 유의미한 개선(우월성)을 입증하는 데 실패했다.연구를 공동으로 진행한 MSD와 에자이 측은 이번 결과가 웰리렉의 잠재력 부족보다는, 대조군으로 설정된 기존 표준 요법의 효능이 워낙 강력했기 때문이라고 평가했다.","[메디칼타임즈=문성호 기자]글로벌 신장암(신세포암) 치료 시장의 판도를 바꾸려던 MSD의 '다중 타깃' 전략에 제동이 걸렸다. 야심 차게 진행해 온 3제 병용요법이 기존 표준 요법의 벽을 넘지 못했기 때문이다.최근 MSD와 에자이는 신세포암(RCC) 환자의1차 치료를 위한 키트루다-렌비마-웰리렉 3제 요법 임상 결과를 공개했다.23일 제약업계에 따르면, 최근 MSD와 에자이는 전이성 투명세포 신세포암(RCC) 환자의 1차 치료를 위해 진행한 임상 3상 'LITESPARK-012' 연구의 주요 결과를 함께 발표했다.이번 연구는 총 1688명의 대규모 환자군을 대상으로 진행됐다. 기존 표준 요법인 '키트루다(펨브롤리주맙)'와 '렌비마(렌바티닙)' 조합에 저산소증유도인자-2 알파(HIF-2α) 억제제 '웰리렉(벨주티판)'를 추가한 3제 요법, 그리고 차세대 CTLA-4 억제제 콰본리맙(Quavonlimab) 복합제 병용요법의 효능을 각각 비교했다.하지만 사전에 계획된 중간 분석(Interim Analysis) 결과, 두 시험군 모두 대조군인 '키트루다-렌비마' 요법 대비 무진행 생존기간(PFS)과 전체 생존기간(OS)에서 통계적으로 유의미한 개선(우월성)을 입증하는 데 실패했다.연구를 공동으로 진행한 MSD와 에자이 측은 이번 결과가 웰리렉의 잠재력 부족보다는, 대조군으로 설정된 기존 표준 요법의 효능이 워낙 강력했기 때문이라고 평가했다. 그러면서 양사는 이번 LITESPARK-012 결과가 현재 진행 중인 LITESPARK 임상 프로그램의 다른 연구에는 영향을 미치지 않는다고 강조했다.현재 미국식품의약국(FDA)은 '이전에 치료받은 경험이 있는 특정 진행성 신세포암 환자'를 대상으로 웰리렉와 렌비마 병용요법을 평가한 임상 3상 시험 LITESPARK-011을 근거로 제출된 추가 신약허가신청(sNDA) 2건을 심사 중이며, 오는 10월 4일까지 승인 여부를 결정할 예정이다.MSD 연구소 부사장인 캐서린 피에탄자(Catherine Pietanza) 박사는",local,10,MSD,,,0.7287304115374903,,1.0,0.7287304115374903,4.860667728457459,0.0,8.101112880762432,False
2026-04-23,Client,2026-04-23 12:06:00,Naver News,https://www.dailypharm.com/user/news/337808?REFERER=NP,[데일리팜]한국 R&D 과제 미·중 이어 세계 3위…대웅 58개 '최다',한국 기업의 의약품 파이프라인 비중이 전 세계 3위를 기록하며 글로벌 무대에서 위상이 높아지고 있다. 특히 한국은 개량신약 중심이라는 기존 인식과 달리 전통 제약사를 중심으로 신약개발이 활발하게 이뤄지고 있다는 분석이다. 23일 한국바이오협회 바이오경제연구센터가 글로벌 제약 산업 데이터 분석기업 사이트라인(Citeline) 보고서를 정리한 자료에 따르면 2026년 기준 한국의….,한국 기업의 의약품 파이프라인 비중이 전 세계 3위를 기록하며 글로벌 무대에서 위상이 높아지고 있다. 특히 한국은 개량신약 중심이라는 기존 인식과 달리 전통 제약사를 중심으로 신약개발이 활발하게 이뤄지고 있다는 분석이다. 23일 한국바이오협회 바이오경제연구센터가 글로벌 제약 산업 데이터 분석기업 사이트라인(Citeline) 보고서를 정리한 자료에 따르면 2026년 기준 한국의…,local,10,사노피,,,0.7284603872803408,,1.0,0.7284603872803408,4.859533626577431,0.0,8.099222710962385,False
2026-04-23,Client,2026-04-23 16:48:00,Naver News,http://www.newsprime.co.kr/news/article.html?no=731329,[이BIO] 셀트리온·한독·동아참메드 外,"4월23일 제약·병원 및 바이오업계 소식.◆셀트리온, ADC 신약 3종 투약 돌입…항암 파이프라인 본격화◆일동제약, '리쥬닉' 뷰티 클래스 개최…PDRN 화장품 체험 확대◆'지구의 날' 맞아 한독 임직원 플로깅 활동 전개◆HK이노엔, '그냥드림' 참여…취약계층 지원 확대◆동아참메드, 진단검사의학회 참가…IV..","[프라임경제] 4월23일 제약·병원 및 바이오업계 소식.◆셀트리온, ADC 신약 3종 투약 돌입…항암 파이프라인 본격화◆일동제약, '리쥬닉' 뷰티 클래스 개최…PDRN 화장품 체험 확대◆'지구의 날' 맞아 한독 임직원 플로깅 활동 전개◆HK이노엔, '그냥드림' 참여…취약계층 지원 확대◆동아참메드, 진단검사의학회 참가…IV..",local,10,한독,,,0.7215887507432638,,1.0,0.7215887507432638,4.830672753121707,0.0,8.051121255202846,False
2026-04-23,Product Approval,2026-04-24 06:04:00,Naver News,https://www.monews.co.kr/news/articleView.html?idxno=410857,"아일리아 VS 바비스모, 투여간격·편의성으로 2라운드 본격화 - 메디칼업저버",신생혈관성 연령 관련 황반변성(nAMD) 1차 치료 약제로 자리잡은 바이엘코리아 아일리아(성분명 에플리버셉트)와 한국로슈 바비스모(파.,[메디칼업저버 문윤희 기자] 신생혈관성 연령 관련 황반변성(nAMD) 1차 치료 약제로 자리잡은 바이엘코리아 아일리아(성분명 에플리버셉트)와 한국로슈 바비스모(파,local,2,허가,,,0.39482826464874304,,0.2,0.39482826464874304,4.818278711524721,7.0,3.363797852541201,False
2026-04-23,Product Approval,2026-04-24 06:06:00,Naver News,https://www.bosa.co.kr/news/articleView.html?idxno=3003603,"비상장 제약, 2025년 판관비중 33.56%…전년 수준 - 의학신문",비상장 제약사들의 2025년 판매관리비 비중이 33.48%로 전년 수준을 유지한 것으로 나타났다.일간보사·의학신문이 금융감독원에.,[의학신문·일간보사=김정일 기자] 비상장 제약사들의 2025년 판매관리비 비중이 33.48%로 전년 수준을 유지한 것으로 나타났다.일간보사·의학신문이 금융감독원에,local,2,신약,,,0.39138203162643576,,0.2,0.39138203162643576,4.80380453283103,7.0,3.3396742213850503,False
2026-04-23,Supply Issues,2026-04-23 16:24:00,Naver News,https://new.dailypharm.com/user/news/337832?REFERER=NP,"[데일리팜]식약처, 주사기 제조업체 성심메디칼과 협약…공급 확대 기대","식품의약품안전처(처장 오유경)는 주사기 온라인 유통망 안정화를 위해 23일(목) 주사기 제조업체 (주)성심메디칼과 업무 협약을 체결하고, 의료기기 유통협회와 간담회를 실시했다고 밝혔다. 최근, 주사기 제조업체의 하루 생산물량은 435만개(4월 21일 생산 기준) 이상으로 유지되고 있고 지난 일주일 동안 일일 평균생산량은 전년도 생산실적(일단위환산)과 비교하여 14.1% 증가하고….","식품의약품안전처(처장 오유경)는 주사기 온라인 유통망 안정화를 위해 23일(목) 주사기 제조업체 (주)성심메디칼과 업무 협약을 체결하고, 의료기기 유통협회와 간담회를 실시했다고 밝혔다. 최근, 주사기 제조업체의 하루 생산물량은 435만개(4월 21일 생산 기준) 이상으로 유지되고 있고 지난 일주일 동안 일일 평균생산량은 전년도 생산실적(일단위환산)과 비교하여 14.1% 증가하고…",local,2,품절,,,0.2954133057984859,,0.2,0.2954133057984859,4.8007358843536405,8.0,2.6678931405894013,False
2026-04-23,Product Approval,2026-04-23 22:52:00,Naver News,http://www.hansbiz.co.kr/news/articleView.html?idxno=835022,"삼성바이오에피스, 1Q 실적 ‘순항’…글로벌 전략 통했다","삼성바이오에피스가 글로벌 바이오시밀러 판매 확대와 신제품 출시 효과에 힘입어 올해 1분기 매출과 영업이익 모두 두 자릿수 성장세를 기록하며 안정적인 성장 궤도에 진입했다.24일 삼성에피스홀딩스(대표이사 김경아 사장)의 실적 발표에 따르면 회사는 올해 1분기 매출 4549억원, 영업이익 1440억원을 기록했다. 전년 동기 대비 매출은 543억원(14%), 영업이익은 161억원(13%) 증가했다. 이는 지난 1월 제시한 연간 매출 가이던스인 ‘전년 대비 10% 이상 성장’ 목표를 충족하는 수준으로, 견.","| 서울=한스경제 김동주 기자 | 삼성바이오에피스가 글로벌 바이오시밀러 판매 확대와 신제품 출시 효과에 힘입어 올해 1분기 매출과 영업이익 모두 두 자릿수 성장세를 기록하며 안정적인 성장 궤도에 진입했다.24일 삼성에피스홀딩스(대표이사 김경아 사장)의 실적 발표에 따르면 회사는 올해 1분기 매출 4549억원, 영업이익 1440억원을 기록했다. 전년 동기 대비 매출은 543억원(14%), 영업이익은 161억원(13%) 증가했다. 이는 지난 1월 제시한 연간 매출 가이던스인 ‘전년 대비 10% 이상 성장’ 목표를 충족하는 수준으로, 견",local,2,신제품,,,0.28917740494405636,,0.2,0.28917740494405636,4.774545100765037,8.0,2.6242418346083944,False
2026-04-23,Product Approval,2026-04-23 22:36:00,Naver News,http://www.hansbiz.co.kr/news/articleView.html?idxno=834833,"GC녹십자웰빙, ‘라이넥주’ IV 확대 추진…3상 투여 완료",GC녹십자웰빙은 만성 간질환 환자를 대상으로 한 인태반가수분해물 ‘라이넥주’의 임상 3상에서 모든 대상자 투여를 완료했다고 23일 밝혔다.이번 임상은 국내 18개 의료기관에서 진행됐으며 정맥주사(IV) 용법과 고용량 투여 시 안전성과 유효성을 평가하는 데 초점을 맞췄다.마지막 환자 투여가 마무리됨에 따라 회사는 주요 평가지표에 대한 데이터 분석 단계에 돌입한다. 분석 결과를 기반으로 식품의약품안전처에 허가 변경 신청을 추진할 계획이다.라이넥주는 지난 2005년 출시 이후 만성 간질환 환자의 간기능.,| 서울=한스경제 김동주 기자 | GC녹십자웰빙은 만성 간질환 환자를 대상으로 한 인태반가수분해물 ‘라이넥주’의 임상 3상에서 모든 대상자 투여를 완료했다고 23일 밝혔다.이번 임상은 국내 18개 의료기관에서 진행됐으며 정맥주사(IV) 용법과 고용량 투여 시 안전성과 유효성을 평가하는 데 초점을 맞췄다.마지막 환자 투여가 마무리됨에 따라 회사는 주요 평가지표에 대한 데이터 분석 단계에 돌입한다. 분석 결과를 기반으로 식품의약품안전처에 허가 변경 신청을 추진할 계획이다.라이넥주는 지난 2005년 출시 이후 만성 간질환 환자의 간기능,local,2,용량,,,0.28708313411846587,,0.2,0.28708313411846587,4.765749163297556,8.0,2.609581938829261,False
2026-04-23,BD,2026-04-23 22:10:00,Naver News,http://www.mkhealth.co.kr/news/articleView.html?idxno=78377,의료계 '젊어지는 유방암' 잡자…개인 맞춤형 치료 전략 향상 임상 발표,"우리나라 여성에게 가장 흔한 암은 유방암으로, 전 세계적으로도 여성암 중 가장 높은 발생률을 보인다. 보건복지부 '2022년 국가암등록통계'에 따르면 유방암 환자는 전체 신규 여성암 환자의 약 21.8%인 2만9391명에 달했다. 지난 2024년 기준 유방암 신규 발생 환자수는 2015년 대비 95.7% 증가했다. 문제는 유방암이 대장암이나 폐암·위암 등 다른 암종 보다 40대 이하 젊은층에서의 발병률이 높아지고 있다는 데 있다.","우리나라 여성에게 가장 흔한 암은 유방암으로, 전 세계적으로도 여성암 중 가장 높은 발생률을 보인다. 보건복지부 '2022년 국가암등록통계'에 따르면 유방암 환자는 전체 신규 여성암 환자의 약 21.8%인 2만9391명에 달했다. 지난 2024년 기준 유방암 신규 발생 환자수는 2015년 대비 95.7% 증가했다. 문제는 유방암이 대장암이나 폐암·위암 등 다른 암종 보다 40대 이하 젊은층에서의 발병률이 높아지고 있다는 데 있다. 이에 따라 유방암 환자 조기 발견과 치료 효과 향상, 전이 예방을 위한 임상연구도 활기를 띠고 있다.2",local,10,합병,,,0.7044946408861716,,1.0,0.7044946408861716,4.75887749172192,0.0,7.931462486203201,False
2026-04-23,Client,2026-04-23 16:38:00,Naver News,https://www.medicopharma.co.kr/news/articleView.html?idxno=67871,"아스트라제네카 ‘울토미리스’, IgA 신병증 3상서 단백뇨 감소 확인","아스트라제네카의 C5 보체 억제제 울토미리스(성분명 ravulizumab·라불리주맙)가 IgA 신병증 환자 대상 3상 임상에서 단백뇨 감소 효과를 입증했다.23일 업계에 따르면, 울토미리스는 글로벌 3상 ‘I CAN’ 연구의 사전 계획된 중간 분석에서 질.","[메디코파마뉴스=이호빈 기자] 아스트라제네카의 C5 보체 억제제 울토미리스(성분명 ravulizumab·라불리주맙)가 IgA 신병증 환자 대상 3상 임상에서 단백뇨 감소 효과를 입증했다.23일 업계에 따르면, 울토미리스는 글로벌 3상 ‘I CAN’ 연구의 사전 계획된 중간 분석에서 질",local,10,아스트라제네카,,,0.6991518615516688,,1.0,0.6991518615516688,4.736437818517008,0.0,7.894063030861681,False
2026-04-23,Client,2026-04-22 15:00:00,Naver News,https://weekly.hankooki.com/news/articleView.html?idxno=7160019,"제약사, '보툴리눔 톡신·필러' 등으로 미용의료 확장","제약사들이 필러, 보툴리눔 톡신, 레이저 등 미용 의료기기 및 시술 영역으로 사업을 확장하는 사례가 빠르게 늘고 있다. 이는 기존 의약품 중심 사업 구조에서 벗어나 수익성이 높은 미용 시장으로 진입하려는 전략적 변화로 볼 수 있다. 실제 글로벌 시장에서 미용 의료 분야는 상대적으로 높은 마진과 반복 시술 수요를 기반으로 안정적인 캐시카우(현금창출원)로 평가받고 있다.이 같은 흐름은 신약 개발의 구조적 리스크와 맞물려 가속화되고 있다.","[주간한국 신은주 기자] 제약사들이 필러, 보툴리눔 톡신, 레이저 등 미용 의료기기 및 시술 영역으로 사업을 확장하는 사례가 빠르게 늘고 있다. 이는 기존 의약품 중심 사업 구조에서 벗어나 수익성이 높은 미용 시장으로 진입하려는 전략적 변화로 볼 수 있다. 실제 글로벌 시장에서 미용 의료 분야는 상대적으로 높은 마진과 반복 시술 수요를 기반으로 안정적인 캐시카우(현금창출원)로 평가받고 있다.이 같은 흐름은 신약 개발의 구조적 리스크와 맞물려 가속화되고 있다. 글로벌 제약바이오 산업 분석기관 아이큐비아에 따르면 신약 하나를 시장에 출",local,10,애브비,,,0.6985428792276936,,1.0,0.6985428792276936,4.733880092756313,0.0,7.889800154593855,False
2026-04-23,BD,2026-04-23 11:58:00,Naver News,http://www.newsmp.com/news/articleView.html?idxno=252856,"릴리 올루미언트, 아토피 피부염 증상 빠르게 개선","릴리의 JAK 억제제 올루미언트(성분명 바리시티닙)가 실제 임상현장에서 중증 아토피 피부염 환자의 증상을 빠르게 개선했다는 연구 결과가 보고됐다.21일, Dermatologyand Therapy에는 스페인에서 진행한 후향적 차트 리뷰 연구, DAMA-S Study 연구 결과가 게재됐다.이 연구에는 스페인 내 13개 기관이 참여, 2022년 4월부터 2023년 8월 사이에 올루미언트로 치료를 받은 중등도-중증 아토피피부염 환자를 74명을 후향적으로 관찰했다.연구 대상환자들의 연령은 평균 36.8세로, 54.1%는 여성이었.","[의약뉴스] 릴리의 JAK 억제제 올루미언트(성분명 바리시티닙)가 실제 임상현장에서 중증 아토피 피부염 환자의 증상을 빠르게 개선했다는 연구 결과가 보고됐다.21일, Dermatologyand Therapy에는 스페인에서 진행한 후향적 차트 리뷰 연구, DAMA-S Study 연구 결과가 게재됐다.이 연구에는 스페인 내 13개 기관이 참여, 2022년 4월부터 2023년 8월 사이에 올루미언트로 치료를 받은 중등도-중증 아토피피부염 환자를 74명을 후향적으로 관찰했다.연구 대상환자들의 연령은 평균 36.8세로, 54.1%는 여성이었",local,10,생물학적제제,,,0.6934667303116308,,1.0,0.6934667303116308,4.712560267308849,0.0,7.8542671121814145,False
2026-04-23,Client,2026-04-23 10:02:00,Naver News,https://view.asiae.co.kr/article/2026042310020533211,"에이비엘바이오, AACR 포스터 발표…차별화된 비임상 데이터 공개",이중항체 전문기업 에이비엘바이오는 지난 20일(현지시간) 미국암학회(American Association for Cancer Research·AACR) 연례 학술대회에서 진행된 ABL206(NEOK0.,이중항체 전문기업 에이비엘바이오는 지난 20일(현지시간) 미국암학회(American Association for Cancer Research·AACR) 연례 학술대회에서 진행된 ABL206(NEOK0.,local,10,사노피,,,0.6894769266060097,,1.0,0.6894769266060097,4.6958030917452405,0.0,7.826338486242068,False
2026-04-23,Product Approval,2026-04-24 06:02:00,Naver News,https://www.yakup.com/news/index.html?mode=view&cat=16&nid=326416,"[약업신문]FDA, ‘듀피젠트’ CSU 12세 이상->2~11세 확대",사노피社와 리제네론 파마슈티컬스社가 아토피 피부염‧천식 치료제 ‘듀피젠트’(두필루맙 주사제)가 FDA로부터 적응증 추가를 승인받았다고 22일 공표했다.이에 따라 추가된 ‘듀피젠트’의 적응증은 히스타민...,사노피社와 리제네론 파마슈티컬스社가 아토피 피부염‧천식 치료제 ‘듀피젠트’(두필루맙 주사제)가 FDA로부터 적응증 추가를 승인받았다고 22일 공표했다.이에 따라 추가된 ‘듀피젠트’의 적응증은 히스타민...,local,2,허가,,,0.36533736795115074,,0.2,0.36533736795115074,4.694416945394833,7.0,3.157361575658055,False
2026-04-23,Client,2026-04-22 11:40:00,Naver News,http://www.newsmp.com/news/articleView.html?idxno=252830,"오젬픽ㆍ위고비, 당뇨병 동반 비만 환자 골다골증성 골절 위험 감소","오젬픽과 위고비 등 세마글루티드 제제가 제2형 당뇨병을 동반한 비만 환자에서 골다골증성 골절의 위험을 줄였다는 연구 결과가 보고됐다.20일, Diabetes, Obesity and Metabolism에는 TriNetX 데이터를 토대로 비만 환자 중 일상적인 치료나 엠파글리플로진(제품명 자디앙, 베링거인겔하임) 또는 글리피지드를 투약한 환자와 세마글루티드를 투약한 환자간 골절 발생률을 비교한 모사 연구 결과가 게재됐다.연구진은 각 그룹간 215개 변수를 고려, 제2형 당뇨병을 동반한 환자와 당뇨병이 없는 환자를 구분하고.","[의약뉴스] 오젬픽과 위고비 등 세마글루티드 제제가 제2형 당뇨병을 동반한 비만 환자에서 골다골증성 골절의 위험을 줄였다는 연구 결과가 보고됐다.20일, Diabetes, Obesity and Metabolism에는 TriNetX 데이터를 토대로 비만 환자 중 일상적인 치료나 엠파글리플로진(제품명 자디앙, 베링거인겔하임) 또는 글리피지드를 투약한 환자와 세마글루티드를 투약한 환자간 골절 발생률을 비교한 모사 연구 결과가 게재됐다.연구진은 각 그룹간 215개 변수를 고려, 제2형 당뇨병을 동반한 환자와 당뇨병이 없는 환자를 구분하고",local,10,베링거인겔하임,,,0.6853925031070068,,1.0,0.6853925031070068,4.678648513049429,0.0,7.797747521749048,False
2026-04-23,BD,2026-04-23 21:18:00,Naver News,http://www.newsmp.com/news/articleView.html?idxno=252870,"한양대병원 인체유래물은행, 제온에이아이와 AI 기반 공동연구 업무협약 체결 外","◇한양대병원 인체유래물은행, 제온에이아이와 AI 기반 공동연구 업무협약 체결한양대학교병원 인체유래물은행이 인공지능(AI) 기술을 접목해 병원이 보유한 생체시료와 임상 데이터의 가치 극대화에 나선다.한양대병원 인체유래물은행은 22일 동관 회의실에서 제온에이아이와 임상 데이터 및 생체시료 기반 AI 공동연구 협력을 위한 업무협약을 체결했다.협약식에는 김현영 한양대병원 의학연구원장, 명재경 인체유래물은행장과 서세진 제온에이아이 대표 등 주요 관계자들이 참석했다.이번 협약은 한양대병원의 양질의 생체시료에 제온에이아이의 고도화된 AI 분석.","◇한양대병원 인체유래물은행, 제온에이아이와 AI 기반 공동연구 업무협약 체결한양대학교병원 인체유래물은행이 인공지능(AI) 기술을 접목해 병원이 보유한 생체시료와 임상 데이터의 가치 극대화에 나선다.한양대병원 인체유래물은행은 22일 동관 회의실에서 제온에이아이와 임상 데이터 및 생체시료 기반 AI 공동연구 협력을 위한 업무협약을 체결했다.협약식에는 김현영 한양대병원 의학연구원장, 명재경 인체유래물은행장과 서세진 제온에이아이 대표 등 주요 관계자들이 참석했다.이번 협약은 한양대병원의 양질의 생체시료에 제온에이아이의 고도화된 AI 분석",local,10,합병,,,0.6829557625293614,,1.0,0.6829557625293614,4.6684142026233175,0.0,7.780690337705529,False
2026-04-23,Client,2026-04-21 15:36:00,Naver News,https://www.newspim.com/news/view/20260421001100,유럽간학회 앞두고 초록 공개…국내 MASH 치료제 경쟁력 '주목',"다음 달 열리는 유럽간학회를 앞두고 연구 초록이 공개되면서 국내 제약·바이오 기업들의 발표에 관심이 모이고 있다. MASH(대사이상 관련 지방간염) 치료제 등의 임상 성과가 공개될 예정으로, 유의미한 데이터 확보 여.","[서울=뉴스핌] 김신영 기자 = 다음 달 열리는 유럽간학회를 앞두고 연구 초록이 공개되면서 국내 제약·바이오 기업들의 발표에 관심이 모이고 있다. MASH(대사이상 관련 지방간염) 치료제 등의 임상 성과가 공개될 예정으로, 유의미한 데이터 확보 여",local,10,베링거인겔하임,,,0.6816408307909154,,1.0,0.6816408307909154,4.6628914893218445,0.0,7.7714858155364075,False
2026-04-23,Product Approval,2026-04-23 17:22:00,Naver News,https://www.womentimes.co.kr/news/articleView.html?idxno=102513,"뷰티업계, NAD 시장 성장 본격화...‘복합 처방’ 경쟁으로 확산 - 우먼타임스",글로벌 항노화 시장 확대와 함께 NAD(니코틴아마이드 아데닌 다이뉴클레오타이드) 관련 산업이 빠르게 성장하고 있다. 건강기능식품과 바이오 영역에서 먼저 주목받은.,글로벌 항노화 시장 확대와 함께 NAD(니코틴아마이드 아데닌 다이뉴클레오타이드) 관련 산업이 빠르게 성장하고 있다. 건강기능식품과 바이오 영역에서 먼저 주목받은,local,2,제형,,,0.3496278889252281,,0.2,0.3496278889252281,4.628437133485958,7.0,3.0473952224765966,False
2026-04-23,BD,2026-04-23 06:12:00,Naver News,https://www.hitnews.co.kr/news/articleView.html?idxno=75644,"""CAR-T 기적 이제 시작... '멀티체인' 기술로 한 걸음 더""",기존 CAR-T의 한계로 지적돼온 독성과 지속성 문제를 동시에 개선한 차세대 T세포 치료제가 등장했다.HLB 자회사 베리스모테라퓨틱스는 21일(현지 시각) 미국 샌디에이고에서 열린 '미국 암연구학회(AACR 2026)'에서 차세대 T세포 치료제 플랫폼인 'KIR-CAR'를 통해 기존 CAR-T 치료제의 한계를 넘어서는 고형암 및 혈액암 임상 성과를 공개했다.히트뉴스는 'KIR CAR' 개발과 임상을 이끈 로라 존슨(Laura Johnson) 베리스모테라퓨틱스 최고과학책임자(CSO) 겸 최고운영책임자(COO)와 만나 'KIR-CAR'.,기존 CAR-T의 한계로 지적돼온 독성과 지속성 문제를 동시에 개선한 차세대 T세포 치료제가 등장했다.HLB 자회사 베리스모테라퓨틱스는 21일(현지 시각) 미국 샌디에이고에서 열린 '미국 암연구학회(AACR 2026)'에서 차세대 T세포 치료제 플랫폼인 'KIR-CAR'를 통해 기존 CAR-T 치료제의 한계를 넘어서는 고형암 및 혈액암 임상 성과를 공개했다.히트뉴스는 'KIR CAR' 개발과 임상을 이끈 로라 존슨(Laura Johnson) 베리스모테라퓨틱스 최고과학책임자(CSO) 겸 최고운영책임자(COO)와 만나 'KIR-CAR',local,10,CSO,,,0.6704333716160628,,1.0,0.6704333716160628,4.615820160787463,0.0,7.693033601312439,False
2026-04-23,Client,2026-04-21 06:12:00,Naver News,https://www.hitnews.co.kr/news/articleView.html?idxno=75568,"[AACR] ""암 정복을 향한 헌신으로""... 2만명 몰린 AACR 현장","세계 최대 규모의 암 학술대회인 미국암연구학회 연례학술대회(AACR 2026)가 미국 샌디에이고에서 전 세계 암 연구자들의 뜨거운 관심 속에 막을 올렸다. 올해로 117회를 맞이한 이번 행사는 암 예방과 치료라는 공동의 목표를 실현하기 위해 최신 과학적 성과와 임상적 진전을 공유하는 장으로 자리매김했다.마가렛 포티(Magaret Foti) AACR CEO는 개막 연설에서 ""이번 학회에 현장 참석자 약 2만2500명을 포함해 전 세계 수많은 연구자가 온·오프라인으로 참여하고 있다""며""AACR 연례 회의.","[미국 샌디에이고=김선경 기자] 세계 최대 규모의 암 학술대회인 미국암연구학회 연례학술대회(AACR 2026)가 미국 샌디에이고에서 전 세계 암 연구자들의 뜨거운 관심 속에 막을 올렸다. 올해로 117회를 맞이한 이번 행사는 암 예방과 치료라는 공동의 목표를 실현하기 위해 최신 과학적 성과와 임상적 진전을 공유하는 장으로 자리매김했다.마가렛 포티(Magaret Foti) AACR CEO는 개막 연설에서 ""이번 학회에 현장 참석자 약 2만2500명을 포함해 전 세계 수많은 연구자가 온·오프라인으로 참여하고 있다""며""AACR 연례 회의",local,10,다이이찌산쿄,,,0.6668433911212094,,1.0,0.6668433911212094,4.600742242709079,0.0,7.667903737848465,False
2026-04-23,Client,2026-04-23 14:10:00,Naver News,https://www.yakup.com/news/index.html?mode=view&cat=16&nid=326391,"[약업신문]페네브루티닙, 다발성 경화증 재발 50% 이상 ↓",로슈 그룹의 자회사인 제넨테크社가 임상 3상 ‘FENhance 1 시험’과 ‘FENhance 2 시험’에서 도출된 긍정적이고 새로운 자료를 21일 공개했다.일차적 시험목표가 충족된 것으로 나타난 새 자료를 보면 재발형 다발...,로슈 그룹의 자회사인 제넨테크社가 임상 3상 ‘FENhance 1 시험’과 ‘FENhance 2 시험’에서 도출된 긍정적이고 새로운 자료를 21일 공개했다.일차적 시험목표가 충족된 것으로 나타난 새 자료를 보면 재발형 다발...,local,10,로슈,,,0.6663381738155119,,1.0,0.6663381738155119,4.59862033002515,0.0,7.664367216708583,False
2026-04-23,Client,2026-04-23 06:02:00,Naver News,https://www.yakup.com/news/index.html?mode=view&cat=12&nid=326358,"[약업신문]2025 빅파마 TOP5…순위는 유지, 성장 동력은 교체 ①","글로벌 제약시장이 2025년을 기점으로 구조적 전환 국면에 진입한 것으로 나타났다. 매출 상위 기업 간 순위 변동은 제한적으로 유지되는 가운데, 비만·당뇨 치료제와 같은 특정 치료 영역의 급격한 성장이 산업 ...","글로벌 제약시장이 2025년을 기점으로 구조적 전환 국면에 진입한 것으로 나타났다. 매출 상위 기업 간 순위 변동은 제한적으로 유지되는 가운데, 비만·당뇨 치료제와 같은 특정 치료 영역의 급격한 성장이 산업 ...",local,10,마운자로,,,0.6651512954697173,,1.0,0.6651512954697173,4.593635440972812,0.0,7.6560590682880205,False
2026-04-23,Client,2026-04-23 17:50:00,Naver News,https://www.sedaily.com/article/20036389?ref=naver,"챗GPT로 ‘위고비 후계자’ 만든다…빅테크, 빅파마와 AI 신약 동맹","엔비디아와 구글 등 빅테크 기업들이 제약·바이오 업계와의 협업을 위한 탐색전을 마치고 빅파마와 신약 개발을 위한 AI팩토리 구축에 돌입했다. 오픈 AI와 구글, 엔비디아 등이 빅파마와 손잡고 신약 설계부터 임상까지의 신약 개발 전 과정에 대한 자동화를 추진하고 있는 것.","엔비디아와 구글 등 빅테크 기업들이 제약·바이오 업계와의 협업을 위한 탐색전을 마치고 빅파마와 신약 개발을 위한 AI팩토리 구축에 돌입했다. 오픈 AI와 구글, 엔비디아 등이 빅파마와 손잡고 신약 설계부터 임상까지의 신약 개발 전 과정에 대한 자동화를 추진하고 있는 것",local,10,화이자,,,0.6641478612205709,,1.0,0.6641478612205709,4.589421017126398,0.0,7.649035028543996,False
2026-04-23,BD,2026-04-23 07:42:00,Naver News,https://www.medicopharma.co.kr/news/articleView.html?idxno=67854,'넥스트 키트루다' 경쟁 본격화…이중항체 주목도 커진다,"키트루다 특허만료 시점이 다가오면서 글로벌 제약·바이오 업계의 시선이 이중항체로 모이고 있다. 폐암 임상에서 기존 면역항암제를 앞서는 데이터가 나오자 대형 기술거래가 잇따르고, 차세대 블록버스터 후보군을 둘러싼 경쟁도 한층 달아오르는 양상이다.미래에셋증권.","[메디코파마뉴스=정재노 기자] 키트루다 특허만료 시점이 다가오면서 글로벌 제약·바이오 업계의 시선이 이중항체로 모이고 있다. 폐암 임상에서 기존 면역항암제를 앞서는 데이터가 나오자 대형 기술거래가 잇따르고, 차세대 블록버스터 후보군을 둘러싼 경쟁도 한층 달아오르는 양상이다.미래에셋증권",local,10,특허만료,,,0.6631975035457541,,1.0,0.6631975035457541,4.585429514892167,0.0,7.642382524820278,False
2026-04-23,Client,2026-04-23 09:50:00,Naver News,https://it.chosun.com/news/articleView.html?idxno=2023092160817,글로벌 의약품 파이프라인 첫 역성장… ‘양보다 질’로 재편,글로벌 제약바이오 산업의 연구개발(R&D) 지형이 중대한 변곡점을 맞고 있다. 파이프라인 규모는 사상 처음으로 감소세로 돌아섰지만 그 이면에서는 임상 단계 집중과 바이오의약품 중심으로의 구조적 전환이 동시에 진행되며 ‘양적 팽창’에서 ‘질적 고도화’로의 재편이 본격화되고 있다는 분석이.,글로벌 제약바이오 산업의 연구개발(R&D) 지형이 중대한 변곡점을 맞고 있다. 파이프라인 규모는 사상 처음으로 감소세로 돌아섰지만 그 이면에서는 임상 단계 집중과 바이오의약품 중심으로의 구조적 전환이 동시에 진행되며 ‘양적 팽창’에서 ‘질적 고도화’로의 재편이 본격화되고 있다는 분석이,local,10,사노피,,,0.6552028119528015,,1.0,0.6552028119528015,4.551851810201766,0.0,7.58641968366961,False
2026-04-23,Client,2026-04-24 06:02:00,Naver News,http://www.newsmp.com/news/articleView.html?idxno=252876,"얼비툭스ㆍ벡티빅스, 피부 독성 심할수록 예후 개선","머크의 얼비툭스(성분명 세툭시맙)와 암젠의 벡티비스(성분명 파니투무맙) 등 EGFR 항체로 치료 받는 RAS 야생형(Wild-Type) 대장암 환자에서 피부 독성이 심할수록 예후는 더 개선된다는 연구 결과가 보고됐다.23일, Journal of Clinical Medicine에는 튀르키예 연구진이 EGFR 항체로 치료를 받은 RAS 야생형 전이성 대장암 환자들을 후향적으로 분석한 연구 결과가 게재됐다.연구진은 EGFR 항체 투약 시 가장 흔하게 보고되는 피부 관련 이상반응과 예후의 상관관계를 평가하고자 1차 또는 2차.","[의약뉴스] 머크의 얼비툭스(성분명 세툭시맙)와 암젠의 벡티비스(성분명 파니투무맙) 등 EGFR 항체로 치료 받는 RAS 야생형(Wild-Type) 대장암 환자에서 피부 독성이 심할수록 예후는 더 개선된다는 연구 결과가 보고됐다.23일, Journal of Clinical Medicine에는 튀르키예 연구진이 EGFR 항체로 치료를 받은 RAS 야생형 전이성 대장암 환자들을 후향적으로 분석한 연구 결과가 게재됐다.연구진은 EGFR 항체 투약 시 가장 흔하게 보고되는 피부 관련 이상반응과 예후의 상관관계를 평가하고자 1차 또는 2차",local,10,암젠,,,0.6538668321081406,,1.0,0.6538668321081406,4.546240694854189,0.0,7.577067824756983,False
2026-04-23,BD,2026-04-23 12:36:00,Naver News,http://www.docdocdoc.co.kr/news/articleView.html?idxno=3038571,[AACR 2026] 킵스파마子 알곡바이오 '이데트렉세드' 병용 임상 순항…20조 FRα 시장 정조준,병용 임상에서 초기 유의미한 반응 신호를 확인한 킵스바이오파마(킵스파마)의 자회사 알곡바이오가 FRα 타깃 저분자 항암 파이프라인 '이데트렉세드'를 앞세워 기술이전 전략에 속도를 내고 있다.미국 시애틀에 본사를 둔 알곡바이오는 이달 17~22일까지 미국 샌디에이고에서 열린 미국암연구학회 연례학술대회(AACR Annual Meeting 2026)에서 현재 진행 중인 이데트렉세드 병용임상과 관련해 임상책임자(PI) 및 연구진과의 미팅을 진행하며 개발 전략을 점검했다.특히 영국 암연구소(ICR) 주도로 진행 중인.,[샌디에이고=홍숙 기자] 병용 임상에서 초기 유의미한 반응 신호를 확인한 킵스바이오파마(킵스파마)의 자회사 알곡바이오가 FRα 타깃 저분자 항암 파이프라인 '이데트렉세드'를 앞세워 기술이전 전략에 속도를 내고 있다.미국 시애틀에 본사를 둔 알곡바이오는 이달 17~22일까지 미국 샌디에이고에서 열린 미국암연구학회 연례학술대회(AACR Annual Meeting 2026)에서 현재 진행 중인 이데트렉세드 병용임상과 관련해 임상책임자(PI) 및 연구진과의 미팅을 진행하며 개발 전략을 점검했다.특히 영국 암연구소(ICR) 주도로 진행 중인,local,10,라이선스,,,0.6532303802538295,,1.0,0.6532303802538295,4.543567597066083,0.0,7.572612661776806,False
2026-04-23,BD,2026-04-23 14:36:00,Naver News,https://www.ebn.co.kr/news/articleView.html?idxno=1706385,'미국 관세 장벽' 높다 하되…K바이오의약품엔 '하늘 아래 뫼' - 이비엔(EBN)뉴스센터,"미국의 자국 우선주의 관세 장벽이 높아지는 가운데, 한국산 바이오의약품이 2025년 미국 수입 시장에서 점유율 8위에 진입하며 역대급 성과를 기록했다.23일 한국.","미국의 자국 우선주의 관세 장벽이 높아지는 가운데, 한국산 바이오의약품이 2025년 미국 수입 시장에서 점유율 8위에 진입하며 역대급 성과를 기록했다.23일 한국",local,10,제네릭,,,0.6528001911816095,,1.0,0.6528001911816095,4.541760802962759,0.0,7.569601338271266,False
2026-04-23,Client,2026-04-23 17:14:00,Naver News,https://www.ekoreanews.co.kr/news/articleView.html?idxno=85732,"의료 AI 산업화, 어디까지 왔나 - 이코리아",AI 헬스케어가 단순 연구 보조를 넘어 실제 치료 설계와 의료 시스템 전반으로 확장되며 ‘증명의 단계’에 진입했다. LG의 암 치료용 에이전틱 AI부.,[이코리아] AI 헬스케어가 단순 연구 보조를 넘어 실제 치료 설계와 의료 시스템 전반으로 확장되며 ‘증명의 단계’에 진입했다. LG의 암 치료용 에이전틱 AI부,local,10,릴리,,,0.6525815830445957,,1.0,0.6525815830445957,4.540842648787302,0.0,7.568071081312169,False
2026-04-23,BD,2026-04-23 15:04:00,Naver News,https://www.pinpointnews.co.kr/news/articleView.html?idxno=447977,"자가면역질환 잡는다…한올바이오파마, 신약 개발 총력전","바이오시밀러 테마는 23일 보합권에서 제한적인 상승 흐름을 보이고 있다. 업종 전체로는 0.04% 오르며 방향성 탐색 국면에 들어간 모습이다.글로벌 바이오의약품 시장에서 특허 만료 구간에 진입한 블록버스터 의약품이 늘어나고 있는 점은 구조적 호재지만, 단기적으로는 개별 기업 이슈에 따라 종목별 차별화가 뚜렷하게 나타나고 있다.한국거래소에 따르면 이날 시장에서는 일부 핵심 종목들이 기술 기대감과 실적 개선 기대를 바탕으로 상승 흐름을 주도하고 있다.한올바이오파마는 이날 오후 2시58분 현재 3.83% 상승한 5만100원에 거래중이다.","바이오시밀러 테마는 23일 보합권에서 제한적인 상승 흐름을 보이고 있다. 업종 전체로는 0.04% 오르며 방향성 탐색 국면에 들어간 모습이다.글로벌 바이오의약품 시장에서 특허 만료 구간에 진입한 블록버스터 의약품이 늘어나고 있는 점은 구조적 호재지만, 단기적으로는 개별 기업 이슈에 따라 종목별 차별화가 뚜렷하게 나타나고 있다.한국거래소에 따르면 이날 시장에서는 일부 핵심 종목들이 기술 기대감과 실적 개선 기대를 바탕으로 상승 흐름을 주도하고 있다.한올바이오파마는 이날 오후 2시58분 현재 3.83% 상승한 5만100원에 거래중이다.",local,10,라이선스,,,0.6504246361623217,,1.0,0.6504246361623217,4.5317834718817505,0.0,7.552972453136252,False
2026-04-23,Product Approval,2026-04-24 06:06:00,Naver News,https://www.medipana.com/news/articleView.html?idxno=410103,"제약시장 쉐어, 상장사  64% · 다국적사 22% · 비상장사 14% 차지 - 메디파나뉴스","제약바이오기업들은 지난해 한자릿수 성장세를 유지한 것으로 나타났다.메디파나뉴스가 상장제약사(일부 바이오기업 포함) 89곳, 비상장.","[메디파나뉴스= 최봉선 기자] 제약바이오기업들은 지난해 한자릿수 성장세를 유지한 것으로 나타났다.메디파나뉴스가 상장제약사(일부 바이오기업 포함) 89곳, 비상장",local,2,신약,,,0.32053189528909987,,0.2,0.32053189528909987,4.506233960214219,7.0,2.843723267023699,False
2026-04-23,Product Approval,2026-04-23 20:58:00,Naver News,https://www.ksmnews.co.kr/news/view.php?idx=601991,"케이메디허브, ‘엔도톡신 시험의 과거, 현재 그리고 미래’ 세미나 성료","대구경북첨단의료산업진흥재단(이하 케이메디허브)은 22일 의약생산센터 대회의실에서 ‘엔도톡신 시험의 과거, 현재 그리고 미래’ 세미나를 성황리에 개최했다. 이번 세미나는 의약품 품질 및 미생물 안전성 분야 전반에 대한 이해도 제고를 위해 개최됐다. 현장에는 의약품 생산....","대구경북첨단의료산업진흥재단(이하 케이메디허브)은 22일 의약생산센터 대회의실에서 ‘엔도톡신 시험의 과거, 현재 그리고 미래’ 세미나를 성황리에 개최했다. 이번 세미나는 의약품 품질 및 미생물 안전성 분야 전반에 대한 이해도 제고를 위해 개최됐다. 현장에는 의약품 생산....",local,2,제형,,,0.30987919050274065,,0.2,0.30987919050274065,4.4614926001115105,7.0,2.7691543335191846,False
2026-04-23,Product Approval,2026-04-24 06:02:00,Naver News,https://www.yakup.com/news/index.html?mode=view&cat=11&nid=326417,"[약업신문]인공 면역세포로 혈관 청소한다…한국형 ARPA-H, 바이오헬스 초격차 이끌 혁신","연세암병원 종양내과 김한상 교수, 연세대학교 생화학과 박현우 교수. ©약업신문=김홍식 기자5년 생존율이라는 지표에 갇힌 암 치료의 한계와 여전히 높은 패혈증 사망률을 극복하기 위해, 혈액 속 유...","(왼쪽부터) 연세암병원 종양내과 김한상 교수, 연세대학교 생화학과 박현우 교수. ©약업신문=김홍식 기자5년 생존율이라는 지표에 갇힌 암 치료의 한계와 여전히 높은 패혈증 사망률을 극복하기 위해, 혈액 속 유...",local,2,허가,,,0.30551296218691326,,0.2,0.30551296218691326,4.443154441185036,7.0,2.7385907353083927,False
2026-04-23,Product Approval,2026-04-24 06:04:00,Naver News,https://news.mtn.co.kr/news-detail/2026042313480545999,"대웅제약, 비강 약물 전달 플랫폼 확장 가속","대웅제약이 차세대 약물 전달 기술인 ‘비강분무 플랫폼’ 확장을 본격화한다. 비강 점막은 약물 흡수율이 높아 다양한 치료제 적용에 유리한 경로로 주목받고 있다.24일 제약업계에 따르면 대웅제약은 최근 TOPS(Targeted Olfactory Precision Spray)와 SENT(Safe Enhanced Nasal Transport), NEXO(Neuro-Enhanced compleX Optimization), RIVA(Retention-Integrated Viscosity Architecture) 등 다수의 비강 약물.","대웅제약이 차세대 약물 전달 기술인 ‘비강분무 플랫폼’ 확장을 본격화한다. 비강 점막은 약물 흡수율이 높아 다양한 치료제 적용에 유리한 경로로 주목받고 있다.24일 제약업계에 따르면 대웅제약은 최근 TOPS(Targeted Olfactory Precision Spray)와 SENT(Safe Enhanced Nasal Transport), NEXO(Neuro-Enhanced compleX Optimization), RIVA(Retention-Integrated Viscosity Architecture) 등 다수의 비강 약물",local,2,제형,,,0.2910138626573699,,0.2,0.2910138626573699,4.382258223160954,7.0,2.6370970386015893,False
2026-04-23,Product Approval,2026-04-24 06:02:00,Naver News,https://www.apsk.co.kr/news/articleView.html?idxno=539218,1세부터 췌장 보호 '예방 신약' 나왔는데…여전히 불안한 1형당뇨 아이들 - 메디팜스투데이,"매일 아침, 1형 당뇨 환아를 둔 부모들의 가방 속에는 필통 대신 인슐린 주사기와 혈당 측정기, 그리고 저혈당 쇼크에 대비한 글루카곤 키트가 담긴다.","매일 아침, 1형 당뇨 환아를 둔 부모들의 가방 속에는 필통 대신 인슐린 주사기와 혈당 측정기, 그리고 저혈당 쇼크에 대비한 글루카곤 키트가 담긴다. 학교 현장에",local,2,신약,,,0.28334799946077005,,0.2,0.28334799946077005,4.350061597735234,7.0,2.5834359962253903,False
2026-04-23,Product Approval,2026-04-23 21:18:00,Naver News,http://www.newsmp.com/news/articleView.html?idxno=252871,"근로복지공단, 홍성ㆍ군산의료원과 재활치료 서비스 연계 업무협약 체결 外","◇근로복지공단, 홍성ㆍ군산의료원과 재활치료 서비스 연계 업무협약 체결근로복지공단(이사장 박종길)은 23일 재활인증병원인 충남 홍성의료원, 전북 군산의료원과 산재환자의 재활서비스 접근성 강화 및 지원 범위 확대를 위한 업무협약(MOU)을 체결했다고 밝혔다.공단에 따르면 재활인증병원은 산재환자에게 초기 치료단계부터 체계적인 전문재활치료를 제공함으로써 장해최소화 및 직업복귀 촉진하고자 인력, 시설 등 전문적인 의료재활 기반이 우수하다고 인증 받은 산재보험 의료기관을 뜻한다.공단은 축적해 온 재활치료 역량을 지역 공공의료기관과 공유해 산재.","◇근로복지공단, 홍성ㆍ군산의료원과 재활치료 서비스 연계 업무협약 체결근로복지공단(이사장 박종길)은 23일 재활인증병원인 충남 홍성의료원, 전북 군산의료원과 산재환자의 재활서비스 접근성 강화 및 지원 범위 확대를 위한 업무협약(MOU)을 체결했다고 밝혔다.공단에 따르면 재활인증병원은 산재환자에게 초기 치료단계부터 체계적인 전문재활치료를 제공함으로써 장해최소화 및 직업복귀 촉진하고자 인력, 시설 등 전문적인 의료재활 기반이 우수하다고 인증 받은 산재보험 의료기관을 뜻한다.공단은 축적해 온 재활치료 역량을 지역 공공의료기관과 공유해 산재",local,2,용량,,,0.277084700580186,,0.2,0.277084700580186,4.323755742436782,7.0,2.539592904061302,False
2026-04-23,Product Approval,2026-04-24 06:12:00,Naver News,https://www.hitnews.co.kr/news/articleView.html?idxno=75670,"""DLBCL 완치율 약 20%…빠른 CAR-T 사용이 완치 기대감 높여""",미만성 거대 B세포 림프종(DLBCL)은 진행 속도가 빠른 공격성 혈액암이다. 1차 치료 후에 30~50% 환자가 치료 반응이 나타나지 않거나 재발을 겪으며 완치 가능성도 20%에 불과하다.재발·불응성 환자들에겐 고용량 항암화학요법과 자가조혈모세포이식(ASCT)이 고려되지만 고령이나 상태가 좋지 않은 환자는 치료를 진행하기가 어렵다. 때문에 두 치료법보다 독성이 낮은 치료법에 관한 미충족 수요가 컸다.DLBCL의 완치율을 높일 수 있는 치료제로 언급되는 약물이 CAR-T 치료제다.,미만성 거대 B세포 림프종(DLBCL)은 진행 속도가 빠른 공격성 혈액암이다. 1차 치료 후에 30~50% 환자가 치료 반응이 나타나지 않거나 재발을 겪으며 완치 가능성도 20%에 불과하다.재발·불응성 환자들에겐 고용량 항암화학요법과 자가조혈모세포이식(ASCT)이 고려되지만 고령이나 상태가 좋지 않은 환자는 치료를 진행하기가 어렵다. 때문에 두 치료법보다 독성이 낮은 치료법에 관한 미충족 수요가 컸다.DLBCL의 완치율을 높일 수 있는 치료제로 언급되는 약물이 CAR-T 치료제다. CAR-T 치료제는 환자 신체에 있는 T세포를 채취,local,2,신약,,,0.2580017402745804,,0.2,0.2580017402745804,4.243607309153238,7.0,2.406012181922063,False
2026-04-23,Product Approval,2026-04-23 20:24:00,Naver News,http://www.bizwnews.com/news/articleView.html?idxno=134762,"삼성바이오에피스, 올 1분기 영업익 1440억…전년比 13% 증가","삼성바이오에피스가 올 1분기 미국과 유럽 등 글로벌 시장에서의 맞춤형 상업화 전략을 통해 견고한 성장 기조를 이어갔다. 삼성에피스홀딩스(대표 김경아)는 올해 1분기 매출 4549억원, 영업이익 1440억원을 기록했다고 23일 밝혔다.이는 전년 동기 대비 각각 14%, 13% 증가한 수치로 회사가 지난 1월 매출 가이던스로 제시한 전년 대비 10% 이상 성장 목표에 부합한다.삼성바이오에피스는 이번 실적 성장의 배경으로 글로벌 바이오시밀러 제품 판매, 신규 제품 포트폴리오 확대를 통한 수익 확대 등을 지목했다.","[비즈월드] 삼성바이오에피스가 올 1분기 미국과 유럽 등 글로벌 시장에서의 맞춤형 상업화 전략을 통해 견고한 성장 기조를 이어갔다. 삼성에피스홀딩스(대표 김경아)는 올해 1분기 매출 4549억원, 영업이익 1440억원을 기록했다고 23일 밝혔다.이는 전년 동기 대비 각각 14%, 13% 증가한 수치로 회사가 지난 1월 매출 가이던스로 제시한 전년 대비 10% 이상 성장 목표에 부합한다.삼성바이오에피스는 이번 실적 성장의 배경으로 글로벌 바이오시밀러 제품 판매, 신규 제품 포트폴리오 확대를 통한 수익 확대 등을 지목했다. 구체적으로",local,2,신제품,,,0.2570975632566009,,0.2,0.2570975632566009,4.239809765677724,7.0,2.399682942796206,False
2026-04-23,Reimbursement,2026-04-23 17:29:00,Naver News,https://www.yna.co.kr/view/AKR20260423088100530?input=1195m,비수도권 병원 간호·간병통합서비스 제공 병동 늘린다 | 연합뉴스,정부가 국민의 간병 부담을 줄이기 위해 간호·간병통합서비스 제공 병동을 늘리고 중증 환자 전담병실 제도를 확대...,(서울=연합뉴스) 고유선 기자 = 정부가 국민의 간병 부담을 줄이기 위해 간호·간병통합서비스 제공 병동을 늘리고 중증 환자 전담병실 제도를 확대...,local,2,약가,,,0.34857329536227594,,0.2,0.34857329536227594,4.224007840521559,6.0,3.0400130675359316,False
2026-04-23,Product Approval,2026-04-23 16:18:00,Naver News,http://www.segyebiz.com/newsView/20260423508374?OutUrl=naver,"제닉, 성균관대와 바이오 화장품 소재 개발 맞손…산학 공동 연구 추진",제닉은 성균관대학교 바이오코스메틱스학과 이종성 교수 연구팀과 지난 4월 22일 산학협력 업무협약(MOU)을 체결했다고 23일 밝혔다. 피부과학 연구 역량과 산업 현장 기술을 결합해 차세대 화장품 원료 경쟁력을 높이겠다는 구상이다. 이번 협약에 따라 양 기관은 바이오 기반 화...,제닉은 성균관대학교 바이오코스메틱스학과 이종성 교수 연구팀과 지난 4월 22일 산학협력 업무협약(MOU)을 체결했다고 23일 밝혔다.  피부과학 연구 역량과 산업 현장 기술을 결합해 차세대 화장품 원료 경쟁력을 높이겠다는 구상이다. 이번 협약에 따라 양 기관은 바이오 기반 화...,local,2,제형,,,0.21500717959750415,,0.2,0.21500717959750415,4.0630301543095175,7.0,2.105050257182529,False
2026-04-23,Supply Issues,2026-04-24 06:17:00,Naver News,https://www.yna.co.kr/view/AKR20260423175200530?input=1195m,"""하루 10개씩 쓰는데…"" 간병물품 품귀에 허리휘는 희귀질환자들 | 연합뉴스",희귀질환을 앓는 자녀를 키우는 A씨는 영양 투여 등을 위해 하루에 10개가량 사용하는 20cc 무침 주사기 가...,(서울=연합뉴스) 권지현 기자 = 희귀질환을 앓는 자녀를 키우는 A씨는 영양 투여 등을 위해 하루에 10개가량 사용하는 20cc 무침 주사기 가...,local,2,품절,,,0.39380799871097333,,0.2,0.39380799871097333,4.013993594586088,5.0,3.356655990976813,False
2026-04-23,Therapeutic Areas,2026-04-24 06:34:00,Naver News,https://www.labortoday.co.kr/news/articleView.html?idxno=233978,[매일 2명씩 목숨 잃는데] 국회 노동안전 관련법 개정 또 무산,"‘산재와의 전쟁’을 치를 노동안전 관련 법률 개정안이 몇 달째 국회에서 발목이 잡혀 빛을 보지 못하고 있다. 산재에 취약한 하청노동자에게 작업중지권을 주고, 산재다발 기업에 과징금을 물리는 내용의 법안들이다. 지난 2월 소관 상임위원회를 통과했고 법제사법위원회 문턱을 넘었는데도 번번이 본회의 안건으로 오르지 못했다.산업안전보건법·산재보험법 개정안소관 상임위서 올려도 두 달 넘게 지연 국회는 23일 오후 본회의를 열고 난임치료휴가의 유급기간을 현행 2일에서 4일로 확대하는 남녀고용평등과 일·가정 양립 지원에 관한 법률.","‘산재와의 전쟁’을 치를 노동안전 관련 법률 개정안이 몇 달째 국회에서 발목이 잡혀 빛을 보지 못하고 있다. 산재에 취약한 하청노동자에게 작업중지권을 주고, 산재다발 기업에 과징금을 물리는 내용의 법안들이다. 지난 2월 소관 상임위원회를 통과했고 법제사법위원회 문턱을 넘었는데도 번번이 본회의 안건으로 오르지 못했다.산업안전보건법·산재보험법 개정안소관 상임위서 올려도 두 달 넘게 지연 국회는 23일 오후 본회의를 열고 난임치료휴가의 유급기간을 현행 2일에서 4일로 확대하는 남녀고용평등과 일·가정 양립 지원에 관한 법률(남녀고용평등법)",local,2,난임,,,0.37263534240893353,,0.2,0.37263534240893353,3.9250684381175205,5.0,3.2084473968625344,False
2026-04-23,Supply Issues,2026-04-23 12:20:00,Naver News,http://www.docdocdoc.co.kr/news/articleView.html?idxno=3038617,"이주영 ""껌 한 통보다 싼 약값에 생산 중단""…필수약 품절 직격","필수 의약품과 의료기기의 만성적인 품절 사태가 임계점에 도달했다는 지적이 정치권에서 나왔다. 비현실적인 약가 정책이 국민의 생존권을 위협하고 있다며 정부의 근본적인 대책 마련을 촉구했다.국회 보건복지위원회 소속 개혁신당 이주영 의원은 23일 여의도에서 열린 최고위원회의에서 ""영양제도 다이어트 보조제도 넘쳐나는데 경련을 멈추게 하거나 호흡을 보조하는 약과 기구는 없다""며 국내 필수 의료물품 공급 체계 모순을 정면으로 비판했다.이 의원은 특히 응급실에서 경련 환자에게 처방하는 필수 약제인 '아티반(성분명 로라제팜)'의 공급 중단 사태를.","필수 의약품과 의료기기의 만성적인 품절 사태가 임계점에 도달했다는 지적이 정치권에서 나왔다. 비현실적인 약가 정책이 국민의 생존권을 위협하고 있다며 정부의 근본적인 대책 마련을 촉구했다.국회 보건복지위원회 소속 개혁신당 이주영 의원은 23일 여의도에서 열린 최고위원회의에서 ""영양제도 다이어트 보조제도 넘쳐나는데 경련을 멈추게 하거나 호흡을 보조하는 약과 기구는 없다""며 국내 필수 의료물품 공급 체계 모순을 정면으로 비판했다.이 의원은 특히 응급실에서 경련 환자에게 처방하는 필수 약제인 '아티반(성분명 로라제팜)'의 공급 중단 사태를",local,2,품귀,,,0.3422217364860012,,0.2,0.3422217364860012,3.797331293241205,5.0,2.995552155402008,False
2026-04-23,Therapeutic Areas,2026-04-23 18:54:00,Naver News,https://www.sportschosun.com/life/2026-04-23/202604230100160880010411,"""만성골수성백혈병 표적항암제 효과 높이는 단백질 역할 규명""",만성골수성백혈병 치료 효과를 높일 수 있는 새로운 단서가 국내 연구진에 의해 밝혀졌다.백혈병 세포 안에서 일어나는 미세한 단백질 합성 과정의 변화가 치료반응과 밀접하게 관련돼 있다는 사실이 규명되면서 향후 새로운 치료전략 개발에 대한 기대가 높아지고 있다.,만성골수성백혈병 치료 효과를 높일 수 있는 새로운 단서가 국내 연구진에 의해 밝혀졌다.백혈병 세포 안에서 일어나는 미세한 단백질 합성 과정의 변화가 치료반응과 밀접하게 관련돼 있다는 사실이 규명되면서 향후 새로운 치료전략 개발에 대한 기대가 높아지고 있다.,local,2,항암제,,,0.281649583625719,,0.2,0.281649583625719,3.5429282512280196,5.0,2.571547085380033,False
2026-04-23,Therapeutic Areas,2026-04-23 23:20:00,Naver News,https://medicalworldnews.co.kr/news/view.php?idx=1510974287,"[4월 23일 병원계 이모저모③]강남성심, 의정부을지대, 전북대병원 등 ...","양 기관은 이번 협약을 통해 ▲난임 치료부터 고위험 임신, 분만, 신생아 치료까지 이어지는 연속진료 체계... 양 기관은 이번 협약을 통해 난임 시술 이후 고위험 임신으로 이어질 수 있는 산모에게 보다 체계적이고... ","양 기관은 이번 협약을 통해 ▲난임 치료부터 고위험 임신, 분만, 신생아 치료까지 이어지는 연속진료 체계... 양 기관은 이번 협약을 통해 난임 시술 이후 고위험 임신으로 이어질 수 있는 산모에게 보다 체계적이고... ",local,2,난임,,,0.24785139940480547,,0.2,0.24785139940480547,3.4009758775001826,5.0,2.334959795833638,False
2026-04-23,Product Approval,2026-04-24 05:30:00,Naver News,https://www.medicaltimes.com/Main/News/NewsView.html?ID=1168405&ref=naverpc,"[메디칼타임즈] CKM 증후군 시대, 리바로하이 통합관리 새로운 기준될까","최근 심장(Cardiovascular), 신장(Kidney), 대사 질환(Metabolic)을 통합적으로 관리하는 'CKM 증후군' 개념이 핵심 화두로 부상하는 가운데 '리바로하이'가 최적의 대안으로 제시되고 있다. 지난 4월 18일 열린 '2026 대한심장학회 춘계심혈관통합학술대회' 런천 심포지엄에서 의정부성모병원 안효석 교수(순환기내과)는 CKM 증후군 관리의 중요성과 함께 3제 복합제 '리바로하이'의 임상적 가치를 조명했다.현재 대한심장학회 의료정보위원이자 한국지질동맥경화학회 간행위원인 안 교수는.","[메디칼타임즈=이지현 기자] 최근 심장(Cardiovascular), 신장(Kidney), 대사 질환(Metabolic)을 통합적으로 관리하는 'CKM 증후군' 개념이 핵심 화두로 부상하는 가운데 '리바로하이'가 최적의 대안으로 제시되고 있다. 지난 4월 18일 열린 '2026 대한심장학회 춘계심혈관통합학술대회' 런천 심포지엄에서 의정부성모병원 안효석 교수(순환기내과)는 CKM 증후군 관리의 중요성과 함께 3제 복합제 '리바로하이'의 임상적 가치를 조명했다.현재 대한심장학회 의료정보위원이자 한국지질동맥경화학회 간행위원인 안 교수는",local,2,용량,,,0.307417741309391,,0.2,0.307417741309391,1.6511545134994419,0.0,2.7519241891657367,False
2026-04-23,Product Approval,2026-04-23 17:54:00,Naver News,https://economist.co.kr/article/view/ecn202604230071,"셀트리온, ADC 신약 3종 ‘투약 개시’…임상 본궤도 진입",셀트리온이 항체·약물접합체(ADC) 기반 항암 신약 후보물질 3종의 환자 투약을 시작하며 신약 개발이 본격적인 궤도에 올랐다.,셀트리온이 항체·약물접합체(ADC) 기반 항암 신약 후보물질 3종의 환자 투약을 시작하며 신약 개발이 본격적인 궤도에 올랐다. 바이오시밀러(바이,local,2,적응증,,,0.2851909614019781,,0.2,0.2851909614019781,1.5578020378883077,0.0,2.5963367298138462,False
2026-04-23,Product Approval,2026-04-24 06:02:00,Naver News,https://www.yakup.com/news/index.html?mode=view&cat=12&nid=326423,[약업신문][2026 기대되는 신약] ⑤ 건선 치료제 ‘이코트로킨라’,"기자가 AI를 활용해 만든 이코트로킨라 제품 이미지 상상도.면역질환 치료 시장이 생물학적 제제 중심에서 경구 소분자 치료제로 확장되는 가운데, 이코트로킨라(Icotrokinra)가 차세대 핵심 파이프라인으로 부상...","기자가 AI를 활용해 만든 이코트로킨라 제품 이미지 상상도.면역질환 치료 시장이 생물학적 제제 중심에서 경구 소분자 치료제로 확장되는 가운데, 이코트로킨라(Icotrokinra)가 차세대 핵심 파이프라인으로 부상...",local,2,허가,,,0.266544358162166,,0.2,0.266544358162166,1.479486304281097,0.0,2.4658105071351617,False
