date,category,published_date,site_name,url,title,summary,content,region,score_ag,keywords,reward_x,rl_score,lgbm_score,reward_y,strategic_score,lgbm_component,strategic_score_norm,final_score,is_top20
2026-09-10,Distribution,2026-09-11 07:02:00,Naver News,https://www.thebell.co.kr/free/content/ArticleView.asp?key=202609100743485980105332,[더벨][바로팜 IPO] 가파른 매출 증가 배경 '유통업'…플랫폼 정체성 입...,플랫폼 부문은 온라인 약국 통합 거래소 '바로 팜' 운영 사업이다. 복수의 도매업체가 보유한 재고와 가격을 한 화면에서 비교하고 통합 주문할 수 있도록 하는 플랫폼으로 발생한 거래에 대한 중개수수료가 주요... ,플랫폼 부문은 온라인 약국 통합 거래소 '바로 팜' 운영 사업이다. 복수의 도매업체가 보유한 재고와 가격을 한 화면에서 비교하고 통합 주문할 수 있도록 하는 플랫폼으로 발생한 거래에 대한 중개수수료가 주요... ,local,10,바로팜,,,0.9037740339201583,,13.0,9.037740339201584,5.909090909090909,7.7862805671573145,True
2026-09-10,BD,2026-09-09 10:30:00,Naver News,https://news.bizwatch.co.kr/article/healthcare/2026/09/08/0025,"빅파마-K제약 '판매 동맹' 확산…똘똘한 품목, 실적 바꾼다",글로벌 빅파마의 대형 도입 품목이 국내 전통 제약사들의 실적을 이끄는 또 하나의 축으로 자리 잡고 있다. 글로벌 제약사는 전국 병·의원을 아우르는 국내사의 탄탄한 영업망을 빌려 초기 시장 침투력을 ...,글로벌 빅파마의 대형 도입 품목이 국내 전통 제약사들의 실적을 이끄는 또 하나의 축으로 자리 잡고 있다. 글로벌 제약사는 전국 병&middot;의원을 아우르는 국내사의 탄탄한 영업망을 빌려 초기 시장 침투력을 ...,local,10,코프로모션,,,0.8736223878785753,,13.0,8.736223878785752,5.909090909090909,7.605370690907815,True
2026-09-10,Distribution,2026-09-10 06:00:00,Naver News,https://www.bosa.co.kr/news/articleView.html?idxno=3011744,"""백신 못 구하면 거래 끊겠다""… 독감백신 '영업 무기' 됐다 - 의학신문",2026-2027 절기 독감(인플루엔자) 백신 본격 접종 시즌을 앞두고 개원가와 의약품 유통업계가 극심한 '백신 확보 전쟁'에 휩.,[의학신문·일간보사=김상일 기자]2026-2027 절기 독감(인플루엔자) 백신 본격 접종 시즌을 앞두고 개원가와 의약품 유통업계가 극심한 '백신 확보 전쟁'에 휩,local,10,품귀,,,0.8674131705767189,,13.0,8.674131705767188,5.909090909090909,7.568115387096677,True
2026-09-10,BD,2026-09-09 07:02:00,Naver News,https://www.thebell.co.kr/free/content/ArticleView.asp?key=202609081739247680108257,"[더벨]아주약품, 안구건조증 치료제 식약처 허가 '44호' 국산 신약",이미 아주약품은 작년 품목허가 신청 이후 자사 영업망과 코프로모션을 동시에 가동하는 판매 전략을... 아주약품이 직접 영업을 담당하는 동시에 아주홀딩스가 가진 판매권으로 다른 제약사와의 코프로모션도 추진해... ,이미 아주약품은 작년 품목허가 신청 이후 자사 영업망과 코프로모션을 동시에 가동하는 판매 전략을... 아주약품이 직접 영업을 담당하는 동시에 아주홀딩스가 가진 판매권으로 다른 제약사와의 코프로모션도 추진해... ,local,10,코프로모션,,,0.8663080786028603,,13.0,8.663080786028603,5.909090909090909,7.561484835253525,True
2026-09-10,Client,2026-09-07 12:10:00,Naver News,https://www.hitnews.co.kr/news/articleView.html?idxno=78932,새 품목들 상반기 성과 거둬... 국내사 캐시카우 육성 품목 모두 선전,"상반기 국내 의약품 시장에 데뷔한 처방의약품 가운데 제일약품 슈퍼항생제 '페트로자'로 두각을 나타났다. 골관절염 치료제 '조인스에프'와 태준제약의 '마이오텍트' 등 특정 층을 노리는 약들도 선전했다.이런 가운데 '리바로젯' 제네릭으로 시장에서 두각을 드러냈던 '페바로젯' 처럼 대박을 노리는 피타바스타틴 계열 복합제 등 캐시카우가 될 만한 품목이 상위권 순위를 차지했다.가 의약품 시장조사기관 아이큐비아의 2025~2026년 상반기 처방의약품 유통실적을 제품론칭일 기준으로 분석한 결과, 각 연도 1~6월 출시된 전문의약품 상.","상반기 국내 의약품 시장에 데뷔한 처방의약품 가운데 제일약품 슈퍼항생제 '페트로자'로 두각을 나타났다. 골관절염 치료제 '조인스에프'와 태준제약의 '마이오텍트' 등 특정 층을 노리는 약들도 선전했다.이런 가운데 '리바로젯' 제네릭으로 시장에서 두각을 드러냈던 '페바로젯' 처럼 대박을 노리는 피타바스타틴 계열 복합제 등 캐시카우가 될 만한 품목이 상위권 순위를 차지했다.가 의약품 시장조사기관 아이큐비아의 2025~2026년 상반기 처방의약품 유통실적을 제품론칭일 기준으로 분석한 결과, 각 연도 1~6월 출시된 전문의약품 상",local,10,아스텔라스,,,0.906006699218295,,10.0,9.06006699218295,4.545454545454545,7.254222013491588,True
2026-09-10,BD,2026-09-06 07:32:00,Naver News,https://www.theguru.co.kr/news/article.html?no=106655,[K바이오 신약대전] '박카스' 동아제약 잊어라…'OTC·더마·글로벌'로 체질전환,"동아제약이 수십 년간 기업의 상징이었던 '박카스' 중심의 내수 제약사 틀을 깨고 체질 재편에 속도를 내고 있다. 일반의약품(OTC)과 더마코스메틱, 글로벌 영역으로 포트폴리오를 다각화하며 고부가가치 헬스케어 기업으로 거듭나는 모습이다. 캐시카우인 박카스의 젊은 층 접점 확대와 더불어 피부 솔루션, 글로벌 브랜드 도입 등이 맞물리며 외.","[더구루=진유진 기자] 동아제약이 수십 년간 기업의 상징이었던 '박카스' 중심의 내수 제약사 틀을 깨고 체질 재편에 속도를 내고 있다. 일반의약품(OTC)과 더마코스메틱, 글로벌 영역으로 포트폴리오를 다각화하며 고부가가치 헬스케어 기업으로 거듭나는 모습이다. 캐시카우인 박카스의 젊은 층 접점 확대와 더불어 피부 솔루션, 글로벌 브랜드 도입 등이 맞물리며 외",local,10,오펠라,,,0.8787559713212079,,10.0,8.78755971321208,4.545454545454545,7.0907176461090655,True
2026-09-10,Client,2026-09-11 06:06:00,Naver News,https://www.medipana.com/news/articleView.html?idxno=417437,"현대약품, 거점 물류 추진…중소 도매, '마진 축소' 우려 - 메디파나뉴스","현대약품이 온라인몰 운영과 거점 물류 위탁을 추진하는 것으로 알려지면서 의약품 유통업계가 거래 구조 변화에 촉각을 곤두세우고 있다. 기존 도매 거래를 유지하더라도 거래금액에 따라 마진을 차등 적용하면, 중소 도매의 수익성이 약화되고 대형 업체로 거래가 집중될 수 있다는 우려다. 10일 업계에 따르면, 현대약품은 내년 1월부터 온라인몰과 함께 거점 여러 곳을.","현대약품이 온라인몰 운영과 거점 물류 위탁을 추진하는 것으로 알려지면서 의약품 유통업계가 거래 구조 변화에 촉각을 곤두세우고 있다. 기존 도매 거래를 유지하더라도 거래금액에 따라 마진을 차등 적용하면, 중소 도매의 수익성이 약화되고 대형 업체로 거래가 집중될 수 있다는 우려다. 10일 업계에 따르면, 현대약품은 내년 1월부터 온라인몰과 함께 거점 여러 곳을",local,10,현대약품,,,0.8733264154253165,,10.0,8.733264154253165,4.545454545454545,7.058140310733717,True
2026-09-10,Client,2026-09-10 12:46:00,Naver News,https://www.medicaltimes.com/Main/News/NewsView.html?ID=1170636&ref=naverpc,[메디칼타임즈] 경구용 신약의 이유 있는 비급여 직행,"최근 국내 제약바이오 시장을 관통하는 묘한 풍경이 있다. 글로벌 혁신 신약들이 환자들의 치료 접근성을 높이기 위해 거쳐야 할 관문인 '건강보험 급여' 논의는 뒷전으로 미뤄둔 채, 잇따라 '비급여' 시장으로 직행하고 있는 현상이다.실제로 편두통 치료 영역에서는 애브비의 '아큅타(아토제판트)'에 이어 화이자의 '너텍(리메제판트)'까지 경구용 신약들이 급여 논의는 제쳐두고 비급여로 국내 임상 현장을 빠르게 공략하고 있다. 칼시토닌 유전자 관련 펩타이드(CGRP) 수용체 길항제 계열의 이들 경구용 신약은 복용 편의성 측면에서 강점을 지녔지만, 온전히 경제적 부담은 환자가 안고 가는 형국이다.여기에 올해 하반기 국내 출시가 예상되는 에자이의 불면증 신약 '데이비고(레보렉산트)' 역시 마찬가지 행보가 예고되어 있다.이 같은 흐름은 신경질환에만 국한되지 않는다.","[메디칼타임즈=문성호 기자]최근 국내 제약바이오 시장을 관통하는 묘한 풍경이 있다. 글로벌 혁신 신약들이 환자들의 치료 접근성을 높이기 위해 거쳐야 할 관문인 '건강보험 급여' 논의는 뒷전으로 미뤄둔 채, 잇따라 '비급여' 시장으로 직행하고 있는 현상이다.실제로 편두통 치료 영역에서는 애브비의 '아큅타(아토제판트)'에 이어 화이자의 '너텍(리메제판트)'까지 경구용 신약들이 급여 논의는 제쳐두고 비급여로 국내 임상 현장을 빠르게 공략하고 있다. 칼시토닌 유전자 관련 펩타이드(CGRP) 수용체 길항제 계열의 이들 경구용 신약은 복용 편의성 측면에서 강점을 지녔지만, 온전히 경제적 부담은 환자가 안고 가는 형국이다.여기에 올해 하반기 국내 출시가 예상되는 에자이의 불면증 신약 '데이비고(레보렉산트)' 역시 마찬가지 행보가 예고되어 있다.이 같은 흐름은 신경질환에만 국한되지 않는다. 노바티스의 만성 두드러기 신약 '랩시도(레미브루티닙)' 또한 상대적으로 고가의 비급여로 출시를 강행한 뒤, 현재로서는",local,10,화이자,,,0.9035801070175545,,8.0,9.035801070175545,3.6363636363636367,6.876026096650782,True
2026-09-10,Distribution,2026-09-08 16:29:00,Naver News,https://www.hankyung.com/article/202609081765i,"케어캠프, 상반기 매출 7292억·영업익 128억…역대 최대","지오영 그룹 케어캠프는 올해 상반기 매출 7292억원, 영업이익 128억원을 기록했다고 8일 밝혔다. 전년 동기 대비 매출은 15.9%, 영업이익은 29.1% 증가했다. 반기 기준 최대다. 올해 상반기 상급 종합병원 중증 수술이 늘면서 수술 관련 품목 수요가 증가했다. 사업개발(BD) 부문도 기존 거래처와 견고한 협력을 바탕으로 꾸준한 성장세를 유지했다. 반기순이익은 84억원으로 전년 동기 대비 53.8% 증가했다.","지오영 그룹 케어캠프는 올해 상반기 매출 7292억원, 영업이익 128억원을 기록했다고 8일 밝혔다. 전년 동기 대비 매출은 15.9%, 영업이익은 29.1% 증가했다. 반기 기준 최대다.
올해 상반기 상급 종합병원 중증 수술이 늘면서 수술 관련 품목 수요가 증가했다. 사업개발(BD) 부문도 기존 거래처와 견고한 협력을 바탕으로 꾸준한 성장세를 유지했다. 반기순이익은 84억원으로 전년 동기 대비 53.8% 증가했다.
조선혜 지오영 그룹 회장은 ""이번 실적은 케어캠프가 병원 구매·물류라는 분야를 하나의 전문 산업으로 성장 시킨 결과""라며 ""병원이 환자 진료라는 본연의 역할에 온전히 집중할 수 있는 환경을 만들겠다""고 했다.
이지현 기자 bluesky@hankyung.com",local,10,지오영,,,0.7798137064986538,,12.0,7.798137064986538,5.454545454545454,6.860700420810104,True
2026-09-10,Client,2026-09-04 17:59:00,Naver News,http://dream.kotra.or.kr/kotranews/cms/news/actionKotraBoardDetail.do?SITE_NO=3&MENU_ID=80&CONTENTS_NO=2&bbsGbn=242&bbsSn=242&pNttSn=243751,"중국 의약품 집중구매 제도, 융통성 있는 변화와 향후 전망",'최저가 우선'이던 중국 의약품 집중구매 제도가 올해 제12차에서 약정구매량 미할당 낙찰 등 새 제도를 도입하며 개편됐다. 그동안 참여가 저조했던 오리지널 의약품 1.,&#39;최저가 우선&#39;이던 중국 의약품 집중구매 제도가 올해 제12차에서 약정구매량 미할당 낙찰 등 새 제도를 도입하며 개편됐다. 그동안 참여가 저조했던 오리지널 의약품 1,local,10,애보트,,,0.834048771173528,,10.0,8.34048771173528,4.545454545454545,6.822474445222986,True
2026-09-10,BD,2026-09-10 11:08:00,Naver News,http://www.the-biz.co.kr/news/articleView.html?idxno=727642,제약바이오 해외계약 잇단 종료… 현지 허가에 발목 - THE Biz(더비즈),=정윤식 기자] 국내 제약·바이오기업들이 해외 진출을 위해 체결한 공급·기술수출 계약을 잇달아 종료했다. 현지 품목허가 지연과 계약 상대방.,[THE Biz(더비즈)=정윤식 기자] 국내 제약·바이오기업들이 해외 진출을 위해 체결한 공급·기술수출 계약을 잇달아 종료했다. 현지 품목허가 지연과 계약 상대방,local,10,메나리니,,,0.8286322661507044,,10.0,8.286322661507043,4.545454545454545,6.789975415086044,True
2026-09-10,Client,2026-09-11 05:12:00,Naver News,https://www.hitnews.co.kr/news/articleView.html?idxno=79058,"[영상] 비보존제약, '어나프라주' 앞세워 실적 반등 노리나?","비보존제약이 첫 신약 ‘어나프라주’를 앞세워 신약 사업 확대에 나섭니다.지난해 10월 국내에 출시된 어나프라주는 올해 6월까지 누적 55억원의 매출을 올렸는데요.비보존이 15년에 걸쳐 개발한 어나프라주는 수술 후 발생하는 중등도 이상의 급성 통증을 줄이는 비마약성 진통제로, 2024년 12월 식품의약품안전처 허가를 받으며 국내 38번째 신약에 이름을 올렸습니다.현재 삼성서울병원과 신촌세브란스병원 등 상급종합병원에 공급되고 있으며, 의료기관 규모에 따라 판매 협력사도 나눴습니다.대형병원은 한국다이이찌산쿄, 중소형 의료기관은 한미약품이.","비보존제약이 첫 신약 ‘어나프라주’를 앞세워 신약 사업 확대에 나섭니다.지난해 10월 국내에 출시된 어나프라주는 올해 6월까지 누적 55억원의 매출을 올렸는데요.비보존이 15년에 걸쳐 개발한 어나프라주는 수술 후 발생하는 중등도 이상의 급성 통증을 줄이는 비마약성 진통제로, 2024년 12월 식품의약품안전처 허가를 받으며 국내 38번째 신약에 이름을 올렸습니다.현재 삼성서울병원과 신촌세브란스병원 등 상급종합병원에 공급되고 있으며, 의료기관 규모에 따라 판매 협력사도 나눴습니다.대형병원은 한국다이이찌산쿄, 중소형 의료기관은 한미약품이",local,10,다이이찌산쿄,,,0.8260528644923351,,10.0,8.260528644923351,4.545454545454545,6.774499005135829,True
2026-09-10,Supply Issues,2026-09-09 15:20:00,Naver News,https://www.ngetnews.com/news/articleView.html?idxno=553195,"[단독] 한미약품, 여드름약 시장 출사표…20년 독점 '아젤라산' 공략",레오파마의 여드름 치료제 '아젤리아크림'이 사실상 독점해 온 국내 아젤라산 시장에 한미약품이 뛰어든다. GC녹십자가 먼저 제네릭 허가를 받아 4분기 출시를 준비하는 가운데 한미약품까지 가세하면서 수입 제품 중심이던 시장은 국내 생산 제네릭을 포함한 경쟁 체제로 바뀔 전망이다.9일 업계.,레오파마의 여드름 치료제 '아젤리아크림'이 사실상 독점해 온 국내 아젤라산 시장에 한미약품이 뛰어든다. GC녹십자가 먼저 제네릭 허가를 받아 4분기 출시를 준비하는 가운데 한미약품까지 가세하면서 수입 제품 중심이던 시장은 국내 생산 제네릭을 포함한 경쟁 체제로 바뀔 전망이다.9일 업계,local,2,품절,,,0.8861089949539606,,8.0,8.861089949539606,3.6363636363636367,6.771199424269218,True
2026-09-10,Client,2026-09-10 17:06:00,Naver News,https://www.sentv.co.kr/article/view/sentv202609100207,"GLP-1 비만약 대부분 비급여…""안전성 데이터도 접근성도 없다""","GLP-1 비만치료제가 체중 감량을 넘어 심혈관·신장 질환 위험을 낮추는 효과까지 입증했지만, 국내에서는 대부분 비급여로 쓰이면서 안전성 모니.","GLP-1 비만치료제가 체중 감량을 넘어 심혈관·신장 질환 위험을 낮추는 효과까지 입증했지만, 국내에서는 대부분 비급여로 쓰이면서 안전성 모니",local,10,마운자로,,,0.8176024668398442,,10.0,8.176024668398442,4.545454545454545,6.723796619220884,True
2026-09-10,BD,2026-09-09 06:02:00,Naver News,https://www.yakup.com/news/index.html?mode=view&cat=12&nid=332270,"[약업신문]CSO 수수료 70%, 합법?… 제약사 생명줄 산정기준서가 가른다",AI생셩 이미지의약품 판촉영업자(CSO)에게 지급하는 수수료율을 두고 제약업계에 퍼져 있는 이른바 '매출 70% 합법설'은 법적 근거가 없는 맹신이라는 강력한 경고가 나왔다. 현재 약사법상 CSO 수수료에 대해 “...,AI생셩 이미지의약품 판촉영업자(CSO)에게 지급하는 수수료율을 두고 제약업계에 퍼져 있는 이른바 '매출 70% 합법설'은 법적 근거가 없는 맹신이라는 강력한 경고가 나왔다. 현재 약사법상 CSO 수수료에 대해 “...,local,10,판촉영업자,,,0.9035686001989398,,7.0,9.035686001989397,3.1818181818181817,6.6941388739209104,True
2026-09-10,BD,2026-09-04 16:08:00,Naver News,https://www.sisajournal-e.com/news/articleView.html?idxno=423520,종근당·보령 엇갈린 수익성···'공동판매 정리' vs '항암제 성장' 승부수 - 시사저널e,HK이노엔의 국산 P-CAB(칼륨경쟁적 위산분비 억제제) 계열 위식도역류질환 치료제 '케이캡정' 공동판매를 차례로 맡았던 종근당.,[시사저널e=이상구 의약전문기자] HK이노엔의 국산 P-CAB(칼륨경쟁적 위산분비 억제제) 계열 위식도역류질환 치료제 '케이캡정' 공동판매를 차례로 맡았던 종근당,local,10,오가논,,,0.719919701737077,,13.0,7.19919701737077,5.909090909090909,6.683154574058825,True
2026-09-10,BD,2026-09-11 05:12:00,Naver News,https://www.hitnews.co.kr/news/articleView.html?idxno=79056,케렌디아 약가 내렸는데 표시가격 그대로… 후발사 첩보전 한창,후발약 개발이 준비 중인 바이엘 '케렌디아'(성분 피네레논)가 약가유연계약제를 적용하면서 오리지널의 '실제가격'을 파악하는 일이 개발사의 숙제로 떠올랐다. 약가 사후관리 과정에서 표시가격과 실제가격을 다르게 하는 유연계약제를 선택하는 오리지널이 늘어날 경우 후발약의 시장성과 목표가격을 판단하기 위한 정보 확보도 개발 경쟁의 한 축이 될 전망이다.10일 관련업계에 따르면 바이엘코리아 만성콩팥병·심부전 치료제 케렌디아정10mg과 20mg은 사용량-약가연동 협상 '유형 가' 대상에 포함돼 지난 1일부터 약가가 인하됐다.바이엘은 이번 협상.,후발약 개발이 준비 중인 바이엘 '케렌디아'(성분 피네레논)가 약가유연계약제를 적용하면서 오리지널의 '실제가격'을 파악하는 일이 개발사의 숙제로 떠올랐다. 약가 사후관리 과정에서 표시가격과 실제가격을 다르게 하는 유연계약제를 선택하는 오리지널이 늘어날 경우 후발약의 시장성과 목표가격을 판단하기 위한 정보 확보도 개발 경쟁의 한 축이 될 전망이다.10일 관련업계에 따르면 바이엘코리아 만성콩팥병·심부전 치료제 케렌디아정10mg과 20mg은 사용량-약가연동 협상 '유형 가' 대상에 포함돼 지난 1일부터 약가가 인하됐다.바이엘은 이번 협상,local,10,바이엘,,,0.8048220666180365,,10.0,8.048220666180365,4.545454545454545,6.647114217890037,True
2026-09-10,Client,2026-09-10 22:30:00,Naver News,http://www.mkhealth.co.kr/news/articleView.html?idxno=80014,"GLP-1 비만치료제 오남용 막으려면… ""단순 규제보다 처방 단계 관리체계 우선돼야""","위고비·마운자로 등 GLP-1 계열 비만치료제가 여러 질환 치료의 패러다임을 변화시켜 왔지만, 국내에서는 비급여로 인해 경제적 격차에 따른 환자 접근성이 저하되고 있다. 정부가 이달 중 '오·남용우려의약품 지정에 관한 규정' 개정을 앞두며 전문가들은 단순한 유통 규제보다 처방 단계에서의 정교한 관리체계 구축과 고필요군 중심의 단계적 급여화가 우선돼야 한다고 입을 모았다.10일 서울대학교병원 암연구소에서 한국의학바이오기자협회와 대한비만학회가 공동 주최한 'GLP-1 비만치료제의 임상적 가치와 바람직한 처방 환경 모색' 심포지엄에서는.","위고비·마운자로 등 GLP-1 계열 비만치료제가 여러 질환 치료의 패러다임을 변화시켜 왔지만, 국내에서는 비급여로 인해 경제적 격차에 따른 환자 접근성이 저하되고 있다. 정부가 이달 중 '오·남용우려의약품 지정에 관한 규정' 개정을 앞두며 전문가들은 단순한 유통 규제보다 처방 단계에서의 정교한 관리체계 구축과 고필요군 중심의 단계적 급여화가 우선돼야 한다고 입을 모았다.10일 서울대학교병원 암연구소에서 한국의학바이오기자협회와 대한비만학회가 공동 주최한 'GLP-1 비만치료제의 임상적 가치와 바람직한 처방 환경 모색' 심포지엄에서는",local,10,위고비,,,0.8654150107539068,,8.0,8.654150107539069,3.6363636363636367,6.647035519068896,True
2026-09-10,BD,2026-09-11 07:10:00,Naver News,http://www.wowtv.co.kr/NewsCenter/News/Read?articleId=A202609110245&t=NN,데이터센터 비용 우려에 구리 관세 미뤄지나…원자재·주택주 동반 약세...,"주요 주주인 아티산파트너스는 노바티스가 인수를 통해 확보한 신약 후보에서 실패가 반복되고 있다는 점을 문제로 지적했다. 이에 앞으로 인수·합병에 대한 이사회의 감독을 강화하고, 인수 관련 사안을 별도로... ","주요 주주인 아티산파트너스는 노바티스가 인수를 통해 확보한 신약 후보에서 실패가 반복되고 있다는 점을 문제로 지적했다. 이에 앞으로 인수·합병에 대한 이사회의 감독을 강화하고, 인수 관련 사안을 별도로... ",local,10,인수,,,0.743054844556962,,12.0,7.43054844556962,5.454545454545454,6.640147249159954,True
2026-09-10,Distribution,2026-09-10 13:08:00,Naver News,https://www.pharmnews.com/news/articleView.html?idxno=306193,"바로팜 '파마시뷰티존', 도입 약국 200곳 돌파... 연내 1000곳 확대 목표 - 팜뉴스",바로팜은 약국 내 뷰티 매대 조성 사업인 '파마시뷰티존(Pharmacy Beauty Zone)'의 도입 매장이 200곳을 넘어섰다고 10일.,[팜뉴스=김응민 기자] 바로팜은 약국 내 뷰티 매대 조성 사업인 '파마시뷰티존(Pharmacy Beauty Zone)'의 도입 매장이 200곳을 넘어섰다고 10일,local,10,바로팜,,,0.7086237588657225,,13.0,7.086237588657225,5.909090909090909,6.615378916830698,False
2026-09-10,BD,2026-09-09 16:02:00,Naver News,https://www.mk.co.kr/article/12148334,"HK이노엔, 매출 '1조 클럽' 이끈 국민 위장약 … 美시장도 뚫는다 - 매일경제",HK이노엔의 위식도역류질환 치료제 '케이캡'이 출시 6년 만에 대한민국을 넘어 글로벌 블록버스터 신약으로 비상하고 있다. 2019년 출시된 케이캡은 지난해까지 누적 원외처방 실적 9233억원을 기록하며 국내 소화성 궤양용제 시장 부동의 1위를 수성 중이다. 이러한 케이캡의 폭발적인 매출에 힘입어 HK이노엔은 기업 인수 7년 만인 지난해 1조632억원의 매출..,HK이노엔의 위식도역류질환 치료제 '케이캡'이 출시 6년 만에 대한민국을 넘어 글로벌 블록버스터 신약으로 비상하고 있다. 2019년 출시된 케이캡은 지난해까지 누적 원외처방 실적 9233억원을 기록하며 국내 소화성 궤양용제 시장 부동의 1위를 수성 중이다. 이러한 케이캡의 폭발적인 매출에 힘입어 HK이노엔은 기업 인수 7년 만인 지난해 1조632억원의 매출..,local,10,코프로모션,,,0.6439404638414246,,15.0,6.439404638414246,6.8181818181818175,6.590915510321274,False
2026-09-10,BD,2026-09-08 15:24:00,Naver News,https://www.businesspost.co.kr/BP?command=article_view&num=446661,"종근당 매출 비중 큰 약 공동판매 종료로 생긴 실적 공백, 김영주 '자체...", 8일 제약바이오업계에 따르면 종근당은 7월 말 한국오가논의 아토젯 공동판매를 종료한 데 이어 8월 말 대웅제약의 펙수클루 공동판매도 마쳤다. 펙수클루의 핵심 용량인 20mg은 9월부터 대웅제약 단독판매로... ,<연합뉴스> 8일 제약바이오업계에 따르면 종근당은 7월 말 한국오가논의 아토젯 공동판매를 종료한 데 이어 8월 말 대웅제약의 펙수클루 공동판매도 마쳤다. 펙수클루의 핵심 용량인 20mg은 9월부터 대웅제약 단독판매로... ,local,10,오가논,,,0.7040186663585435,,13.0,7.040186663585435,5.909090909090909,6.587748361787625,False
2026-09-10,BD,2026-09-11 06:00:00,Naver News,https://www.apsk.co.kr/news/articleView.html?idxno=540415,"초기 C형간염 DAA, 줄줄이 역사 속으로…'소발디'도 국내서 퇴장 - 메디팜스투데이",국내 C형간염 치료의 패러다임을 바꿨던 초기 경구용 직접작용항바이러스제(DAA)가 잇따라 시장에서 사라지고 있다. 국내 최초 DAA인 ‘닥순요법’을 시작으로 비키.,국내 C형간염 치료의 패러다임을 바꿨던 초기 경구용 직접작용항바이러스제(DAA)가 잇따라 시장에서 사라지고 있다. 국내 최초 DAA인 ‘닥순요법’을 시작으로 비키,local,10,공동판매,,,0.7022474780847379,,13.0,7.022474780847379,5.909090909090909,6.5771212321447905,False
2026-09-10,Reimbursement,2026-09-11 06:00:00,Naver News,https://www.apsk.co.kr/news/articleView.html?idxno=540417,만성 손습진 치료제 '앤줍고' 급여권 노크…70만~80만원대 비급여 벽 낮출까 - 메디팜스투데이,아토피피부염과 건선은 생물학적 제제와 JAK 억제제 등 새로운 치료제가 잇따라 도입되며 치료 선택의 폭이 넓어지고 있다. 반면 만성 손습진은 국소 스테로이드로 충.,아토피피부염과 건선은 생물학적 제제와 JAK 억제제 등 새로운 치료제가 잇따라 도입되며 치료 선택의 폭이 넓어지고 있다. 반면 만성 손습진은 국소 스테로이드로 충,local,2,약가,,,0.821696569473724,,9.0,8.21696569473724,4.090909090909091,6.56654305320598,True
2026-09-10,BD,2026-09-10 11:58:00,Naver News,https://new.dailypharm.com/user/news/342331?REFERER=NP,[데일리팜]리피토는 1차·로수젯은 2차…기등재 재평가 품목별 희비,"기등재 의약품 1차 재평가 목록이 공개되면서 품목별로 희비가 엇갈리는 모습이다. 1차 재평가 대상에 포함된 품목들은 내년부터 단계적인 약가 조정을 받게 되는 반면, 2차 대상 혹은 제외된 주력 품목들은 당장의 약가 인하 부담을 피하게 됐다. 로수젯‧아토젯 등 대형품목 상당수 2차로…주력제품 보유 업체 부담↓ 10일 제약업계에 따르면 건강보험심사평가원은 최근 기등재 의약품 1차….","기등재 의약품 1차 재평가 목록이 공개되면서 품목별로 희비가 엇갈리는 모습이다. 1차 재평가 대상에 포함된 품목들은 내년부터 단계적인 약가 조정을 받게 되는 반면, 2차 대상 혹은 제외된 주력 품목들은 당장의 약가 인하 부담을 피하게 됐다. 로수젯‧아토젯 등 대형품목 상당수 2차로…주력제품 보유 업체 부담↓ 10일 제약업계에 따르면 건강보험심사평가원은 최근 기등재 의약품 1차…",local,10,오가논,,,0.8822158446593663,,7.0,8.822158446593663,3.1818181818181817,6.56602234068347,False
2026-09-10,BD,2026-09-09 09:06:00,Naver News,https://www.mdtoday.co.kr/news/articleView.html?idxno=611333,특허만료 앞둔 '이달비' 국내 첫 제네릭 등장…고혈압약 경쟁 예고 - 메디컬투데이,셀트리온제약의 고혈압 치료제 '이달비'가 내년 특허 만료를 앞두고 제네릭 경쟁에 직면했다. 휴온스가 국내 판매를 목적으로 한 첫.,[mdtoday = 김주성 기자] 셀트리온제약의 고혈압 치료제 '이달비'가 내년 특허 만료를 앞두고 제네릭 경쟁에 직면했다. 휴온스가 국내 판매를 목적으로 한 첫,local,10,특허만료,,,0.8814248218930485,,7.0,8.814248218930485,3.1818181818181817,6.561276204085564,False
2026-09-10,BD,2026-09-08 06:02:00,Naver News,https://www.yakup.com/news/index.html?mode=view&cat=11&nid=332202,"[약업신문]복지부, CSO 규제 강화·상비약 무리한 확대 제동",곽순헌 보건복지부 보건의료정책관. ©약업신문=김홍식 기자보건복지부가 의약품 판촉영업자(CSO)를 통한 우회적 리베이트와 편의점 안전상비의약품의 불법 판매 행태에 대해 강력한 '관리·감독 우선' 기조를 천명...,곽순헌 보건복지부 보건의료정책관. ©약업신문=김홍식 기자보건복지부가 의약품 판촉영업자(CSO)를 통한 우회적 리베이트와 편의점 안전상비의약품의 불법 판매 행태에 대해 강력한 '관리·감독 우선' 기조를 천명...,local,10,판촉영업자,,,0.881219130637634,,7.0,8.81219130637634,3.1818181818181817,6.560042056553076,False
2026-09-10,BD,2026-09-11 07:00:00,Naver News,https://www.fetv.co.kr/news/articleView.html?idxno=309960,"[혁신형 인증 영향도] 현대약품, 바뀐 R&D 기준에 '하위권'서 안정권으로 - FETV",보건복지부가 제네릭(복제약) 약가제도와 혁신형 제약기업 인증제도를 잇달아 손질하면서 제약업계의 셈법도 복잡해지고 있다. FETV는 제도개편이 제약사.,[편집자 주] 보건복지부가 제네릭(복제약) 약가제도와 혁신형 제약기업 인증제도를 잇달아 손질하면서 제약업계의 셈법도 복잡해지고 있다. FETV는 제도개편이 제약사,local,10,제네릭,,,0.8809293942215044,,7.0,8.809293942215044,3.1818181818181817,6.558303638056299,False
2026-09-10,BD,2026-09-11 05:30:00,Naver News,https://www.medicaltimes.com/Main/News/NewsView.html?ID=1170651&ref=naverpc,[메디칼타임즈] 비대면 진료+약 배송 신음하는 약국들…AI 솔루션 활로될까,"비대면 진료 제도화와 약 배송 허용 논의가 이어지면서 지역 약국의 위기감이 커지고 있다. 이런 가운데 약사의 복약 관리 업무를 지원하는 인공지능(AI) 기반 서비스가 등장해 주목된다.10일 의료계에 따르면, 오는 12월 비대면 진료 시행에 맞춰 정부가 약 배송 확대를 논의하기로 하면서 약국가에서 환자와 약사의 대면 접점이 줄어들 것이라는 우려가 나오고 있다.비대면 진료에 대한 약국가 우려가 커지는 가운데, 약사 복약 지도를 지원하는 서비스가 등장했다. 사진은 'EDB 케어 AI' 상담 대상자 화면.약 배송이 확대될 경우 환자가 약국을 직접 방문하지 않는 사례가 늘면서 지역 약국의 역할이 축소될 가능성이 크다는 것.","[메디칼타임즈=김승직 기자] 비대면 진료 제도화와 약 배송 허용 논의가 이어지면서 지역 약국의 위기감이 커지고 있다. 이런 가운데 약사의 복약 관리 업무를 지원하는 인공지능(AI) 기반 서비스가 등장해 주목된다.10일 의료계에 따르면, 오는 12월 비대면 진료 시행에 맞춰 정부가 약 배송 확대를 논의하기로 하면서 약국가에서 환자와 약사의 대면 접점이 줄어들 것이라는 우려가 나오고 있다.비대면 진료에 대한 약국가 우려가 커지는 가운데, 약사 복약 지도를 지원하는 서비스가 등장했다. 사진은 'EDB 케어 AI' 상담 대상자 화면.약 배송이 확대될 경우 환자가 약국을 직접 방문하지 않는 사례가 늘면서 지역 약국의 역할이 축소될 가능성이 크다는 것. 이에 따라 이른바 '창고형 약국' 등 대형 시설을 기반으로 처방약 배송에만 집중하는 형태의 시장이 커질 수 있다는 지적이다.이에 의료산업계에서 약국의 환자 상담 및 케어 기능을 강화하려는 시도가 나오고 있다. 헬스케어 플랫폼 기업 키콘이 출시하는 약국 환자 상담 및 복약 관리 지원 플랫폼 'EDB 케어 AI'가 그 예다.이 플랫폼은 약국의 조제 기능에 더해, 복약 이후 환자 상태를 확인하는 사후 관리 영역에 AI를 활용한 것이 특징이다. AI가 처방 환자에게 먼저 전화를 걸어 복약 여부와 어지럼증 등 불편 사항을 확인하고, 상담이 필요한 환자를 선별해 약사에게 전달하는 방식이다.전화엔 환자가 방문했던 약국의 이름과 전화번호가 활용된다. 환자가 별도의 애플리케이션을 설치하지 않아도 일반 전화로 문진에 참여할 수 있어, 디지털 기기 활용이 익숙하지 않은 환자도 이용할 수 있도록 설계됐다.AI는 약 변경이나 복용 중단, 부작용 진단 등 의학적 판단은 하지 않고 환자의 응답을 바탕으로 추가 상담이 필요한 경우를 구분한다. 이후 약사가 AI가 선별한 환자 목록을 확인한 뒤, 해당 환자에게 연락해 필요한 상담을 진행하는 구조다.키콘은 해당 서비스를 통해 약사가 모든 환자에게 일일이 전화를 걸어 복약 상태를 확인하는 부담을 줄이고, 상담이 필요한 환자에게 집중할 수 있을 것으로 보고 있다. 약 배송이 확대되더라도 약사가 환자와 직접 소통할 수 있는 사후 관리 기능을 유지하는 데 의미가 있다는 설명이다.이를 통해 비대면 배달 약국이 제공하기 어려운 휴먼 터치 영역을 강화, 제휴 약국이 경쟁 우위를 확보할 수 있도록 돕는다는 목표다.이와 관련 키콘 김동헌 대표는",local,10,제휴,,,0.8782586330738678,,7.0,8.782586330738678,3.1818181818181817,6.542279071170479,False
2026-09-10,Client,2026-09-08 06:02:00,Naver News,https://new.dailypharm.com/user/news/342233?REFERER=NP,[데일리팜]'희귀질환 100일 신속등재' 흥행 예고...14개 품목 신청,"예상보다 많은 제약사들이 100일 신속등재 시범사업에 출사표를 던졌다. 7일 관련 업계에 따르면 레오파마코리아, 입센코리아, 한국노바티스, 한국아스트라제네카, 한국BMS제약, 한국MSD, CSL베링코리아 등 다국적제약사를 비롯해 국내 G사, S사 등 제약사들이 지난달 마감일까지 시범사업 참여 신청을 제출했다. 최종 신청된 의약품은 총 14개 품목인 것으로 확인됐다.","예상보다 많은 제약사들이 100일 신속등재 시범사업에 출사표를 던졌다. 7일 관련 업계에 따르면 레오파마코리아, 입센코리아, 한국노바티스, 한국아스트라제네카, 한국BMS제약, 한국MSD, CSL베링코리아 등 다국적제약사를 비롯해 국내 G사, S사 등 제약사들이 지난달 마감일까지 시범사업 참여 신청을 제출했다. 최종 신청된 의약품은 총 14개 품목인 것으로 확인됐다. 당초 예고대로 라…",local,10,입센,,,0.87603059965103,,7.0,8.7603059965103,3.1818181818181817,6.528910870633453,False
2026-09-10,BD,2026-09-11 06:00:00,Naver News,http://www.hansbiz.co.kr/news/articleView.html?idxno=864087,제네릭 텃밭 상륙한 국산신약 44호…무기는 ‘성분’,"국산 44호 신약 ‘라티카점안액5%'가 다수 제네릭이 자리 잡은 안구건조증 치료제 시장에 창륙했다. 아주약품은 기존 치료제와 다른 신규 성분을 앞세워 처방 시장을 공략한다는 전략이다.11일 식품의약품안전처에 따르면 국내 허가된 안구건조증 치료제 가운데 사이클로스포린과 디쿠아포솔나트륨 성분은 오리지널과 제네릭을 포함해 각각 34개, 28개 품목이 허가됐다.다수 제네릭이 시장에서 경쟁 중인 가운데 국산 44호 신약 ‘라티카점안액5%(레코플라본수화물)’가 성인 안구건조증 치료제로 지난 8일 식약처 허가를.","| 서울=한스경제 허승아 기자 | 국산 44호 신약 ‘라티카점안액5%'가 다수 제네릭이 자리 잡은 안구건조증 치료제 시장에 창륙했다. 아주약품은 기존 치료제와 다른 신규 성분을 앞세워 처방 시장을 공략한다는 전략이다.11일 식품의약품안전처에 따르면 국내 허가된 안구건조증 치료제 가운데 사이클로스포린과 디쿠아포솔나트륨 성분은 오리지널과 제네릭을 포함해 각각 34개, 28개 품목이 허가됐다.다수 제네릭이 시장에서 경쟁 중인 가운데 국산 44호 신약 ‘라티카점안액5%(레코플라본수화물)’가 성인 안구건조증 치료제로 지난 8일 식약처 허가를",local,10,제네릭,,,0.873015784023873,,7.0,8.73015784023873,3.1818181818181817,6.510821976870511,False
2026-09-10,Product Approval,2026-09-11 06:02:00,Naver News,https://www.viva100.com/article/20260910500764,탈모환자 10명 중 6명은 2030⋯ 뷰티업계 ‘두피 전쟁’,"탈모 고민이 20~30대까지 확산되면서 관련 시장에 대한 관심도 제약·바이오를 넘어 뷰티·생활용품 업계로 번지고 있다. 글로벌 시장에서는 탈모 치료제가 비만 치료제의 뒤를 이을 투자처로 주목받는 한편, 국내에서는 기능성 샴푸 업체들이 젊은 소비층을 겨냥한 마케팅에 나섰.","탈모 고민이 20~30대까지 확산되면서 관련 시장에 대한 관심도 제약·바이오를 넘어 뷰티·생활용품 업계로 번지고 있다. 글로벌 시장에서는 탈모 치료제가 비만 치료제의 뒤를 이을 투자처로 주목받는 한편, 국내에서는 기능성 샴푸 업체들이 젊은 소비층을 겨냥한 마케팅에 나섰",local,2,신제품,,,0.8702436864304616,,7.0,8.702436864304616,3.1818181818181817,6.494189391310042,False
2026-09-10,BD,2026-09-09 16:36:00,Naver News,http://dream.kotra.or.kr/kotranews/cms/news/actionKotraBoardDetail.do?SITE_NO=3&MENU_ID=190&CONTENTS_NO=2&bbsGbn=254&bbsSn=254&pNttSn=243906,태국 기타 의약품 시장동향,"태국 의약품 시장은 고령화와 만성질환 증가, 의료 접근성 확대를 바탕으로 성장세가 이어지는 가운데, 원료의약품과 고부가 의약품을 중심으로 높은 수입의존도가 지속되고 있다.","태국 의약품 시장은 고령화와 만성질환 증가, 의료 접근성 확대를 바탕으로 성장세가 이어지는 가운데, 원료의약품과 고부가 의약품을 중심으로 높은 수입의존도가 지속되고 있다. 기업은",local,10,CSO,,,0.8699758973042752,,7.0,8.699758973042751,3.1818181818181817,6.492582656552923,False
2026-09-10,Distribution,2026-09-08 23:02:00,Naver News,https://www.bosa.co.kr/news/articleView.html?idxno=3011729,"지오영 그룹 케어캠프, 상반기 매출 7000억원 돌파 - 의학신문",국내 병원 구매대행(GPO) 케어캠프가 반기 매출 7300억원을 육박하면서 '초대형 GPO' 모양새를 갖추어 나가고 있어 눈길을.,[의학신문·일간보사=김상일 기자]국내 병원 구매대행(GPO) 케어캠프가 반기 매출 7300억원을 육박하면서 '초대형 GPO' 모양새를 갖추어 나가고 있어 눈길을,local,10,지오영,,,0.71536168518229,,12.0,7.153616851822901,5.454545454545454,6.473988292911922,False
2026-09-10,Distribution,2026-09-10 19:11:00,Naver News,https://www.kado.net/news/articleView.html?idxno=2071984,"GS칼텍스, DHL 익스프레스에 SAF 공급...바이오 연료 사업 확대 - 강원도민일보",GS칼텍스가 글로벌 국제특송기업 DHL 익스프레스에 지속가능항공유(SAF)를 공급하며 SAF 공급을 확대해 나간다.GS칼텍스는 지난 8일 서울 강남구 GS타워에서.,GS칼텍스가 글로벌 국제특송기업 DHL 익스프레스에 지속가능항공유(SAF)를 공급하며 SAF 공급을 확대해 나간다.GS칼텍스는 지난 8일 서울 강남구 GS타워에서,local,10,DHL,,,0.7715672067733338,,10.0,7.715672067733338,4.545454545454545,6.44758505882182,False
2026-09-10,BD,2026-09-09 16:02:00,Naver News,https://www.mk.co.kr/article/12148333,"비보존제약, 수술 후 통증 완화 … 非마약성 진통제로 오남용 차단 - 매일경제",비보존제약의 '어나프라주(성분명 오피란제린염산염)'는 수술 후 중등도에서 중증의 급성통증을 치료하는 비마약성 진통제다. 관계사 비보존이 15년에 걸쳐 자체 개발했으며 2024년 12월 식품의약품안전처로부터 국내 38번째 신약으로 품목허가를 받았다. 지난해 10월 국내에 출시돼 오피오이드 중심의 수술 후 통증 치료 시장에서 새로운 비마약성 치료 선택지를 제시..,비보존제약의 '어나프라주(성분명 오피란제린염산염)'는 수술 후 중등도에서 중증의 급성통증을 치료하는 비마약성 진통제다. 관계사 비보존이 15년에 걸쳐 자체 개발했으며 2024년 12월 식품의약품안전처로부터 국내 38번째 신약으로 품목허가를 받았다. 지난해 10월 국내에 출시돼 오피오이드 중심의 수술 후 통증 치료 시장에서 새로운 비마약성 치료 선택지를 제시..,local,10,다이이찌산쿄,,,0.7707549152371234,,10.0,7.707549152371234,4.545454545454545,6.442711309604559,False
2026-09-10,BD,2026-09-10 07:00:00,Naver News,https://www.fetv.co.kr/news/articleView.html?idxno=309870,"[혁신형 인증 영향도] 동구바이오제약, 높아진 문턱 '턱걸이'…적자경영 '부담' - FETV",보건복지부가 제네릭(복제약) 약가제도와 혁신형 제약기업 인증제도를 잇달아 손질하면서 제약업계의 셈법도 복잡해지고 있다. FETV는 제도개편이 제약사.,[편집자 주] 보건복지부가 제네릭(복제약) 약가제도와 혁신형 제약기업 인증제도를 잇달아 손질하면서 제약업계의 셈법도 복잡해지고 있다. FETV는 제도개편이 제약사,local,10,특허만료,,,0.8616513447946664,,7.0,8.616513447946664,3.1818181818181817,6.44263534149527,False
2026-09-10,Client,2026-09-08 06:00:00,Naver News,https://www.pharmnews.com/news/articleView.html?idxno=306118,"수급안정선도기업 약가특례, 품절대란 막는 '안전장치' 부상 - 팜뉴스","신규 제네릭 등재 계획이 없으면 지정을 받아도 실질적 혜택이 전무한 구조라는 문제의식이 확산되면서, 수급안정선도화제약기업에 준혁신형 제약기업과 동일한 '47% 우.","신규 제네릭 등재 계획이 없으면 지정을 받아도 실질적 혜택이 전무한 구조라는 문제의식이 확산되면서, 수급안정선도화제약기업에 준혁신형 제약기업과 동일한 '47% 우",local,10,오펠라,,,0.8581564484955675,,7.0,8.581564484955674,3.1818181818181817,6.4216659637006765,False
2026-09-10,BD,2026-09-11 06:02:00,Naver News,https://www.dailypharm.com/user/news/342380?REFERER=NP,[데일리팜]수입 독감백신 출하 승인 지연...민간 접종시장 품귀 우려,"독감(인플루엔자) 유행 시기가 앞당겨지는 가운데, 다국적 제약사의 수입 독감백신 공급 일정이 국산 백신에 비해 지연되면서 올가을 민간 유료접종 시장에 품귀 현상이 우려된다. 10일 식품의약품안전처 국가출하승인 내역에 따르면, GC녹십자 등 국내 주요 제약사들이 지난 7월 말부터 인플루엔자 백신 출하승인을 획득해 순차적으로 시장 공급을 준비해 온 것과 달리, 주요 글로벌 제….","독감(인플루엔자) 유행 시기가 앞당겨지는 가운데, 다국적 제약사의 수입 독감백신 공급 일정이 국산 백신에 비해 지연되면서 올가을 민간 유료접종 시장에 품귀 현상이 우려된다. 10일 식품의약품안전처 국가출하승인 내역에 따르면, GC녹십자 등 국내 주요 제약사들이 지난 7월 말부터 인플루엔자 백신 출하승인을 획득해 순차적으로 시장 공급을 준비해 온 것과 달리, 주요 글로벌 제…",local,10,백신,,,0.8568492003371482,,7.0,8.568492003371482,3.1818181818181817,6.4138224747501615,False
2026-09-10,Client,2026-09-10 12:57:00,Naver News,http://www.inews24.com/view/2004149,한국 상륙 글로벌 신약 '맞손'…국내 제약사 '알짜' 품목으로 키운다,"유한양행, 노바티스와 '랩시도' 유통 전담 일동제약·화이자, 편두통 신약 '너텍' 공동 영업 영업력 바탕으로 매출 증대 통한 외형 확대 '윈윈' 글로벌 제약사들이 신약 출시와 동시에 국내 제약사와 손잡고 있다. 국내 제약사도 '알짜' 신약을 함께 키우면 매출 증대를 통한 외형 확대가 가능해 윈윈(win-win) 전략이 될 수 있다. 10일 업계에 따르면 유한양행은 한국노바티스와 만성 자발성 두드러기 치료 영역 최초의 경구용 BTK 억제제인 '랩시도(성분명 레미브루티닙)'의 국내 유통·판매 및 프로모션을 위한 전략적 파트너십 계약을 체결하고 유통에 돌입했다.","유한양행, 노바티스와 '랩시도' 유통 전담
일동제약&middot;화이자, 편두통 신약 '너텍' 공동 영업
영업력 바탕으로 매출 증대 통한 외형 확대 '윈윈' 글로벌 제약사들이 신약 출시와 동시에 국내 제약사와 손잡고 있다. 국내 제약사도 '알짜' 신약을 함께 키우면 매출 증대를 통한 외형 확대가 가능해 윈윈(win-win) 전략이 될 수 있다. 10일 업계에 따르면 유한양행은 한국노바티스와 만성 자발성 두드러기 치료 영역 최초의 경구용 BTK 억제제인 '랩시도(성분명 레미브루티닙)'의 국내 유통&middot;판매 및 프로모션을 위한 전략적 파트너십 계약을 체결하고 유통에 돌입했다.",local,10,화이자,,,0.762241295974759,,10.0,7.62241295974759,4.545454545454545,6.391629594030372,False
2026-09-10,Product Approval,2026-09-11 06:02:00,Naver News,https://www.dailypharm.com/user/news/342368?REFERER=NP,"[데일리팜]정부, 오남용 일반약 복약지도 의무법안 난색…""과잉 규제""",일반의약품 과다복용(오버도즈) 부작용 규제를 위해 약사·소비자에 법적 책임을 강화하는 법안과 약사·제약사에 약물 운전 위험성 표기를 강화하는 법안에 정부가 난색을 표했다. 자칫 과도한 규제로 이어지거나 현행 의약품 분류 규정과 충돌 지점이 있어 사실상 과잉 입법 위험이 있다는 게 주무부처 판단이다. 10일 보건복지부와 식품의약품안전처는 소병훈 더불어민주당 의원과 김예….,일반의약품 과다복용(오버도즈) 부작용 규제를 위해 약사·소비자에 법적 책임을 강화하는 법안과 약사·제약사에 약물 운전 위험성 표기를 강화하는 법안에 정부가 난색을 표했다. 자칫 과도한 규제로 이어지거나 현행 의약품 분류 규정과 충돌 지점이 있어 사실상 과잉 입법 위험이 있다는 게 주무부처 판단이다. 10일 보건복지부와 식품의약품안전처는 소병훈 더불어민주당 의원과 김예…,local,2,용량,,,0.8474937201427883,,7.0,8.474937201427883,3.1818181818181817,6.357689593584002,False
2026-09-10,Client,2026-09-09 05:52:00,Naver News,https://www.kpanews.co.kr/news/articleView.html?idxno=543099,"희귀질환부터 암·유전자치료까지…FDA, 8월 신약 승인 ‘혁신 치료제’ 집중 - 약사공론","미국 식품의약국(FDA)이 2026년 8월 희귀질환과 난치성 암, 혈액질환 등을 겨냥한 새로운 치료제들을 잇따라 허가하면서 신약 개발의 흐름이 ‘미충족 의료수요가.","미국 식품의약국(FDA)이 2026년 8월 희귀질환과 난치성 암, 혈액질환 등을 겨냥한 새로운 치료제들을 잇따라 허가하면서 신약 개발의 흐름이 ‘미충족 의료수요가",local,10,리제네론,,,0.8441830361560898,,7.0,8.441830361560898,3.1818181818181817,6.337825489663811,False
2026-09-10,Supply Issues,2026-09-09 14:14:00,Naver News,https://biz.chosun.com/science-chosun/medicine-health/2026/09/09/3HMPO7LY2ZBXFCV6CPPTAJFYA4/?utm_source=naver&utm_medium=original&utm_campaign=biz,"필수 의료기기 품귀 막는다…정부, 적정 보상·공급체계 손질","필수 의료기기의 공급 부족을 막고 건강보험 보상체계를 손질하기 위한 논의가 시작된다. 치료재료 건강보험 급여비가 10년 새 172% 급증한 가운데, 필수 의료기기는 공급이 끊기는 문제가 반복되고 있어서다.... ","필수 의료기기의 공급 부족을 막고 건강보험 보상체계를 손질하기 위한 논의가 시작된다. 치료재료 건강보험 급여비가 10년 새 172% 급증한 가운데, 필수 의료기기는 공급이 끊기는 문제가 반복되고 있어서다.... ",local,2,품귀,,,0.8066572689635814,,8.0,8.066572689635814,3.6363636363636367,6.294489068326944,False
2026-09-10,BD,2026-09-11 06:02:00,Naver News,https://www.dailypharm.com/user/news/342138?REFERER=NP,"[데일리팜]지분 먼저냐, 경영 먼저냐…제약 오너가 2030 승계 시계","제약업계 오너가의 세대교체가 속도를 내고 있지만 승계 방식은 회사마다 제각각이다. 자녀에게 지분을 먼저 넘겨 경영권 승계의 토대를 닦는 곳이 있는가 하면, 기존 오너가 지분을 유지한 채 자녀를 이사회나 핵심 사업에 먼저 배치하는 회사도 있다. 1980년대 후반~1990년대생 오너가 자녀들은 개발과 글로벌 사업, 투자, 전략기획, 신사업 등 회사의 핵심 영역으로 활동 반경을 넓히….","제약업계 오너가의 세대교체가 속도를 내고 있지만 승계 방식은 회사마다 제각각이다. 자녀에게 지분을 먼저 넘겨 경영권 승계의 토대를 닦는 곳이 있는가 하면, 기존 오너가 지분을 유지한 채 자녀를 이사회나 핵심 사업에 먼저 배치하는 회사도 있다. 1980년대 후반~1990년대생 오너가 자녀들은 개발과 글로벌 사업, 투자, 전략기획, 신사업 등 회사의 핵심 영역으로 활동 반경을 넓히…",local,10,인수,,,0.7759549492959541,,9.0,7.759549492959541,4.090909090909091,6.292093332139362,False
2026-09-10,BD,2026-09-11 07:50:00,Naver News,https://www.medicopharma.co.kr/news/articleView.html?idxno=69491,"SK바이오팜 오파칼림, 4800억 지급 전 FDA 보류…‘클로징’ 조건 다시 본다","SK바이오팜이 도입하기로 한 뇌전증 신약 후보물질 오파칼림(BHV-7000)에 미국 식품의약국(FDA)의 부분 임상보류가 내려졌지만, 계약금 4억달러의 87.5%인 3억5000만달러는 아직 집행되지 않았다. 거래 종결이 이뤄지지 않아 지급 시점이 도래하지.","[메디코파마뉴스=정재노 기자] SK바이오팜이 도입하기로 한 뇌전증 신약 후보물질 오파칼림(BHV-7000)에 미국 식품의약국(FDA)의 부분 임상보류가 내려졌지만, 계약금 4억달러의 87.5%인 3억5000만달러는 아직 집행되지 않았다. 거래 종결이 이뤄지지 않아 지급 시점이 도래하지",local,10,신약,,,0.8058281228393633,,8.0,8.058281228393634,3.6363636363636367,6.2895141915816355,False
2026-09-10,Reimbursement,2026-09-11 06:30:00,Naver News,http://www.medisobizanews.com/news/articleView.html?idxno=142094,“시범사업 참여 제약사 책임 한계 불명확… 권리보완 필요”,"신속등재 시범사업에 참여하는 제약사의 책임은 급여 진입 이후에도 길게 이어진다.사후평가와 환급ㆍ정산, 기존 환자의 치료 지속성 보장까지 의무가 부과되는 만큼 정부 판단 기준과 기업의 절차적 권리를 보다 구체화할 필요가 있다는 지적이 나온다.보건복지부가 공개한 이행약정서를 보면 제약사는 시범사업 종료 이후에도 자료 제출ㆍ보완, 사후평가, 급여 조정, 환급ㆍ정산, 환자 치료 지속성 보장 등을 관련 절차가 완료될 때까지 이행해야 한다.사후평가 결과에 따른 급여ㆍ약가 및 위험분담계약 조정, 환급ㆍ정산 등은 ‘정하는 바에 따라’ 협의ㆍ이행하.","신속등재 시범사업에 참여하는 제약사의 책임은 급여 진입 이후에도 길게 이어진다.사후평가와 환급ㆍ정산, 기존 환자의 치료 지속성 보장까지 의무가 부과되는 만큼 정부 판단 기준과 기업의 절차적 권리를 보다 구체화할 필요가 있다는 지적이 나온다.보건복지부가 공개한 이행약정서를 보면 제약사는 시범사업 종료 이후에도 자료 제출ㆍ보완, 사후평가, 급여 조정, 환급ㆍ정산, 환자 치료 지속성 보장 등을 관련 절차가 완료될 때까지 이행해야 한다.사후평가 결과에 따른 급여ㆍ약가 및 위험분담계약 조정, 환급ㆍ정산 등은 ‘정하는 바에 따라’ 협의ㆍ이행하",local,2,급여,,,0.8307298373926176,,7.0,8.307298373926177,3.1818181818181817,6.257106297082978,False
2026-09-10,Distribution,2026-09-08 16:36:00,Naver News,https://www.getnews.co.kr/news/articleView.html?idxno=880182,"[제약건기식]한미사이언스, 장건강·영양을 동시에 '케어미 식이섬유 영양식' 출시 外 동아ST·지오영",한미그룹 지주회사 한미사이언스가 올인원 영양식 브랜드 '케어미(Care me)'의 신제품 '케어미 식이섬유 영양식'을 출시했다고 8일 밝혔다. 해당 제품은 구아검.,한미그룹 지주회사 한미사이언스가 올인원 영양식 브랜드 '케어미(Care me)'의 신제품 '케어미 식이섬유 영양식'을 출시했다고 8일 밝혔다. 해당 제품은 구아검,local,10,지오영,,,0.577431635884969,,15.0,5.77431635884969,6.8181818181818175,6.191862542582541,False
2026-09-10,Client,2026-09-11 06:22:00,Naver News,https://www.dailymedi.com/news/news_view.php?wr_id=940409,노바티스 '루센티스' 타깃…종근당·삼바에피스 '부상',다른 성분 치료제에도 밀리는 루센티스…셀트리온 아이덴젤트도 주목 특히 최근엔 종근당 바이오시밀러 등이 루센티스를 직접 대체하는 것을 넘어 아일리아(애플리버셉트) 등 유사 적응증 다른 성분 치료제 시밀러... ,다른 성분 치료제에도 밀리는 루센티스…셀트리온 아이덴젤트도 주목 특히 최근엔 종근당 바이오시밀러 등이 루센티스를 직접 대체하는 것을 넘어 아일리아(애플리버셉트) 등 유사 적응증 다른 성분 치료제 시밀러... ,local,10,적응증,,,0.8197872712244983,,7.0,8.197872712244983,3.1818181818181817,6.191450900074262,False
2026-09-10,Client,2026-09-10 16:26:00,Naver News,https://www.mediapen.com/news/view/1122712,"“비만 다음은 탈모”…K제약·바이오, 30년 묵은 시장 깨는 ‘새 기전’ 경쟁",‘비만약 다음은 탈모약’이라는 기대감이 커지면서 글로벌 제약·바이오 업계가 차세대 탈모치료제 개발에 속도를 내고 있다. 국내 제약·바이오 기업들도 기존 치료.,[미디어펜=박재훈 기자]‘비만약 다음은 탈모약’이라는 기대감이 커지면서 글로벌 제약·바이오 업계가 차세대 탈모치료제 개발에 속도를 내고 있다. 국내 제약·바이오 기업들도 기존 치료,local,10,릴리,,,0.8015748816228321,,7.0,8.01574881622832,3.1818181818181817,6.082176562464265,False
2026-09-10,Client,2026-09-10 13:44:00,Naver News,https://jhealthmedia.joins.com/news/articleView.html?idxno=33445,"수면질환 진단부터 관리까지...한독, 디지털로 '치료 공백' 메운다 - 헬스중앙","한독이 수면 질환의 진단부터 치료, 관리까지 하나로 잇는 디지털헬스케어 플랫폼 구축에 나선다. 디지털 기반 불면증 인지행동 치료기기 ‘슬립큐’와 비접촉 방식의 디.","한독이 수면 질환의 진단부터 치료, 관리까지 하나로 잇는 디지털헬스케어 플랫폼 구축에 나선다. 디지털 기반 불면증 인지행동 치료기기 ‘슬립큐’와 비접촉 방식의 디",local,10,한독,,,0.7966070481049977,,7.0,7.966070481049977,3.1818181818181817,6.052369561357258,False
2026-09-10,Product Approval,2026-09-11 06:02:00,Naver News,https://www.dailypharm.com/user/news/342348?REFERER=NP,"[데일리팜]""약사 전문성, 성수 핫플과 만났다""…편한가 팝업스토어 오픈",약사의 전문성과 트렌디한 K-뷰티 플랫폼이 손잡고 MZ세대와 뷰티 소비자를 겨냥한 체험형 팝업 공간을 선보였다. 약사 전문 플랫폼 편한가는 K-뷰티 편집숍 오프뷰티(OFF BEAUTY)와 협업해 서울 성동구 성수동 메가팩토리점에서 팝업스토어를 공식 오픈하고 프로모션을 진행 중이라고 밝혔다. 이번 팝업 행사는 오는 9월 22일까지 이어진다. 이번 행사는 단순한 의약품 및 건강 관련 제….,약사의 전문성과 트렌디한 K-뷰티 플랫폼이 손잡고 MZ세대와 뷰티 소비자를 겨냥한 체험형 팝업 공간을 선보였다. 약사 전문 플랫폼 편한가는 K-뷰티 편집숍 오프뷰티(OFF BEAUTY)와 협업해 서울 성동구 성수동 메가팩토리점에서 팝업스토어를 공식 오픈하고 프로모션을 진행 중이라고 밝혔다. 이번 팝업 행사는 오는 9월 22일까지 이어진다. 이번 행사는 단순한 의약품 및 건강 관련 제…,local,2,제형,,,0.7890765943761058,,7.0,7.890765943761058,3.1818181818181817,6.007186838983907,False
2026-09-10,Distribution,2026-09-08 10:56:00,Naver News,https://www.medicaltimes.com/Main/News/NewsView.html?ID=1170587&ref=naverpc,"[메디칼타임즈] 블루엠텍, 블루팜코리아 내 병·의원 맞춤형 엘리베이터 광고 개시","블루엠텍이 병·의원 전문의약품 플랫폼 블루팜코리아를 통해 지역 맞춤형 엘리베이터 광고 상품 판매를 개시하며 병·의원 경영지원 서비스를 본격화한다.7일 블루엠텍(대표 김준석)은 글로벌 마케팅 그룹 크리에이팁과 영업 제휴를 맺고, 전문의약품 이커머스 플랫폼 블루팜코리아에서 아파트 엘리베이터 미디어 타운보드의 광고 상품 판매를 시작한다고 밝혔다. 이는 병·의원 홍보 영역이 플랫폼 내 서비스로 편입된 첫 사례다.기존 병·의원의 환자 상권은 병원 반경 1~3km 이내에 집중되지만, 활용할 수 있는 광고 수단은 전국 단위이거나 온라인 검색 영역에 한정돼 있었다. 엘리베이터 광고를 집행하려면 매체사나 대행사를 수소문해 상담과 견적을 주고받고, 영상 소재는 별도 제작사에 의뢰해야 하는 절차적 부담이 컸다.마케팅 대행사를 통하는 경우에도 원하는 광고 상품만 선택적으로 집행하기 어렵고, 소셜네트워크서비스(SNS) 마케팅 등 제안받은 홍보 기획안 전체를 일괄적으로 집행해야 하는 아쉬움이 존재했다.블루엠텍은 이 같은 병·의원의 고민을 원하는 만큼만 플랫폼 안에서 한 번에 해결한다는 방침이다.","[메디칼타임즈=김승직 기자] 블루엠텍이 병·의원 전문의약품 플랫폼 블루팜코리아를 통해 지역 맞춤형 엘리베이터 광고 상품 판매를 개시하며 병·의원 경영지원 서비스를 본격화한다.7일 블루엠텍(대표 김준석)은 글로벌 마케팅 그룹 크리에이팁과 영업 제휴를 맺고, 전문의약품 이커머스 플랫폼 블루팜코리아에서 아파트 엘리베이터 미디어 타운보드의 광고 상품 판매를 시작한다고 밝혔다. 이는 병·의원 홍보 영역이 플랫폼 내 서비스로 편입된 첫 사례다.기존 병·의원의 환자 상권은 병원 반경 1~3km 이내에 집중되지만, 활용할 수 있는 광고 수단은 전국 단위이거나 온라인 검색 영역에 한정돼 있었다. 엘리베이터 광고를 집행하려면 매체사나 대행사를 수소문해 상담과 견적을 주고받고, 영상 소재는 별도 제작사에 의뢰해야 하는 절차적 부담이 컸다.마케팅 대행사를 통하는 경우에도 원하는 광고 상품만 선택적으로 집행하기 어렵고, 소셜네트워크서비스(SNS) 마케팅 등 제안받은 홍보 기획안 전체를 일괄적으로 집행해야 하는 아쉬움이 존재했다.블루엠텍은 이 같은 병·의원의 고민을 원하는 만큼만 플랫폼 안에서 한 번에 해결한다는 방침이다. 원장이 지도에서 병원 주변 아파트 단지를 직접 선택해 예산에 맞는 견적을 즉시 확인하고, 제공되는 템플릿으로 영상 광고 소재를 만든 뒤 신청과 결제까지 한 화면에서 마칠 수 있다.단지 선정부터 영상 제작, 결제에 이르는 모든 절차를 담당자와의 별도 상담 없이 상품을 구매하듯 처리하는 방식이다. 집행 이후에는 결과 리포트가 제공되며, 론칭 프로모션도 함께 운영할 예정이다.해당 상품에 활용되는 타운보드는 중앙그룹 계열 타운보드중앙이 운영하는 아파트 엘리베이터 미디어로, 현재 전국 4500여 개 아파트 단지에서 8만2000여 대의 모니터를 운영하고 있다.그동안 블루팜코리아는 제약사 및 헬스케어 기업을 대상으로 배너와 검색 광고, 웨비나, 설문조사 등 플랫폼 내 다양한 마케팅 서비스를 운영해 왔다. 이번 타운보드 광고 상품은 이 과정에서 쌓은 매체 운영 노하우를 병·의원 회원을 위한 경영지원 서비스로 확장한 결과다.이를 통해 병·의원 회원은 합리적인 예산으로 지역 매체 광고를 쉽고 편하게 진행할 수 있으며, 신규 개원이나 진료 항목 확대 시점에 인근 주민을 대상으로 인지도를 확보할 수 있다.블루엠텍 관계자는",local,10,블루엠텍,,,0.6916821409608437,,10.0,6.916821409608437,4.545454545454545,5.96827466394688,False
2026-09-10,Product Approval,2026-09-11 06:08:00,Naver News,https://www.monews.co.kr/news/articleView.html?idxno=413736,"통풍치료제, JW중외로 '제3의 물결' 올까 - 메디칼업저버",국산 통풍 신약 출시가 가시화되면서 페북소스타트 중심 국내 통풍치료제 시장에 새로운 변화가 예고되고 있다.과거 국내 통풍치료제 시장은.,[메디칼업저버 이승덕 기자] 국산 통풍 신약 출시가 가시화되면서 페북소스타트 중심 국내 통풍치료제 시장에 새로운 변화가 예고되고 있다.과거 국내 통풍치료제 시장은,local,2,용량,,,0.6904860951858945,,10.0,6.904860951858946,4.545454545454545,5.961098389297185,False
2026-09-10,Client,2026-09-11 06:00:00,Naver News,https://www.news1.kr/bio/pharmaceutical-bio/6286657,긁을수록 더 가렵다…아토피 '악순환' 고리 끊는 신약 등장,"Access Denied You don't have permission to access ""http://www.news1.kr/bio/pharmaceutical-bio/6286657"" on this server. Reference #18.36c1c917.1789081100.7a1efcc https://errors.edgesuite.net/18.36c1c917.1789081100.7a1efcc.","Access Denied
You don't have permission to access ""http://www.news1.kr/bio/pharmaceutical-bio/6286657"" on this server.
Reference #18.36c1c917.1789081100.7a1efcc
https://errors.edgesuite.net/18.36c1c917.1789081100.7a1efcc",local,10,사노피,,,0.7794960507148044,,7.0,7.794960507148044,3.1818181818181817,5.949703577016098,False
2026-09-10,BD,2026-09-09 16:12:00,Naver News,http://www.metroseoul.co.kr/article/20260909500419,"한-프랑스 기업인 만난 이 대통령 ""양국 강점 결합하면 새 시장 만들 수...",뷰티 분야에서는 로레알의 글로벌 브랜드 역량과 코스맥스의 제품 개발 역량을 결합해 차세대 뷰티 혁신을 공동으로 추진하는 방안이 논의됐다. 바이오 분야에서는 셀트리온이 프랑스 헬스케어 기업 지프레(Gifrer) 인수... ,뷰티 분야에서는 로레알의 글로벌 브랜드 역량과 코스맥스의 제품 개발 역량을 결합해 차세대 뷰티 혁신을 공동으로 추진하는 방안이 논의됐다. 바이오 분야에서는 셀트리온이 프랑스 헬스케어 기업 지프레(Gifrer) 인수... ,local,10,로레알,,,0.7167608455250922,,9.0,7.167608455250923,4.090909090909091,5.9369287095141905,False
2026-09-10,Client,2026-09-10 09:04:00,Naver News,https://biz.chosun.com/science-chosun/bio/2026/09/10/7RUKH6AROJA6HD563HMD5SNKKM/?utm_source=naver&utm_medium=original&utm_campaign=biz,셀트리온 “두드러기 치료제 유럽 판매 확대”,"옴리클로는 스위스 제약사 노바티스가 개발한 졸레어의 바이오시밀러(바이오의약품 복제약)다. 셀트리온은 옴리클로 75㎎, 150㎎, 300㎎을 유럽 26개국에서 선보이고 있다. 주요국에 법인을 세워서 직접 판매(직판)하는... ","옴리클로는 스위스 제약사 노바티스가 개발한 졸레어의 바이오시밀러(바이오의약품 복제약)다. 셀트리온은 옴리클로 75㎎, 150㎎, 300㎎을 유럽 26개국에서 선보이고 있다. 주요국에 법인을 세워서 직접 판매(직판)하는... ",local,10,노바티스,,,0.7767217611944983,,7.0,7.767217611944983,3.1818181818181817,5.933057839894262,False
2026-09-10,BD,2026-09-10 22:20:00,Naver News,https://www.bosa.co.kr/news/articleView.html?idxno=3011882,다국적제약사 한국 '혁신 허브'로 찍었다…가교 역할 본격화 - 의학신문,다국적제약사들이 한국을 단순한 의약품 판매 시장을 넘어 글로벌 신약 개발을 함께하는 '핵심 혁신 허브'로 낙점하고 있다.국내 우수.,[의학신문·일간보사=김상일 기자]다국적제약사들이 한국을 단순한 의약품 판매 시장을 넘어 글로벌 신약 개발을 함께하는 '핵심 혁신 허브'로 낙점하고 있다.국내 우수,local,10,파트너십,,,0.6846113457788168,,10.0,6.846113457788167,4.545454545454545,5.9258498928547185,False
2026-09-10,Client,2026-09-10 08:21:00,Naver News,https://kormedi.com/?p=2863510,"첫 치료부터 먹는 표적약⋯FDA, HER2 변이 폐암 ‘하이르누오’ 확대승인 - 코메디닷컴",FDA가 바이엘의 먹는 표적항암제 하이르누오를 HER2 변이 진행성 비소세포폐암의 1차 치료까지 확대승인했다. 치료 전 환자 69명에서 객관적반응률은 75%를 기록했다.,FDA가 바이엘의 먹는 표적항암제 하이르누오를 HER2 변이 진행성 비소세포폐암의 1차 치료까지 확대승인했다. 치료 전 환자 69명에서 객관적반응률은 75%를 기록했다.,local,10,베링거인겔하임,,,0.7717990191114337,,7.0,7.717990191114337,3.1818181818181817,5.903521387395875,False
2026-09-10,BD,2026-09-11 07:54:00,Naver News,https://www.g-enews.com/view.php?ud=202609102144307300fda4f5ab74_1,"스위스 산도스, 10억 달러 투자 유럽 바이오시밀러 허브 구축 - 글로벌이코노믹",스위스 제약사 산도스가 유럽 전역에 대규모 생산 거점을 구축하고 글로벌 바이오시밀러(바이오의약품 복제약) 시장 주도권 확보에 나섰다. 1886년 설립된 산도스는 스위스 바젤에 본사를 둔 글로벌 제네릭(복제약)과 바이오시밀러 전문 회사다. 글로벌 바이오 전문 매체 바이오스페이스는 9일(현.,스위스 제약사 산도스가 유럽 전역에 대규모 생산 거점을 구축하고 글로벌 바이오시밀러(바이오의약품 복제약) 시장 주도권 확보에 나섰다. 1886년 설립된 산도스는 스위스 바젤에 본사를 둔 글로벌 제네릭(복제약)과 바이오시밀러 전문 회사다. 글로벌 바이오 전문 매체 바이오스페이스는 9일(현,local,10,제네릭,,,0.7695863127921363,,7.0,7.695863127921363,3.1818181818181817,5.890245149480091,False
2026-09-10,Reimbursement,2026-09-11 06:50:00,Naver News,https://www.medigatenews.com/news/1498806772,MEDI:GATE NEWS GLP-1 비만약 오남용 규제 앞두고…적정처방 관리체계 함께 마련해야,"경희대병원 내분비대사내과 이상열 교수. 사진=한국의학바이오기자협회 유튜브 생중계 캡처 [메디게이트뉴스 이지원 기자] GLP-1 계열 비만치료제의 오남용을 막기 위한 규제 강화 추진이 진행되는 가운데, 허가 기준에 맞는 환자에게 적절한 용량과 기간으로 사용되는지까지 확인할 수 있는 관리체계가 필요하다는 제안이 나왔다. 현재 논의되는 규제로는 비대면 처방이나 의약분업 예외지역의 무처방 판매 등을 제한할 수 있지만, 실제 환자의 치료 필요성과 처방 적정성, 치료 이후 반응까지 확인하는 데는 한계가 있다는 지적이다.","경희대병원 내분비대사내과 이상열 교수. 사진=한국의학바이오기자협회 유튜브 생중계 캡처 [메디게이트뉴스 이지원 기자] GLP-1 계열 비만치료제의 오남용을 막기 위한 규제 강화 추진이 진행되는 가운데, 허가 기준에 맞는 환자에게 적절한 용량과 기간으로 사용되는지까지 확인할 수 있는 관리체계가 필요하다는 제안이 나왔다. 현재 논의되는 규제로는 비대면 처방이나 의약분업 예외지역의 무처방 판매 등을 제한할 수 있지만, 실제 환자의 치료 필요성과 처방 적정성, 치료 이후 반응까지 확인하는 데는 한계가 있다는 지적이다. 10일 한국의학바이오기자협회와 대한비만학회가 공동 개최한 'GLP-1 비만치료제의 임상적 가치와 바람직한 처방 환경 모색' 심포지엄에서 경희대병원 내분비대사내과 이상열 교수는 현행 비만치료제 규제 논의의 실효성을 짚고 해외 사례를 토대로 적정 사용을 위한 관리 방안을 제안했다. 식품의약품안전처는 6월 비만치료제 리라글루티드·세마글루티드·터제파타이드 함유제제를 오·남용우려의약품으로 추가 지정하는 내용의 일부개정안을 행정예고했다. 업계에 따르면 관련 고시 개정은 현재 후속 절차가 진행 중으로, 이르면 9월 중 마련될 것으로 알려졌다. 경희대병원 내분비대사내과 이상열 교수 발표자료 중 일부. GLP-1 처방 급증…누가, 왜 처방받았는지는 '깜깜' 최근 비만치료제 처방은 빠르게 늘고 있다. 하지만 현재 확보되는 정보만으로는 처방의 구체적 맥락까지 들여다보기 어렵다. 구체적으로 이 교수는 DUR을 통해 처방 여부 등은 확인할 수 있지만 ▲환자가 허가사항을 충족했는지 ▲안전성 측면에서 주의가 필요한 환자인지 ▲충분한 진료정보를 바탕으로 처방이 이뤄졌는지까지는 파악하기 어렵다고 설명했다. 이에 비만치료제의 오남용 역시 무처방 판매나 불법 유통에만 한정해서 볼 것이 아니라, 허가사항을 충족하지 않은 사용과 안전성 취약군에 대한 처방, 충분하지 않은 진료정보에 기초한 처방까지 함께 살펴야 한다고 제언했다. 이 교수는 최근 늘어난 청소년 비만치료제 처방도 예로 들었다. 세마글루티드는 청소년 적응증이 있지만 터제파타이드는 국내에서 청소년 적응증을 허가받지 않은 만큼 약제별 허가사항에 맞는 처방인지 살펴볼 필요가 있다는 것이다. 다만 청소년 처방 증가 자체를 곧바로 오남용으로 해석해서는 안 된다고 강조했다. 연령별 통계만으로는 환자의 상태나 실제 처방 사유까지 드러나지 않기 때문이다. 이 교수는 이러한 한계를 고려하면 오·남용우려의약품 지정만으로는 실제 처방 단계의 적정성까지 관리하기 어렵다고 전망했다. 현재 논의되는 규제로 비대면 처방이나 의약분업 예외지역에서의 무처방 판매를 제한할 수 있지만, 누가 어떤 환자에게 처방할 것인지에 대한 기준과 환자의 허가조건 충족 여부를 점검할 수 있는 장치는 별도로 필요하다는 것이다. 이 교수는",local,2,급여,,,0.7000572426907199,,9.0,7.000572426907199,4.090909090909091,5.8367070925079565,False
2026-09-10,Product Approval,2026-09-11 06:42:00,Naver News,https://www.tokenpost.kr/news/cryptocurrency/406069,"Variational 스왑, 일주일 만에 28억달러 거래 - TokenPost",비공개 베타 중인 Variational의 스왑 상품이 출시 일주일 만에 누적 거래량 28억달러(약 3조7492억원)를 기록했다. 미결제약정은 9월 8일 2억4500만달러(약 3278억원)까지 늘었다.디파이라마 리서치는 9월 1일 출시된 Variational...,비공개 베타 중인 Variational의 스왑 상품이 출시 일주일 만에 누적 거래량 28억달러(약 3조7492억원)를 기록했다. 미결제약정은 9월 8일 2억4500만달러(약 3278억원)까지 늘었다.디파이라마 리서치는 9월 1일 출시된 Variational...,local,2,출시,,,0.6631505087835854,,10.0,6.631505087835854,4.545454545454545,5.797084870883331,False
2026-09-10,Client,2026-09-10 16:00:00,Naver News,https://www.asiatime.co.kr/article/20260910500311,"""비만약 맞았더니 얼굴이 홀쭉""…살 빼고 필러·톡신 '발길'",비만약 확산…'오젬픽 페이스' 관리 수요 증가 체중 감량 후 필러·톡신 찾아…에스테틱 수요 ↑ 볼륨 보완 넘어 피부 탄력·피부결 관리 확산 전망 [아시아타임즈=김지수 기자] 비만치료제 시장의 성장세에 에스테틱 시장도 훈풍을 맞고 있다. 위고비·마운자로 등 GLP-1 계.,비만약 확산…'오젬픽 페이스' 관리 수요 증가 체중 감량 후 필러·톡신 찾아…에스테틱 수요 ↑ 볼륨 보완 넘어 피부 탄력·피부결 관리 확산 전망 [아시아타임즈=김지수 기자] 비만치료제 시장의 성장세에 에스테틱 시장도 훈풍을 맞고 있다. 위고비·마운자로 등 GLP-1 계,local,10,애브비,,,0.7522295151839445,,7.0,7.522295151839446,3.1818181818181817,5.7861043638309395,False
2026-09-10,BD,2026-09-10 13:48:00,Naver News,http://www.bokuennews.com/news/article.html?no=283996,국내 희귀의약품시장 1조2천억 돌파… 10년새 5배 급성장,"국내 희귀의약품 시장이 과거 소수 환자만을 위한 예외적 치료제 영역을 벗어나, 제약·바이오 산업의 신약 혁신과 고성장 포트폴리오를 이끄는 핵심 섹터로 급부상했다. 글로벌 의약품 시장분석 기관 한..","국내 희귀의약품 시장이 과거 소수 환자만을 위한 예외적 치료제 영역을 벗어나, 제약&middot;바이오 산업의 신약 혁신과 고성장 포트폴리오를 이끄는 핵심 섹터로 급부상했다.

글로벌 의약품 시장분석 기관 한..",local,10,M&A,,,0.6780359840910253,,9.0,6.780359840910252,4.090909090909091,5.704579540909788,False
2026-09-10,BD,2026-09-10 17:18:00,Naver News,https://www.newsway.co.kr/news/view?ud=2026091014523354965,국산 18호 신약인데…일양약품 '슈펙트' 해외 상업화 고전,"계약에 따라 현지 임상과 품목허가, 상업화는 판권을 보유한 알팜이 담당하기로 했지만 알팜이 추가 임상을 진행하지 않으면서 품목허가를 받지 못했다. 알팜 담당자는 2024년 6월 이메일로 일양약품에 슈펙트... ","계약에 따라 현지 임상과 품목허가, 상업화는 판권을 보유한 알팜이 담당하기로 했지만 알팜이 추가 임상을 진행하지 않으면서 품목허가를 받지 못했다. 알팜 담당자는 2024년 6월 이메일로 일양약품에 슈펙트... ",local,10,판권,,,0.7082711893617859,,8.0,7.082711893617859,3.6363636363636367,5.70417259071617,False
2026-09-10,BD,2026-09-11 07:02:00,Naver News,https://www.thebell.co.kr/free/content/ArticleView.asp?key=202609091530229120104868,[더벨][SK 리밸런싱 2년] 2024년 이천 선언...숨가빴던 조정후 찾아온 '온...,2024년 12월 SK스페셜티 지분 85%를 한앤컴퍼니에 2조7000억원에 넘기는 계약을 체결했다. 2025년 8월에는 SK에코플랜트의 환경 자회사 3사(리뉴어스·리뉴원·리뉴에너지충북)를 KKR에 1조7800억원에 매각했다. SK바이오팜... ,2024년 12월 SK스페셜티 지분 85%를 한앤컴퍼니에 2조7000억원에 넘기는 계약을 체결했다. 2025년 8월에는 SK에코플랜트의 환경 자회사 3사(리뉴어스·리뉴원·리뉴에너지충북)를 KKR에 1조7800억원에 매각했다. SK바이오팜... ,local,10,계약,,,0.6467731478376403,,10.0,6.467731478376403,4.545454545454545,5.69882070520766,False
2026-09-10,Client,2026-09-09 10:00:00,Naver News,https://view.asiae.co.kr/article/2026090815550625789,"""아버지, 이제 한시름 덜었어요"" 1시간에서 15초…확 바뀌는 치료현장[치매치료의 새 길]①","PET 찍던 진단, 채혈 18분으로 정맥주사 1시간, 15초 자가주사로 ""동네 병원에서 치료 수요 대폭 확대"" 알츠하이머병 치료의 획기적인 변화가 임박했다. 두 달을 기다려야 하는 고가의 뇌 영상검사는 채혈로, 2주마다 한 시간씩 환자를 병원에 묶어두던 정맥주사 치료는 15초면 끝나는 자가주사로 대체 가능한 미래가 코앞으로 다가온 것이다. 진단과 치료의 물리적·공간적·시간적 한계가 허물어지면 치료 대상이 치매 환자에서 '아직 증상은 없지만 위험성은 있는 보통 사람들'로 넓어진다.","PET 찍던 진단, 채혈 18분으로
정맥주사 1시간, 15초 자가주사로
""동네 병원에서 치료 수요 대폭 확대""
편집자주
알츠하이머병 치료의 획기적인 변화가 임박했다. 두 달을 기다려야 하는 고가의 뇌 영상검사는 채혈로, 2주마다 한 시간씩 환자를 병원에 묶어두던 정맥주사 치료는 15초면 끝나는 자가주사로 대체 가능한 미래가 코앞으로 다가온 것이다. 진단과 치료의 물리적·공간적·시간적 한계가 허물어지면 치료 대상이 치매 환자에서 '아직 증상은 없지만 위험성은 있는 보통 사람들'로 넓어진다. 그러나 이를 감당할 검사 인프라도, 위양성을 걸러낼 기준도, 비용을 나눌 수가 체계도 아직 준비되지 않았다. 치매 치료의 패러다임 변화는 어떤 양상으로 이뤄지는지, 이를 어떻게 준비해야 하는지 아시아경제가 짚어 본다.
①검사 두 달, 투여 한 시간 걸리는 치료현장 확 바뀐다
②혈액검사·SC제형, K바이오에도 '기회의 문'
③쏟아질 수요 전망 속 '위양성·수가' 과제
60대 A씨는 최근 약속을 자주 잊고 같은 질문을 반복한다는 가족의 말을 듣고 동네 병원을 찾았다가 '정밀검사가 필요하다'는 소견을 받고 대학병원 신경과에 예약을 잡았다. 알츠하이머병 치료제를 쓰려면 뇌 안에 아밀로이드 단백질이 실제로 쌓였는지 확인해야 하는데, 그러려면 양전자방출단층촬영(PET)이 필요하다. 방사성 물질을 주사해 뇌 속 아밀로이드에 달라붙게 한 뒤 촬영하는 검사다. A씨가 받은 예약일은 두 달 뒤였다.
기다림 끝에 A씨는 결국 알츠하이머 치료제 투여 결정을 받았다. A씨 입장에선 치료제 투여 결정보다 너무도 복잡하고 긴 치료 일정이 더 캄캄했다. 치료제 투여에 앞서 부작용과 투여 일정을 설명하는 사전 면담에만 30~40분이 걸린다. 약은 250㎖ 수액에 섞어 1시간 동안 정맥으로 맞는다. 이후 2주에 한 번씩 병원을 찾아 같은 과정을 반복하게 된다. 중간중간 뇌부종이나 뇌출혈이 생겼는지 확인하기 위해 자기공명영상(MRI) 촬영도 해야 한다.
강성훈 고려대구로병원 알츠하이머예방센터 센터장이 검사를 받는 환자와 이야기를 나누고 있다. 고려대구로병원
AD
원본보기 아이콘
이런 복잡한 과정이 앞으로 1년 사이에 크게 달라질 전망이다. 진단과 투여 방식을 모두 바꾸는 기술이 잇따라 국내에 들어오기 때문이다. 강성훈 고려대구로병원 알츠하이머예방센터장(신경과 교수)은 9일 ""그동안 치료 확대를 가로막은 것은 약의 효과나 안전성이 아니라 검사와 주사실 대기시간이었다""며 ""혈액검사가 PET 앞단을 맡고 피하주사가 주사실 부담을 덜면 진단도 치료도 대학병원 밖에서 이뤄질 수 있다""고 말했다. 고려대구로병원 알츠하이머예방센터는 국내 상급종합병원 가운데 레켐비(성분명 레카네맙) 처방 실적이 세 손가락 안에 든다. 올해 상반기까지 누적 투약 환자는 240명이다.
알츠하이머병 치료 수요가 대폭 늘어난 것은 2년이 채 되지 않았다. 아밀로이드를 제거하는 레켐비의 국내 처방은 2024년 12월 시작됐다. 그전까지는 뇌에 아밀로이드가 쌓인 것을 확인해도 진행을 늦출 방법이 없어 검사 수요 자체가 크지 않았다.
아밀로이드가 알츠하이머병의 원인이라는 가설은 1990년대 초 제시됐지만 이를 겨냥한 약은 30년간 나오지 못했다. 화이자와 존슨앤드존슨의 바피뉴주맙, 일라이릴리의 솔라네주맙, 로슈의 간테네루맙이 잇따라 도전했으나 모두 임상 3상에서 인지기능 개선을 입증하지 못했다. 2021년 미국에서 조건부 승인을 받은 바이오젠의 아두카누맙도 아밀로이드 감소라는 대리지표만 인정받았을 뿐 인지기능 개선은 입증하지 못해 2024년 판매가 중단됐다. 레켐비는 아밀로이드가 뭉치기 시작하는 초기 형태를 표적으로 삼아 2022년 임상 3상에서 인지 저하를 27% 늦춘다는 결과를 얻으면서 이 고리를 끊었다.
18분 혈액검사·주 1회 피하주사…진단부터 투여까지 접근성 제고
원본보기 아이콘
당장 주목되는 건 연내 도입되는 혈액검사다. 혈액 속 인산화 타우 단백질(p-tau181) 수치를 재는 방식이다. 타우는 신경세포 안에서 구조를 지탱하는 단백질인데, 뇌에 아밀로이드가 쌓이기 시작하면 여기에 인산기가 달라붙어 변형된 형태가 혈액으로 흘러나온다. 이 변형 단백질의 농도를 재면 뇌 상태를 간접적으로 들여다볼 수 있다. 정확도가 높지 않아 확진용으로는 쓰기 어렵지만, 수치가 기준값 아래면 아밀로이드가 없다고 판단해 걸러내는 선별 검사로 활용된다. 상급종합병원뿐 아니라 동네 병원에서도 채혈 후 수탁검사기관을 거쳐 시행할 수 있다.
내년 하반기에는 같은 인산화 타우를 재되 측정 부위가 다른 p-tau217 검사가 도입된다. 아밀로이드 축적 여부를 90~95% 정확도로 가려낸다. 지난달 미국에서 허가된 로슈의 일렉시스 p-tau217은 검체를 장비에 넣은 뒤 18분이면 수치가 나온다. 지금도 혈액을 미국으로 보내 검사할 수는 있지만 결과를 받는 데 한 달 이상 걸리고 국내 허가를 받은 검사가 아니어서 대부분의 병원이 쓰지 않는다. 국내에 도입되면 채혈한 뒤 몇 시간 안에 결과를 확인할 수 있다.
치료제도 늘어난다. 연말 두 번째 아밀로이드 표적 치료제인 도나네맙의 국내 허가가 이뤄질 전망이다. 내년에는 레켐비 피하주사 제형의 국내 허가·도입도 예상된다. 주 1회, 1회 약 15초 만에 투여할 수 있어 기존 정맥주사보다 주사실 체류 시간을 크게 줄일 수 있다. 다음 세대 치료제도 개발 중이다. 로슈의 트론티네맙은 약물이 뇌로 넘어가는 것을 막는 혈액뇌관문 통과율을 10배가량 높인 제품이다. 18개월인 투여 기간을 6개월로 줄이는 것을 목표로 임상 3상을 진행 중이다.
초기 보급을 막았던 부작용 우려도 실사용 데이터로 걷히고 있다. 고려대구로병원 연구팀에 따르면 5회 이상 투여한 환자 197명 중 아밀로이드 관련 영상이상(ARIA)은 20명(10.1%)이었고, 이 가운데 19명은 증상이 없었다. 국제학술지 '알츠하이머와 치매'에 최근 실린 127명 대상 연구에서도 ARIA는 8.8%로 대부분 경증이었다.
꼭 봐야 할 주요 뉴스
그랜저에서 갈아탔더니 매년 200만원 절약…10분 ...
""금리 5%, 계좌 다 녹는다"" 개미들 덜덜 떠는데…'웃는 종목' 따로 있다[실전재테크]
""아버지, 이제 한시름 덜었어요"" 1시간에서 15초…확 바뀌는 치료현장[치매치료의 새 ...
국힘 ""민심과 동떨어진 '명심' 개각"" 맹공…총리 ""청문회서 소명""
""다 비치는데 어떻게 입어"" 말 많더니…레깅스서 눈 돌린 소비자, 룰루레몬 '휘청'
AD
강 교수는 5년쯤 뒤면 혈액검사가 국가건강검진에 들어갈 것으로 내다봤다. 그는 ""암 검진에서 종양표지자로 걸러 이상이 있으면 컴퓨터단층촬영(CT)이나 내시경을 하듯, 혈액검사에서 이상이 나오면 PET으로 확인하는 방식이 자리 잡을 것""이라고 설명했다.
박정연 기자 jy@asiae.co.kr
View
English
Article
<ⓒ투자가를 위한 경제콘텐츠 플랫폼, 아시아경제. 무단전재 배포금지, AI 학습 및 활용 금지>",local,10,바이오젠,,,0.7359289491699451,,7.0,7.359289491699451,3.1818181818181817,5.688300967746943,False
2026-09-10,BD,2026-09-11 01:46:00,Naver News,https://www.cstimes.com/news/articleView.html?idxno=720212,"코트라, K-의료기기·소부장 해외 영토 확장 총력",□ 'K-의료기기' 아세안 시장 진출 본격 시동컨슈머타임스=안성렬 기자 | 대한무역투자진흥공사(코트라)가 급속한 고령화로 헬스케어 수요가 커진 싱가포르를 교두보 삼아 국내 의료기기 기업들의 동남아시아 시장 판로 개척 지원에 나섰다.코트라는 아시아 지역 대표 의료 전시회인 '메디컬 페어 아시아 2026'과 연계해 9월 9일부터 사흘간 싱가포르 현지에서 '한-싱가포르 바이오헬스 파트너십 상담회'를 열었다.이번 행사는 식품과 뷰티에 이어 지난해 104억 달러를 달성하며 100억 달러 고지를 넘어선 의약품 수출의 성장세를 의료기기 분야로.,□ 'K-의료기기' 아세안 시장 진출 본격 시동컨슈머타임스=안성렬 기자 | 대한무역투자진흥공사(코트라)가 급속한 고령화로 헬스케어 수요가 커진 싱가포르를 교두보 삼아 국내 의료기기 기업들의 동남아시아 시장 판로 개척 지원에 나섰다.코트라는 아시아 지역 대표 의료 전시회인 '메디컬 페어 아시아 2026'과 연계해 9월 9일부터 사흘간 싱가포르 현지에서 '한-싱가포르 바이오헬스 파트너십 상담회'를 열었다.이번 행사는 식품과 뷰티에 이어 지난해 104억 달러를 달성하며 100억 달러 고지를 넘어선 의약품 수출의 성장세를 의료기기 분야로,local,10,파트너십,,,0.643376947215891,,10.0,6.43376947215891,4.545454545454545,5.678443501477164,False
2026-09-10,BD,2026-09-08 15:36:00,Naver News,https://www.job-post.co.kr/news/articleView.html?idxno=226677,일동제약 1만6000원선 재돌파…장 막판 매수세 몰리며 6% 상승 - 잡포스트(JOBPOST),일동제약이 8일 6% 가까이 상승하며 1만6000원선에 근접해 거래를 마쳤다. 장중 한때 1만6180원까지 오르면서 지난 3일 급락.,[잡포스트] 전진홍 기자 = 일동제약이 8일 6% 가까이 상승하며 1만6000원선에 근접해 거래를 마쳤다. 장중 한때 1만6180원까지 오르면서 지난 3일 급락,local,10,코프로모션,,,0.5503153743193857,,13.0,5.503153743193857,5.909090909090909,5.665528609552678,False
2026-09-10,BD,2026-09-11 05:03:00,Naver News,https://www.nongmin.com/article/20260909500661,[사설] 우리도 고병원성 AI 백신 도입 검토할 때 됐다,"고병원성 조류인플루엔자(AI) 유행기인 동절기를 앞두고 가금업계에 다시 긴장감이 감돌기 시작했다. 지난해 9월부터 올해 4월까지 경기·충청·전라·경상도 등에서 모두 62건의 고병원성 AI가 발생했으며, 산란계 1130여만마리를 살처분하는 등 진통을 겪었다.","고병원성 조류인플루엔자(AI) 유행기인 동절기를 앞두고 가금업계에 다시 긴장감이 감돌기 시작했다. 지난해 9월부터 올해 4월까지 경기·충청·전라·경상도 등에서 모두 62건의 고병원성 AI가 발생했으며, 산란계 1130여만마리를 살처분하는 등 진통을 겪었다. 더구나 이들",local,10,백신,,,0.6405817665825507,,10.0,6.4058176658255075,4.545454545454545,5.6616724176771225,False
2026-09-10,BD,2026-09-11 07:02:00,Naver News,https://www.thebell.co.kr/free/content/ArticleView.asp?key=202609100646510240102921,"[더벨]MSD, K-바이오 접점 '상시화'…BD&L 거점 중요성 강조",반대로 MSD가 보유한 자산이라도 다른 파트너가 더 효과적으로 개발할 수 있다고 판단하면 외부에 라이선스하는 방식을 활용한다. 특정 거래 구조를 먼저 정해놓기보다 자산의 가치를 가장 효과적으로 키울 수 있는... ,반대로 MSD가 보유한 자산이라도 다른 파트너가 더 효과적으로 개발할 수 있다고 판단하면 외부에 라이선스하는 방식을 활용한다. 특정 거래 구조를 먼저 정해놓기보다 자산의 가치를 가장 효과적으로 키울 수 있는... ,local,10,라이선스,,,0.6394777729629336,,10.0,6.394777729629336,4.545454545454545,5.655048455959419,False
2026-09-10,Client,2026-09-10 13:04:00,Naver News,https://www.financialpost.co.kr/news/articleView.html?idxno=274944,"한미약품, 로슈 비만약 개발 가속에 수혜…목표가 12%↑","한미약품의 기업가치가 차세대 비만약의 글로벌 기술이전 계약을 계기로 재평가될 수 있다는 분석이 나왔다. 10일 제약바이오 관계자들에 따르면, 이는 파트너사인 로슈가 비만 시장의 후발주자인 만큼 차별화된 파이프라인 개발에 적극 나설 가능성이 높은 때문. 아울러 후속 파이프라인의 추가 기.","한미약품의 기업가치가 차세대 비만약의 글로벌 기술이전 계약을 계기로 재평가될 수 있다는 분석이 나왔다. 10일 제약바이오 관계자들에 따르면, 이는 파트너사인 로슈가 비만 시장의 후발주자인 만큼 차별화된 파이프라인 개발에 적극 나설 가능성이 높은 때문. 아울러 후속 파이프라인의 추가 기",local,10,로슈,,,0.6961265740128808,,8.0,6.961265740128808,3.6363636363636367,5.63130489862274,False
2026-09-10,Client,2026-09-09 06:00:00,Naver News,https://www.apsk.co.kr/news/articleView.html?idxno=540395,"보령, '케렌디아' 특허전 전략 선회…회피심판 3건 모두 취하 - 메디팜스투데이",보령이 바이엘의 만성 신장병 치료제 '케렌디아(성분명 피네레논)' 특허 분쟁에서 일부 심판을 취하하며 전략 수정에 나서 주목된다. 특허 회피를 위한 소극적 권리범.,보령이 바이엘의 만성 신장병 치료제 '케렌디아(성분명 피네레논)' 특허 분쟁에서 일부 심판을 취하하며 전략 수정에 나서 주목된다. 특허 회피를 위한 소극적 권리범,local,10,바이엘,,,0.7260816318985568,,7.0,7.260816318985568,3.1818181818181817,5.629217064118613,False
2026-09-10,BD,2026-09-11 06:02:00,Naver News,https://www.dailypharm.com/user/news/342372?REFERER=NP,[데일리팜]기술 쇼핑에서 사업화 동행으로…제약 오픈이노베이션 진화,"국내 제약사들의 오픈이노베이션 전략이 한층 다양해지고 있다. 과거 외부 기업과 업무협약(MOU)을 맺거나 유망 바이오벤처를 발굴하는 데 무게를 뒀다면 최근에는 글로벌 제약사나 해외 바이오 클러스터와 연계해 사업화까지 지원하는 자체 협업 플랫폼을 구축하는 등 협력 범위가 넓어지는 모습이다. SK케미칼·GC녹십자, 오픈이노베이션 사업화 성과 입증 11일 제약바이오 업계에 따르….","국내 제약사들의 오픈이노베이션 전략이 한층 다양해지고 있다. 과거 외부 기업과 업무협약(MOU)을 맺거나 유망 바이오벤처를 발굴하는 데 무게를 뒀다면 최근에는 글로벌 제약사나 해외 바이오 클러스터와 연계해 사업화까지 지원하는 자체 협업 플랫폼을 구축하는 등 협력 범위가 넓어지는 모습이다. SK케미칼·GC녹십자, 오픈이노베이션 사업화 성과 입증 11일 제약바이오 업계에 따르…",local,10,백신,,,0.7183404553291104,,7.0,7.183404553291104,3.1818181818181817,5.582770004701935,False
2026-09-10,BD,2026-09-11 06:01:00,Naver News,https://biz.chosun.com/science-chosun/bio/2026/09/11/7432KR3XLREZBPMXEMKXMITLWI/?utm_source=naver&utm_medium=original&utm_campaign=biz,[Why] “면역질환 잡아라”…빅파마 잇따라 수조원 베팅 까닭은,"Why 면역질환 잡아라빅파마 잇따라 수조원 베팅 까닭은 애브비, 아포지 109억弗 인수 릴리도 최대 28.75억弗 투입 베링거, AI 활용해 면역 신약 발굴 아이큐비아 아토피·천식 등 염증성 질환은 고성장.","Why 면역질환 잡아라빅파마 잇따라 수조원 베팅 까닭은 애브비, 아포지 109억弗 인수 릴리도 최대 28.75억弗 투입 
베링거, AI 활용해 면역 신약 발굴 아이큐비아 아토피·천식 등 염증성 질환은 고성장",local,10,라이선스,,,0.647164753320817,,9.0,6.47164753320817,4.090909090909091,5.519352156288538,False
2026-09-10,Client,2026-09-10 15:01:00,Naver News,https://www.wowtv.co.kr/NewsCenter/News/Read?articleId=A202609100383&t=NNv,"유방암 혁신 신약 나왔다...K-바이오, 108조 시장 도전장",미 FDA가 영국 제약사 아스트라제네카의 유방암 신약 '에트카마'를 가속 승인했습니다.기존 허가 기준을 완화해 신약으로 승인할 만큼 혁신성을 인정 받은 겁니다.유방암 치료제 시장에 도전하고 있는 국내 ...,&lt앵커>미 FDA가 영국 제약사 아스트라제네카의 유방암 신약 '에트카마'를 가속 승인했습니다.기존 허가 기준을 완화해 신약으로 승인할 만큼 혁신성을 인정 받은 겁니다.유방암 치료제 시장에 도전하고 있는 국내 ...,local,10,아스트라제네카,,,0.706344716308419,,7.0,7.06344716308419,3.1818181818181817,5.510795570577786,False
2026-09-10,Product Approval,2026-09-11 06:30:00,Naver News,http://www.docdocdoc.co.kr/news/articleView.html?idxno=3042687,수술 없이 안구돌출 개선…표적치료가 연 갑상선안병증 새 시대,"수술에 의존하지 않고 약물로 안구돌출과 복시 등 갑상선안병증의 구조적·기능적 증상을 개선할 수 있는 표적치료 시대가 열리고 있다.기존 면역억제 치료의 한계를 보완하는 새로운 치료 옵션과 한국형 진료 프레임워크가 제시되면서 치료 패러다임의 변화가 본격화한 가운데, 임상적 혜택을 환자에게 넓히기 위한 급여 접근성 확보가 향후 과제로 떠올랐다.대한갑상선학회는 지난달 28~29일 열린 '2026 대한갑상선학회 추계학술대회'에서 갑상선안병증을 집중 조명했다.학회 현장에서는 질환의 임상적 특성과 미충족 수요, 그리고 신약 등장 이후 달라지고.","수술에 의존하지 않고 약물로 안구돌출과 복시 등 갑상선안병증의 구조적·기능적 증상을 개선할 수 있는 표적치료 시대가 열리고 있다.기존 면역억제 치료의 한계를 보완하는 새로운 치료 옵션과 한국형 진료 프레임워크가 제시되면서 치료 패러다임의 변화가 본격화한 가운데, 임상적 혜택을 환자에게 넓히기 위한 급여 접근성 확보가 향후 과제로 떠올랐다.대한갑상선학회는 지난달 28~29일 열린 '2026 대한갑상선학회 추계학술대회'에서 갑상선안병증을 집중 조명했다.학회 현장에서는 질환의 임상적 특성과 미충족 수요, 그리고 신약 등장 이후 달라지고",local,2,용량,,,0.6745837058684947,,8.0,6.7458370586849465,3.6363636363636367,5.502047689756423,False
2026-09-10,Client,2026-09-11 06:02:00,Naver News,https://www.yakup.com/news/index.html?mode=view&cat=12&nid=332399,[약업신문]MSD 본사 추가 감원…‘키트루다 이후’ 준비 중,글로벌 제약사 MSD(Merck & Co.)가 2027년까지 이어지는 비용절감 프로그램의 일환으로 미국 뉴저지 글로벌 본사에서 추가 인력 감축에 나선다. 블록버스터 면역항암제 ‘키트루다(Keytruda)’의 특허만료를 앞...,글로벌 제약사 MSD(Merck &amp;amp; Co.)가 2027년까지 이어지는 비용절감 프로그램의 일환으로 미국 뉴저지 글로벌 본사에서 추가 인력 감축에 나선다. 블록버스터 면역항암제 ‘키트루다(Keytruda)’의 특허만료를 앞...,local,10,MSD,,,0.6976269808575797,,7.0,6.976269808575797,3.1818181818181817,5.458489157872751,False
2026-09-10,Reimbursement,2026-09-11 06:20:00,Naver News,http://www.docdocdoc.co.kr/news/articleView.html?idxno=3042679,"""국내 개발 신약, 산업적 가치도 고려""…'지텍정' 약가협상 주목","국민건강보험공단이 국내 개발 신약의 임상적 유용성뿐 아니라 산업적 가치도 고려해 약가 협상에 임하겠다고 밝혔다.공단은 지난 10일 지텍정 약가 협상과 관련해 ""임상적 유용성 및 국내 회사에서 개발된 산업적 가치를 고려하면서 대체약제 가격과 도입 시 재정영향 등을 동시에 검토하고 있다""고 전했다.종근당의 위염치료제인 '지텍정'은 국내 개발 천연물 기반 신약으로, 대체약제 대비 효과 개선을 입증한 것으로 알려졌다. 지난 6월 약제급여평가위원회를 통과한 뒤 공단과 약가 협상을 진행 중이다.하지만 업계에서는 임상적 유용성을 입증한 국내 개.","국민건강보험공단이 국내 개발 신약의 임상적 유용성뿐 아니라 산업적 가치도 고려해 약가 협상에 임하겠다고 밝혔다.공단은 지난 10일 지텍정 약가 협상과 관련해 ""임상적 유용성 및 국내 회사에서 개발된 산업적 가치를 고려하면서 대체약제 가격과 도입 시 재정영향 등을 동시에 검토하고 있다""고 전했다.종근당의 위염치료제인 '지텍정'은 국내 개발 천연물 기반 신약으로, 대체약제 대비 효과 개선을 입증한 것으로 알려졌다. 지난 6월 약제급여평가위원회를 통과한 뒤 공단과 약가 협상을 진행 중이다.하지만 업계에서는 임상적 유용성을 입증한 국내 개",local,2,약가,,,0.6948502022416624,,7.0,6.948502022416624,3.1818181818181817,5.441828486177246,False
2026-09-10,Reimbursement,2026-09-11 06:42:00,Naver News,https://www.dailypharm.com/user/news/342383?REFERER=NP,"[데일리팜]이윤학 공단 약제실장 ""필수약 접근성 높이되 비용 부담 낮춰야""",이윤학 국민건강보험공단 약제관리실장이 신약 접근성을 높이면서도 국민의 약품비 부담을 낮추는 데 방점을 두고 약제관리 업무를 추진하겠다는 포부를 밝혔다. 지난 8월 부임한 이윤학 실장은 약가제도 개선방안 추진을 철저히 준비해 실행에 문제가 없도록 하겠다고 전했다. 10일 건보공단은 전문기자단 간담회 후속 질의에서 약제관리실의 주요 업무 방향성을 설명했다.,이윤학 국민건강보험공단 약제관리실장이 신약 접근성을 높이면서도 국민의 약품비 부담을 낮추는 데 방점을 두고 약제관리 업무를 추진하겠다는 포부를 밝혔다. 지난 8월 부임한 이윤학 실장은 약가제도 개선방안 추진을 철저히 준비해 실행에 문제가 없도록 하겠다고 전했다. 10일 건보공단은 전문기자단 간담회 후속 질의에서 약제관리실의 주요 업무 방향성을 설명했다. 강청희 건보…,local,2,급여,,,0.6329239381376687,,9.0,6.329239381376687,4.090909090909091,5.4339072651896485,False
2026-09-10,Reimbursement,2026-09-11 06:24:00,Naver News,http://www.docdocdoc.co.kr/news/articleView.html?idxno=3042682,"미등록 이주민, 급성기 치료 후 갈 곳 없어…최대 4회 전원",미등록 이주민들이 급성기 치료를 마친 뒤에도 퇴원하지 못한 채 병원과 병원을 반복해서 오가는 사례가 확인됐다. 이에 한국의 의료 보장 제도 사각지대에 놓여있는 미등록 이주민의 응급실 이후까지 책임지는 제도가 필요하다는 의견이 나왔다.서울대 보라매병원 송경준 교수 연구팀은 최근 응급의학회지에 게재된 '응급실에 내원한 미등록 이주민의 반복적 전원을 통해 본 의료 사각지대 실태와 제도 개선에 대한 사례군 연구'를 통해 이같이 말했다.연구팀은 지난 2017년 1월 1일부터 2023년 5월 31일까지 서울시 안전망병원 사업에 참여한 민간 자.,미등록 이주민들이 급성기 치료를 마친 뒤에도 퇴원하지 못한 채 병원과 병원을 반복해서 오가는 사례가 확인됐다. 이에 한국의 의료 보장 제도 사각지대에 놓여있는 미등록 이주민의 응급실 이후까지 책임지는 제도가 필요하다는 의견이 나왔다.서울대 보라매병원 송경준 교수 연구팀은 최근 응급의학회지에 게재된 '응급실에 내원한 미등록 이주민의 반복적 전원을 통해 본 의료 사각지대 실태와 제도 개선에 대한 사례군 연구'를 통해 이같이 말했다.연구팀은 지난 2017년 1월 1일부터 2023년 5월 31일까지 서울시 안전망병원 사업에 참여한 민간 자,local,2,급여,,,0.6317012873123931,,9.0,6.317012873123931,4.090909090909091,5.426571360237995,False
2026-09-10,Client,2026-09-10 17:46:00,Naver News,https://www.financialpost.co.kr/news/articleView.html?idxno=275041,"엔젠바이오, ﻿위고비·마운자로 비만치료제 맞춤 유전자검사 출시",정밀의료 기업 엔젠바이오가 GLP-1 계열 비만치료제 투약 전 환자별 치료반응과 이상반응 관련 유전적 특성을 분석하는 유전자검사 서비스를 출시했다고 10일 밝혔다.해당 유전자 검사는 위고비·마운자로 등 GLP-1 계열 비만치료제 처방 전 시행하는 혈액 기반 유전자검사 서비스이다.,정밀의료 기업 엔젠바이오가 GLP-1 계열 비만치료제 투약 전 환자별 치료반응과 이상반응 관련 유전적 특성을 분석하는 유전자검사 서비스를 출시했다고 10일 밝혔다.해당 유전자 검사는 위고비·마운자로 등 GLP-1 계열 비만치료제 처방 전 시행하는 혈액 기반 유전자검사 서비스이다. 엔젠,local,10,마운자로,,,0.6012985757117164,,10.0,6.012985757117164,4.545454545454545,5.425973272452117,False
2026-09-10,Product Approval,2026-09-11 06:02:00,Naver News,https://www.dailypharm.com/user/news/342375?REFERER=NP,[데일리팜][노벨드럭] 최초 항문암 PD-1 억제제 '자이니스',"자이니즈(Zynyz®, 성분명: 레티판리맙-dlwr, retifanlimab-dlwr, Incyte Corporation)는 PD-1 억제제다. 작년 5월 미국 FDA에서 ‘수술이 불가능한 국소 재발성 또는 전이성 항문관 편평세포암(squamous cell carcinoma of the anal canal, SCAC) 성인 환자의 1차 치료제로 카보플라틴 및 파클리탁셀과의 병용요법’과 ‘백금 기반 화학요법에 내성이 있거나 치료 중 질병이 진행된 국소 재….","자이니즈(Zynyz®, 성분명: 레티판리맙-dlwr, retifanlimab-dlwr, Incyte Corporation)는 PD-1 억제제다. 작년 5월 미국 FDA에서 ‘수술이 불가능한 국소 재발성 또는 전이성 항문관 편평세포암(squamous cell carcinoma of the anal canal, SCAC) 성인 환자의 1차 치료제로 카보플라틴 및 파클리탁셀과의 병용요법’과 ‘백금 기반 화학요법에 내성이 있거나 치료 중 질병이 진행된 국소 재…",local,2,적응증,,,0.6921930003196686,,7.0,6.921930003196685,3.1818181818181817,5.4258852746452835,False
2026-09-10,Client,2026-09-10 11:08:00,Naver News,http://www.joseilbo.com/news/news_read.php?uid=575424&class=17&grp=,셀트리온 '옴리클로' 유럽 26개국 판매…스페인·이탈리아서 성과 - 조세일보,"셀트리온의 오말리주맙 바이오시밀러 '옴리클로'가 유럽 26개국으로 판매 지역을 넓힌 가운데, 스페인 시장에서는 올해 7월 기준 점유율이 90%를 넘어선 것으로 추.","셀트리온의 오말리주맙 바이오시밀러 '옴리클로'가 유럽 26개국으로 판매 지역을 넓힌 가운데, 스페인 시장에서는 올해 7월 기준 점유율이 90%를 넘어선 것으로 추",local,10,노바티스,,,0.6286677076814525,,9.0,6.2866770768145255,4.090909090909091,5.408369882452352,False
2026-09-10,BD,2026-09-10 12:24:00,Naver News,https://www.kpanews.co.kr/news/articleView.html?idxno=543478,'실로듀오' 이어 '실로듀엣' 허가…유나이티드 판매채널 확대 - 약사공론,한국유나이티드제약이 실로스타졸 기반 개량신약 제품군 확대에 속도를 내고 있다. 올해 본격적으로 시장에 진입한 '실로듀오서방정'이 초기 매출을 쌓아가는 가운데 관계.,한국유나이티드제약이 실로스타졸 기반 개량신약 제품군 확대에 속도를 내고 있다. 올해 본격적으로 시장에 진입한 '실로듀오서방정'이 초기 매출을 쌓아가는 가운데 관계,local,10,CSO,,,0.8989484541664828,,0.0,8.989484541664828,0.0,5.393690724998897,False
2026-09-10,BD,2026-09-08 05:52:00,Naver News,https://www.kpanews.co.kr/news/articleView.html?idxno=542978,"메나리니, 간리 GLP-1 유럽 판권 확보…최대 7.71億弗 규모 계약 - 약사공론",이탈리아 메나리니그룹(Menarini Group)이 중국 인슐린 기업 간리제약(Gan & Lee Pharmaceuticals)의 GLP-1 계열 후보물질 보팡글루.,이탈리아 메나리니그룹(Menarini Group)이 중국 인슐린 기업 간리제약(Gan & Lee Pharmaceuticals)의 GLP-1 계열 후보물질 보팡글루,local,10,메나리니,,,0.7467775168323468,,5.0,7.4677751683234685,2.2727272727272725,5.38975601008499,False
2026-09-10,Client,2026-09-09 15:54:00,Naver News,https://kormedi.com/?p=2863199,"“싱가포르, 목적지 아닌 연결하는 다리”⋯노보홀딩스, '아시아 바이오' 글로벌 자본과 잇는다 - 코메디닷컴",노보홀딩스가 아시아 바이오 기술을 싱가포르 뉴코와 자본·경영진에 연결하는 ‘싱가포르 바이오테크 브릿지’ 전략을 제시했다. 원개발사의 후속 개발 참여도 유지하는 방식이다.,노보홀딩스가 아시아 바이오 기술을 싱가포르 뉴코와 자본·경영진에 연결하는 ‘싱가포르 바이오테크 브릿지’ 전략을 제시했다. 원개발사의 후속 개발 참여도 유지하는 방식이다.,local,10,노보노디스크,,,0.68214527378088,,7.0,6.8214527378088,3.1818181818181817,5.365598915412552,False
2026-09-10,Client,2026-09-10 06:00:00,Naver News,https://www.monews.co.kr/news/articleView.html?idxno=413731,"BTK 억제제, 다발성경화증 적응증∙안전성 차별화 경쟁 - 메디칼업저버",다발성경화증 치료제로 개발 중인 BTK 억제제 계열이 적응증과 안전성 차별화를 내세우며 시장 진입에 속도를 내고 있다.BTK 억제제는.,[메디칼업저버 정연주 기자] 다발성경화증 치료제로 개발 중인 BTK 억제제 계열이 적응증과 안전성 차별화를 내세우며 시장 진입에 속도를 내고 있다.BTK 억제제는,local,10,얀센,,,0.8895835319226549,,0.0,8.89583531922655,0.0,5.337501191535929,False
2026-09-10,Client,2026-09-10 12:24:00,Naver News,https://www.apsk.co.kr/news/articleView.html?idxno=540410,"한미약품, 비만·희귀질환 R&D 전방위 확장…'글로벌 신약' 성과 가속 - 메디팜스투데이",한미약품이 비만·대사질환과 희귀질환을 중심으로 신약 연구개발(R&D) 투자를 확대하며 글로벌 신약 성과 창출에 속도를 내고 있다.특히 자체 개발 GLP-1 계열.,한미약품이 비만·대사질환과 희귀질환을 중심으로 신약 연구개발(R&D) 투자를 확대하며 글로벌 신약 성과 창출에 속도를 내고 있다.특히 자체 개발 GLP-1 계열,local,10,MSD,,,0.6707489679254017,,7.0,6.707489679254017,3.1818181818181817,5.297221080279683,False
2026-09-10,Client,2026-09-09 08:15:00,Naver News,https://kormedi.com/?p=2862697,"심방세동 치료, 한 카테터로 ‘두 방식’ 골라 쓴다⋯FDA, 애보트 신기기 승인 - 코메디닷컴",FDA가 애보트의 심방세동 치료용 ‘택티플렉스 듀오’를 승인했다. 전기장 방식 PFA와 고주파 절제술을 한 카테터에서 선택하거나 함께 사용할 수 있다.,FDA가 애보트의 심방세동 치료용 ‘택티플렉스 듀오’를 승인했다. 전기장 방식 PFA와 고주파 절제술을 한 카테터에서 선택하거나 함께 사용할 수 있다.,local,10,애보트,,,0.6689248227891835,,7.0,6.689248227891835,3.1818181818181817,5.286276209462374,False
2026-09-10,Client,2026-09-08 07:02:00,Naver News,https://www.thebell.co.kr/free/content/ArticleView.asp?key=202609041405220160101973,"[더벨][빅파마 장부 속 K-바이오] 삼성바이오에피스·바이오젠, 결별 후...",삼성바이오에피스와 바이오젠은 약 10년 만인 2022년 지분 관계를 완전히 청산했다. 그럼에도 양사가 함께 손잡고 만든 유럽 바이오시밀러 사업의 협업 구조는 여전히 바이오젠 회계장부에 흔적으로 남아 있다.... ,삼성바이오에피스와 바이오젠은 약 10년 만인 2022년 지분 관계를 완전히 청산했다. 그럼에도 양사가 함께 손잡고 만든 유럽 바이오시밀러 사업의 협업 구조는 여전히 바이오젠 회계장부에 흔적으로 남아 있다.... ,local,10,바이오젠,,,0.6687122996461824,,7.0,6.687122996461824,3.1818181818181817,5.285001070604366,False
2026-09-10,BD,2026-09-10 19:14:00,Naver News,https://www.k-health.com/news/articleView.html?idxno=101107,"손피부질환, 겉모습 비슷해도 원인 달라…“정확한 감별진단 중요” - 헬스경향",손피부질환 경험자의 67.2%가 삶의 질 저하를 호소한 가운데 대한피부과학회가 정확한 감별진단과 최신 치료선택지 확대를 조명했다.,손피부질환 경험자의 67.2%가 삶의 질 저하를 호소한 가운데 대한피부과학회가 정확한 감별진단과 최신 치료선택지 확대를 조명했다.,local,10,생물학적제제,,,0.6658636016114158,,7.0,6.658636016114158,3.1818181818181817,5.267908882395767,False
2026-09-10,BD,2026-09-11 07:02:00,Naver News,https://www.thebell.co.kr/free/content/ArticleView.asp?key=202609091734020640102890,"[더벨][thebell interview] 사노피 ""글로벌 바이오 아시아 3국 체제로, 韓...","인수합병(M&A)이나 벤처투자 역시 활용 가능한 수단이다. 양 총괄은 ""한국 바이오텍의 기술과 과학이 가진 가치를 높게 평가하고 있다""며 ""앞으로 한국 기업들과 더 많은 파트너십을 만들어가기를 기대한다""고 말했다.","인수합병(M&A)이나 벤처투자 역시 활용 가능한 수단이다. 양 총괄은 ""한국 바이오텍의 기술과 과학이 가진 가치를 높게 평가하고 있다""며 ""앞으로 한국 기업들과 더 많은 파트너십을 만들어가기를 기대한다""고 말했다.",local,10,M&A,,,0.5127143823225503,,12.0,5.127143823225503,5.454545454545454,5.258104475753484,False
2026-09-10,Product Approval,2026-09-11 07:42:00,Naver News,https://www.womennews.co.kr/news/articleView.html?idxno=282085,"법무부, '김승원 기소계획서' 유출 진상조사 착수",법무부가 김승원 장관 후보자의 '코로나19 신약 청탁 의혹' 관련 수사 문건이 한동훈 무소속 의원에 흘러간 경위를 규명하기 위한 진상조사에 착수했다. 11일 법조계에 따르면 법무부 검찰국은 최근 김승원 후보자에 대한 기소계획서가 외부로 유출된 경위를 파악하기 위한 사실관계 확인 절차에.,법무부가 김승원 장관 후보자의 '코로나19 신약 청탁 의혹' 관련 수사 문건이 한동훈 무소속 의원에 흘러간 경위를 규명하기 위한 진상조사에 착수했다. 11일 법조계에 따르면 법무부 검찰국은 최근 김승원 후보자에 대한 기소계획서가 외부로 유출된 경위를 파악하기 위한 사실관계 확인 절차에,local,2,신약,,,0.6637139939635976,,7.0,6.6371399396359765,3.1818181818181817,5.255011236508858,False
2026-09-10,BD,2026-09-11 04:58:00,Naver News,https://www.dailymedi.com/news/news_view.php?wr_id=940407,실수로 주사기 다시 사용한 의사 ‘면허정지’,﻿﻿﻿코로나19 백신 접종 과정에서 이미 사용한 빈 주사기를 새 주사기로 착각해 다른 환자에게 다시 사용한 의사에게 면허정지 처분을 내리는 것은 적법하다는 항소심 판결이 나왔다.고의가 아닌 실수에 대해서는 의사 개인에게 면허정지까지 할 수 없다고 본 1심이 뒤집힌 가운데 대한의사협회는 자발적인 사고 보고와 환자안전 문화가 위축될 수 있다며 우려를 표명했다.10일 법조계에 따르면 서울고등법원 제10-1행정부(재판장 오현규)는 지난달 21일 의사 A씨가 보건복지부장관을 상대로 제기한 의사면허 자격정지처분 취소소송 항소심에서 원고 승소한….,﻿﻿﻿코로나19 백신 접종 과정에서 이미 사용한 빈 주사기를 새 주사기로 착각해 다른 환자에게 다시 사용한 의사에게 면허정지 처분을 내리는 것은 적법하다는 항소심 판결이 나왔다.고의가 아닌 실수에 대해서는 의사 개인에게 면허정지까지 할 수 없다고 본 1심이 뒤집힌 가운데 대한의사협회는 자발적인 사고 보고와 환자안전 문화가 위축될 수 있다며 우려를 표명했다.10일 법조계에 따르면 서울고등법원 제10-1행정부(재판장 오현규)는 지난달 21일 의사 A씨가 보건복지부장관을 상대로 제기한 의사면허 자격정지처분 취소소송 항소심에서 원고 승소한…,local,10,백신,,,0.6610745639847624,,7.0,6.610745639847623,3.1818181818181817,5.239174656635846,False
2026-09-10,BD,2026-09-11 06:40:00,Naver News,https://medicalworldnews.co.kr/news/view.php?idx=1510977195,나노기술로 암 면역치료 부작용 줄이고 효과 높일 전략 제시,"종양 부위에 약물을 정밀하게 전달해 면역치료의 부작용은 줄이고 효과는 높이는 나노기술 전략이 체계적으로 정리됐다. 기존 면역항암제의 한계인 낮은 치료 반응률과 전신 독성을 극복할 나노기술 기반의 차세대 발전 방향이 제시된 것이다.서울대병원 신경외과 백선하 교수팀(조언택 박사)은 독일 본대학병원 슈미트 울프(Ingo G. Schmidt-Wolf) 교수·아밋 샤마(Amit Sharma) 교수팀, 중국 상하이교통대 런지병원 징징 푸(J.","종양 부위에 약물을 정밀하게 전달해 면역치료의 부작용은 줄이고 효과는 높이는 나노기술 전략이 체계적으로 정리됐다. 기존 면역항암제의 한계인 낮은 치료 반응률과 전신 독성을 극복할 나노기술 기반의 차세대 발전 방향이 제시된 것이다.서울대병원 신경외과 백선하 교수팀(조언택 박사)은 독일 본대학병원 슈미트 울프(Ingo G. H. Schmidt-Wolf) 교수·아밋 샤마(Amit Sharma) 교수팀, 중국 상하이교통대 런지병원 징징 푸(J",local,10,백신,,,0.6527794515988372,,7.0,6.527794515988372,3.1818181818181817,5.189403982320296,False
2026-09-10,Client,2026-09-11 06:02:00,Naver News,https://www.yakup.com/news/index.html?mode=view&cat=16&nid=332394,[약업신문]바이엘 ‘하이어누오’ NSCLC 1차 약제로 격상,바이엘社는 자사의 항암제 ‘하이어누오’(Hyrnuo: 세바버티닙)가 FDA로부터 비소세포 폐암 1차 약제로 ‘가속승인’을 취득했다고 9일 공표했다.‘하이어누오’는 종양에 상피세포 성장인자 수용체 2(HER2) 티로...,바이엘社는 자사의 항암제 ‘하이어누오’(Hyrnuo: 세바버티닙)가 FDA로부터 비소세포 폐암 1차 약제로 ‘가속승인’을 취득했다고 9일 공표했다.‘하이어누오’는 종양에 상피세포 성장인자 수용체 2(HER2) 티로...,local,10,바이엘,,,0.6486425131794878,,7.0,6.486425131794879,3.1818181818181817,5.164582351804199,False
2026-09-10,BD,2026-09-10 06:10:00,Naver News,https://www.kpanews.co.kr/news/articleView.html?idxno=543377,"산도스, 2040년까지 바이오시밀러 100종…류블랴나에 3억弗 신공장 - 약사공론",산도스(Sandoz)가 오리지널 업계의 특허절벽을 겨냥해 2040년까지 100종 이상의 바이오시밀러 포트폴리오를 구축하는 '바이오100(Bio100)' 전략을 공.,산도스(Sandoz)가 오리지널 업계의 특허절벽을 겨냥해 2040년까지 100종 이상의 바이오시밀러 포트폴리오를 구축하는 '바이오100(Bio100)' 전략을 공,local,10,특허만료,,,0.6448618574546424,,7.0,6.448618574546424,3.1818181818181817,5.141898417455127,False
2026-09-10,Client,2026-09-08 18:00:00,Naver News,https://www.etoday.co.kr/news/view/2623252,"노보노디스크 ‘위고비’, 12세 미만 소아 비만에도 효과 확인",서울 강남구의 한 약국에 덴마크 제약사 노보노디스크가 개발한 비만치료제 ‘위고비'가 놓여 있다. (뉴시스)노보 노디스크의 비만치료제 ‘위고비’(성.,▲서울 강남구의 한 약국에 덴마크 제약사 노보노디스크가 개발한 비만치료제 ‘위고비'가 놓여 있다. (뉴시스)노보 노디스크의 비만치료제 ‘위고비’(성,local,10,노보노디스크,,,0.6437176598647115,,7.0,6.437176598647115,3.1818181818181817,5.135033231915542,False
2026-09-10,Therapeutic Areas,2026-09-11 06:02:00,Naver News,https://www.hani.co.kr/arti/culture/book/1277310.html,14년간 환자들의 ‘외침’을 무대에…법과 제도를 바꾸다 [.txt],"지금 북토크는요 “아이를 낳아본 적은 없지만, 이런 기분이지 않을까 싶습니다.” 지난 8월26일, 서울 건강책방 일일호일에서 열린 ‘환자샤우팅카페: 대한민국을 바꾸는 환자들의 목소리’(안기종 지음, 엔자임헬스 펴냄)의 첫 북토크는 저자의 벅찬 출간 소감으로 시작됐다.","지금 북토크는요 “아이를 낳아본 적은 없지만, 이런 기분이지 않을까 싶습니다.” 지난 8월26일, 서울 건강책방 일일호일에서 열린 ‘환자샤우팅카페: 대한민국을 바꾸는 환자들의 목소리’(안기종 지음, 엔자임헬스 펴냄)의 첫 북토크는 저자의 벅찬 출간 소감으로 시작됐다.",local,2,항암제,,,0.7027213936204395,,5.0,7.0272139362043955,2.2727272727272725,5.125419270813547,False
2026-09-10,Supply Issues,2026-09-09 18:27:00,Naver News,https://biz.sbs.co.kr/article_hub/20000333735?division=NAVER,감기인줄 알았는데…코로나 치료제 다시 품귀,아침저녁으로 날씨가 쌀쌀해지면서 감기 걸리시는 분들이 늘고 있는데요.혹시 코로나는 아닌지 살펴보셔야겠습니다.한동안 잠잠했던 코로나가 다시 고개를 들면서 입원환자가 늘고 치료제 품귀현상도 벌어지고 있습니다.우형준 기자가 취재했습니다.[기자]코로나 치료제인 팍스로비드 ….,[앵커]아침저녁으로 날씨가 쌀쌀해지면서 감기 걸리시는 분들이 늘고 있는데요.혹시 코로나는 아닌지 살펴보셔야겠습니다.한동안 잠잠했던 코로나가 다시 고개를 들면서 입원환자가 늘고 치료제 품귀현상도 벌어지고 있습니다.우형준 기자가 취재했습니다.[기자]코로나 치료제인 팍스로비드 …,local,2,품귀,,,0.7025244643068727,,5.0,7.025244643068726,2.2727272727272725,5.124237694932145,False
2026-09-10,BD,2026-09-11 06:02:00,Naver News,https://www.dailypharm.com/user/news/342382?REFERER=NP,"[데일리팜]코로나·독감 동시 유행…의협 ""백신·치료제 수급 점검을""","코로나19 입원환자가 6주 연속 증가하고 인플루엔자(독감) 유행 시기까지 앞당겨지자 의사단체가 국민적 주의를 당부하는 한편, 정부를 향해 백신과 치료제의 선제적 수급 안정을 강력히 촉구했다. 10일 대한의사협회(회장 김택우)에 따르면 질병관리청 집계 기준 코로나19 입원환자는 최근 6주 연속 증가세를 이어가고 있다. 독감 유행 속도 역시 심상치 않은 수준이다.","코로나19 입원환자가 6주 연속 증가하고 인플루엔자(독감) 유행 시기까지 앞당겨지자 의사단체가 국민적 주의를 당부하는 한편, 정부를 향해 백신과 치료제의 선제적 수급 안정을 강력히 촉구했다. 10일 대한의사협회(회장 김택우)에 따르면 질병관리청 집계 기준 코로나19 입원환자는 최근 6주 연속 증가세를 이어가고 있다. 독감 유행 속도 역시 심상치 않은 수준이다. 8월 마지막 주…",local,10,백신,,,0.6398898994159868,,7.0,6.398898994159868,3.1818181818181817,5.112066669223194,False
2026-09-10,Client,2026-09-10 15:00:00,Naver News,https://www.kpanews.co.kr/news/articleView.html?idxno=543506,"PBC 환우들, '질환과 함께 살아가는 법' 담았다…PBC 가이드북 공개 - 약사공론",원발성 담즙성 담관염(PBC)을 앓고 있는 환자들이 질환에 대한 올바른 이해와 일상적인 관리 방법을 담은 안내서를 공개했다. 단순히 질환 정보를 전달하는 데 그치.,원발성 담즙성 담관염(PBC)을 앓고 있는 환자들이 질환에 대한 올바른 이해와 일상적인 관리 방법을 담은 안내서를 공개했다. 단순히 질환 정보를 전달하는 데 그치,local,10,입센,,,0.6317369032553289,,7.0,6.317369032553289,3.1818181818181817,5.063148692259246,False
2026-09-10,Therapeutic Areas,2026-09-10 23:50:00,Naver News,https://www.venturesquare.net/1112328/,"세포가 어디서 무엇을 하는지 읽는다…마크로젠, Atera 아시아 첫 도입","마크로젠이 10x지노믹스의 공간생물학 분석 플랫폼 ‘Atera’를 아시아 최초로 도입한다. Atera는 1만8,000개 이상의 유전자 발현 데이터와 세포의 공간 정보를 결합하고 신선동결 조직과 FFPE 시료를 분석할 수 있다. 마크로젠은 9월 10일 웨비나와 서비스 사전 예약을 시작해 정밀의료·신약개발 연구기관을 대상으로 공간전사체 분석을 제공한다.","마크로젠이 10x지노믹스의 공간생물학 분석 플랫폼 ‘Atera’를 아시아 최초로 도입한다. Atera는 1만8,000개 이상의 유전자 발현 데이터와 세포의 공간 정보를 결합하고 신선동결 조직과 FFPE 시료를 분석할 수 있다. 마크로젠은 9월 10일 웨비나와 서비스 사전 예약을 시작해 정밀의료·신약개발 연구기관을 대상으로 공간전사체 분석을 제공한다.",local,2,항암제,,,0.585390277112363,,8.0,5.8539027711236304,3.6363636363636367,4.966887117219633,False
2026-09-10,Client,2026-09-10 06:00:00,Naver News,https://www.monews.co.kr/news/articleView.html?idxno=413728,"종근당, 망막 신약 국내 개발 '운전대' 잡았다 - 메디칼업저버",종근당이 하반기 신약 개발에 속도를 내고 있다. 미국 바이오텍의 망막질환 신약 후보물질을 도입하며 희귀 안과질환으로 연구개발 영역을 넓힌 데 이어 연구개발 투자도.,종근당이 하반기 신약 개발에 속도를 내고 있다. 미국 바이오텍의 망막질환 신약 후보물질을 도입하며 희귀 안과질환으로 연구개발 영역을 넓힌 데 이어 연구개발 투자도,local,10,노바티스,,,0.5775971596747614,,8.0,5.775971596747614,3.6363636363636367,4.920128412594023,False
2026-09-10,Client,2026-09-10 08:36:00,Naver News,https://www.medicopharma.co.kr/news/articleView.html?idxno=69474,루푸스 치료 판도 바뀌나…경구 TLR7/8 억제제 2상 성공,하루 한 번 복용하는 경구 저분자 치료제가 전신홍반루푸스(SLE) 후기 개발단계로 올라설 근거를 확보했다. 비라인 메디슨스(Beeline Medicines)의 톨유사수용체 7/8(TLR7/8) 억제제 '아피메토란(afimetoran)'이 248명 규모 글.,[메디코파마뉴스=이호빈 기자] 하루 한 번 복용하는 경구 저분자 치료제가 전신홍반루푸스(SLE) 후기 개발단계로 올라설 근거를 확보했다. 비라인 메디슨스(Beeline Medicines)의 톨유사수용체 7/8(TLR7/8) 억제제 '아피메토란(afimetoran)'이 248명 규모 글,local,10,머크,,,0.817937203999251,,0.0,8.17937203999251,0.0,4.907623223995506,False
2026-09-10,Client,2026-09-10 17:04:00,Naver News,http://www.press9.kr/news/articleView.html?idxno=82548,"에이프릴바이오 투자사 큐리진, 美서 바이엘과 RNA 협력 논의",에이프릴바이오가 전략적 투자한 RNA 신약개발 기업 큐리진이 미국에서 글로벌 제약사 바이엘(Bayer)과 만난다. 자체 siRNA 기술과 RNA 치료제 플랫폼을 소개하고 기술이전과 공동개발 등 사업 협력 가능성을 논의할 예정이다.큐리진은 오는 9월 22일 미국 보스턴에서 바이엘의 혁신 생태계인 ‘Bayer Co.Lab’이 주관하는 ‘Connecting Asian Biotech Innovation with Global Partners: A Bayer Co.Lab Showcase’에 참여한다. 행사는 9월 22~23일 열.,[프레스나인] 에이프릴바이오가 전략적 투자한 RNA 신약개발 기업 큐리진이 미국에서 글로벌 제약사 바이엘(Bayer)과 만난다. 자체 siRNA 기술과 RNA 치료제 플랫폼을 소개하고 기술이전과 공동개발 등 사업 협력 가능성을 논의할 예정이다.큐리진은 오는 9월 22일 미국 보스턴에서 바이엘의 혁신 생태계인 ‘Bayer Co.Lab’이 주관하는 ‘Connecting Asian Biotech Innovation with Global Partners: A Bayer Co.Lab Showcase’에 참여한다. 행사는 9월 22~23일 열,local,10,바이엘,,,0.5131550377340693,,10.0,5.131550377340694,4.545454545454545,4.897112044586234,False
2026-09-10,Client,2026-09-10 11:52:00,Naver News,https://dailymedi.com/news/news_view.php?wr_id=940126,JW중외제약 ‘비만·당뇨’ JW신약 ‘탈모’,﻿﻿﻿﻿JW그룹이 비만과 탈모 등 제약·바이오업계의 고성장 분야에서 사업 확장에 속도를 내고 있다.JW중외제약은 2주 1회 투여하는 GLP-1 계열 신약후보물질을 도입해 비만과 2형 당뇨병 임상 3상을 추진하고 있다. JW신약은 경구용 탈모치료제에서 외용제와 모발 관리 화장품으로 제품군을 넓히고 있다.두 회사는 각각 후기 임상 자산과 기존 클리닉 영업망을 활용해 시장 진입과 포트폴리오 확대에 걸리는 시간을 줄이고 있다.비만과 탈모 모두 장기적인 치료·관리가 필요한 분야인 만큼 복약 편의성과 다양한 제품 선택권을 확보하는 것이 향후 ….,﻿﻿﻿﻿JW그룹이 비만과 탈모 등 제약·바이오업계의 고성장 분야에서 사업 확장에 속도를 내고 있다.JW중외제약은 2주 1회 투여하는 GLP-1 계열 신약후보물질을 도입해 비만과 2형 당뇨병 임상 3상을 추진하고 있다. JW신약은 경구용 탈모치료제에서 외용제와 모발 관리 화장품으로 제품군을 넓히고 있다.두 회사는 각각 후기 임상 자산과 기존 클리닉 영업망을 활용해 시장 진입과 포트폴리오 확대에 걸리는 시간을 줄이고 있다.비만과 탈모 모두 장기적인 치료·관리가 필요한 분야인 만큼 복약 편의성과 다양한 제품 선택권을 확보하는 것이 향후 …,local,10,릴리,,,0.5735364506563894,,8.0,5.735364506563894,3.6363636363636367,4.895764158483791,False
2026-09-10,BD,2026-09-05 06:06:00,Naver News,http://www.newsmp.com/news/articleView.html?idxno=257944,"美FDA, 최초의 알렉산더병 치료제 ‘잔바스트로’ 승인","미국 식품의약국(FDA)이 희귀 신경계 질환인 알렉산더병에 대한 최초의 치료제를 승인했다.미국 제약기업 아이오니스 파마슈티컬스(Ionis Pharmaceuticals)는 FDA가 소아 및 성인 알렉산더병 환자의 치료를 위한 잔바스트로(Zanvastro, 성분명 질가너센)를 승인했다고 3일 발표했다.알렉산더병은 운동ㆍ인지ㆍ자율신경ㆍ위장관 기능에 영향을 미칠 수 있는 극희귀 진행성 신경계 질환으로, 종종 치명적일 수 있다.잔바스트로는 알렉산더병의 근본적인 질병 기전에 작용하는 최초이자 유일한 질병 조절 치료제다.지금까지 알.","[의약뉴스] 미국 식품의약국(FDA)이 희귀 신경계 질환인 알렉산더병에 대한 최초의 치료제를 승인했다.미국 제약기업 아이오니스 파마슈티컬스(Ionis Pharmaceuticals)는 FDA가 소아 및 성인 알렉산더병 환자의 치료를 위한 잔바스트로(Zanvastro, 성분명 질가너센)를 승인했다고 3일 발표했다.알렉산더병은 운동ㆍ인지ㆍ자율신경ㆍ위장관 기능에 영향을 미칠 수 있는 극희귀 진행성 신경계 질환으로, 종종 치명적일 수 있다.잔바스트로는 알렉산더병의 근본적인 질병 기전에 작용하는 최초이자 유일한 질병 조절 치료제다.지금까지 알",local,10,레코르다티,,,0.597248999228346,,7.0,5.972489992283459,3.1818181818181817,4.856221268097348,False
2026-09-10,BD,2026-09-11 05:40:00,Naver News,https://medicalworldnews.co.kr/news/view.php?idx=1510977166,"대한영상의학회, AOCR 2029 서울 유치 확정","대한영상의학회(KSR, 회장 정승은)가 2029년 아시아오세아니아 영상의학회 학술대회(AOCR 2029)의 서울 유치에 성공했다.싱가포르에서 개최된 AOCR 2026 학술대회 기간 중 진행된 유치전에는 일본을 비롯한 4개국이 경쟁했으며, 대한영상의학회 도경현 차기 회장이 최종 프레젠테이션을 맡아 서울 개최의 강점을 소개했다.도경현(서울아산병원 영상의학과 교수) 차기 회장은 제안 발표에서 ▲검증된 국제학술대회 개최 역량 ▲미래지향적 학술·교육 프.","대한영상의학회(KSR, 회장 정승은)가 2029년 아시아오세아니아 영상의학회 학술대회(AOCR 2029)의 서울 유치에 성공했다.싱가포르에서 개최된 AOCR 2026 학술대회 기간 중 진행된 유치전에는 일본을 비롯한 4개국이 경쟁했으며, 대한영상의학회 도경현 차기 회장이 최종 프레젠테이션을 맡아 서울 개최의 강점을 소개했다.도경현(서울아산병원 영상의학과 교수) 차기 회장은 제안 발표에서 ▲검증된 국제학술대회 개최 역량 ▲미래지향적 학술·교육 프",local,10,파트너십,,,0.49789706412255613,,10.0,4.978970641225561,4.545454545454545,4.805564202917155,False
2026-09-10,BD,2026-09-11 07:02:00,Naver News,https://www.thebell.co.kr/free/content/ArticleView.asp?key=202609091811449600102688,"[더벨][thebell interview] 다케다 ""韓日 외부혁신 접점 크다, 초기 에셋...",리가켐바이오와 2017년 항체약물접합체 플랫폼을 활용한 연구 협력을 시작했고 2019년에는 최대 3개 타깃을 대상으로 한 연구·라이선스 계약으로 범위를 넓혔다. 이를 포함해 다양한 한국 기술을 접해온 만큼 새로운 자산을... ,리가켐바이오와 2017년 항체약물접합체 플랫폼을 활용한 연구 협력을 시작했고 2019년에는 최대 3개 타깃을 대상으로 한 연구·라이선스 계약으로 범위를 넓혔다. 이를 포함해 다양한 한국 기술을 접해온 만큼 새로운 자산을... ,local,10,라이선스,,,0.4973420480709692,,10.0,4.9734204807096924,4.545454545454545,4.802234106607633,False
2026-09-10,BD,2026-09-11 02:44:00,Naver News,https://www.financialpost.co.kr/news/articleView.html?idxno=275077,"로킷헬스케어, 中 하이난 진출…목표는 '피부재생 수술'","장기재생 플랫폼 기업이 중국으로 진출, 피부재생 기술력의 글로벌 확장을 본격화한다.로킷헬스케어는 중국 의료 전문기업 궈런(Guorun)과 인공지능(AI) 기반 피부재생 플랫폼의 3년 비독점 유통계약을 체결했다고 소개했다. 11일 현재, 중국 하이난 현지의 행정 승인 및 병원 도입 절차.","장기재생 플랫폼 기업이 중국으로 진출, 피부재생 기술력의 글로벌 확장을 본격화한다.로킷헬스케어는 중국 의료 전문기업 궈런(Guorun)과 인공지능(AI) 기반 피부재생 플랫폼의 3년 비독점 유통계약을 체결했다고 소개했다. 11일 현재, 중국 하이난 현지의 행정 승인 및 병원 도입 절차",local,10,유통계약,,,0.492708055234258,,10.0,4.92708055234258,4.545454545454545,4.774430149587366,False
2026-09-10,BD,2026-09-11 07:01:00,Naver News,https://www.newsis.com/view/NISX20260910_0003784673,"의사들의 솔직 토크…""내가 창업 결심한 순간은""","""소화기내과에서 내시경 지혈술을 하고 피가 멎더라도 잠재적인 출혈 가능성에 대비가 필요했습니다. 외과에는 거즈와 같은 것이 있지만 소화기내과에는 없었습니다. 내시경관을 통해 뿌려야 하는데 액체로 하니 잘 뿌려지지 않았습니다. 다시 가루 형태에서 (인체 내 수분과 만나) 젤로 변하는 내시경 지혈제를 개발했습니다. 지금은 메드트로..","[서울=뉴시스]송종호 기자 = ""소화기내과에서 내시경 지혈술을 하고 피가 멎더라도 잠재적인 출혈 가능성에 대비가 필요했습니다. 외과에는 거즈와 같은 것이 있지만 소화기내과에는 없었습니다. 내시경관을 통해 뿌려야 하는데 액체로 하니 잘 뿌려지지 않았습니다. 다시 가루 형태에서 (인체 내 수분과 만나) 젤로 변하는 내시경 지혈제를 개발했습니다. 지금은 메드트로..",local,10,판권,,,0.49216164764370335,,10.0,4.921616476437033,4.545454545454545,4.771151704044038,False
2026-09-10,Distribution,2026-09-11 07:32:00,Naver News,https://www.edaily.co.kr/News/Read?newsId=02597766645579136&mediaCodeNo=257&utm_source=naver&utm_medium=referral&utm_campaign=news_syndication&utm_content=original_article,경영권 공시 전 뛴 엠젠솔루션…일양약품은 악재에도 보합[바이오맥짚기],9일 국내 제약·바이오·헬스케어 증시에서는 경영권 변경 공시 전부터 주가가 뛴 엠젠솔루션(032790)과 별다른 신규 재료 없이 12% 가까이 오른 블루엠텍(439580)이 ...,이 기사는 2026년09월10일 07시30분에 팜이데일리 프리미엄 콘텐츠로 선공개 되었습니다. 9일 국내 제약·바이오·헬스케어 증시에서는 경영권 변경 공시 전부터 주가가 뛴 엠젠솔루션(032790)과 별다른 신규 재료 없이 12% 가까이 오른 블루엠텍(439580)이 ...,local,10,블루엠텍,,,0.488764358816434,,10.0,4.88764358816434,4.545454545454545,4.750767971080422,False
2026-09-10,BD,2026-09-10 07:52:00,Naver News,https://www.medipana.com/news/articleView.html?idxno=417368,"120억 달러 베팅 흔들…노바티스, 신약 두 축 동반 좌초 - 메디파나뉴스","빅파마 노바티스가 심혈관질환과 희귀 신경근육질환에서 추진해 온 핵심 후보물질 2개의 임상 3상에서 연이어 고배를 마셨다. 특히 120억 달러를 투입한 아비디티 바이오사이언스 인수의 핵심 자산까지 일차평가변수 충족에 실패하면서, 인수합병(M&A)을 통한 후기 파이프라인 강화전략이 시험대에 올랐다. 8일(현지시간) 노바티스에 따르면 근긴장성 이영양증 1형(DM.","빅파마 노바티스가 심혈관질환과 희귀 신경근육질환에서 추진해 온 핵심 후보물질 2개의 임상 3상에서 연이어 고배를 마셨다. 특히 120억 달러를 투입한 아비디티 바이오사이언스 인수의 핵심 자산까지 일차평가변수 충족에 실패하면서, 인수합병(M&A)을 통한 후기 파이프라인 강화전략이 시험대에 올랐다. 8일(현지시간) 노바티스에 따르면 근긴장성 이영양증 1형(DM",local,10,특허만료,,,0.7885610033401395,,0.0,7.885610033401394,0.0,4.731366020040836,False
2026-09-10,Client,2026-09-10 13:28:00,Naver News,http://www.whosaeng.com/173595,"≪후생신보≫ 암젠, 그로우 업, 바이오 업 시즌 6 성료",암젠이 2800여 명에게 생명과학 체험 기회를 제공했다. 암젠코리아(대표 신수희)는 서울시립과학관과 함께하는 아동·청소년 생명과학.,【후생신보】 암젠이 2800여 명에게 생명과학 체험 기회를 제공했다.   암젠코리아(대표 신수희)는 서울시립과학관과 함께하는 아동·청소년 생명과학,local,10,암젠,,,0.5755892575458246,,7.0,5.755892575458246,3.1818181818181817,4.72626281800222,False
2026-09-10,Distribution,2026-09-09 15:36:00,Naver News,https://www.medipana.com/news/articleView.html?idxno=417339,[주가] 9월 9일 주요 제약·바이오·기기 5% 변동 현황 - 페니트리움바이오 상한가 - 메디파나뉴스,"9월 9일 주가가 전일 대비 5% 이상 늘어난 주요 제약·바이오·기기 업체는 211곳 중 6곳, 줄어든 업체는 4곳이다. 페니트리움바이오 주가가 5710원에서 7420원으로 29.95% 늘었다. 삼일제약 주가가 6210원에서 6990원으로 12.56% 늘었다. 블루엠텍 주가가 2020원에서 2260원으로 11.88% 늘었다. 지씨지놈 주가가 5500원에서.","9월 9일 주가가 전일 대비 5% 이상 늘어난 주요 제약·바이오·기기 업체는 211곳 중 6곳, 줄어든 업체는 4곳이다. 페니트리움바이오 주가가 5710원에서 7420원으로 29.95% 늘었다. 삼일제약 주가가 6210원에서 6990원으로 12.56% 늘었다. 블루엠텍 주가가 2020원에서 2260원으로 11.88% 늘었다. 지씨지놈 주가가 5500원에서",local,10,블루엠텍,,,0.4844328453457249,,10.0,4.844328453457249,4.545454545454545,4.724778890256167,False
2026-09-10,BD,2026-09-10 16:02:00,Naver News,https://theviewers.co.kr/View.aspx?No=4221991,[알쏭달쏭Y] 7조 기술수출이라는데…제약사는 정말 7조원을 받을까 - 뷰어스,"국내 제약바이오 기업들의 기술수출 소식이 잇따르고 있습니다. 최근에는 계약 규모가 수조원에 달하는 대형 계약도 심심찮게 등장하면서 ‘조 단위 기술수출’이 업계의 주요 성과로 자리 잡는 분위기입니다. 하지만 기술수출 계약이 체결됐다고 해서 해당 기업이 계약 규모만큼의 돈을 한꺼번에 받는 것은 아닙니다. 계약 발표에서 흔히 접하는 ‘총 계약규모’에는 향후 개발과 허가, 판매 과정에서 받을 수 있는 금액까지 포함되기 때문입니다.","국내 제약바이오 기업들의 기술수출 소식이 잇따르고 있습니다. 최근에는 계약 규모가 수조원에 달하는 대형 계약도 심심찮게 등장하면서 ‘조 단위 기술수출’이 업계의 주요 성과로 자리 잡는 분위기입니다. 하지만 기술수출 계약이 체결됐다고 해서 해당 기업이 계약 규모만큼의 돈을 한꺼번에 받는 것은 아닙니다. 계약 발표에서 흔히 접하는 ‘총 계약규모’에는 향후 개발과 허가, 판매 과정에서 받을 수 있는 금액까지 포함되기 때문입니다. 그렇다면 기술수출 계약에서 말하는 수조원은 실제로 어떤 의미일까요.최근 대표적인 사례가 아리바이오입니다. 아리",local,10,사노피,,,0.48136412418347496,,10.0,4.81364124183475,4.545454545454545,4.706366563282668,False
2026-09-10,Product Approval,2026-09-11 07:48:00,Naver News,https://news.tvchosun.com/site/data/html_dir/2026/09/11/2026091190029.html,국정감사 도중 폰 들고 '들락날락'…'오빠 문자' 그날 김승원 영상 보니,국정감사 도중 폰 들고 '들락날락'…'오빠 문자' 그날 김승원 영상 보니[앵커]'신약 청탁 의혹'을 받고 있는 김승..,국정감사 도중 폰 들고 '들락날락'…'오빠 문자' 그날 김승원 영상 보니[앵커]'신약 청탁 의혹'을 받고 있는 김승..,local,2,신약,,,0.5715040996086501,,7.0,5.715040996086501,3.1818181818181817,4.701751870379174,False
2026-09-10,Therapeutic Areas,2026-09-08 00:16:00,Naver News,http://www.kdfnews.com/news/articleView.html?idxno=187592,日 체외수정으로 8만 6473명 태어나 역대 최다…출생아 8명 중 1명 [KDF World],일본에서 체외수정으로 태어난 아이가 2024년 8만6473명으로 역대 최다를 기록했다. 4일 교도통신은 일본산부인과학회가 3일 발표한 불임치료 조사 결과를 인용해 2024년 체외수정 출생아가 전년보다 1436명 증가한 8만 6473명으로 집계됐다고 보도했다.후생노동성에 따르면 2024년 일본의 전체 출생아 수는 68만6173명으로 단순 비교하면 8명 중 1명꼴(약 12.6%)​로 체외수정을 통해 태어난 셈이다.한편 2024년 체외수정 등 전체 치료 건수는 55만 265건으로 전년보다 감소했다. 치료 건수는 줄었지만 체외수정으로 출생.,일본에서 체외수정으로 태어난 아이가 2024년 8만6473명으로 역대 최다를 기록했다. 4일 교도통신은 일본산부인과학회가 3일 발표한 불임치료 조사 결과를 인용해 2024년 체외수정 출생아가 전년보다 1436명 증가한 8만 6473명으로 집계됐다고 보도했다.후생노동성에 따르면 2024년 일본의 전체 출생아 수는 68만6173명으로 단순 비교하면 8명 중 1명꼴(약 12.6%)​로 체외수정을 통해 태어난 셈이다.한편 2024년 체외수정 등 전체 치료 건수는 55만 265건으로 전년보다 감소했다. 치료 건수는 줄었지만 체외수정으로 출생,local,2,불임,,,0.6316175331415204,,5.0,6.316175331415204,2.2727272727272725,4.698796107940031,False
2026-09-10,BD,2026-09-11 07:38:00,Naver News,https://www.g-enews.com/view.php?ud=202609110712376840fda4f5ab74_1,"중·이란, 25억 달러 우회 무역…미 이란 제재망에 구멍 - 글로벌이코노믹",이란이 중국과 비밀 결제망을 구축해 수조 원대 원유 대금을 물품으로 교환하며 미국 제재를 우회했다. 로이터통신은 10일(현지시각) 이란 고위 소식통을 인용해 이란이 원유 판매 대금을 중국 상품 신용으로 받아 의약품과 군사 장비를 들여왔다고 보도했다.원유 대금을 상품 신용으로 바꾼 결제망.,이란이 중국과 비밀 결제망을 구축해 수조 원대 원유 대금을 물품으로 교환하며 미국 제재를 우회했다. 로이터통신은 10일(현지시각) 이란 고위 소식통을 인용해 이란이 원유 판매 대금을 중국 상품 신용으로 받아 의약품과 군사 장비를 들여왔다고 보도했다.원유 대금을 상품 신용으로 바꾼 결제망,local,10,백신,,,0.5676932438781835,,7.0,5.676932438781836,3.1818181818181817,4.678886735996374,False
2026-09-10,Client,2026-09-11 06:00:00,Naver News,https://www.monews.co.kr/news/articleView.html?idxno=413821,"WCLC 2026, K-암 신약 경쟁력 공개···유한양행 등 8개사 출격 - 메디칼업저버","세계폐암학회 학술대회가 20여 년만에 한국에서 열리는 가운데, 한국의 제약·바이오 기업들도 잇따라 최신 연구성과를 소개한다.유한양행은.","[메디칼업저버 이승덕 기자] 세계폐암학회 학술대회가 20여 년만에 한국에서 열리는 가운데, 한국의 제약·바이오 기업들도 잇따라 최신 연구성과를 소개한다.유한양행은",local,10,얀센,,,0.5675967693300308,,7.0,5.675967693300308,3.1818181818181817,4.678307888707457,False
2026-09-10,BD,2026-09-10 10:04:00,Naver News,https://www.klnews.co.kr/news/articleView.html?idxno=322659,"한국콜드체인협회, 제12기 콜드체인 전문가 양성과정 개강","한국콜드체인협회가 식품·의약품 등 신선·저온 유통산업의 경쟁력을 높일 콜드체인 전문가 양성에 나섰다.한국콜드체인협회는 ‘제12기 콜드체인 전문가(콜드체인관리사) 양성과정’을 개강했다고 밝혔다.이번 과정은 국내 유일의 콜드체인 교육 프로그램으로, 우리나라 콜드체인의 선진화를 이끌 전문인력을 양성하기 위해 협회가 개설한 콜드체인관리사 자격 과정이다. 교육은 매년 상반기 3월과 하반기 9월 등 연 2회 실시된다.제12기 과정은 9월 5일부터 12월 5일까지 총 13회에 걸쳐 진행된다. 교육은 콜드체인 산업에 대한 이해를 비롯해 식품 콜드.","한국콜드체인협회가 식품·의약품 등 신선·저온 유통산업의 경쟁력을 높일 콜드체인 전문가 양성에 나섰다.한국콜드체인협회는 ‘제12기 콜드체인 전문가(콜드체인관리사) 양성과정’을 개강했다고 밝혔다.이번 과정은 국내 유일의 콜드체인 교육 프로그램으로, 우리나라 콜드체인의 선진화를 이끌 전문인력을 양성하기 위해 협회가 개설한 콜드체인관리사 자격 과정이다. 교육은 매년 상반기 3월과 하반기 9월 등 연 2회 실시된다.제12기 과정은 9월 5일부터 12월 5일까지 총 13회에 걸쳐 진행된다. 교육은 콜드체인 산업에 대한 이해를 비롯해 식품 콜드",local,10,콜드체인,,,0.4709291805420159,,10.0,4.7092918054201585,4.545454545454545,4.643756901433913,False
2026-09-10,Product Approval,2026-09-10 20:48:00,Naver News,https://www.g-enews.com/view.php?ud=202609102045276542fbbec65dfb_1,"다케다 특허 장벽 먼저 깬다…삼성·셀트리온, 런던 법정서 2027년 격돌 - 글로벌이코노믹","삼성바이오에피스와 셀트리온 등 바이오시밀러 제조사 5곳이 다케다의 염증성 장질환 치료제 엔티비오 특허와 출원 6건을 상대로 영국 법원에 무효 및 애로우 선언 소송을 냈고, 영국 고등법원은 이들 사건을 병합해 2027년 4월 합동 재판을 열기로 결정했다.특허 전문 매체 JUVE 패턴트는.","삼성바이오에피스와 셀트리온 등 바이오시밀러 제조사 5곳이 다케다의 염증성 장질환 치료제 엔티비오 특허와 출원 6건을 상대로 영국 법원에 무효 및 애로우 선언 소송을 냈고, 영국 고등법원은 이들 사건을 병합해 2027년 4월 합동 재판을 열기로 결정했다.특허 전문 매체 JUVE 패턴트는",local,2,제형,,,0.5617280884582233,,7.0,5.617280884582233,3.1818181818181817,4.643095803476613,False
2026-09-10,BD,2026-09-11 06:02:00,Naver News,https://www.yakup.com/news/index.html?mode=view&cat=12&nid=332405,[약업신문]로슈가 주목한 진단 스타트업 6곳…제노헬릭스 우승 ‘위험 예측’ 기술 두각,"서울바이오허브와 한국로슈진단이 10일 개최한 ‘2026 서울-로슈진단 스타트업 스프린트 데모데이’에서 제노헬릭스가 우승했다. (왼쪽부터)김현우 서울바이오허브 사업단장, 양성욱 제노헬릭스 대표, 김형주 한국...","서울바이오허브와 한국로슈진단이 10일 개최한 ‘2026 서울-로슈진단 스타트업 스프린트 데모데이’에서 제노헬릭스가 우승했다. (왼쪽부터)김현우 서울바이오허브 사업단장, 양성욱 제노헬릭스 대표, 김형주 한국...",local,10,판권,,,0.4655242143483546,,10.0,4.655242143483546,4.545454545454545,4.611327104271946,False
2026-09-10,Therapeutic Areas,2026-09-10 23:32:00,Naver News,https://www.cnbizm.com/news/articleView.html?idxno=314768,"서울시의회 박춘선 의원, 난임부부 지원정책이 단순한 치료비 지원을 넘어 실제 임신과 출산으로 이어져야 - 문화경제","서울시의회 교육위원회 박춘선 의원(강동2, 국민의힘)은 지난 9일 열린 제339회 서울특별시의회 임시회 예산결산특별위원회에서 2026년도 제2회 서울특별시 추가경.","서울시의회 교육위원회 박춘선 의원(강동2, 국민의힘)은 지난 9일 열린 제339회 서울특별시의회 임시회 예산결산특별위원회에서 2026년도 제2회 서울특별시 추가경",local,2,난임,,,0.6111546833068089,,5.0,6.111546833068089,2.2727272727272725,4.5760190089317625,False
2026-09-10,BD,2026-09-10 18:20:00,Naver News,https://www.newspim.com/news/view/20260910001168,"BS길종합병원, KB라이프파트너스 부산본부와 의료서비스 업무협약",최태융 BS길종합병원장(오른쪽 두 번째)이 10일 오후 1시30분 병원 14층 대회의실에서 박상우 KB라이프파트.,[부산=뉴스핌] 남경문 기자 = BS길종합병원이 KB라이프파트너스 부산본부와 손잡고 고객 의료서비스 지원을 확대한다.[부산=뉴스핌] 남경문 기자 = 최태융 BS길종합병원장(오른쪽 두 번째)이 10일 오후 1시30분 병원 14층 대회의실에서 박상우 KB라이프파트,local,10,합병,,,0.4594937372934339,,10.0,4.594937372934339,4.545454545454545,4.5751442419424215,False
2026-09-10,BD,2026-09-10 20:20:00,Naver News,http://www.thefirstmedia.net/news/articleView.html?idxno=208359,"“긁을수록 더 가렵다”…소아 아토피피부염, 음식 무조건 제한보다 정확한 진단·관리가 중요",2025년 아토피피부염 환자가 약 100만명에 달한 가운데 소아 환자가 적지 않은 비중을 차지하고 있어 보호자의 꾸준한 피부 관리와 적절한 치료가 중요하다는 지적이 나온다.건강보험심사평가원 국민관심질병통계에 따르면 2025년 아토피피부염 환자는 총 99만8천540명으로 집계됐다. 이 가운데 9세 이하 환자는 23만1천335명으로 전체의 약 23.2%를 차지해 연령대별로 가장 큰 비중을 보였다.아토피피부염은 피부 장벽 기능의 저하와 면역체계 이상 등이 복합적으로 작용하는 만성 염증성 피부질환이다. 피부 장벽이 약해지면 피부가 쉽게 건.,2025년 아토피피부염 환자가 약 100만명에 달한 가운데 소아 환자가 적지 않은 비중을 차지하고 있어 보호자의 꾸준한 피부 관리와 적절한 치료가 중요하다는 지적이 나온다.건강보험심사평가원 국민관심질병통계에 따르면 2025년 아토피피부염 환자는 총 99만8천540명으로 집계됐다. 이 가운데 9세 이하 환자는 23만1천335명으로 전체의 약 23.2%를 차지해 연령대별로 가장 큰 비중을 보였다.아토피피부염은 피부 장벽 기능의 저하와 면역체계 이상 등이 복합적으로 작용하는 만성 염증성 피부질환이다. 피부 장벽이 약해지면 피부가 쉽게 건,local,10,생물학적제제,,,0.5501444623941192,,7.0,5.501444623941191,3.1818181818181817,4.573594047091987,False
2026-09-10,Client,2026-09-09 16:39:00,Naver News,https://www.edaily.co.kr/News/Read?newsId=04126246645578480&mediaCodeNo=257&utm_source=naver&utm_medium=referral&utm_campaign=news_syndication&utm_content=original_article,국찬우 KB인베 CIO “5년 뒤 시장 읽고 역설계하라”[K바이오 딜 써밋],국찬우 KB인베스트먼트 CIO가 9일 서울 중구 순화동 KG하모니홀에서 열린 ‘이데일리 K바이오 딜 써밋 2026’에서 '글로벌 투자자가 보는 바이오 성공 조건' 주제로 발표하고 있다. “우리는 3~4년을 준비해 5년 뒤를 바라봐야 한다. 지금 시작해서 따라가는 ‘패...,국찬우 KB인베스트먼트 CIO가 9일 서울 중구 순화동 KG하모니홀에서 열린 ‘이데일리 K바이오 딜 써밋 2026’에서 '글로벌 투자자가 보는 바이오 성공 조건' 주제로 발표하고 있다. “우리는 3~4년을 준비해 5년 뒤를 바라봐야 한다. 지금 시작해서 따라가는 ‘패...,local,10,머크,,,0.540212814026087,,7.0,5.40212814026087,3.1818181818181817,4.514004156883795,False
2026-09-10,BD,2026-09-10 15:57:00,Naver News,https://www.newsis.com/view/NISX20260910_0003784613,"바이오기업 에즈큐리스, 정읍 연구개발특구에 거점 조성",코로나19 백신을 개발했던 세계적 제약기업 아스트라제네카와 단백질면역세포 신약 개발을 공동으로 연구했던 바이오기업 ㈜에즈큐리스가 정읍 신정동 전북연구개발특구에 새로운 신약개발 거점을 조성한다.정읍시는 에즈큐리스가 10일 국가독성과학연구소 전북첨단바이오연구본부와 바이오 연구개발 및 사업화 협력을 위한 업무협약을 체결했다고 이날..,[정읍=뉴시스] 김종효 기자 = 코로나19 백신을 개발했던 세계적 제약기업 아스트라제네카와 단백질면역세포 신약 개발을 공동으로 연구했던 바이오기업 ㈜에즈큐리스가 정읍 신정동 전북연구개발특구에 새로운 신약개발 거점을 조성한다.정읍시는 에즈큐리스가 10일 국가독성과학연구소 전북첨단바이오연구본부와 바이오 연구개발 및 사업화 협력을 위한 업무협약을 체결했다고 이날..,local,10,아스트라제네카,,,0.5380163587136894,,7.0,5.380163587136893,3.1818181818181817,4.500825425009409,False
2026-09-10,Client,2026-09-09 16:32:00,Naver News,https://www.edaily.co.kr/News/Read?newsId=04103286645578480&mediaCodeNo=257&utm_source=naver&utm_medium=referral&utm_campaign=news_syndication&utm_content=original_article,"K바이오, 빅파마와 어깨 나란히…혁신으로 글로벌 정조준 [K바이오 딜 써밋]","9일 서울 중구 순화동 KG하모니홀에서 열린 ‘이데일리 K바이오 딜 써밋 2026’에서 참석자 및 강연자들이 기념촬영을 하고 있다. (왼쪽부터) 송영두 이데일리 바이오플랫폼센터장, 프레드 김 아리바이오 미국 지사장, 신해인 SK바이오팜 부사장, 김나영 한미약품 부사장...","9일 서울 중구 순화동 KG하모니홀에서 열린 ‘이데일리 K바이오 딜 써밋 2026’에서 참석자 및 강연자들이 기념촬영을 하고 있다. (왼쪽부터) 송영두 이데일리 바이오플랫폼센터장, 프레드 김 아리바이오 미국 지사장, 신해인 SK바이오팜 부사장, 김나영 한미약품 부사장...",local,10,베링거인겔하임,,,0.5352195745067592,,7.0,5.352195745067592,3.1818181818181817,4.4840447197678275,False
2026-09-10,Client,2026-09-09 06:02:00,Naver News,https://new.dailypharm.com/user/news/342277?REFERER=NP,"[데일리팜]R&D부터 임상 MD까지…SK바팜, 글로벌 인재 6명 영입","SK바이오팜이 뇌전증치료제 세노바메이트(미국 제품명 엑스코프리)의 뒤를 이을 차세대 성장동력 확보에 속도를 내고 있다. 2025년 이후 글로벌 제약사 출신 연구개발(R&D) 및 임상 전문가 6명을 잇달아 영입하며 신약 발굴과 임상개발 역량을 보강했다. 단기적으로는 오파칼림(BHV-7000)을 통해 CNS 상업화 제품을 확대하고, 중장기적으로는 방사성의약품 치료제(RPT)와 표적단백질분해(….","SK바이오팜이 뇌전증치료제 세노바메이트(미국 제품명 엑스코프리)의 뒤를 이을 차세대 성장동력 확보에 속도를 내고 있다. 2025년 이후 글로벌 제약사 출신 연구개발(R&D) 및 임상 전문가 6명을 잇달아 영입하며 신약 발굴과 임상개발 역량을 보강했다. 단기적으로는 오파칼림(BHV-7000)을 통해 CNS 상업화 제품을 확대하고, 중장기적으로는 방사성의약품 치료제(RPT)와 표적단백질분해(…",local,10,GSK,,,0.7443244322874453,,0.0,7.4432443228744525,0.0,4.465946593724671,False
2026-09-10,Client,2026-09-11 06:00:00,Naver News,https://www.womennews.co.kr/news/articleView.html?idxno=282074,[운동사이] 기적의 비만 치료제가 풀지 못한 문제,"“숫자를 못 읽어서 돼지가 된 줄 알아?”“살이 쉽게 빠져 허무합니다.”분당서울대병원 흉부외과 장형우 교수가 비만에 대해 발언할 때마다 반응이 뜨겁다. 한때 몸무게가 118㎏이었던 그는 비만 투병기를 담은 책 『비만록, 나는 마운자로를 맞는 의사다』를 펴냈다. 장 교수는 현재 마운자로.","“숫자를 못 읽어서 돼지가 된 줄 알아?”“살이 쉽게 빠져 허무합니다.”분당서울대병원 흉부외과 장형우 교수가 비만에 대해 발언할 때마다 반응이 뜨겁다. 한때 몸무게가 118㎏이었던 그는 비만 투병기를 담은 책 『비만록, 나는 마운자로를 맞는 의사다』를 펴냈다. 장 교수는 현재 마운자로",local,10,마운자로,,,0.5310726574293181,,7.0,5.310726574293181,3.1818181818181817,4.459163217303181,False
2026-09-10,BD,2026-09-09 16:03:00,Naver News,https://www.mk.co.kr/article/12148354,"올릭스, RNA 간섭기술 기반 신약 플랫폼 확장 - 매일경제","올릭스는 RNA 간섭(RNAi) 기술을 기반으로 질병을 유발하는 유전자의 발현을 억제하는 신약을 개발 중이다. 이 회사의 핵심 경쟁력은 독자 개발한 RNAi 플랫폼 'OASIS(OliX Advanced Small Interfering RNA System)'다. 염기서열을 바꾸는 방식으로 다양한 유전자를 표적할 수 있고, 간과 피부·안구 등 원하는 조직에 치..","올릭스는 RNA 간섭(RNAi) 기술을 기반으로 질병을 유발하는 유전자의 발현을 억제하는 신약을 개발 중이다. 이 회사의 핵심 경쟁력은 독자 개발한 RNAi 플랫폼 'OASIS(OliX Advanced Small Interfering RNA System)'다. 염기서열을 바꾸는 방식으로 다양한 유전자를 표적할 수 있고, 간과 피부·안구 등 원하는 조직에 치..",local,10,로레알,,,0.5287988744812306,,7.0,5.287988744812306,3.1818181818181817,4.445520519614656,False
2026-09-10,Client,2026-09-10 15:13:00,Naver News,https://www.hankyung.com/article/202609081257i,에이프릴바이오가 픽한 큐리진 “버려지는 RNA 가닥까지 약으로”,"에이프릴바이오가 픽한 큐리진 “버려지는 RNA 가닥까지 약으로”, 하나의 RNA로 두 유전자 동시 억제 siRNA 항암제 개발·조기 기술이전 추진 에이프릴바이오 2대 주주 참여… 이상지질혈증·난소암 치료제 공동개발.","에이프릴바이오가 픽한 큐리진 “버려지는 RNA 가닥까지 약으로”, 하나의 RNA로 두 유전자 동시 억제 siRNA 항암제 개발&middot;조기 기술이전 추진 에이프릴바이오 2대 주주 참여&hellip; 이상지질혈증&middot;난소암 치료제 공동개발",local,10,노바티스,,,0.5138540899740645,,7.0,5.1385408997406445,3.1818181818181817,4.355851812571659,False
2026-09-10,Client,2026-09-10 18:30:00,Naver News,https://www.betanews.net/article/view/beta202609100007,"현대약품 랩클, 약대생들과 소통…‘제12회 PPL 제약의 정석’ 참여",현대약품의 고기능성 스킨케어 브랜드 ‘랩클’이 서울 마포중앙도서관에서 PPL(수도권 약대생 제약마케팅 전략학회)이 개최한 ‘제12회 PPL.,현대약품의 고기능성 스킨케어 브랜드 ‘랩클’이 서울 마포중앙도서관에서 PPL(수도권 약대생 제약마케팅 전략학회)이 개최한 ‘제12회 PPL,local,10,현대약품,,,0.49947855729639173,,7.0,4.9947855729639175,3.1818181818181817,4.269598616505623,False
2026-09-10,Client,2026-09-11 07:46:00,Naver News,http://www.newsmp.com/news/articleView.html?idxno=258058,애브비 ‘아큅타’ 월경 편두통 3상서 긍정적 결과,애브비의 편두통 치료제 아큅타(성분명 아토제판트)가 임상 3상 시험에서 월경 편두통에 대한 효과를 입증했다.애브비는 성인 월경 편두통의 예방 치료를 위해 칼시토닌 유전자 관련 펩타이드(CGRP) 수용체 길항제인 아토제판트를 평가한 임상 3상 LUNA 연구에서 긍정적인 톱라인 결과가 나왔다고 10일 발표했다.월경 편두통에는 순수 월경 편두통과 월경 관련 편두통이 포함된다. 월경 전후에는 생물학적 요인으로 인해 편두통 발작에 대한 취약성이 높아진다. 현재 월경 편두통에 승인된 치료 옵션은 없어 이 환자군을 위한 치료 접근법.,[의약뉴스] 애브비의 편두통 치료제 아큅타(성분명 아토제판트)가 임상 3상 시험에서 월경 편두통에 대한 효과를 입증했다.애브비는 성인 월경 편두통의 예방 치료를 위해 칼시토닌 유전자 관련 펩타이드(CGRP) 수용체 길항제인 아토제판트를 평가한 임상 3상 LUNA 연구에서 긍정적인 톱라인 결과가 나왔다고 10일 발표했다.월경 편두통에는 순수 월경 편두통과 월경 관련 편두통이 포함된다. 월경 전후에는 생물학적 요인으로 인해 편두통 발작에 대한 취약성이 높아진다. 현재 월경 편두통에 승인된 치료 옵션은 없어 이 환자군을 위한 치료 접근법,local,10,애브비,,,0.709972953856822,,0.0,7.09972953856822,0.0,4.259837723140932,False
2026-09-10,BD,2026-09-10 10:40:00,Naver News,https://www.widedaily.com/news/articleView.html?idxno=300901,"AI가 설계한 신약, '회춘' 비밀 풀었다…생물학적 나이 최대 4년 단축",인공지능(AI)이 직접 표적을 발굴하고 분자 구조까지 설계한 신약이 실제 임상에서 노화 역전 효과를 입증해 의학계의 이목이 쏠리고 있다. 질환 치료는 물론 신체 나이까지 되돌리는 '회춘'의 가능성을 실제 환자 데이터로 증명한 최초의 사례다. 10일 한국바이오협회와 외신 등에 따르면 A.,인공지능(AI)이 직접 표적을 발굴하고 분자 구조까지 설계한 신약이 실제 임상에서 노화 역전 효과를 입증해 의학계의 이목이 쏠리고 있다. 질환 치료는 물론 신체 나이까지 되돌리는 '회춘'의 가능성을 실제 환자 데이터로 증명한 최초의 사례다. 10일 한국바이오협회와 외신 등에 따르면 A,local,10,사노피,,,0.7074068388196926,,0.0,7.074068388196926,0.0,4.244441032918155,False
2026-09-10,BD,2026-09-09 15:58:00,Naver News,https://www.g-enews.com/view.php?ud=202609091101336924fda4f5ab74_1,"파킨슨 치료제, 표적 다변화로 10조 원 시장 연다 - 글로벌이코노믹",글로벌 제약사들이 파킨슨병 치료제 개발 전략을 단일 표적 중심에서 다변화 체제로 전환하고 있다. 미국 디지털 미디어 플랫폼 바이오스페이스는 8일(현지시각) 주요 제약사들이 알파시누클레인 항체의 연이은 임상 실패를 계기로 백신과 염증 조절 물질 등 새로운 표적 발굴에 집중하고 있다고 보도.,글로벌 제약사들이 파킨슨병 치료제 개발 전략을 단일 표적 중심에서 다변화 체제로 전환하고 있다. 미국 디지털 미디어 플랫폼 바이오스페이스는 8일(현지시각) 주요 제약사들이 알파시누클레인 항체의 연이은 임상 실패를 계기로 백신과 염증 조절 물질 등 새로운 표적 발굴에 집중하고 있다고 보도,local,10,바이오젠,,,0.6978934248199364,,0.0,6.978934248199364,0.0,4.187360548919618,False
2026-09-10,Client,2026-09-09 07:02:00,Naver News,https://www.businesspost.co.kr/BP?command=article_view&num=446427,[Who Is ?] 서정진 셀트리온그룹 회장,"서정진은 2020년 11월24일 TBS 라디오 '김어준의 뉴스공장'에 출연해 ""미국의 글락소소미스클라인(GSK)과 아스트라제네카의 코로나19 치료제는 400만~450만 원 정도인데 셀트리온은 한국에서는 원가로 공급할 계획""이라며... ","서정진은 2020년 11월24일 TBS 라디오 '김어준의 뉴스공장'에 출연해 ""미국의 글락소소미스클라인(GSK)과 아스트라제네카의 코로나19 치료제는 400만~450만 원 정도인데 셀트리온은 한국에서는 원가로 공급할 계획""이라며... ",local,10,GSK,,,0.4840167465134733,,7.0,4.8401674651347335,3.1818181818181817,4.176827751808113,False
2026-09-10,Product Approval,2026-09-11 06:00:00,Naver News,https://www.yakup.com/news/index.html?mode=view&cat=12&nid=332325,[약업신문][화장품신문 34주년 특집] ⑦ 안전성·효능 모두 갖춰야 진짜 더마,"더마 화장품이 피부과와 약국에서 일상적인 스킨케어 영역으로 확장되면서 연구개발 기준도 구체화되고 있다. 소비자가 성분과 효능을 직접 확인하기 시작하면서 과학적 근거를 갖춘 성분과 저자극 처방, 임상 효...","더마 화장품이 피부과와 약국에서 일상적인 스킨케어 영역으로 확장되면서 연구개발 기준도 구체화되고 있다. 소비자가 성분과 효능을 직접 확인하기 시작하면서 과학적 근거를 갖춘 성분과 저자극 처방, 임상 효...",local,2,제형,,,0.6928285032240574,,0.0,6.9282850322405745,0.0,4.156971019344344,False
2026-09-10,Client,2026-09-10 10:24:00,Naver News,https://www.medicopharma.co.kr/news/articleView.html?idxno=69480,"대웅제약 '나보타', 보톡스와 열·산화 환경서 유사성 확인",이온 바이오파마가 대웅제약의 보툴리눔 톡신 제제 '나보타(ABP-450)'와 애브비의 '보톡스(BOTOX·onabotulinumtoxinA)'를 고온과 산화 환경에 노출해 비교한 시험에서 유사한 분해 특성을 확인했다. 이번 결과를 토대로 내년 상반기 정식.,[메디코파마뉴스=최원석 기자] 이온 바이오파마가 대웅제약의 보툴리눔 톡신 제제 '나보타(ABP-450)'와 애브비의 '보톡스(BOTOX·onabotulinumtoxinA)'를 고온과 산화 환경에 노출해 비교한 시험에서 유사한 분해 특성을 확인했다. 이번 결과를 토대로 내년 상반기 정식,local,10,애브비,,,0.47889177753599327,,7.0,4.788917775359932,3.1818181818181817,4.146077937943232,False
2026-09-10,Client,2026-09-11 07:10:00,Naver News,https://www.newsway.co.kr/news/view?ud=2026091014234165113,살 빼는 약 넘어선 GLP-1…'노화·정신건강'까지 연구 확장,세마글루타이드는 노보노디스크의 비만치료제 '위고비'와 당뇨병치료제 '오젬픽'의 주성분이다. 미국 UC버클리와 덴마크 코펜하겐대 등 국제 공동연구팀은 생후 20개월 된 암컷 생쥐를 대상으로 세마글루타이드의 노화... ,세마글루타이드는 노보노디스크의 비만치료제 '위고비'와 당뇨병치료제 '오젬픽'의 주성분이다. 미국 UC버클리와 덴마크 코펜하겐대 등 국제 공동연구팀은 생후 20개월 된 암컷 생쥐를 대상으로 세마글루타이드의 노화... ,local,10,노보노디스크,,,0.5582289706677379,,4.0,5.582289706677379,1.8181818181818183,4.076646551279155,False
2026-09-10,BD,2026-09-10 17:34:00,Naver News,https://www.mhns.co.kr/news/articleView.html?idxno=759853,맞춤형 암 백신 3상 성공…'제작 시간 단축'이 관건,"인류의 오랜 난제인 암을 정복하기 위한 치료 판도가 완전히 바뀌고 있다. 공장에서 대량 생산해 창고에 쌓아둔 약을 처방받던 시대가 저물고, 환자 고유의 암세포 유전자를 분석해 세상에 단 하나뿐인 약을 주문 제작하는 '개인 맞춤형 암 백신' 시대가 열렸다.최근 미국 바이오 기업 모더나와.","인류의 오랜 난제인 암을 정복하기 위한 치료 판도가 완전히 바뀌고 있다. 공장에서 대량 생산해 창고에 쌓아둔 약을 처방받던 시대가 저물고, 환자 고유의 암세포 유전자를 분석해 세상에 단 하나뿐인 약을 주문 제작하는 '개인 맞춤형 암 백신' 시대가 열렸다.최근 미국 바이오 기업 모더나와",local,10,MSD,,,0.6768761567355368,,0.0,6.768761567355368,0.0,4.06125694041322,False
2026-09-10,Client,2026-09-10 08:02:00,Naver News,https://www.medicopharma.co.kr/news/articleView.html?idxno=69472,HER2 폐암 1차 TKI 둘 됐다…75% 반응률 뒤 승부는 확증 3상,HER2 변이 비소세포폐암(NSCLC) 1차 치료에 두 번째 경구 티로신키나아제 억제제(TKI)가 들어왔다. 바이엘의 세바버티닙(하이르누오)이 미국에서 치료 경험이 없는 환자까지 사용 범위를 넓히면서 지난 2월 먼저 1차 치료에 진입한 베링거인겔하임 종거.,[메디코파마뉴스=정재노 기자] HER2 변이 비소세포폐암(NSCLC) 1차 치료에 두 번째 경구 티로신키나아제 억제제(TKI)가 들어왔다. 바이엘의 세바버티닙(하이르누오)이 미국에서 치료 경험이 없는 환자까지 사용 범위를 넓히면서 지난 2월 먼저 1차 치료에 진입한 베링거인겔하임 종거,local,10,베링거인겔하임,,,0.675890448350567,,0.0,6.75890448350567,0.0,4.055342690103402,False
2026-09-10,BD,2026-09-11 00:01:00,Naver News,https://news.tf.co.kr/read/economy/2364487.htm,보령 김정균 우주 사업에 수백억 투자했지만…수익화 시점 불투명 - 경제 | 기사 - 더팩트,액시엄 우주정거장 발사 2028년으로 지연…보령 2030년 수익화 목표탁소텔 등 대규모 투자로 재무 부담 확대…로드맵 불분명보령(옛 보령제약)이 2022년부터 우주 헬스케어 사업에 ..,액시엄 우주정거장 발사 2028년으로 지연…보령 2030년 수익화 목표탁소텔 등 대규모 투자로 재무 부담 확대…로드맵 불분명보령(옛 보령제약)이 2022년부터 우주 헬스케어 사업에 ..,local,10,항암제,,,0.4623264717767134,,7.0,4.6232647177671335,3.1818181818181817,4.046686103387553,False
2026-09-10,Client,2026-09-10 06:02:00,Naver News,https://www.yakup.com/news/index.html?mode=view&cat=12&nid=332333,[약업신문]세계적 석학이 본 액체생검 미래…CTC·AI로 치료·신약개발 확장,클라우스 판텔 독일 함부르크-에펜도르프 대학병원 교수가 9일 판교 코리아바이오파크 강당에서 열린 ‘Meet the Pioneers: Liquid Biopsy 2026’에서 발표하고 있다.©약업신문=허지수 기자(왼쪽부터) 김민석 DGIST...,클라우스 판텔 독일 함부르크-에펜도르프 대학병원 교수가 9일 판교 코리아바이오파크 강당에서 열린 ‘Meet the Pioneers: Liquid Biopsy 2026’에서 발표하고 있다.©약업신문=허지수 기자(왼쪽부터) 김민석 DGIST...,local,10,다이이찌산쿄,,,0.45738715169322486,,7.0,4.573871516932249,3.1818181818181817,4.017050182886622,False
2026-09-10,Client,2026-09-10 17:55:00,Naver News,https://www.mk.co.kr/article/12149678,"""신약은 긴 호흡 필요한 산업 … K바이오 '장기적 안목' 키워야"" - 매일경제","프리갈리앵 코리아 포럼머캐리 前 FDA국장 기조연설인류 건강 기여·의료비 낮출'임팩트 혁신' 투자에 집중을슐라이퍼 리제네론 창업자신약은 실패 감수할 자본 필요10년사업, 분기로 운영 되겠나.","프리갈리앵 코리아 포럼머캐리 前 FDA국장 기조연설인류 건강 기여·의료비 낮출'임팩트 혁신' 투자에 집중을슐라이퍼 리제네론 창업자신약은 실패 감수할 자본 필요10년사업, 분기로 운영 되겠나",local,10,리제네론,,,0.4570610612243028,,7.0,4.570610612243028,3.1818181818181817,4.01509364007309,False
2026-09-10,Client,2026-09-10 06:00:00,Naver News,https://www.apsk.co.kr/news/articleView.html?idxno=540401,암젠 '임델트라'·AZ '임핀지' 병용 3상 성공…소세포폐암 초기치료 전략 바뀌나 - 메디팜스투데이,암젠의 '임델트라'와 아스트라제네카(AZ)의 '임핀지' 병용요법이 확장병기 소세포폐암(ES-SCLC) 글로벌 3상에서 생존 개선에 성공했다. 재발 이후 사용해온.,암젠의 '임델트라'와 아스트라제네카(AZ)의 '임핀지' 병용요법이 확장병기 소세포폐암(ES-SCLC) 글로벌 3상에서 생존 개선에 성공했다. 재발 이후 사용해온,local,10,암젠,,,0.6594055692398033,,0.0,6.594055692398033,0.0,3.95643341543882,False
2026-09-10,BD,2026-09-10 22:24:00,Naver News,https://www.polinews.co.kr/news/articleView.html?idxno=742789,"""첨단 바이오 미래를 여는 경북""… '2026 경북 바이오산업 엑스포' 안동서 개막","기자] 경상북도는 10일 오전 안동 실내체육관 보조경기장에서 '2026 경북 바이오산업 엑스포' 개막식을 열었다.개막식에는 이철우 경상북도지사, 권기창 안동시장과 도·시의원, 국내외 바이오 분야 전문가 등 100여 명이 참석했다.경상북도와 안동시가 주최하고 경북바이오산업연구원이 주관하는 이번 엑스포는 '첨단 바이오 미래를 여는 경북'을 주제로 10일부터 12일까지 안동실내체육관, 안동문화예술의전당, 안동시청소년수련관 일원에서 열린다. 올해로 5회째.개막식에서는 이상엽 KAIST 특훈교수(前 국가바이오위원회.","[폴리뉴스 권택석(=경북) 기자] 경상북도는 10일 오전 안동 실내체육관 보조경기장에서 '2026 경북 바이오산업 엑스포' 개막식을 열었다.개막식에는 이철우 경상북도지사, 권기창 안동시장과 도·시의원, 국내외 바이오 분야 전문가 등 100여 명이 참석했다.경상북도와 안동시가 주최하고 경북바이오산업연구원이 주관하는 이번 엑스포는 '첨단 바이오 미래를 여는 경북'을 주제로 10일부터 12일까지 안동실내체육관, 안동문화예술의전당, 안동시청소년수련관 일원에서 열린다. 올해로 5회째.개막식에서는 이상엽 KAIST 특훈교수(前 국가바이오위원회",local,10,백신,,,0.4399567509047986,,7.0,4.399567509047985,3.1818181818181817,3.9124677781560635,False
2026-09-10,Client,2026-09-10 05:00:00,Naver News,https://www.etoday.co.kr/news/view/2622680,혈액암에서 면역질환으로…난치병 겨냥 CAR-T 개발 경쟁 치열,혈액암 치료제 시장에 ‘원샷’ 신약으로 등장한 키메릭항원수용체 T세포(CAR-T) 치료제의 적응증이 난치성 자가면역질환으.,(그래픽=손미경 기자 sssmk@)혈액암 치료제 시장에 ‘원샷’ 신약으로 등장한 키메릭항원수용체 T세포(CAR-T) 치료제의 적응증이 난치성 자가면역질환으,local,10,BMS,,,0.4394551818912719,,7.0,4.394551818912719,3.1818181818181817,3.9094583640749043,False
2026-09-10,Client,2026-09-09 07:02:00,Naver News,https://www.thebell.co.kr/free/content/ArticleView.asp?key=202609081016273520107256,"[더벨][빅파마 장부 속 K-바이오] 암젠이 본 셀트리온의 입지 전환, 파트...",최근 리제네론과 암젠 등 오리지널 의약품 보유사의 장부에서 셀트리온이 특허와 출시 시점을 직접... ◇화이자·테바 판매망서 출발…이제는 리제네론·암젠 '경쟁자' 셀트리온은 미국 바이오시밀러 사업 초기 현지... ,최근 리제네론과 암젠 등 오리지널 의약품 보유사의 장부에서 셀트리온이 특허와 출시 시점을 직접... ◇화이자·테바 판매망서 출발…이제는 리제네론·암젠 '경쟁자' 셀트리온은 미국 바이오시밀러 사업 초기 현지... ,local,10,리제네론,,,0.33716473899385313,,10.0,3.3716473899385315,4.545454545454545,3.841170252144937,False
2026-09-10,BD,2026-09-08 16:54:00,Naver News,https://www.econovill.com/news/articleView.html?idxno=750203,"알테오젠, 기술수출 명가 입지 구축…조 단위 대형계약 체결 실적 ‘청신호’","코스닥 시가총액 1위 알테오젠이 글로벌 제약사들과 연이어 대형 기술수출 계약을 체결하면서 ‘기술수출 명가’로서의 입지를 굳혀나가고 있다.알테오젠은 기존 MSD, GSK, 노바티스(Novartis), 아스트라제네카(AstraZeneca), 다이이찌산쿄(Daiichi Sankyo), 산도즈(Sandoz), 인타스(Intas) 등에 이어 이달 초 스위스 제약사 노바티스(Novartis AG)까지 파트너로 확보하는 데 성공했다.제약업계에서는 알테오젠이 노바티스와 체결한 조 단위 규모의 대형 계약은 ALT-B4 플랫폼의 글로벌 경쟁력을 또.","코스닥 시가총액 1위 알테오젠이 글로벌 제약사들과 연이어 대형 기술수출 계약을 체결하면서 ‘기술수출 명가’로서의 입지를 굳혀나가고 있다.알테오젠은 기존 MSD, GSK, 노바티스(Novartis), 아스트라제네카(AstraZeneca), 다이이찌산쿄(Daiichi Sankyo), 산도즈(Sandoz), 인타스(Intas) 등에 이어 이달 초 스위스 제약사 노바티스(Novartis AG)까지 파트너로 확보하는 데 성공했다.제약업계에서는 알테오젠이 노바티스와 체결한 조 단위 규모의 대형 계약은 ALT-B4 플랫폼의 글로벌 경쟁력을 또",local,10,다이이찌산쿄,,,0.33502877115810425,,10.0,3.3502877115810428,4.545454545454545,3.8283544451304437,False
2026-09-10,Client,2026-09-08 15:22:00,Naver News,http://www.metroseoul.co.kr/article/20260908500291,"[굴기, 중국 첨단산업-9 바이오]빅파마의 '신약 창고'가 된 중국…3상 결...",안텐진은 고형암을 겨냥한 T세포 인게이저 'ATG-106'의 중화권 외 글로벌 권리를 미국 K2테라퓨틱스에 이전했다. 개별 후보물질뿐 아니라 신약발굴 플랫폼과 연구 역량도 거래 대상이 되고 있다. 인실리코 메디슨은... ,안텐진은 고형암을 겨냥한 T세포 인게이저 'ATG-106'의 중화권 외 글로벌 권리를 미국 K2테라퓨틱스에 이전했다. 개별 후보물질뿐 아니라 신약발굴 플랫폼과 연구 역량도 거래 대상이 되고 있다. 인실리코 메디슨은... ,local,10,안텐진,,,0.6268635031300874,,0.0,6.2686350313008745,0.0,3.7611810187805244,False
2026-09-10,Client,2026-09-09 17:12:00,Naver News,https://www.edaily.co.kr/News/Read?newsId=04359126645578480&mediaCodeNo=257&utm_source=naver&utm_medium=referral&utm_campaign=news_syndication&utm_content=original_article,"허혜민 키움증권 연구원 “K바이오, 기대 아닌 수익 증명 필수”[K바이오 딜 써밋]","허혜민 키움증권 연구원이 9일 서울 중구 순화동 KG하모니홀에서 열린 ‘이데일리 K바이오 딜 써밋 2026’에서 '애널리스트가 진단한 K바이오 현재와 미래' 주제로 발표하고 있다. K바이오 딜 써밋 2026은 ‘K바이오, 혁신으로 본 글로벌 성공 해법’을 주제로 글로...","허혜민 키움증권 연구원이 9일 서울 중구 순화동 KG하모니홀에서 열린 ‘이데일리 K바이오 딜 써밋 2026’에서 '애널리스트가 진단한 K바이오 현재와 미래' 주제로 발표하고 있다. K바이오 딜 써밋 2026은 ‘K바이오, 혁신으로 본 글로벌 성공 해법’을 주제로 글로...",local,10,리제네론,,,0.4097685803442852,,7.0,4.097685803442852,3.1818181818181817,3.7313387547929837,False
2026-09-10,Client,2026-09-10 14:56:00,Naver News,https://www.yakup.com/news/index.html?mode=view&cat=12&nid=332381,"[약업신문]글로벌 진단 시장 진출, ‘시장 이해’가 성공 가른다",디와이프라임 김도균 대표가 10일 동대문구 서울바이오허브에서 열린 ‘2026 서울-로슈진단 스타트업 스프린트 데모데이’ 심포지엄에서 발표하고 있다.©약업신문=허지수 기자디와이프라임 김도균 대표.©약업신문=...,디와이프라임 김도균 대표가 10일 동대문구 서울바이오허브에서 열린 ‘2026 서울-로슈진단 스타트업 스프린트 데모데이’ 심포지엄에서 발표하고 있다.©약업신문=허지수 기자디와이프라임 김도균 대표.©약업신문=...,local,10,로슈,,,0.40940838217923664,,7.0,4.094083821792366,3.1818181818181817,3.7291775658026927,False
2026-09-10,Client,2026-09-09 16:02:00,Naver News,https://www.mk.co.kr/article/12148337,"오스코텍, '레이저티닙' 신화 넘어 3연속 기술수출 잭팟 … 새 영토 개척 - 매일경제",국산 항암제 '레이저티닙'(국내 제품명 렉라자)을 개발한 오스코텍은 신약 후보물질 발굴의 명가다. 뚝심 있는 연구개발(R&D) 역량으로 3연속 기술 수출 잭팟을 터트렸다. 1998년 설립된 오스코텍은 우수한 저분자 화합물 신약 발굴 플랫폼을 바탕으로 미국 자회사 제노스코와 함께 3세대 비소세포폐암 표적항암제인 레이저티닙을 초기 발굴한 원개발사다.,국산 항암제 '레이저티닙'(국내 제품명 렉라자)을 개발한 오스코텍은 신약 후보물질 발굴의 명가다. 뚝심 있는 연구개발(R&D) 역량으로 3연속 기술 수출 잭팟을 터트렸다. 1998년 설립된 오스코텍은 우수한 저분자 화합물 신약 발굴 플랫폼을 바탕으로 미국 자회사 제노스코와 함께 3세대 비소세포폐암 표적항암제인 레이저티닙을 초기 발굴한 원개발사다. 레이저티닙..,local,10,얀센,,,0.619462417382366,,0.0,6.19462417382366,0.0,3.7167745042941958,False
2026-09-10,Client,2026-09-10 12:02:00,Naver News,https://www.kpanews.co.kr/news/articleView.html?idxno=543487,"비라인, 경구 루푸스 신약 2상 성공…3상 진입 예고 - 약사공론",미국 비라인메디슨스(Beeline Medicines)의 경구용 루푸스 치료 후보물질 아피메토란(afimetoran)이 임상 2상에서 1차 평가변수를 충족했다.회사.,미국 비라인메디슨스(Beeline Medicines)의 경구용 루푸스 치료 후보물질 아피메토란(afimetoran)이 임상 2상에서 1차 평가변수를 충족했다.회사,local,10,GSK,,,0.607691998699961,,0.0,6.07691998699961,0.0,3.646151992199766,False
2026-09-10,Client,2026-09-09 00:02:00,Naver News,https://www.joongang.co.kr/article/25460212,어린이용 위고비도 나오나…노보노디스크 임상 3상 성공,7일(현지시간) 월스트리트저널(WSJ) 등에 따르면 비만치료제 ‘위고비’ 개발사인 노보노디스크는 6세 이상 12세 미만 비만 아동 165명을 대상으로 한 임상 3상에서 체질량지수(BMI) 변화율 목표를 달성했다고 밝혔다.... ,7일(현지시간) 월스트리트저널(WSJ) 등에 따르면 비만치료제 ‘위고비’ 개발사인 노보노디스크는 6세 이상 12세 미만 비만 아동 165명을 대상으로 한 임상 3상에서 체질량지수(BMI) 변화율 목표를 달성했다고 밝혔다.... ,local,10,노보노디스크,,,0.6074431891720927,,0.0,6.074431891720927,0.0,3.644659135032556,False
2026-09-10,Therapeutic Areas,2026-09-11 05:46:00,Naver News,https://www.pharmnews.com/news/articleView.html?idxno=306201,Discovery by Design: 한국 바이오의 성공 확률을 설계하다 - 팜뉴스,"신약개발 프로젝트를 평가할 때 우리는 흔히 이런 표현을 사용한다.""데이터가 상당히 많이 나왔네요."" ""추가 실험이 더 필요합니다."" ""데이터 패키지가 부족합니다.","신약개발 프로젝트를 평가할 때 우리는 흔히 이런 표현을 사용한다.""데이터가 상당히 많이 나왔네요."" ""추가 실험이 더 필요합니다."" ""데이터 패키지가 부족합니다.",local,2,항암제,,,0.443264021366228,,5.0,4.43264021366228,2.2727272727272725,3.568675037288277,False
2026-09-10,Product Approval,2026-09-11 07:02:00,Naver News,https://www.thebell.co.kr/free/content/ArticleView.asp?key=202609091412478080101894,"[더벨][thebell interview] 박정환 메쥬 대표 ""한국판 메드트로닉 비전 본...",상반기 심부체온 측정기능에 대한 허가를 받고 제품 공급을 시작했다. 이는 아직 1단계 제품으로 연내 산소포화도 기능의 허가가 나오면 폭발적인 성장이 이뤄질 것으로 보인다. 연속혈압 측정 기능 역시 임상을 거의... ,상반기 심부체온 측정기능에 대한 허가를 받고 제품 공급을 시작했다. 이는 아직 1단계 제품으로 연내 산소포화도 기능의 허가가 나오면 폭발적인 성장이 이뤄질 것으로 보인다. 연속혈압 측정 기능 역시 임상을 거의... ,local,2,허가,,,0.5899588996905122,,0.0,5.899588996905122,0.0,3.539753398143073,False
2026-09-10,Client,2026-09-11 06:02:00,Naver News,http://www.newsmp.com/news/articleView.html?idxno=258056,"PCSK9 억제제 프랄런트, 두개 내 협착 완화","두개내 동맥경화성 협착증(ICAS) 환자에서 고강도 스타틴에 PCSK9 억제제를 추가하면 두개 내 협착을 완화할 수 있다는 연구 결과가 보고됐다.9일, 미국심장협회 학술지 JAHA에는 중국 내 3차 의료기관에서 두개 내 동맥경화성 협착증 환자 62명을 대상으로 고강도 스타틴 단일요법과 PCSK9 억제제 병용요법을 비교한 단일 기관 전향적 레이블 공개 연구 TOPICAL-MRI 결과가 게재됐다.연구에서는 환자들을 PCSK9 억제제 병용군과 고강도 스타틴 단일요법군에 1대 2로 무작위 배정, 6개월간 추적 관찰했다.환자들의.","[의약뉴스] 두개내 동맥경화성 협착증(ICAS) 환자에서 고강도 스타틴에 PCSK9 억제제를 추가하면 두개 내 협착을 완화할 수 있다는 연구 결과가 보고됐다.9일, 미국심장협회 학술지 JAHA에는 중국 내 3차 의료기관에서 두개 내 동맥경화성 협착증 환자 62명을 대상으로 고강도 스타틴 단일요법과 PCSK9 억제제 병용요법을 비교한 단일 기관 전향적 레이블 공개 연구 TOPICAL-MRI 결과가 게재됐다.연구에서는 환자들을 PCSK9 억제제 병용군과 고강도 스타틴 단일요법군에 1대 2로 무작위 배정, 6개월간 추적 관찰했다.환자들의",local,10,사노피,,,0.5714872875105333,,0.0,5.714872875105334,0.0,3.4289237250632003,False
2026-09-10,BD,2026-09-10 12:36:00,Naver News,http://www.medisobizanews.com/news/articleView.html?idxno=141947,8월 신약 개발 ‘용광로 열기’…한미ㆍ보령ㆍHK이노엔 대형 임상,"다국적 제약사들의 대형 임상 시험 신청이 이어진 지난 8월, 국내 제약ㆍ바이오 기업들 또한 자체 파이프라인과 바이오시밀러 개발에서 성과를 이어갔다.식품의약품안전처에 따르면 8월 한 달간 승인된 임상ㆍ생동성시험 총 104건 중 국내 개발 임상이 38건으로 집계됐다. 국내 기업들은 기존 블록버스터 의약품의 후속작 개발, 신규 적응증 확보, 글로벌 바이오시밀러 영토 확장 등을 목표로 연구를 본격화하고 있다.국내 주요 전통 제약사들은 기존 주력 시장에서의 지배력을 강화하고 후속 라인업을 확보하기 위해 3ㆍ4상 대형 임상 승인을 획득했다.먼.","다국적 제약사들의 대형 임상 시험 신청이 이어진 지난 8월, 국내 제약ㆍ바이오 기업들 또한 자체 파이프라인과 바이오시밀러 개발에서 성과를 이어갔다.식품의약품안전처에 따르면 8월 한 달간 승인된 임상ㆍ생동성시험 총 104건 중 국내 개발 임상이 38건으로 집계됐다. 국내 기업들은 기존 블록버스터 의약품의 후속작 개발, 신규 적응증 확보, 글로벌 바이오시밀러 영토 확장 등을 목표로 연구를 본격화하고 있다.국내 주요 전통 제약사들은 기존 주력 시장에서의 지배력을 강화하고 후속 라인업을 확보하기 위해 3ㆍ4상 대형 임상 승인을 획득했다.먼",local,10,특허만료,,,0.5594377997312443,,0.0,5.594377997312443,0.0,3.356626798387466,False
2026-09-10,Therapeutic Areas,2026-09-08 14:53:00,Naver News,https://www.sportsworldi.com/newsView/20260908511566,"정계정맥류 색전술 치료, ‘방사능 치료’ 아니다","남성의 음낭에 발생하는 정계정맥류, 남성 불임의 원인이 되기도 해 3기 이상이라면 치료가 필요합니다. 오늘은 정계정맥류 비수술 치료인 정계정맥류 색전술 치료에 꼬리표처럼 따라다니는 방사선, 방사능 치료라는 표현이 과연 맞는 건지 팩트체크 해보겠습니다. ◆팩트체크1: 색전술은 방사능 또는 방사선 치료인가? ‘NO’ 정계정맥류 색전술을 상담할 때 환자분들이 가장 많이 걱정하는 부분 중 하나가 방사선입니다.","남성의 음낭에 발생하는 정계정맥류, 남성 불임의 원인이 되기도 해 3기 이상이라면 치료가 필요합니다. 오늘은 정계정맥류 비수술 치료인 정계정맥류 색전술 치료에 꼬리표처럼 따라다니는 방사선, 방사능 치료라는 표현이 과연 맞는 건지 팩트체크 해보겠습니다. ◆팩트체크1: 색전술은 방사능 또는 방사선 치료인가? ‘NO’ 정계정맥류 색전술을 상담할 때 환자분들이 가장 많이 걱정하는 부분 중 하나가 방사선입니다.",local,2,불임,,,0.4069359001282359,,5.0,4.069359001282359,2.2727272727272725,3.3507063098603243,False
2026-09-10,Therapeutic Areas,2026-09-11 06:02:00,Naver News,https://www.dailypharm.com/user/news/342361?REFERER=NP,[데일리팜]서울에 모인 폐암 전문가들…새 치료근거 잇따라 공개,"국내외 폐암 전문가들이 서울에 잇따라 집결한다. 대한폐암학회 국제학술대회를 시작으로 세계폐암학회가 연이어 열리면서 폐암의 조기진단부터 수술, 표적치료, 면역항암제, 항체약물접합체(ADC)까지 최신 연구 성과가 집중적으로 다뤄진다. 특히 올해는 국내 학술대회 직후 세계 최대 규모의 폐암 전문 학술대회가 서울에서 이어지는 만큼 최근 빠르게 세분화되고 있는 폐암 치료전략과….","국내외 폐암 전문가들이 서울에 잇따라 집결한다. 대한폐암학회 국제학술대회를 시작으로 세계폐암학회가 연이어 열리면서 폐암의 조기진단부터 수술, 표적치료, 면역항암제, 항체약물접합체(ADC)까지 최신 연구 성과가 집중적으로 다뤄진다. 특히 올해는 국내 학술대회 직후 세계 최대 규모의 폐암 전문 학술대회가 서울에서 이어지는 만큼 최근 빠르게 세분화되고 있는 폐암 치료전략과…",local,2,항암제,,,0.40177005782873615,,5.0,4.017700578287362,2.2727272727272725,3.319711256063326,False
2026-09-10,Client,2026-09-11 06:08:00,Naver News,https://www.monews.co.kr/news/articleView.html?idxno=413789,"위고비 체중 감량 효과, 임상연구 넘어 리얼월드로 이어져 - 메디칼업저버",GLP-1 수용체 작용제(이하 GLP-1 제제) 위고비(성분명 세마글루티드)의 강력한 체중 감량 효과가 대규모 임상연구를 넘어 리얼월.,[메디칼업저버 박선혜 기자] GLP-1 수용체 작용제(이하 GLP-1 제제) 위고비(성분명 세마글루티드)의 강력한 체중 감량 효과가 대규모 임상연구를 넘어 리얼월,local,10,용량,,,0.5531001066199815,,0.0,5.531001066199815,0.0,3.318600639719889,False
2026-09-10,Client,2026-09-11 06:00:00,Naver News,https://www.apsk.co.kr/news/articleView.html?idxno=540413,HER2 변이 폐암 1차 치료 바이엘 '허뉴오' 합류…베링거 선점 흔드나 - 메디팜스투데이,HER2 변이 비소세포폐암(NSCLC) 1차 치료 시장에 바이엘이 합류했다. 베링거인겔하임이 먼저 진입한 시장에 바이엘의 '허뉴오'까지 치료 차수 제한을 풀면서.,HER2 변이 비소세포폐암(NSCLC) 1차 치료 시장에 바이엘이 합류했다. 베링거인겔하임이 먼저 진입한 시장에 바이엘의 '허뉴오'까지 치료 차수 제한을 풀면서,local,10,적응증,,,0.5520272294698486,,0.0,5.520272294698486,0.0,3.312163376819092,False
2026-09-10,BD,2026-09-11 07:46:00,Naver News,https://www.the-today.com/news/articleView.html?idxno=89932,"[이슈] “최대 1.1조 계약 2주 만에 FDA 제동”…SK바이오팜, 오파칼림 임상 일부 멈췄다 - 더투데이",SK바이오팜이 최대 7억9500만달러 규모로 도입한 차기 뇌전증 치료제 후보물질 오파칼림의 미국 임상에 제동이 걸렸다. 바이오헤이븐과 대규모 계약을 체결한 지 약.,SK바이오팜이 최대 7억9500만달러 규모로 도입한 차기 뇌전증 치료제 후보물질 오파칼림의 미국 임상에 제동이 걸렸다. 바이오헤이븐과 대규모 계약을 체결한 지 약,local,10,허가,,,0.30184715140798973,,8.0,3.0184715140798972,3.6363636363636367,3.265628362993393,False
2026-09-10,Client,2026-09-10 16:20:00,Naver News,https://www.medicopharma.co.kr/news/articleView.html?idxno=69485,"MSD, 요로상피암 EV 이후 치료 정조준…새 ADC 3상 돌입",MSD가 엔포투맙 베도틴(EV) 치료 후 진행한 국소 진행성 또는 전이성 요로상피암 환자를 대상으로 새로운 항체약물접합체(ADC) 개발에 나섰다. 1차 치료에서 EV 활용이 확대되면서 후속 치료 전략의 중요성이 커지는 가운데 TROP2 표적 ADC가 새.,[메디코파마뉴스=이호빈 기자] MSD가 엔포투맙 베도틴(EV) 치료 후 진행한 국소 진행성 또는 전이성 요로상피암 환자를 대상으로 새로운 항체약물접합체(ADC) 개발에 나섰다. 1차 치료에서 EV 활용이 확대되면서 후속 치료 전략의 중요성이 커지는 가운데 TROP2 표적 ADC가 새,local,10,MSD,,,0.5360897657579514,,0.0,5.360897657579514,0.0,3.2165385945477083,False
2026-09-10,BD,2026-09-10 23:40:00,Naver News,https://medicalworldnews.co.kr/news/view.php?idx=1510977192,질병청 ‘제13회 감염병연구포럼’ 개최…5년 감염병 R&D 전략 논의,"◆백신·치료제·연구기반 3개 분야로 나눠 협력방안 논의 이어진 발표와 토의는 백신, 치료제, 연구 기반 등 3개 분야로 나뉘어 진행됐다. 참석자들은 백신·치료제 개발과 연구자원 확보 및 공동 활용 등 신종감염병에... ","◆백신·치료제·연구기반 3개 분야로 나눠 협력방안 논의 이어진 발표와 토의는 백신, 치료제, 연구 기반 등 3개 분야로 나뉘어 진행됐다. 참석자들은 백신·치료제 개발과 연구자원 확보 및 공동 활용 등 신종감염병에... ",local,10,백신,,,0.2765154831907286,,7.0,2.765154831907286,3.1818181818181817,2.931820171871644,False
2026-09-10,Therapeutic Areas,2026-09-09 11:18:00,Naver News,https://www.mediafine.co.kr/news/articleView.html?idxno=89274,"자궁근종, 정밀검사로 크기 및 위치 관찰 후, 개인에 맞는 치료 적용해야 [조현희 원장 칼럼]",자궁근종은 우리나라 여성의 40~70%에서 발견될 정도로 매우 흔한 여성 질환 중 하나다. 자궁근종은 자궁 내 근육 세포가 비정상적으로 성장하여.,자궁근종은 우리나라 여성의 40~70%에서 발견될 정도로 매우 흔한 여성 질환 중 하나다. 자궁근종은 자궁 내 근육 세포가 비정상적으로 성장하여,local,2,불임,,,0.33157926853785263,,5.0,3.3157926853785264,2.2727272727272725,2.898566520318025,False
2026-09-10,Client,2026-09-10 08:46:00,Naver News,https://www.medicopharma.co.kr/news/articleView.html?idxno=69475,"ADC 단일표적 한계 겨냥한 펩타이드 접합체(PDC), 글로벌 자본 유입",항체 대신 작은 펩타이드를 이용해 여러 종양표적을 동시에 겨냥하는 약물접합체가 사람 대상 임상에 진입한다. 미국 투스텝 테라퓨틱스.,[메디코파마뉴스=정재노 기자] 항체 대신 작은 펩타이드를 이용해 여러 종양표적을 동시에 겨냥하는 약물접합체가 사람 대상 임상에 진입한다. 미국 투스텝 테라퓨틱스(TwoStep Therapeutics)는 다중특이적 펩타이드-약물접합체(PDC) 'TS-104'의 미국 식품의약국(FDA),local,10,화이자,,,0.4578017224024561,,0.0,4.578017224024561,0.0,2.7468103344147363,False
2026-09-10,Product Approval,2026-09-11 07:38:00,Naver News,https://www.medicopharma.co.kr/news/articleView.html?idxno=69490,렉라자 1차 ‘실사용 성적표’ WCLC서 공개…3상 효과 재현성 확인,유한양행의 비소세포폐암 신약 '렉라자(성분명 레이저티닙)'가 국내 1차 치료 현장에서 거둔 실사용 성적이 공개된다. 임상 3상에서 확인한 무진행생존기간(PFS) 개선 효과가 환자 특성이 다양한 실제 진료환경에서도 이어졌는지를 확인할 수 있는 데이터다.내일.,[메디코파마뉴스=정재노 기자] 유한양행의 비소세포폐암 신약 '렉라자(성분명 레이저티닙)'가 국내 1차 치료 현장에서 거둔 실사용 성적이 공개된다. 임상 3상에서 확인한 무진행생존기간(PFS) 개선 효과가 환자 특성이 다양한 실제 진료환경에서도 이어졌는지를 확인할 수 있는 데이터다.내일,local,2,허가,,,0.4324883520700698,,0.0,4.324883520700698,0.0,2.594930112420419,False
2026-09-10,Client,2026-09-10 06:12:00,Naver News,https://www.hitnews.co.kr/news/articleView.html?idxno=79020,"국내외 제약바이오·의료 AI 기업, 최신 연구결과 들고 코엑스 집결",세계폐암학회(WCLC) 2026이 오는 12일부터 15일까지 서울 코엑스에서 진행된다. 2007년 이후 19년 만에 국내에서 개최되는 만큼 폐암 치료 동향에 관한 업계의 관심도 높다.이번 WCLC 2026에서는 약 2300건의 연구 초록이 공개될 예정이다. 특히 올해는 국내외 제약바이오 기업들의 치료제 및 후보물질 최신 연구결과와 함께 폐암 검진에 특화된 의료 인공지능(AI) 성과도 발표될 예정이다.,"세계폐암학회(WCLC) 2026이 오는 12일부터 15일까지 서울 코엑스에서 진행된다. 2007년 이후 19년 만에 국내에서 개최되는 만큼 폐암 치료 동향에 관한 업계의 관심도 높다.이번 WCLC 2026에서는 약 2300건의 연구 초록이 공개될 예정이다. 특히 올해는 국내외 제약바이오 기업들의 치료제 및 후보물질 최신 연구결과와 함께 폐암 검진에 특화된 의료 인공지능(AI) 성과도 발표될 예정이다. 타그리소, EGFR 변이 비소세포폐암 8년 전체생존율 업데이트아스트라제네카는 프레지덴셜 심포지엄 세션을 통해 '타그리소(성분 오시머티",local,10,애브비,,,0.42807089281753413,,0.0,4.280708928175342,0.0,2.568425356905205,False
2026-09-10,Therapeutic Areas,2026-09-10 21:34:00,Naver News,https://www.idaegu.co.kr/news/articleView.html?idxno=559354,"대구대, 지역사회 난임 대응체계 구축 힘쏟는다 - 대구신문",대구대 산학협력단소속 DU난임대응센터가 최근 제주대 병원 국제회의실에서 제주대 병원과 지역사회 난임 대응체계 구축을 위한 업무협약을 체결했다.이번 협약은 두 기관.,대구대 산학협력단소속 DU난임대응센터가 최근 제주대 병원 국제회의실에서 제주대 병원과 지역사회 난임 대응체계 구축을 위한 업무협약을 체결했다.이번 협약은 두 기관,local,2,난임,,,0.24464517190533233,,5.0,2.4464517190533233,2.2727272727272725,2.3769619405229028,False
2026-09-10,Client,2026-09-09 07:02:00,Naver News,https://www.thebell.co.kr/free/content/ArticleView.asp?key=202609081404402320109634,"[더벨]SK바이오팜, 임상개발에 '의사 DNA' 심다…MD 20% 비중","이들은 필라델피아어린이병원, 펜실베이니아대, 얀센, 뉴로크린 바이오사이언스, 파렉셀 등에서 진료와... 판딧 MD는 애브비와 J&J·얀센, MD앤더슨 암센터, 텔릭스 등을 거치며 혈액종양과 방사성의약품을 포함해... ","이들은 필라델피아어린이병원, 펜실베이니아대, 얀센, 뉴로크린 바이오사이언스, 파렉셀 등에서 진료와... 판딧 MD는 애브비와 J&J·얀센, MD앤더슨 암센터, 텔릭스 등을 거치며 혈액종양과 방사성의약품을 포함해... ",local,10,얀센,,,0.3056835794618546,,0.0,3.056835794618546,0.0,1.8341014767711274,False
2026-09-10,BD,2026-09-10 20:10:00,Naver News,http://www.thefirstmedia.net/news/articleView.html?idxno=208355,"""빛으로 바늘 끝 확인""…분당서울대병원 이비인후과 차원재 교수 연구팀, ‘광유도 성대주입술’ 대규모 근거 제시",분당서울대병원 연구팀이 빛을 이용해 성대주입술 중 바늘 끝 위치를 실시간으로 확인하는 ‘광유도 성대주입술’의 안전성과 임상적 유용성을 대규모 환자 데이터를 통해 확인했다.분당서울대병원 이비인후과 차원재 교수 연구팀(제1저자 중앙대병원 이비인후과 김서영 교수)은 2020년 10월부터 2024년 2월까지 분당서울대병원에서 일측성 성대마비 환자 257명에게 시행한 378건의 광유도 성대주입술 데이터를 분석한 연구 결과를 발표했다고 10일 밝혔다.일측성 성대마비는 갑상선·두경부암이나 심장·경추.,분당서울대병원 연구팀이 빛을 이용해 성대주입술 중 바늘 끝 위치를 실시간으로 확인하는 &lsquo;광유도 성대주입술&rsquo;의 안전성과 임상적 유용성을 대규모 환자 데이터를 통해 확인했다.분당서울대병원 이비인후과 차원재 교수 연구팀(제1저자 중앙대병원 이비인후과 김서영 교수)은 2020년 10월부터 2024년 2월까지 분당서울대병원에서 일측성 성대마비 환자 257명에게 시행한 378건의 광유도 성대주입술 데이터를 분석한 연구 결과를 발표했다고 10일 밝혔다.일측성 성대마비는 갑상선&middot;두경부암이나 심장&middot;경추,local,10,합병,,,0.22656246018719878,,0.0,2.2656246018719877,0.0,1.3593747611231926,False
