date,category,published_date,site_name,url,title,summary,content,region,score_ag,keywords,reward_x,rl_score,lgbm_score,reward_y,strategic_score,lgbm_component,strategic_score_norm,final_score,is_top20
2026-09-24,Distribution,2026-09-22 08:42:00,Naver News,https://www.thebell.co.kr/free/content/ArticleView.asp?key=202609181450269200108142,"[더벨][바로팜 IPO] K-뷰티 업고 해외 진출, 숍인숍 전략 확대","약국 운영 플랫폼 바로팜이 뷰티 사업 확장에 나선다. 의약품과 건강기능식품, 화장품을 판매하는 유통채널인 약국은 외국인 관광객의 필수 코스로 자리매김하며 매출이 급증하는 추세다. 바로팜은 전국 약국에 약국... ","약국 운영 플랫폼 바로팜이 뷰티 사업 확장에 나선다. 의약품과 건강기능식품, 화장품을 판매하는 유통채널인 약국은 외국인 관광객의 필수 코스로 자리매김하며 매출이 급증하는 추세다. 바로팜은 전국 약국에 약국... ",local,10,바로팜,,,0.9752897318261575,,13.0,9.752897318261574,5.909090909090909,8.215374754593308,True
2026-09-24,BD,2026-09-23 08:32:00,Naver News,http://www.press9.kr/news/articleView.html?idxno=83214,보령 LBA 전략 전환점…국내서 글로벌로 본격 확대,"보령의 레거시 브랜드 인수(Legacy Brands Acquisition, LBA) 전략이 국내 시장을 넘어 글로벌 사업으로 영역을 넓히고 있다. 과거 글로벌 제약사의 오리지널 의약품 국내 사업권을 확보해 판매와 생산을 내재화하는 방식에서 한 단계 나아가, 글로벌 사업권 자체를 인수하고 해외 시장에서 직접 사업을 운영하는 형태로 진화하고 있다.국내 사업권 인수로 출발한 LBA, 오리지널 의약품 내재화보령의 LBA 전략은 글로벌 제약사가 보유한 오리지널 의약품의 국내 사업권을 인수하는 방식으로 출발했다.","[프레스나인] 보령의 레거시 브랜드 인수(Legacy Brands Acquisition, LBA) 전략이 국내 시장을 넘어 글로벌 사업으로 영역을 넓히고 있다. 과거 글로벌 제약사의 오리지널 의약품 국내 사업권을 확보해 판매와 생산을 내재화하는 방식에서 한 단계 나아가, 글로벌 사업권 자체를 인수하고 해외 시장에서 직접 사업을 운영하는 형태로 진화하고 있다.국내 사업권 인수로 출발한 LBA, 오리지널 의약품 내재화보령의 LBA 전략은 글로벌 제약사가 보유한 오리지널 의약품의 국내 사업권을 인수하는 방식으로 출발했다. 2020년 일라",local,10,판권,,,0.9690917815160498,,12.0,9.690917815160498,5.454545454545454,7.9963688709144805,True
2026-09-24,Distribution,2026-09-25 07:01:00,Naver News,https://www.newsis.com/view/NISX20260922_0003800674,"""움직이는 광고판""…감기약 성수기 덩달아 '방긋'",지오영의 의약품 배송차량이 제약사 광고 매체로 주목받고 있다.25일 지오영에 따르면 최근 감기약 성수기를 앞두고 회사의 내년도 배송차량 광고에 대한 제약사들의 문의가 이어지고 있다.감기약은 가을부터 겨울 사이에 환자가 집중되는 대표적인 계절 의약품이다. 이 때문에 제약사들도 이 시기에 앞서 광고와 판촉 등 관련 마케팅 활동을 ..,[서울=뉴시스]이소헌 기자 = 지오영의 의약품 배송차량이 제약사 광고 매체로 주목받고 있다.25일 지오영에 따르면 최근 감기약 성수기를 앞두고 회사의 내년도 배송차량 광고에 대한 제약사들의 문의가 이어지고 있다.감기약은 가을부터 겨울 사이에 환자가 집중되는 대표적인 계절 의약품이다. 이 때문에 제약사들도 이 시기에 앞서 광고와 판촉 등 관련 마케팅 활동을 ..,local,10,지오영,,,0.9423330282348703,,12.0,9.423330282348703,5.454545454545454,7.835816351227403,True
2026-09-24,BD,2026-09-23 05:30:00,Naver News,https://www.medicaltimes.com/Main/News/NewsView.html?ID=1170848&ref=naverpc,[메디칼타임즈] GLP-1이 바꾼 시장…의약품 영업·지방분해까지 확산,사회적 현상으로까지 번진 GLP-1 계열 비만치료제 열풍이 비만치료제 시장을 넘어 주변 의약품과 치료 영역으로 확산되고 있다. 실제로 비만치료제가 아닌 기존 의약품의 체중·식욕 관련 효과를 앞세운 영업이 등장하는 등 변화가 나타나고 있다.여기에 체중 감량 이후 국소 지방과 체형을 관리하려는 수요가 커지면서 지방분해주사제 시장에서도 제약사들의 개발과 출시가 이어지고 있다.GLP-1이 관심을 받으면서 기존 의약품 및 지방분해주사제 등 다양한 영역으로 그 영향이 확대되고 있다. 22일 관련 업계 등에 따르면 최근 국내 제약업계에서는 미그리톨과 베타히스틴 등 기존 의약품을 비만과 연결한 영업이 나타나고 있다.'비만약 아닌 약'도 주목…체중·식욕 효과 앞세운 영업 확대실제로 CSO 영업 현장에서는 최근 '비만'이라는 카테고리로 다양한 성분의 의약품을 활용하는 모습이 나타나고 있다.대표적인 사례가 미그리톨이다.,"[메디칼타임즈=허성규 기자] 사회적 현상으로까지 번진 GLP-1 계열 비만치료제 열풍이 비만치료제 시장을 넘어 주변 의약품과 치료 영역으로 확산되고 있다. 실제로 비만치료제가 아닌 기존 의약품의 체중·식욕 관련 효과를 앞세운 영업이 등장하는 등 변화가 나타나고 있다.여기에 체중 감량 이후 국소 지방과 체형을 관리하려는 수요가 커지면서 지방분해주사제 시장에서도 제약사들의 개발과 출시가 이어지고 있다.GLP-1이 관심을 받으면서 기존 의약품 및 지방분해주사제 등 다양한 영역으로 그 영향이 확대되고 있다. 22일 관련 업계 등에 따르면 최근 국내 제약업계에서는 미그리톨과 베타히스틴 등 기존 의약품을 비만과 연결한 영업이 나타나고 있다.'비만약 아닌 약'도 주목…체중·식욕 효과 앞세운 영업 확대실제로 CSO 영업 현장에서는 최근 '비만'이라는 카테고리로 다양한 성분의 의약품을 활용하는 모습이 나타나고 있다.대표적인 사례가 미그리톨이다. 미그리톨은 당뇨병 치료에 사용되는 알파글루코시다제 억제제로, 탄수화물 흡수를 억제해 식후 혈당을 낮추는 약물이다. 일부 연구에서는 체중 감소와 식후 GLP-1 분비 증가 등이 보고된 바 있다.특히 당뇨병 치료제로 이미 시장이 형성돼 있는 상태에서 이 같은 체중·식욕 조절 관련 연구 결과가 재조명되며 비만 영역에서의 활용 가능성이 부각됐다. 오래전부터 사용돼 온 성분이지만 비만치료에 대한 관심이 커지면서 이 같은 기존 연구 결과가 다시 영업 현장에서 주목받는 모습이다.지난해 국내 제약사들의 미그리톨 제네릭 허가가 잇따르며 후발 제품의 시장 진입도 이어졌다.올해에도 미그리톨에 대한 관심이 유지되는 가운데 최근에는 베타히스틴까지 비만 관련 영업 대상에 포함되고 있다. 베타히스틴은 메니에르병 등에 따른 어지럼증·이명·청력장애 치료제로 허가된 성분이다.하지만 일부 영업자료에서는 베타히스틴의 식욕 감소와 체중 감소 가능성을 강조하며 비만과 관련된 효과를 주요 포인트로 제시하고 있다.실제 영업자료를 보면 베타히스틴은 단순히 체중 감소 가능성을 언급하는 수준을 넘어 식욕 조절과 포만감 증가 등 비만과 연결될 수 있는 기전과 연구 결과를 주요 디테일 포인트로 제시하고 있다. 베타히스틴의 허가 적응증과는 다른 영역에서 관련 문헌을 영업 논리로 활용하고 있는 셈이다.기존 미그리톨, 베타히스틴 등의 성분 제제가 적응증 외에 비만에서 활용 가능성을 영업 포인트로 제시하고 있다. 이는 지난해 미그리톨에서 나타났던 현상과도 닮아 있다. 정식 비만치료제가 아닌 성분 가운데 체중이나 식욕과 연결되는 연구 결과가 있는 경우 이를 비만이라는 새로운 카테고리와 연결하는 움직임이 나타나고 있는 것이다.다만 미그리톨이나 베타히스틴을 정식 비만치료제와 같은 선상에서 볼 수는 없다. 허가 적응증과 비만 치료에 대한 임상적 근거는 별개의 문제이기 때문이다.그럼에도 관련 문헌 등을 근거로 비만과의 연관성을 강조하는 영업이 이어지고 있는 모습이다.현재 비만치료제 시장은 GLP-1 계열 치료제를 중심으로 빠르게 확대되고 있지만, 약제 비용이나 치료 중단 이후 체중 재증가 등에 대한 부담도 함께 제기되고 있다. 이런 시장 환경에서 체중·식욕 관련 특성을 가진 성분들이 새로운 영업 포인트로 부각되고 있는 것으로 풀이된다.체중 감량 후 '라인 관리' 수요 확대…지방분해주사제 성장특히 GLP-1 계열 비만치료제 확산은 체중을 줄이는 치료뿐 아니라 감량 이후의 관리 영역에도 관심을 불러오고 있다.체중 감량으로 전신적인 체중은 줄이더라도 특정 부위의 지방이나 체형에 대한 고민은 남을 수 있다는 점에서 지방분해주사제를 활용한 국소 부위 관리가 하나의 영역으로 떠오르고 있는 것이다.의료 현장에서도 이런 활용 사례가 나타나고 있다. 365mc는 대웅제약의 DCA(데옥시콜산) 성분 지방분해주사제 '브이올렛'을 활용한 '밉살주사' 등을 운영하고 있으며, 최근에는 대웅제약·분당서울대병원과 함께 적용 부위를 확대하기 위한 공동 연구도 진행하고 있다.실제 시장에서도 성장 사례가 확인된다. 대웅제약에 따르면 브이올렛의 지난해 4분기 매출은 전년 동기 대비 32% 증가했다. 후발 제품의 시장 진입이 이어지는 상황에서도 기존 제품의 매출이 증가했다는 점에서 지방분해주사제 시장의 성장세를 보여주는 사례다.다만 이 같은 매출 증가를 GLP-1 계열 비만치료제 확산의 직접적인 결과로 단정하기는 어렵다.GLP-1을 통한 체중 감량에 대한 관심이 커지는 가운데 감량 이후 특정 부위의 지방과 체형을 관리하려는 수요도 함께 부각되고 있는 것으로 분석된다.지방분해주사제 시장을 이끌고 있는 대웅제약의 브이올렛 역시 성장세를 타고 있다. 여기에 제약사들의 지방분해주사제 개발과 시장 진입도 이어지고 있다.대웅제약이 2021년 브이올렛을 출시한 이후 LG화학의 벨라콜린이 시장에 진입했고, 휴메딕스·펜믹스·한국비엠아이·동국제약·종근당·삼익제약 등 후발주자들의 허가가 이어졌다. 올해 3월에는 대한뉴팜도 DCA 성분의 브이벨라주를 허가받았다.여기에 메디톡스는 지난해 콜산을 주성분으로 한 '뉴비쥬'를 허가받으면서 기존 DCA 중심의 지방분해주사제 시장에 새로운 성분으로 진입했다.제약사들의 잇따른 시장 진입과 함께 지방분해주사제의 제품과 성분 선택지도 넓어지는 모습이다.결과적으로 GLP-1 열풍이 불러온 시장의 변화는 비만치료제에만 머물지 않고 있다. 기존 의약품의 체중·식욕 관련 특성을 앞세운 틈새 영업부터 감량 이후의 체형 관리 영역까지 전방위로 번지는 양상이다.이는 GLP-1에서 시작된 비만 치료의 가능성이 이를 관리하는 영역까지 그 외연을 넓히고 있는 셈이다. 비만치료제 시장의 성장세 속에서 다양한 주변 영역의 확장이 실제 성과로 이어질지 주목된다.",local,10,CSO,,,0.9905996543691139,,10.0,9.905996543691138,4.545454545454545,7.7617797443965015,True
2026-09-24,Distribution,2026-09-21 12:06:00,Naver News,https://www.dailypharm.com/user/news/342717?REFERER=NP,[데일리팜]트윈데믹에 감기까지…명절 앞둔 약국 '북새통',"추석 연휴를 앞두고 트윈데믹이 확산하고, 감기까지 유행하면서 약국가가 연일 분주해지고 있다. 인플루엔자 유행주의보가 예년 대비 빨라지면서 추석 연휴를 앞둔 약국들이 조제·투약은 물론 재고 확보까지 신경쓸 부분도 늘어났다는 설명이다. 365 의원과 약국이 증가했지만 미리 상비약 등을 구입하려는 수요까지 겹치면서 오늘과 내일 가장 붐빌 것이라는 예측이 나오고 있다.","추석 연휴를 앞두고 트윈데믹이 확산하고, 감기까지 유행하면서 약국가가 연일 분주해지고 있다. 인플루엔자 유행주의보가 예년 대비 빨라지면서 추석 연휴를 앞둔 약국들이 조제·투약은 물론 재고 확보까지 신경쓸 부분도 늘어났다는 설명이다. 365 의원과 약국이 증가했지만 미리 상비약 등을 구입하려는 수요까지 겹치면서 오늘과 내일 가장 붐빌 것이라는 예측이 나오고 있다. 예년…",local,10,바로팜,,,0.9774926988901067,,10.0,9.774926988901067,4.545454545454545,7.683138011522458,True
2026-09-24,BD,2026-09-25 06:10:00,Naver News,https://www.hitnews.co.kr/news/articleView.html?idxno=79271,"""CSO 시장, 이제는 공론의 장에서 투명성을 말할 때다""","CSO(의약품 판촉영업자)를 둘러싼 논란이 다시 수면 위로 떠오르고 있다. 제약사로부터 판매촉진 업무를 위탁받은 CSO가 다른 CSO에 재위탁하고, 다시 제3의 CSO로 이어지는 다단계 거래 구조가 논란의 중심에 섰다. 여러 단계를 거치다 보면 불공정 행위가 발생했을 때 책임 소재와 자금 흐름을 파악하기 어려워질 수 있다는 지적이다. 정부도 이 구조를 본격적으로 들여다보려 하고 있다.의약품 유통 전문가들은 CSO 시장에 대한 불신을 해소하기 위해서라도 문제를 공론화하고 실태를 객관적으로 확인할 필요가 있다고 주장한다.","CSO(의약품 판촉영업자)를 둘러싼 논란이 다시 수면 위로 떠오르고 있다. 제약사로부터 판매촉진 업무를 위탁받은 CSO가 다른 CSO에 재위탁하고, 다시 제3의 CSO로 이어지는 다단계 거래 구조가 논란의 중심에 섰다. 여러 단계를 거치다 보면 불공정 행위가 발생했을 때 책임 소재와 자금 흐름을 파악하기 어려워질 수 있다는 지적이다. 정부도 이 구조를 본격적으로 들여다보려 하고 있다.의약품 유통 전문가들은 CSO 시장에 대한 불신을 해소하기 위해서라도 문제를 공론화하고 실태를 객관적으로 확인할 필요가 있다고 주장한다. CSO가 이미",local,10,CSO,,,0.9610073818443452,,10.0,9.610073818443452,4.545454545454545,7.584226109247889,True
2026-09-24,BD,2026-09-21 10:24:00,Naver News,http://www.smedaily.co.kr/news/articleView.html?idxno=363525,CSO 제도화 시동…제약 영업·유통 투명성 시험대,의약품 판촉영업자(CSO) 업계를 대표하는 단체가 정식 법인으로 전환하기 위한 움직임에 나섰다. 정부도 CSO 시장에 대한 관리·감독 강화 방안을 논의하고 있어 국내 의약품 유통·판촉 구조에 변화가 예상된다.한국의약품판촉영업자협회는 19일 서울 국회의원회관 제2소회의실에서 창립총회 및 세미나를 개최했다. 협회는 오는 10월 보건복지부에 사단법인 인가를 세 번째로 신청할 계획이다.,의약품 판촉영업자(CSO) 업계를 대표하는 단체가 정식 법인으로 전환하기 위한 움직임에 나섰다. 정부도 CSO 시장에 대한 관리·감독 강화 방안을 논의하고 있어 국내 의약품 유통·판촉 구조에 변화가 예상된다.한국의약품판촉영업자협회는 19일 서울 국회의원회관 제2소회의실에서 창립총회 및 세미나를 개최했다. 협회는 오는 10월 보건복지부에 사단법인 인가를 세 번째로 신청할 계획이다. 2022년 임의단체로 출범한 뒤 2025년 1월 두 차례 창립총회를 거쳤지만 아직 법인 설립에는 이르지 못한 상태다.이번 창립총회에서는 정관이 승인됐다.,local,10,판촉영업자,,,0.9541326184203109,,10.0,9.54132618420311,4.545454545454545,7.542977528703684,True
2026-09-24,Distribution,2026-09-24 08:38:00,Naver News,https://www.edaily.co.kr/News/Read?newsId=01794166645583400&mediaCodeNo=257&utm_source=naver&utm_medium=referral&utm_campaign=news_syndication&utm_content=original_article,"셀리드·블루엠텍, 경영권 매각 소식에 들썩…인벤테라 상승[바이오 맥짚기]",22일 제약바이오 업계에서는 바이오 기업들의 경영권 매각 소식이 크게 주목받았다. 백신 개발 기업 셀리드는 휴니버스글로벌과 의약품 유통 및 플랫폼 기업 블루엠텍은 콜마그룹과 ...,이 기사는 2026년09월23일 08시35분에 팜이데일리 프리미엄 콘텐츠로 선공개 되었습니다. 22일 제약바이오 업계에서는 바이오 기업들의 경영권 매각 소식이 크게 주목받았다. 백신 개발 기업 셀리드는 휴니버스글로벌과 의약품 유통 및 플랫폼 기업 블루엠텍은 콜마그룹과 ...,local,10,블루엠텍,,,0.862651108077179,,13.0,8.62651108077179,5.909090909090909,7.539543012099438,False
2026-09-24,Client,2026-09-23 13:06:00,Naver News,https://www.bosa.co.kr/news/articleView.html?idxno=3012775,희귀질환 'PHN' 치료제 급여기준 개선 시급 - 의학신문,발작성 야간혈색소뇨증(PNH) 환자들이 중증 합병증이 발생한 이후에야 솔리리스·울토미리스 등 치료제 급여를 받을 수 있는 현행 건.,[의학신문·일간보사=이재 기자] 발작성 야간혈색소뇨증(PNH) 환자들이 중증 합병증이 발생한 이후에야 솔리리스·울토미리스 등 치료제 급여를 받을 수 있는 현행 건,local,10,아스트라제네카,,,0.9437076392477658,,10.0,9.437076392477659,4.545454545454545,7.480427653668413,True
2026-09-24,Distribution,2026-09-21 06:02:00,Naver News,https://www.kukinews.com/article/view/kuk202609180163,“화장품 어디서 사세요?”…올리브영·다이소 다음은 ‘약국’,"Why have I been blocked? This website is using a security service to protect itself from online attacks. The action you just performed triggered the security solution. There are several actions that could trigger this block including submitting a certain word or phrase, a SQL command or malformed data.","Why have I been blocked?
This website is using a security service to protect itself from online attacks. The action you just performed triggered the security solution. There are several actions that could trigger this block including submitting a certain word or phrase, a SQL command or malformed data.",local,10,바로팜,,,0.9051176020450723,,10.0,9.051176020450724,4.545454545454545,7.248887430452252,False
2026-09-24,BD,2026-09-21 16:24:00,Naver News,https://news.mtn.co.kr/news-detail/2026092116104933358,제네릭·CSO 구조 재편 가속화…제약사 영업망 지각변동,"올해 초 약가 인하로 시작된 제약바이오 산업의 구조 개편이 가속화되고 있다. 정부는 제네릭(복제약)의 비중을 줄이고, 신약 개발에 역량을 집중할 수 있도록 중심축을 움직이겠다는 구상을 본격화하고 있다. 21일 복지부는 제약산업 혁신 민·관협의체를 통해 첫 안건으로 '의약품 판촉영업자(CSO) 관리·감독 강화 방안'을 논의했다고 밝혔다.정부는 지난 3월 14년 만에 대규모 약가 인하를 진행하면서 제약바이오 산업 개편 의지를 내비친 바 있다.","올해 초 약가 인하로 시작된 제약바이오 산업의 구조 개편이 가속화되고 있다. 정부는 제네릭(복제약)의 비중을 줄이고, 신약 개발에 역량을 집중할 수 있도록 중심축을 움직이겠다는 구상을 본격화하고 있다. 21일 복지부는 제약산업 혁신 민·관협의체를 통해 첫 안건으로 '의약품 판촉영업자(CSO) 관리·감독 강화 방안'을 논의했다고 밝혔다.정부는 지난 3월 14년 만에 대규모 약가 인하를 진행하면서 제약바이오 산업 개편 의지를 내비친 바 있다. 제네릭 중심, CSO 난립이 국내 제약바이오 산업의 성장을 저해한다는 분석이다. 현재의 구",local,10,판촉영업자,,,0.9811391428982777,,7.0,9.811391428982777,3.1818181818181817,7.159562130116939,True
2026-09-24,BD,2026-09-23 11:10:00,Naver News,https://www.theguru.co.kr/news/article.html?no=107518,"삼성바이오에피스, 그리스 파마킴과 계약…동유럽·발칸 영토 확장","삼성바이오에피스가 그리스 의약품 유통·상업화 전문기업 파마킴(Pharmachim S.A.)을 새로운 상업화 파트너로 확보하고 남유럽·발칸 지역 공략에 속도를 낸다. 안과부터 혈액학, 종양학까지 아우르는 바이오시밀러 포트폴리오를 앞세워 현지 유통망을 넓히겠다는 복안이다. 권역별 상업화 파트너를 다변화하는 글로벌 전략이 본궤도에 오르는.","[더구루=김현수 기자] 삼성바이오에피스가 그리스 의약품 유통·상업화 전문기업 파마킴(Pharmachim S.A.)을 새로운 상업화 파트너로 확보하고 남유럽·발칸 지역 공략에 속도를 낸다. 안과부터 혈액학, 종양학까지 아우르는 바이오시밀러 포트폴리오를 앞세워 현지 유통망을 넓히겠다는 복안이다. 권역별 상업화 파트너를 다변화하는 글로벌 전략이 본궤도에 오르는",local,10,오가논,,,0.8889504768024321,,10.0,8.88950476802432,4.545454545454545,7.15188467899641,True
2026-09-24,BD,2026-09-24 07:42:00,Naver News,https://www.financialpost.co.kr/news/articleView.html?idxno=277337,"[기자수첩] 제약 영업은 밖으로, 책임도 밖으로?",제약사의 의약품 영업 방식이 달라지고 있다. 병·의원을 찾아 제품을 판촉하는 업무를 의약품 판촉영업자(CSO)에게 외주로 주는 것. 이렇게 영업을 외주로 맡기는 제약사가 늘면서 CSO는 제약업계의 화두로 떠올랐다.영업을 외부 전문업체에 맡기는 것 자체가 문제는 아니다.,제약사의 의약품 영업 방식이 달라지고 있다. 병·의원을 찾아 제품을 판촉하는 업무를 의약품 판촉영업자(CSO)에게 외주로 주는 것. 이렇게 영업을 외주로 맡기는 제약사가 늘면서 CSO는 제약업계의 화두로 떠올랐다.영업을 외부 전문업체에 맡기는 것 자체가 문제는 아니다. 제약사는 자체,local,10,CSO,,,0.9666008544416536,,7.0,9.666008544416535,3.1818181818181817,7.072332399377193,True
2026-09-24,BD,2026-09-24 05:50:00,Naver News,https://www.kpanews.co.kr/news/articleView.html?idxno=544789,트럼프 ‘최혜국 약가’ 계약 공개…해외 약값·메디케이드 놓고 논란 - 약사공론,도널드 트럼프 미국 행정부가 제약사들과 체결한 ‘최혜국(MFN·Most Favored Nation)’ 약가 계약의 구체적인 내용 일부가 공개되면서 정책의 실제 약.,도널드 트럼프 미국 행정부가 제약사들과 체결한 ‘최혜국(MFN·Most Favored Nation)’ 약가 계약의 구체적인 내용 일부가 공개되면서 정책의 실제 약,local,10,약가,,,0.8753556835198324,,10.0,8.753556835198324,4.545454545454545,7.070315919300813,True
2026-09-24,BD,2026-09-22 10:50:00,Naver News,http://www.consumernews.co.kr/news/articleView.html?idxno=764480,"보령, 中서 탁소텔 3800억 공급계약 '역대 최대'…국내선 라이넥 영업 확대",보령이 글로벌 오리지널 항암제 '탁소텔'의 중국 장기 공급계약을 확보하고 국내에서는 GC녹십자웰빙의 '라이넥주' 판매에 나서며 국내외 사업 기반 넓히기에 나선다.22일 보령에 따르면 중국 제약사 이판제약과 항암제 탁소텔(성분명 도세탁셀)을 중국 시장에 공급하는 7년 계약을 체결했다. 총 계약금액은 2억7714만 달러(한화 약 3837억 원)로 보령이 체결한 공급계약 가운데 역대 최대 규모다.올해 5월 사노피로부터 탁소텔의 글로벌 사업 인수를 마무리한 이후 약 4개월 만에 확보한 첫 대형 장기계약이다.중국은 보령이 인수한 탁소텔 사업.,보령이 글로벌 오리지널 항암제 '탁소텔'의 중국 장기 공급계약을 확보하고 국내에서는 GC녹십자웰빙의 '라이넥주' 판매에 나서며 국내외 사업 기반 넓히기에 나선다.22일 보령에 따르면 중국 제약사 이판제약과 항암제 탁소텔(성분명 도세탁셀)을 중국 시장에 공급하는 7년 계약을 체결했다. 총 계약금액은 2억7714만 달러(한화 약 3837억 원)로 보령이 체결한 공급계약 가운데 역대 최대 규모다.올해 5월 사노피로부터 탁소텔의 글로벌 사업 인수를 마무리한 이후 약 4개월 만에 확보한 첫 대형 장기계약이다.중국은 보령이 인수한 탁소텔 사업,local,10,오가논,,,0.8132057110023775,,12.0,8.132057110023775,5.454545454545454,7.061052447832446,False
2026-09-24,BD,2026-09-23 06:00:00,Naver News,https://www.apsk.co.kr/news/articleView.html?idxno=540523,[투데이 포커스] 머크 '콩코르' 판매 중인 대웅제약…10년 만에 동일성분 제네릭 허가 - 메디팜스투데이,10년 간 허가 품목이 없었던 비소프롤롤 단일제 시장에 대웅제약이 뛰어들었다. 특히 대웅제약은 2020년부터 오리지널인 머크의 '콩코르'를 판매해왔다는 점에서 이.,10년 간 허가 품목이 없었던 비소프롤롤 단일제 시장에 대웅제약이 뛰어들었다. 특히 대웅제약은 2020년부터 오리지널인 머크의 '콩코르'를 판매해왔다는 점에서 이,local,10,머크,,,0.9606022107014298,,7.0,9.606022107014297,3.1818181818181817,7.0363405369358505,False
2026-09-24,Client,2026-09-23 10:42:00,Naver News,http://www.smedaily.co.kr/news/articleView.html?idxno=363675,약가인하 후폭풍…제약업계 체질전환 가속,"국내 제약업계가 정부의 약가 인하 정책에 대응해 사업모델 전환에 속도를 내고 있다. 전문의약품(ETC) 중심 수익구조가 흔들리면서 일반의약품(OTC) 시장으로 무게중심을 옮기는 한편, 연구개발(R&D) 투자를 통한 신약 기술수출로 활로를 모색하는 이중 전략이 뚜렷해지고 있다.23일 업계에 따르면 보건복지부는 지난 3월 발표한 약가제도 개편안에 따라 제네릭(복제약) 산정률을 기존 53.5%에서 45%로 단계적으로 낮추기로 했다. 당초 올해 하반기로 예정됐던 기등재 의약품 실제 인하 시점은 업계 반발을 반영해 내년 4월로 한 차례 늦춰.","국내 제약업계가 정부의 약가 인하 정책에 대응해 사업모델 전환에 속도를 내고 있다. 전문의약품(ETC) 중심 수익구조가 흔들리면서 일반의약품(OTC) 시장으로 무게중심을 옮기는 한편, 연구개발(R&D) 투자를 통한 신약 기술수출로 활로를 모색하는 이중 전략이 뚜렷해지고 있다.23일 업계에 따르면 보건복지부는 지난 3월 발표한 약가제도 개편안에 따라 제네릭(복제약) 산정률을 기존 53.5%에서 45%로 단계적으로 낮추기로 했다. 당초 올해 하반기로 예정됐던 기등재 의약품 실제 인하 시점은 업계 반발을 반영해 내년 4월로 한 차례 늦춰",local,10,노보노디스크,,,0.9592286410748785,,7.0,9.592286410748784,3.1818181818181817,7.0280991191765425,True
2026-09-24,BD,2026-09-23 06:00:00,Naver News,https://www.bosa.co.kr/news/articleView.html?idxno=3011763,시장 선점하려는 다국적제약사  ‘맞불 작전’ - 의학신문,"다국적제약사들이 그동안 치료 옵션이 한정적이었던 편두통, 호흡기세포융합바이러스(RSV), 원형탈모 등 주요 질환 영역에서 혁신 신.","[의학신문·일간보사=김상일 기자]다국적제약사들이 그동안 치료 옵션이 한정적이었던 편두통, 호흡기세포융합바이러스(RSV), 원형탈모 등 주요 질환 영역에서 혁신 신",local,10,화이자,,,0.9582492290863269,,7.0,9.58249229086327,3.1818181818181817,7.0222226472452345,False
2026-09-24,BD,2026-09-22 10:39:00,Naver News,https://view.asiae.co.kr/article/2026092207070472639,"""GLP-1만으론 부족""…빅파마, 비만약 새 기전 찾는다",글로벌 제약사들이 비만 신약의 다음 성장동력을 글루카곤 유사 펩타이드(GLP)-1 밖에서 찾고 있다.,글로벌 제약사들이 비만 신약의 다음 성장동력을 글루카곤 유사 펩타이드(GLP)-1 밖에서 찾고 있다.,local,10,노보노디스크,,,0.9553386938383857,,7.0,9.553386938383856,3.1818181818181817,7.0047594357575855,False
2026-09-24,Client,2026-09-24 20:47:00,Naver News,https://news.jtbc.co.kr/article/NB12319938?influxDiv=NAVER,[단독] 1·2살 아기에게 비만약을?…‘마구잡이 처방’ 충격 실태,"비만치료제, 위고비와 마운자로를 남용한다는 지적이 많죠. 취재 결과, 사용 승인이 나지 않은 청소년과 어린이들은 물론, 심지어 1, 2살 영아들...","비만치료제, 위고비와 마운자로를 남용한다는 지적이 많죠. 취재 결과, 사용 승인이 나지 않은 청소년과 어린이들은 물론, 심지어 1, 2살 영아들...",local,10,위고비,,,0.9511026344894965,,7.0,9.511026344894965,3.1818181818181817,6.979343079664251,True
2026-09-24,Client,2026-09-24 11:52:00,Naver News,https://www.hani.co.kr/arti/hanihealth/pharm/1279384.html,희귀질환 치료제 ‘100일 신속등재’ 시동…환자가 체감하는 제도 될 수 있을까? [건강한겨레],희귀질환 치료제의 국민건강보험 급여 목록 등재 심사 기간을 최대 100일 이내로 단축하는 정부의 ‘희귀질환 치료제 신속등재 시범사업’이 지난 8월 말 제약사 신청을 마감하며 본격적인 첫발을 뗐다. 치료 효과가 입증된 신약을 허가받고도 건강보험 적용까지 오랜 시간을 기다.,희귀질환 치료제의 국민건강보험 급여 목록 등재 심사 기간을 최대 100일 이내로 단축하는 정부의 ‘희귀질환 치료제 신속등재 시범사업’이 지난 8월 말 제약사 신청을 마감하며 본격적인 첫발을 뗐다. 치료 효과가 입증된 신약을 허가받고도 건강보험 적용까지 오랜 시간을 기다,local,10,MSD,,,0.8579296907521977,,10.0,8.579296907521977,4.545454545454545,6.965759962695004,True
2026-09-24,Reimbursement,2026-09-23 19:36:00,Naver News,https://www.medigatenews.com/news/4067285301,MEDI:GATE NEWS 이 약 계속 개발해야 하나…약가 개편에 흔들리는 제약사 R&D 셈법,"사진=게티이미지뱅크 [메디게이트뉴스 이지원 기자] 정부가 약가제도 개편을 추진하는 가운데 제약업계에서는 기존 연구개발(R&D) 과제와 신규 개발품목의 사업성을 다시 따져보는 움직임이 나타나고 있다. 의약품 개발 여부를 결정할 때 예상 약가와 제조원가, 개발비용 등을 종합적으로 고려하는 만큼 약가 변화가 이미 판매 중인 제품의 수익성을 넘어 향후 R&D 투자 판단에도 영향을 미치고 있다는 것이다. 23일 제약업계에 따르면 실제 일부 기업에서는 개발 중이거나 검토 단계에 있던 품목을 재평가하고, 사업성이 낮다고 판단한 개발과제를 중단하는 사례가 발생하고 있다.","사진=게티이미지뱅크 [메디게이트뉴스 이지원 기자] 정부가 약가제도 개편을 추진하는 가운데 제약업계에서는 기존 연구개발(R&D) 과제와 신규 개발품목의 사업성을 다시 따져보는 움직임이 나타나고 있다. 의약품 개발 여부를 결정할 때 예상 약가와 제조원가, 개발비용 등을 종합적으로 고려하는 만큼 약가 변화가 이미 판매 중인 제품의 수익성을 넘어 향후 R&D 투자 판단에도 영향을 미치고 있다는 것이다. 23일 제약업계에 따르면 실제 일부 기업에서는 개발 중이거나 검토 단계에 있던 품목을 재평가하고, 사업성이 낮다고 판단한 개발과제를 중단하는 사례가 발생하고 있다. 약가 다시 계산하니 사업성 달라져…개발 중단·파이프라인 재조정 제약기업이 의약품 개발 여부를 결정할 때는 개발 가능성뿐 아니라 향후 확보할 수 있는 수익성도 중요한 판단 기준이 된다. 예상 약가와 제조원가, 개발비용, 영업 과정에서 발생하는 비용 등을 종합해 투자비를 회수할 수 있는지를 따져 개발 여부를 결정한다. 특히 제네릭뿐 아니라 상대적으로 개발비용과 기간이 더 필요한 개량신약이나 신약 등의 경우 예상 약가와 시장성이 달라지면 검토 또는 개발 단계에 있는 파이프라인의 투자 판단도 달라질 수 있다는 게 업계의 설명이다. 제약기업 관계자 A씨는",local,2,약가,,,0.977781213581937,,6.0,9.77781213581937,2.727272727272727,6.9575963724007135,True
2026-09-24,Client,2026-09-23 11:44:00,Naver News,https://www.yakup.com/news/index.html?mode=view&cat=12&nid=332944,"[약업신문]AZ 등 주요 9개 제약사, 유럽 제약산업 위기 공개 경고","유럽 주요 제약사들이 공개서한을 통해 제약산업 위기를 경고하고 나섰다.아스트라제네카, 베링거인겔하임, 키에시 그룹, 입센, GSK, 노보 노디스크, 노바티스, 로슈, 사노피 등 9개 제약사 이사회 의장들은 22일...","유럽 주요 제약사들이 공개서한을 통해 제약산업 위기를 경고하고 나섰다.아스트라제네카, 베링거인겔하임, 키에시 그룹, 입센, GSK, 노보 노디스크, 노바티스, 로슈, 사노피 등 9개 제약사 이사회 의장들은 22일...",local,10,사노피,,,0.9455443410197251,,7.0,9.455443410197251,3.1818181818181817,6.945993318845623,True
2026-09-24,Client,2026-09-20 09:41:00,Naver News,https://www.mk.co.kr/article/12157298,“비만약 복통 부작용? 그럼 배탈약도 팔아”…매출 24% 끌어올린 전략 - 매일경제,"美 헤일론, 약국에 GLP-1 전용 진열대 복통·구토·변비등 부작용 관련약 공략  해당매장 1분기 판매량 24% 급증효과.","美 헤일론, 약국에 GLP-1 전용 진열대 복통·구토·변비등 부작용 관련약 공략  해당매장 1분기 판매량 24% 급증효과",local,10,헤일리온,,,0.9406627737081633,,7.0,9.406627737081633,3.1818181818181817,6.916703914976252,False
2026-09-24,BD,2026-09-25 07:32:00,Naver News,https://www.theguru.co.kr/news/article.html?no=107388,"[제약街 세대교체] 1년 새 적자 73% 껑충…삼일제약 허승범號, '외형·수익' 이중고","3세 경영 닻을 올린 삼일제약이 심각한 실적 부진에 빠졌다. 창업주 고(故) 허용 명예회장의 손자이자 허강 전 회장의 장남인 허승범 회장이 지휘봉 3년차를 맞지만 실적은 뒷걸음질 치고 있어서다. 오너 1~2세가 구축한 내수 기반을 바탕으로 홀로서기에 나섰으나, 외형 축소와 수익성 악화가 동시에 진행되며 곳곳에서 우려가 커지고 있다.","[더구루=진유진 기자] 3세 경영 닻을 올린 삼일제약이 심각한 실적 부진에 빠졌다. 창업주 고(故) 허용 명예회장의 손자이자 허강 전 회장의 장남인 허승범 회장이 지휘봉 3년차를 맞지만 실적은 뒷걸음질 치고 있어서다. 오너 1~2세가 구축한 내수 기반을 바탕으로 홀로서기에 나섰으나, 외형 축소와 수익성 악화가 동시에 진행되며 곳곳에서 우려가 커지고 있다.",local,10,계약,,,0.8476212615571141,,10.0,8.476212615571141,4.545454545454545,6.903909387524503,False
2026-09-24,Client,2026-09-24 19:16:00,Naver News,https://www.fnnews.com/news/202609241912187164,"'임신 중 사용 불가' 마운자로, 연간 임산부에 325건 처방",출시 약 1년 만에 '비만치료제 시장의 혁신 신약'으로 불리는 '마운자로'가 임신 중 사용해서는 안 된다고 명확히 명시돼 있음에도 지난 1년간 임산부에 300건 넘게 처방된 것으로 확인됐다.마운자로는 지난해 8월 첫 국내 출시 이후 지난 7월까지 12개월간 임산부에 총..,출시 약 1년 만에 '비만치료제 시장의 혁신 신약'으로 불리는 '마운자로'가 임신 중 사용해서는 안 된다고 명확히 명시돼 있음에도 지난 1년간 임산부에 300건 넘게 처방된 것으로 확인됐다.마운자로는 지난해 8월 첫 국내 출시 이후 지난 7월까지 12개월간 임산부에 총..,local,10,마운자로,,,0.8453917854365172,,10.0,8.453917854365171,4.545454545454545,6.890532530800921,False
2026-09-24,BD,2026-09-23 07:16:00,Naver News,https://www.medicopharma.co.kr/news/articleView.html?idxno=69620,[1차 약가 재평가][환인제약]완제 생산 61% 포함…생산액 83% 중추신경계 집중,"정부가 기등재 의약품 상한금액 재평가에 착수했다. 본지는 건강보험심사평가원과 식품의약품안전처, 각 제약사가 공개한 자료를 연결해 1차 대상 1만2437품목의 생산규모와 주요 제품을 분석했다. 회사별로 재평가 대상이 어디에 집중돼 있는지 순차적으로 살펴본다.[메디코파마뉴스=.","[편집자주] 정부가 기등재 의약품 상한금액 재평가에 착수했다. 본지는 건강보험심사평가원과 식품의약품안전처, 각 제약사가 공개한 자료를 연결해 1차 대상 1만2437품목의 생산규모와 주요 제품을 분석했다. 회사별로 재평가 대상이 어디에 집중돼 있는지 순차적으로 살펴본다.[메디코파마뉴스=",local,10,특허만료,,,0.9352703346853953,,7.0,9.352703346853954,3.1818181818181817,6.884349280839644,False
2026-09-24,Client,2026-09-22 06:02:00,Naver News,https://www.dailypharm.com/user/news/342737?REFERER=NP,[데일리팜]먹는 유방암약 경쟁 새 국면…CDK4/6i 병용 성과 잇따라,"유방암 치료에서 먹는 선택적 에스트로겐 수용체 분해제(SERD) 경쟁이 CDK4/6 억제제 병용을 중심으로 새로운 국면을 맞고 있다. 경구용 SERD가 기존에는 CDK4/6 억제제 치료 이후 사용할 수 있는 내분비치료 선택지로 개발돼왔다면 최근에는 CDK4/6 억제제와 병용해 치료 효과를 높이거나, 내성 변이가 확인되는 시점에 내분비치료제를 조기에 교체하는 전략으로 범위가 넓어지고 있다.….","유방암 치료에서 먹는 선택적 에스트로겐 수용체 분해제(SERD) 경쟁이 CDK4/6 억제제 병용을 중심으로 새로운 국면을 맞고 있다. 경구용 SERD가 기존에는 CDK4/6 억제제 치료 이후 사용할 수 있는 내분비치료 선택지로 개발돼왔다면 최근에는 CDK4/6 억제제와 병용해 치료 효과를 높이거나, 내성 변이가 확인되는 시점에 내분비치료제를 조기에 교체하는 전략으로 범위가 넓어지고 있다.…",local,10,아스트라제네카,,,0.9347645434123693,,7.0,9.347645434123692,3.1818181818181817,6.881314533201487,True
2026-09-24,Client,2026-09-23 08:02:00,Naver News,https://www.youthdaily.co.kr/news/article.html?no=227496,"[청년일보] ""공급 확대·원가 경쟁력 배가""…제약업계, '생산 체질' 고도화 속도","국내 제약·바이오업계가 제품 판매 증가와 신약·수출 사업 확대에 대응해 생산 인프라 확충에 속도를 내고 있다. 생산시설을 직접 늘리는 동시에 자동화와 공정 개선, 생산 내재화 등을 병행하면서 공급 대응력을 높이고 제조원가 경쟁력까지 확보하려는 움직임이다. 23일 제약업계에 따르면, 제일약품은 용인 백암공장 증축을 통해 내용고형제 생산능력을.","【 청년일보 】 국내 제약·바이오업계가 제품 판매 증가와 신약·수출 사업 확대에 대응해 생산 인프라 확충에 속도를 내고 있다. 생산시설을 직접 늘리는 동시에 자동화와 공정 개선, 생산 내재화 등을 병행하면서 공급 대응력을 높이고 제조원가 경쟁력까지 확보하려는 움직임이다. 23일 제약업계에 따르면, 제일약품은 용인 백암공장 증축을 통해 내용고형제 생산능력을",local,10,BMS,,,0.9140194836935985,,7.0,9.140194836935985,3.1818181818181817,6.7568441748888635,True
2026-09-24,Supply Issues,2026-09-22 18:18:00,Naver News,https://biz.sbs.co.kr/article_hub/20000336331?division=NAVER,독감 유행 10주째 계속…감기약 동날라,독감이 두 달 넘게 이어지면서 약국마다 감기약 구하기에 비상이 걸렸습니다.여기에 추석 연휴까지 다가오면서 약품 부족 사태가 더 심해지는 것 아니냐는 우려가 나오고 있습니다.우형준 기자입니다.[기자]약국에선 독감약 품귀 조짐이 벌써부터 나타나고 있습니다.[A약국 약사….,[앵커]독감이 두 달 넘게 이어지면서 약국마다 감기약 구하기에 비상이 걸렸습니다.여기에 추석 연휴까지 다가오면서 약품 부족 사태가 더 심해지는 것 아니냐는 우려가 나오고 있습니다.우형준 기자입니다.[기자]약국에선 독감약 품귀 조짐이 벌써부터 나타나고 있습니다.[A약국 약사…,local,2,품귀,,,0.9705651872329336,,5.0,9.705651872329335,2.2727272727272725,6.732482032488511,True
2026-09-24,Client,2026-09-22 05:56:00,Naver News,https://www.monews.co.kr/news/articleView.html?idxno=414085,"빌로이, 약가협상 타결··· 험난했던 급여 진입 '마침표' - 메디칼업저버",전이성 위암치료제 한국아스텔라스 빌로이(성분명 졸베툭시맙)가 건강보험 급여 등재를 위한 마지막 관문을 넘어섰다. 22일 관련업계에 따르면 한국아스텔라스는 국민건강.,전이성 위암치료제 한국아스텔라스 빌로이(성분명 졸베툭시맙)가 건강보험 급여 등재를 위한 마지막 관문을 넘어섰다. 22일 관련업계에 따르면 한국아스텔라스는 국민건강,local,10,아스텔라스,,,0.8772758365301276,,8.0,8.772758365301277,3.6363636363636367,6.718200473726221,False
2026-09-24,BD,2026-09-23 10:14:00,Naver News,http://www.newsdream.kr/news/articleView.html?idxno=118829,"동국제약, 전립선비대증 치료제 ‘유레스코정’  동일 성분 조합 시장 1위",동국제약은 전립선비대증 치료 복합 개량신약 '유레스코정'이 동일 성분 조합 시장에서 70%가 넘는 점유율을 기록하며 시장 선두 자리를 지켰다고 23일 밝혔다.의약품 시장조사기관 유비스트(UBIST)에 따르면 유레스코정은 지난 6월 기준 두타스테리드·타다라필 복합제 원외처방 시장에서 점유율 76.3%를 달성하며 1위를 차지했다.동일 성분 조합의 복합제들이 비슷한 시기에 일제히 출시돼 경쟁이 치열해진 환경 속에서도 큰 격차로 선두를 유지하며 시장 지배력을 입증했다.유레스코정은 두타스테리드 0.5mg과 타다라필 5mg을 단일 정제로 결합.,동국제약은 전립선비대증 치료 복합 개량신약 '유레스코정'이 동일 성분 조합 시장에서 70%가 넘는 점유율을 기록하며 시장 선두 자리를 지켰다고 23일 밝혔다.의약품 시장조사기관 유비스트(UBIST)에 따르면 유레스코정은 지난 6월 기준 두타스테리드·타다라필 복합제 원외처방 시장에서 점유율 76.3%를 달성하며 1위를 차지했다.동일 성분 조합의 복합제들이 비슷한 시기에 일제히 출시돼 경쟁이 치열해진 환경 속에서도 큰 격차로 선두를 유지하며 시장 지배력을 입증했다.유레스코정은 두타스테리드 0.5mg과 타다라필 5mg을 단일 정제로 결합,local,10,판권,,,0.7521410392982597,,12.0,7.521410392982597,5.454545454545454,6.69466441760774,False
2026-09-24,Client,2026-09-22 12:02:00,Naver News,https://www.kpanews.co.kr/news/articleView.html?idxno=544616,미로가발린·에스오메프라졸 허가사항 손본다…재심사 결과 반영 - 약사공론,식품의약품안전처(처장 오유경)가 ‘미로가발린베실산염’과 ‘에스오메프라졸’ 성분 제제의 국내 재심사 결과를 허가사항에 반영한다. 미로가발린베실산염은 6년간 3136.,식품의약품안전처(처장 오유경)가 ‘미로가발린베실산염’과 ‘에스오메프라졸’ 성분 제제의 국내 재심사 결과를 허가사항에 반영한다. 미로가발린베실산염은 6년간 3136,local,10,다이이찌산쿄,,,0.9020633710082882,,7.0,9.020633710082882,3.1818181818181817,6.685107498777001,False
2026-09-24,Client,2026-09-22 08:54:00,Naver News,https://www.pharmnews.com/news/articleView.html?idxno=306455,추석 귀성길 안구건조·비염·멀미 주의... 연휴 특수 OTC 수요 증가 - 팜뉴스,"추석 연휴 장거리 이동이 증가함에 따라 장시간 운전과 차내 환경으로 유발되는 안구 건조, 알레르기 비염, 멀미 증상을 완화하는 일반의약품.","[팜뉴스=김응민 기자] 추석 연휴 장거리 이동이 증가함에 따라 장시간 운전과 차내 환경으로 유발되는 안구 건조, 알레르기 비염, 멀미 증상을 완화하는 일반의약품",local,10,현대약품,,,0.897542042709309,,7.0,8.975420427093091,3.1818181818181817,6.657979528983127,False
2026-09-24,BD,2026-09-25 06:00:00,Naver News,https://www.apsk.co.kr/news/articleView.html?idxno=540524,'베타미가' 구강붕해정 제네릭 등장하나…팜젠사이언스 개발 도전 - 메디팜스투데이,팜젠사이언스가 과민성방광 치료제 시장에서 구강붕해정(ODT) 개발에 나서면서 기존 서방정 중심의 제네릭 경쟁에 제형 차별화 카드를 꺼내 들었다.구체적인 성분은 공.,팜젠사이언스가 과민성방광 치료제 시장에서 구강붕해정(ODT) 개발에 나서면서 기존 서방정 중심의 제네릭 경쟁에 제형 차별화 카드를 꺼내 들었다.구체적인 성분은 공,local,10,제네릭,,,0.8919790603662986,,7.0,8.919790603662985,3.1818181818181817,6.624601634925064,False
2026-09-24,Client,2026-09-23 12:15:00,Naver News,https://www.womennews.co.kr/news/articleView.html?idxno=282543,[이슬기의 무기가 되는 글들] ‘미프진 도입’에서 더 생각해 볼 것,"정부가 유산유도제 도입을 발표했다. 이르면 내년 1분기부터 시행될 전망이다. 헌법재판소의 낙태죄 헌법불합치 판결이 난 지 7년 만이자, 유산유도제 승인을 신청한 지 5년 만에 이뤄진 일이다. 널리 알려진 ‘미프진’은 사실 틀린 이름이다. 현대약품이 식품의약품안전처에 승인 신청을 한 약.","정부가 유산유도제 도입을 발표했다. 이르면 내년 1분기부터 시행될 전망이다. 헌법재판소의 낙태죄 헌법불합치 판결이 난 지 7년 만이자, 유산유도제 승인을 신청한 지 5년 만에 이뤄진 일이다. 널리 알려진 ‘미프진’은 사실 틀린 이름이다. 현대약품이 식품의약품안전처에 승인 신청을 한 약",local,10,현대약품,,,0.7945418143322632,,10.0,7.945418143322632,4.545454545454545,6.585432704175397,False
2026-09-24,BD,2026-09-23 12:34:00,Naver News,http://www.medisobizanews.com/news/articleView.html?idxno=142522,고령화ㆍ신약 접근ㆍ난임…다국적사가 ‘픽’한 K-보건의료 과제,"국정감사를 앞두고 초고령화와 저출생, 중증ㆍ희귀질환 증가 등 변화하는 보건의료 환경에 맞춰 관련 제도를 재점검해야 한다는 목소리가 나오고 있다.정부도 예방접종 확대와 신약 접근성 개선, 난임 지원 등에 나서고 있지만 고령층 감염병ㆍ만성질환 관리와 신약 급여 지연, 난임치료제 공급 불안 등은 여전히 제도적 보완이 필요한 부분으로 꼽힌다.최근 한국글로벌의약산업협회(KRPIA)가 내놓은 ‘2026 국민 보건 의료 향상을 위한 정책제안서’에도 이 같은 문제들이 담겼다.초고령사회…예방ㆍ만성질환 정책도 재점검우선 고령층의 질병 부담이 빠르게.","국정감사를 앞두고 초고령화와 저출생, 중증ㆍ희귀질환 증가 등 변화하는 보건의료 환경에 맞춰 관련 제도를 재점검해야 한다는 목소리가 나오고 있다.정부도 예방접종 확대와 신약 접근성 개선, 난임 지원 등에 나서고 있지만 고령층 감염병ㆍ만성질환 관리와 신약 급여 지연, 난임치료제 공급 불안 등은 여전히 제도적 보완이 필요한 부분으로 꼽힌다.최근 한국글로벌의약산업협회(KRPIA)가 내놓은 ‘2026 국민 보건 의료 향상을 위한 정책제안서’에도 이 같은 문제들이 담겼다.초고령사회…예방ㆍ만성질환 정책도 재점검우선 고령층의 질병 부담이 빠르게",local,10,생물학적제제,,,0.7764044595199653,,10.0,7.764044595199653,4.545454545454545,6.4766085753016105,False
2026-09-24,Supply Issues,2026-09-23 06:02:00,Naver News,https://www.dailypharm.com/user/news/342795?REFERER=NP,"[데일리팜]알엑스미, 약국 전용 PDLLA 크림 후속작 ‘쥬베클샷’ 출시","약국 기반 스킨케어 브랜드 알엑스미(RXme)가 23일 약국 전용 PDLLA 볼륨크림 ‘쥬베클’의 후속 제품인 ‘쥬베클샷’을 출시했다고 밝혔다. 알엑스미를 운영하는 팜에이스에 따르면 쥬베클샷은 기존 쥬베클에 함유된 PDLLA 1만625ppm과 보르피린 1만ppm을 유지하면서 시카 숏스피큘 기술을 새롭게 적용한 제품이다. 시카 숏스피큘은 짧은 형태의 스피큘에 센텔라 엑소좀을 코팅한 기술로, 팜….","약국 기반 스킨케어 브랜드 알엑스미(RXme)가 23일 약국 전용 PDLLA 볼륨크림 ‘쥬베클’의 후속 제품인 ‘쥬베클샷’을 출시했다고 밝혔다. 알엑스미를 운영하는 팜에이스에 따르면 쥬베클샷은 기존 쥬베클에 함유된 PDLLA 1만625ppm과 보르피린 1만ppm을 유지하면서 시카 숏스피큘 기술을 새롭게 적용한 제품이다. 시카 숏스피큘은 짧은 형태의 스피큘에 센텔라 엑소좀을 코팅한 기술로, 팜…",local,2,품절,,,0.8335793800461422,,8.0,8.335793800461422,3.6363636363636367,6.456021734822309,False
2026-09-24,Product Approval,2026-09-25 08:00:00,Naver News,https://www.yna.co.kr/view/AKR20260923087400017?input=1195m,동의보감부터 활명수까지…제약사 문화공간서 만나는 약의 역사 | 연합뉴스,약은 동서고금 인류와 함께해 왔다. 우리나라에서도 오래전부터 병을 치료하기 위한 약 개발과 서적 편찬이 지속돼...,(서울=연합뉴스) 박상현 기자 = 약은 동서고금 인류와 함께해 왔다. 우리나라에서도 오래전부터 병을 치료하기 위한 약 개발과 서적 편찬이 지속돼...,local,2,신약,,,0.8633599665366134,,7.0,8.633599665366134,3.1818181818181817,6.452887071946953,False
2026-09-24,BD,2026-09-24 06:48:00,Naver News,https://www.medipana.com/news/articleView.html?idxno=418229,"함량만 다른 먹는 약, 생동시험 줄인다…EMA 기준 확정 - 메디파나뉴스","유럽에서 함량만 달리한 먹는 약을 개발할 때 사람을 대상으로 한 생물학적동등성시험을 면제받을 수 있는 국제 기준이 확정됐다. 대표 함량에서 생물학적동등성을 입증하고 추가 함량 제품의 조성과 제조공정, 용출 특성이 일정 기준을 충족하면 중복 시험을 줄일 수 있게 된다. 24일 유럽의약품청(EMA)에 따르면, 즉시 방출되는 속방형 경구용 고형제의 추가 함량 제.","유럽에서 함량만 달리한 먹는 약을 개발할 때 사람을 대상으로 한 생물학적동등성시험을 면제받을 수 있는 국제 기준이 확정됐다. 대표 함량에서 생물학적동등성을 입증하고 추가 함량 제품의 조성과 제조공정, 용출 특성이 일정 기준을 충족하면 중복 시험을 줄일 수 있게 된다. 24일 유럽의약품청(EMA)에 따르면, 즉시 방출되는 속방형 경구용 고형제의 추가 함량 제",local,10,제네릭,,,0.8456127478119592,,7.0,8.456127478119592,3.1818181818181817,6.346403759599028,False
2026-09-24,Client,2026-09-23 06:28:00,Naver News,http://www.newsmp.com/news/articleView.html?idxno=258306,파드셉ㆍ빌로이ㆍ리브리반트ㆍ레테브모 급여기준 신설,"아스텔라스의 항체약물접합체 파드셉(성분명 엔포투맙 베도틴)과 클라우딘 18.2(CLDN 18.2) 표적치료제 빌로이(성분명 졸베툭시맙), 얀센의 EGFR-MET 이중항체 리브리반트(성분명 아미반타맙), 릴리의 RET 표적치료제 레테브모(성분명 셀퍼카티닙) 등 난항을 겪고 있던 항암제들이 급여권에 진입했다.베이진의 면역항암제 테빔브라(성분명 티슬렐리주맙)는 급여 범위가 대폭 확대되며, MSD의 면역항암제 키트루다(성분명 펨브롤리주맙)은 이목이 집중됐던 파드셉과의 병용요법에 더해 위암에서 사각지대로 꼽혔던 불일치 복구 결함.","[의약뉴스] 아스텔라스의 항체약물접합체 파드셉(성분명 엔포투맙 베도틴)과 클라우딘 18.2(CLDN 18.2) 표적치료제 빌로이(성분명 졸베툭시맙), 얀센의 EGFR-MET 이중항체 리브리반트(성분명 아미반타맙), 릴리의 RET 표적치료제 레테브모(성분명 셀퍼카티닙) 등 난항을 겪고 있던 항암제들이 급여권에 진입했다.베이진의 면역항암제 테빔브라(성분명 티슬렐리주맙)는 급여 범위가 대폭 확대되며, MSD의 면역항암제 키트루다(성분명 펨브롤리주맙)은 이목이 집중됐던 파드셉과의 병용요법에 더해 위암에서 사각지대로 꼽혔던 불일치 복구 결함",local,10,아스텔라스,,,0.7965245808053829,,8.0,7.9652458080538295,3.6363636363636367,6.233692939377753,False
2026-09-24,Reimbursement,2026-09-23 15:02:00,Naver News,https://www.koreahealthlog.com/news/articleView.html?idxno=59159,"허가 3년 넘도록 묶인 '스카이리치'…크론병환우회 ""급여 신속추진"" 민원",중등도~중증 성인 크론병 치료제로 국내 허가를 받은 지 3년이 지나도록 건강보험 급여가 적용되지 않아 환자들의 치료 공백과 경제적 부담이 가중되고 있다. 이에 염증성장질환 환자들이 치료 선택권 확대와 신속한 건강보험 급여 적용을 요구하며 정부와 보건당국을 향해 본격적인 집단 목소리를 내기 시작해 주목된다.23일 크론병 환우회인 '크론가족사랑회'와 'UC사랑회'에 따르면 환자들은 보건복지부와 건강보험심사평가원을 대상으로 인터루킨-23(IL-23) 억제제 '스카이리치(성분명 리산키주맙)'의 건강보험 급여 적용을 촉구하는 민원을 제기하고.,중등도~중증 성인 크론병 치료제로 국내 허가를 받은 지 3년이 지나도록 건강보험 급여가 적용되지 않아 환자들의 치료 공백과 경제적 부담이 가중되고 있다. 이에 염증성장질환 환자들이 치료 선택권 확대와 신속한 건강보험 급여 적용을 요구하며 정부와 보건당국을 향해 본격적인 집단 목소리를 내기 시작해 주목된다.23일 크론병 환우회인 '크론가족사랑회'와 'UC사랑회'에 따르면 환자들은 보건복지부와 건강보험심사평가원을 대상으로 인터루킨-23(IL-23) 억제제 '스카이리치(성분명 리산키주맙)'의 건강보험 급여 적용을 촉구하는 민원을 제기하고,local,2,약가,,,0.7551308412157471,,9.0,7.551308412157471,4.090909090909091,6.1671486836581195,False
2026-09-24,BD,2026-09-24 10:08:00,Naver News,https://bizhankook.com/articles/hlb-fda-approval-commercialization.html,"FDA 문턱 넘은 HLB, 남은 과제는 ‘상업성 증명’",FDA 허가를 획득한 HLB의 담관암 치료제 리라푸그라티닙이 본격적인 상업화 단계에 돌입했습니다. 기존 치료제 대비 뛰어난 효능과 안전성을 바탕으로 미국 시장에서 어느 정도의 매출과 점유율을 확보할 수 있을지 업계의 관심이 집중됩니다.,FDA 허가를 획득한 HLB의 담관암 치료제 리라푸그라티닙이 본격적인 상업화 단계에 돌입했습니다. 기존 치료제 대비 뛰어난 효능과 안전성을 바탕으로 미국 시장에서 어느 정도의 매출과 점유율을 확보할 수 있을지 업계의 관심이 집중됩니다.,local,10,제휴,,,0.7458983698973695,,9.0,7.458983698973695,4.090909090909091,6.111753855747853,False
2026-09-24,BD,2026-09-22 14:14:00,Naver News,https://www.apsk.co.kr/news/articleView.html?idxno=540520,주사로 맞던 IL-23 먹는 약으로…J&J '아이코타이드' 유럽 진출 - 메디팜스투데이,주사형 생물학적제제가 주도해 온 인터루킨-23(IL-23) 표적 건선 치료 시장에 먹는 약이 본격적으로 들어오고 있다.존슨앤드존슨(J&J)의 경구용 판상건선 치료.,주사형 생물학적제제가 주도해 온 인터루킨-23(IL-23) 표적 건선 치료 시장에 먹는 약이 본격적으로 들어오고 있다.존슨앤드존슨(J&J)의 경구용 판상건선 치료,local,10,생물학적제제,,,0.8043995961559687,,7.0,8.043995961559688,3.1818181818181817,6.0991248496630845,False
2026-09-24,Zuellig,2026-09-22 10:32:00,Naver News,https://www.smarttoday.co.kr/ko-kr/articles/111907,"보령, 탁소텔 중국 7년 공급계약 3836억원…인수가 넘는 첫 '회수 계약'","보령이 사노피에서 인수한 항암제 탁소텔(성분명 도세탁셀)을 중국 제약사에 7년간 3836억원 규모로 공급하는 계약을 맺었다. 지난 6월 약 2796억원에 인수를 마무리한 지 석 달 만에 나온 첫 대형 공급계약으로, 계약금액이 인수 대금을 넘어선다.","|스마트투데이=심두보 기자| 보령이 사노피에서 인수한 항암제 탁소텔(성분명 도세탁셀)을 중국 제약사에 7년간 3836억원 규모로 공급하는 계약을 맺었다.  지난 6월 약 2796억원에 인수를 마무리한 지 석 달 만에 나온 첫 대형 공급계약으로, 계약금액이 인수 대금을 넘어선다.",local,10,쥴릭,,,0.558183603401155,,15.0,5.58183603401155,6.8181818181818175,6.076374347679657,False
2026-09-24,BD,2026-09-22 10:06:00,Naver News,https://www.medipana.com/news/articleView.html?idxno=418100,"바이엘, '스티바가' 매각…특허절벽 앞두고 포트폴리오 정리 - 메디파나뉴스","바이엘이 경구용 항암제 '스티바가(Stivarga, 성분명 레고라페닙)'를 독일 제약사 그뤼넨탈에 매각한다. 유럽과 미국에서 독점권 만료 시점이 다가오는 항암제를 정리해 포트폴리오 효율화에 나서는 한편, 그뤼넨탈은 이미 시장을 확보한 장기 판매 품목을 인수해 안정적인 수익 기반을 강화하는 전략이다. 22일 그뤼넨탈에 따르면, 회사는 바이엘로부터 스티바가를.","바이엘이 경구용 항암제 '스티바가(Stivarga, 성분명 레고라페닙)'를 독일 제약사 그뤼넨탈에 매각한다. 유럽과 미국에서 독점권 만료 시점이 다가오는 항암제를 정리해 포트폴리오 효율화에 나서는 한편, 그뤼넨탈은 이미 시장을 확보한 장기 판매 품목을 인수해 안정적인 수익 기반을 강화하는 전략이다. 22일 그뤼넨탈에 따르면, 회사는 바이엘로부터 스티바가를",local,10,바이엘,,,0.735536724913166,,9.0,7.35536724913166,4.090909090909091,6.049583985842633,False
2026-09-24,BD,2026-09-22 17:18:00,Naver News,https://www.ngonews.kr/news/articleView.html?idxno=239063,"GC녹십자웰빙-보령, 만성간질환 치료제 '라이넥주' 2차 병원 시장 확대 추진 - 한국NGO신문",GC녹십자웰빙이 보령과 손잡고 만성간질환 치료제 '라이넥주'의 2차 병원 시장 확대를 추진한다. 라이넥주는 사람의 태반을 원료로 제조한 인태반가수분해물 주사제로.,GC녹십자웰빙이 보령과 손잡고 만성간질환 치료제 '라이넥주'의 2차 병원 시장 확대를 추진한다. 라이넥주는 사람의 태반을 원료로 제조한 인태반가수분해물 주사제로,local,10,코프로모션,,,0.6070477860406402,,13.0,6.0704778604064025,5.909090909090909,6.005923079880205,False
2026-09-24,Product Approval,2026-09-25 05:36:00,Naver News,https://www.pointdaily.co.kr/news/articleView.html?idxno=319893,"""가을에도 더마로 챙겨요""…신상 쏟아내는 K-제약바이오","국내 제약바이오사들이 각 사가 전개하는 화장품 브랜드를 통해 가을 맞이 신규 제품군들을 출시하고 있다. 환절기와 건조해지는 가을, 겨울을 맞아 저자극, 안티에이징 등에 초점을 맞춘 것이 특징이다. 한미사이언스 프리미엄 더마 코스메틱 브랜드 아데시는 안티에이징 제품군을 확장하면서 튜브형 신제품 3종을 출시했다. 이번에 출시한 신제품은 △PLA 리프팅 세럼 △피토 글로우 앰플 △펩타이드 넥앤아이 크림 등이다.","[포인트데일리 송가영 기자] 국내 제약바이오사들이 각 사가 전개하는 화장품 브랜드를 통해 가을 맞이 신규 제품군들을 출시하고 있다. 환절기와 건조해지는 가을, 겨울을 맞아 저자극, 안티에이징 등에 초점을 맞춘 것이 특징이다. 한미사이언스 프리미엄 더마 코스메틱 브랜드 아데시는 안티에이징 제품군을 확장하면서 튜브형 신제품 3종을 출시했다. 이번에 출시한 신제품은 △PLA 리프팅 세럼 △피토 글로우 앰플 △펩타이드 넥앤아이 크림 등이다. 이들 신제품에는 아데시 독자원료 'H-EGTI'를 적용했다. ﻿H-EGTI는 식물 유래 천연 아미노",local,2,신제품,,,0.6975522695628178,,10.0,6.975522695628178,4.545454545454545,6.003495435558725,False
2026-09-24,Client,2026-09-25 06:01:00,Naver News,https://www.dailian.co.kr/news/view/1694092/?sc=Naver,추석 술자리 필수템? 식약처가 검증한 '숙취해소제' 조건은,추석 연휴 술자리에서 '어떤 숙취해소제를 골라야 할까' 고민이라면 하나 알아둘 게 있다. 지난해부터 '숙취해소'라는 표현은 아무 제품이나 쓸 수 없게 됐다. 식품의약품안전처가 효과를 입증한 제품에만 숙취해소 표기를 허용하면서다. 진짜 효능이 곧 경쟁력으로 이어진 것이다.25일 업계에 따르면 올해 상반기 HK이노엔의 '컨디션' 매출은 280억원으로 전년 동기.,추석 연휴 술자리에서 '어떤 숙취해소제를 골라야 할까' 고민이라면 하나 알아둘 게 있다. 지난해부터 '숙취해소'라는 표현은 아무 제품이나 쓸 수 없게 됐다. 식품의약품안전처가 효과를 입증한 제품에만 숙취해소 표기를 허용하면서다. 진짜 효능이 곧 경쟁력으로 이어진 것이다.25일 업계에 따르면 올해 상반기 HK이노엔의 '컨디션' 매출은 280억원으로 전년 동기,local,10,한독,,,0.788197977690982,,7.0,7.881979776909819,3.1818181818181817,6.001915138873164,False
2026-09-24,Client,2026-09-22 14:22:00,Naver News,https://www.ziksir.com/news/articleView.html?idxno=147274,추석 장거리 이동에 눈·코·멀미 대비…상비약 미리 챙겨야,"추석 연휴를 맞아 고향 방문과 가족 나들이 등으로 장거리 이동에 나서는 사람들이 늘어날 것으로 예상되면서 이동 중 발생할 수 있는 눈 피로와 건조함, 비염, 멀미 등에 대한 대비도 필요해지고 있다.귀성·귀경길에는 평소보다 차량 이동 시간이 길어질 수 있는 만큼 장시간 운전이나 차량 탑승에 따른 불편을 줄이기 위해 증상에 맞는 일반의약품을 미리 준비하는 방법도 있다.장시간 운전할 경우 주행에 집중하면서 눈을 깜빡이는 횟수가 감소해 눈이 쉽게 건조해질 수 있다. 에어컨이나 히터 바람까지 더해지면 건조감과 피로감.","[직썰 / 최소라 기자] 추석 연휴를 맞아 고향 방문과 가족 나들이 등으로 장거리 이동에 나서는 사람들이 늘어날 것으로 예상되면서 이동 중 발생할 수 있는 눈 피로와 건조함, 비염, 멀미 등에 대한 대비도 필요해지고 있다.귀성·귀경길에는 평소보다 차량 이동 시간이 길어질 수 있는 만큼 장시간 운전이나 차량 탑승에 따른 불편을 줄이기 위해 증상에 맞는 일반의약품을 미리 준비하는 방법도 있다.장시간 운전할 경우 주행에 집중하면서 눈을 깜빡이는 횟수가 감소해 눈이 쉽게 건조해질 수 있다. 에어컨이나 히터 바람까지 더해지면 건조감과 피로감",local,10,현대약품,,,0.7871429035349806,,7.0,7.871429035349806,3.1818181818181817,5.995584693937156,False
2026-09-24,Client,2026-09-23 14:18:00,Naver News,https://www.businesspost.co.kr/BP?command=article_view&num=447931,"동아에스티 자체개발 당뇨약 신약 복합제 더 촘촘히, 정재훈 환자 단계...",엠파글리플로진 오리지널 제품인 베링거인겔하임 '자디앙'의 2025년 원외처방액은 777억 원으로 전년보다 17.2% 늘었다. 전체 당뇨병 치료제 가운데 두 번째로 많은 처방 규모다. 동아에스티가 슈가논의 복합제를... ,엠파글리플로진 오리지널 제품인 베링거인겔하임 '자디앙'의 2025년 원외처방액은 777억 원으로 전년보다 17.2% 늘었다. 전체 당뇨병 치료제 가운데 두 번째로 많은 처방 규모다. 동아에스티가 슈가논의 복합제를... ,local,10,베링거인겔하임,,,0.7839657255165322,,7.0,7.8396572551653225,3.1818181818181817,5.976521625826466,False
2026-09-24,Client,2026-09-22 15:22:00,Naver News,https://www.medicopharma.co.kr/news/articleView.html?idxno=69619,"주 1회 피하주사로 중증근무력증 치료…AZ ‘클리게파’, 유럽 허가 눈앞",아스트라제네카의 전신성 중증근무력증(gMG) 치료제 클리게파(성분명 게푸룰리맙)가 유럽 허가에 한발 다가섰다. 최종 허가될 경우 기존 정맥주사 치료와 투여 방식이 다른 선택지가 추가된다는 점에서 의미가 있다는 평가다.22일 업계에 따르면 유럽의약품청(EM.,[메디코파마뉴스=이호빈 기자] 아스트라제네카의 전신성 중증근무력증(gMG) 치료제 클리게파(성분명 게푸룰리맙)가 유럽 허가에 한발 다가섰다. 최종 허가될 경우 기존 정맥주사 치료와 투여 방식이 다른 선택지가 추가된다는 점에서 의미가 있다는 평가다.22일 업계에 따르면 유럽의약품청(EM,local,10,아스트라제네카,,,0.7837359069013276,,7.0,7.837359069013275,3.1818181818181817,5.975142714135237,False
2026-09-24,Client,2026-09-23 08:18:00,Naver News,https://www.mdtoday.co.kr/news/articleView.html?idxno=616118,"노보노디스크, 당뇨병 치료제 '빅토자' 국내 공급 중단…오젬픽 중심 재편 - 메디컬투데이",노보노디스크제약이 GLP-1 수용체 작용제 계열 당뇨병 치료제 '빅토자펜주6밀리그램/밀리리터'(리라글루타이드)의 국내 공급을 중.,[mdtoday = 김미경 기자] 노보노디스크제약이 GLP-1 수용체 작용제 계열 당뇨병 치료제 '빅토자펜주6밀리그램/밀리리터'(리라글루타이드)의 국내 공급을 중,local,10,노보노디스크,,,0.777501151259468,,7.0,7.77501151259468,3.1818181818181817,5.93773418028408,False
2026-09-24,Client,2026-09-24 22:30:00,Naver News,http://www.metroseoul.co.kr/article/20260924500093,온누리상품권으로 마운자로 구매?…결제액 1위 서울 ○○약국,온누리상품권 결제액이 가장 많은 곳은 지난해와 올해(6월 말 기준) 모두 약국이었다. '와인 성지'로 꼽히는 마트는 지난해 결제액 상위 10곳 중 3곳이 이름을 올렸다. 24일 더불어민주당 김원이 의원이 소상공인시장진흥공단에서 받은 자료에 따르면 서울 ○○약국은 지난해.,온누리상품권 결제액이 가장 많은 곳은 지난해와 올해(6월 말 기준) 모두 약국이었다. '와인 성지'로 꼽히는 마트는 지난해 결제액 상위 10곳 중 3곳이 이름을 올렸다. 24일 더불어민주당 김원이 의원이 소상공인시장진흥공단에서 받은 자료에 따르면 서울 ○○약국은 지난해,local,10,마운자로,,,0.7590413582732582,,7.0,7.590413582732582,3.1818181818181817,5.8269754223668215,False
2026-09-24,Client,2026-09-22 08:06:00,Naver News,https://www.medipana.com/news/articleView.html?idxno=418075,"난소암 첫 치료 뒤엔 中, 약 안 들을 땐 美 신약‥유럽 허가 문턱 넘어 - 메디파나뉴스","난소암 치료의 서로 다른 단계에서 사용될 신약 두 개가 나란히 유럽 허가 문턱을 넘었다. 중국 기업이 개발한 '세팔나'는 1차 항암치료에 반응한 환자의 유지요법으로, 미국 기업의 '리피올리'는 백금계 항암치료에 저항성을 보이는 환자의 치료요법으로 판매허가 권고를 받았다. 유럽의약품청(EMA) 산하 약물사용자문위원회(CHMP)는 최근 세팔나(Sepalna,.","난소암 치료의 서로 다른 단계에서 사용될 신약 두 개가 나란히 유럽 허가 문턱을 넘었다. 중국 기업이 개발한 '세팔나'는 1차 항암치료에 반응한 환자의 유지요법으로, 미국 기업의 '리피올리'는 백금계 항암치료에 저항성을 보이는 환자의 치료요법으로 판매허가 권고를 받았다. 유럽의약품청(EMA) 산하 약물사용자문위원회(CHMP)는 최근 세팔나(Sepalna,",local,10,파마노비아,,,0.753100890525806,,7.0,7.5310089052580595,3.1818181818181817,5.791332615882108,False
2026-09-24,BD,2026-09-24 18:02:00,Naver News,https://www.edaily.co.kr/News/Read?newsId=02217286645583400&mediaCodeNo=257&utm_source=naver&utm_medium=referral&utm_campaign=news_syndication&utm_content=original_article,독감의심환자 작년보다 4배 '쑥'…명절 특히 유의해야,독감이 예년보다 일찍 유행하는 가운데 온 가족이 모이는 추석 연휴가 다가왔다. 어린이 사이에서 독감이 빠르게 퍼지고 있지만 입원환자 가운데는 65세 이상이 많다. 손주와 부모님이 함께 시간을 보내는 만큼 가족 중 발열이나 기침 증상이 있는지 살피고 고령층에게 감염이 ...,독감이 예년보다 일찍 유행하는 가운데 온 가족이 모이는 추석 연휴가 다가왔다. 어린이 사이에서 독감이 빠르게 퍼지고 있지만 입원환자 가운데는 65세 이상이 많다. 손주와 부모님이 함께 시간을 보내는 만큼 가족 중 발열이나 기침 증상이 있는지 살피고 고령층에게 감염이 ...,local,10,백신,,,0.7485437779815048,,7.0,7.485437779815048,3.1818181818181817,5.763989940616301,False
2026-09-24,Supply Issues,2026-09-24 07:06:00,Naver News,https://www.medipana.com/news/articleView.html?idxno=418231,"유럽 면역글로불린 품귀 내년 3월까지…EMA, 공급난 장기화 - 메디파나뉴스","유럽에서 사람면역글로불린 의약품 공급난이 예상보다 장기화하고 있다. 당초 올해 6월까지 이어질 것으로 예상됐던 부족 사태가 해소되지 않으면서 유럽의약품청(EMA)은 공급 정상화 예상 시점을 내년 3월로 다시 늦췄다. 24일 EMA에 따르면, 정맥이나 피하로 투여하는 사람면역글로불린 제품 다수가 유럽연합(EU) 회원국에서 공급 부족을 겪고 있다.","유럽에서 사람면역글로불린 의약품 공급난이 예상보다 장기화하고 있다. 당초 올해 6월까지 이어질 것으로 예상됐던 부족 사태가 해소되지 않으면서 유럽의약품청(EMA)은 공급 정상화 예상 시점을 내년 3월로 다시 늦췄다. 24일 EMA에 따르면, 정맥이나 피하로 투여하는 사람면역글로불린 제품 다수가 유럽연합(EU) 회원국에서 공급 부족을 겪고 있다. EMA는 이",local,2,품귀,,,0.7930039228963784,,5.0,7.930039228963785,2.2727272727272725,5.66711444646918,False
2026-09-24,BD,2026-09-23 10:12:00,Naver News,http://www.kmedinfo.co.kr/news/articleView.html?idxno=97881,"애브비 '린버크', 소아 특발성 관절염 적응증 추가","유럽연합(EU)이 애브비의 JAK 억제제 린버크(성분명 유파다시티닙)를 활동성 다관절형 소아 특발성 관절염(polyarticular juvenile idiopathic arthritis, pcJIA) 치료에 사용할 수 있도록 승인했다. 이번 허가로 기존 성인 중심 적응증에 이어 소아.","유럽연합(EU)이 애브비의 JAK 억제제 린버크(성분명 유파다시티닙)를 활동성 다관절형 소아 특발성 관절염(polyarticular juvenile idiopathic arthritis, pcJIA) 치료에 사용할 수 있도록 승인했다. 이번 허가로 기존 성인 중심 적응증에 이어 소아",local,10,CSO,,,0.7243665675331212,,7.0,7.243665675331212,3.1818181818181817,5.618926677926,False
2026-09-24,BD,2026-09-24 17:55:00,Naver News,https://www.munhwa.com/article/11619370?ref=naver,"‘나라는 큰소리 치고 있지만’…경제 붕괴된 이란, 약값위해 TV까지 파는 암환자들","35세 이란 여성 시마는 신부전으로 약을 계속 복용해야 하지만, 약국 7곳을 돌고 나서야 테헤란의 부유층 동네에서 겨우 자신이 처방받은 약을 구할 수 있었다. 그는 이 약이 없으면 얼마 살지 못할 상황이다. 그러나 힘들게 약을 찾았다고 문제가 다 해결된 건 아니었다.","35세 이란 여성 시마는 신부전으로 약을 계속 복용해야 하지만, 약국 7곳을 돌고 나서야 테헤란의 부유층 동네에서 겨우 자신이 처방받은 약을 구할 수 있었다. 그는 이 약이 없으면 얼마 살지 못할 상황이다. 그러나 힘들게 약을 찾았다고 문제가 다 해결된 건 아니었다.",local,10,백신,,,0.7239977559865719,,7.0,7.239977559865719,3.1818181818181817,5.616713808646703,False
2026-09-24,Reimbursement,2026-09-24 23:43:00,Naver News,https://www.mk.co.kr/article/12161157,"도수치료 막히니 ‘이 치료’에 환자 북적…실손보험 적자 줄인다더니, 효과는 - 매일경제","도수치료, 지난 7월 관리급여화 전환 횟수 제한·선행 물리치료 조건 생겨 신장분사치료 등 유사한 치료 증가.","도수치료, 지난 7월 관리급여화 전환 횟수 제한·선행 물리치료 조건 생겨 신장분사치료 등 유사한 치료 증가",local,2,급여,,,0.6530418880078838,,9.0,6.530418880078837,4.090909090909091,5.554614964410939,False
2026-09-24,Client,2026-09-23 03:04:00,Naver News,https://www.apnews.kr/news/articleView.html?idxno=3051466,"제일약품, '249억' 투입 백암공장 증설…""자큐보 넘어 신약·수출 대비""",제일약품(271980)이 자체 제품의 판매 성장과 수출 확대에 대비해 의약품 생산 기반을 확충한다. 늘어나는 생산 수요에 대응하는 데 그치지 않고 향후 신규 프로젝트까지 고려해 생산 여력을 미리 확보한다는 전략이다.제일약품은 경기도 용인시 처인구 백암면에 위치한 백암공장 고형제동 증축 공사를 완료하고 준공 허가를 받았다고 22일 밝혔다.이번 증설에는 총 249억원이 투입됐으며 신규 생산설비 구축 시 정제와 캡슐제 등 내용고형제 생산능력이 기존보다 약 71% 늘어난다. 투자금에는 건축 공사비뿐 아니라 생산.,[AP신문 = 강소은 기자] 제일약품(271980)이 자체 제품의 판매 성장과 수출 확대에 대비해 의약품 생산 기반을 확충한다. 늘어나는 생산 수요에 대응하는 데 그치지 않고 향후 신규 프로젝트까지 고려해 생산 여력을 미리 확보한다는 전략이다.제일약품은 경기도 용인시 처인구 백암면에 위치한 백암공장 고형제동 증축 공사를 완료하고 준공 허가를 받았다고 22일 밝혔다.이번 증설에는 총 249억원이 투입됐으며 신규 생산설비 구축 시 정제와 캡슐제 등 내용고형제 생산능력이 기존보다 약 71% 늘어난다. 투자금에는 건축 공사비뿐 아니라 생산,local,10,BMS,,,0.7097668113754972,,7.0,7.097668113754972,3.1818181818181817,5.531328140980255,False
2026-09-24,Client,2026-09-25 08:00:00,Naver News,https://www.pinpointnews.co.kr/news/articleView.html?idxno=489921,항암치료 중 위고비·마운자로…맞아도 괜찮을까,"비만 치료제인 위고비와 마운자로가 인기를 끌면서 처방 대상이 암 환자로까지 넓어질 수 있을지 관심이 쏠린다. 암 환자도 원칙적으로 GLP-1 계열 치료제를 사용할 수 있지만 체중 감소와 근육 손실 가능성까지 고려해야 해 신중한 접근이 필요하다는 평가다.암 환자 339명 분석…항암 중에도 BMI 4.18% 감소미국임상종양학회(ASCO)에서 발표된 연구에 따르면 2015~2024년 GLP-1 수용체 작용제(GLP-1RA)를 처방받은 암 환자 339명을 분석한 결과, 전체 환자의 체질량지수(BMI)는 투여 전 32.5㎏/㎡에서 투여 후.","비만 치료제인 위고비와 마운자로가 인기를 끌면서 처방 대상이 암 환자로까지 넓어질 수 있을지 관심이 쏠린다. 암 환자도 원칙적으로 GLP-1 계열 치료제를 사용할 수 있지만 체중 감소와 근육 손실 가능성까지 고려해야 해 신중한 접근이 필요하다는 평가다.암 환자 339명 분석…항암 중에도 BMI 4.18% 감소미국임상종양학회(ASCO)에서 발표된 연구에 따르면 2015~2024년 GLP-1 수용체 작용제(GLP-1RA)를 처방받은 암 환자 339명을 분석한 결과, 전체 환자의 체질량지수(BMI)는 투여 전 32.5㎏/㎡에서 투여 후",local,10,위고비,,,0.921737645584336,,0.0,9.217376455843361,0.0,5.530425873506016,False
2026-09-24,BD,2026-09-24 23:12:00,Naver News,http://www.metroseoul.co.kr/article/20260924500101,"K의약품, 미국 관세 '0%'...""상무부 적격국 명단에 한국 포함""","미국 정부가 특허 의약품에 대한 100% 고관세 부과 조치를 앞두고 한국산 의약품과 차세대 첨단 바이오 품목, 바이오시밀러 등은 무관세(0%) 적용 대상에 최종 포함했다. 24일 한국바이오협회에 따르면 지난 23일(현지 시간) 미국 상무부 산업안보국(BIS)은 대통령.","미국 정부가 특허 의약품에 대한 100% 고관세 부과 조치를 앞두고 한국산 의약품과 차세대 첨단 바이오 품목, 바이오시밀러 등은 무관세(0%) 적용 대상에 최종 포함했다. 24일 한국바이오협회에 따르면 지난 23일(현지 시간) 미국 상무부 산업안보국(BIS)은 대통령",local,10,제네릭,,,0.6924719814345275,,7.0,6.924719814345275,3.1818181818181817,5.427559161334438,False
2026-09-24,Client,2026-09-23 10:26:00,Naver News,http://www.bokuennews.com/news/article.html?no=284688,"한국노바티스, CML 환자 정보 플랫폼 '아주 보통의 하루' 전면 개편",만성골수성백혈병 환자의 치료 여정을 지원하기 위해 새롭게 개편된 '아주 보통의 하루' 웹사이트. 만성골수성백혈병(CML)의 치료 패러다임이 단순 생존 연장을 넘어 무치료 관해(TF..,"만성골수성백혈병 환자의 치료 여정을 지원하기 위해 새롭게 개편된 &#39;아주 보통의 하루&#39; 웹사이트.&nbsp;



만성골수성백혈병(CML)의 치료 패러다임이 단순 생존 연장을 넘어 무치료 관해(TF..",local,10,노바티스,,,0.6854058426835236,,7.0,6.854058426835236,3.1818181818181817,5.385162328828414,False
2026-09-24,Client,2026-09-23 07:14:00,Naver News,https://www.newsway.co.kr/news/view?ud=2026092211165719236,"폐섬유증 시장 '새 판'···대웅 베르시포로신, 병용 시너지 시험대 - 뉴스웨이","대웅제약의 IPF 신약 '베르시포로신'이 글로벌 임상 2상을 진행 중으로, 기존 치료제와 병용 가능성을 본격적으로 평가받고 있다. 2027년 상반기 주요 결과 발표가 예정되어 있으며, 폐기능 저하를 억제하는 효과뿐 아니라 장기 복용을 뒷받침할 내약성과 복용 편의성 확보가 중요하다. 경쟁 신약의 사례에서 볼 수 있듯이, 약물 병용 시 발생 가능한 부작용 관리와 약물 상호작용에 따른 혈중농도 변화를 면밀히 검증할 필요가 있다.","대웅제약의 IPF 신약 '베르시포로신'이 글로벌 임상 2상을 진행 중으로, 기존 치료제와 병용 가능성을 본격적으로 평가받고 있다. 2027년 상반기 주요 결과 발표가 예정되어 있으며, 폐기능 저하를 억제하는 효과뿐 아니라 장기 복용을 뒷받침할 내약성과 복용 편의성 확보가 중요하다. 경쟁 신약의 사례에서 볼 수 있듯이, 약물 병용 시 발생 가능한 부작용 관리와 약물 상호작용에 따른 혈중농도 변화를 면밀히 검증할 필요가 있다.",local,10,베링거인겔하임,,,0.8938667294649485,,0.0,8.938667294649484,0.0,5.36320037678969,False
2026-09-24,Client,2026-09-23 09:35:00,Naver News,https://kormedi.com/?p=2872179,"암세포 찾아 방사선 쏘는 ‘루타테라’에 경쟁⋯FDA, 8일 사이 같은 성분 약 2개 허가 - 코메디닷컴","FDA가 란테우스의 브라브네사를 성인 위·장·췌장 신경내분비종양 치료제로 승인했다. 루타테라와 같은 성분으로, 8일 사이 경쟁약 2개가 허가됐다.","FDA가 란테우스의 브라브네사를 성인 위·장·췌장 신경내분비종양 치료제로 승인했다. 루타테라와 같은 성분으로, 8일 사이 경쟁약 2개가 허가됐다.",local,10,노바티스,,,0.6552952444454044,,7.0,6.552952444454045,3.1818181818181817,5.204498739399699,False
2026-09-24,Reimbursement,2026-09-24 13:01:00,Naver News,https://www.fnnews.com/news/202609241051452302,"""병원비 더 냈는데 몰랐어요""... 1인당 평균 79만원 못 돌려받았다",개인이 과도하게 쓴 병원비를 돌려주는 '본인부담상한제'에 따른 환급금 가운데 최근 3년간 지급하지 못한 돈이 506억 원에 달한 것으로 나타났다.본인부담상한제란 가계 의료비 부담을 덜기 위해 건강보험 가입자가 낸 1년간 본인 일부 부담금이 개인별 본인부담상한액..,개인이 과도하게 쓴 병원비를 돌려주는 '본인부담상한제'에 따른 환급금 가운데 최근 3년간 지급하지 못한 돈이 506억 원에 달한 것으로 나타났다.본인부담상한제란 가계 의료비 부담을 덜기 위해 건강보험 가입자가 낸 1년간 본인 일부 부담금이 개인별 본인부담상한액..,local,2,급여,,,0.5899086866914828,,9.0,5.8990868669148275,4.090909090909091,5.175815756512533,False
2026-09-24,Client,2026-09-19 07:14:00,Naver News,http://www.docdocdoc.co.kr/news/articleView.html?idxno=3042935,암 걱정에 폐경호르몬치료 기피?…위험편익 가르는 '시점'이 중요,"폐경호르몬요법(menopausal hormone therapy, MHT)을 둘러싼 암 유발 우려가 치료가 필요한 여성의 상담과 치료 시작에도 영향을 미치고 있다는 지적이 나왔다.해운대백병원 산부인과 전성욱 교수는 지난 18일 애보트 미디어세션에서 최근 미국 식품의약국(FDA)의 MHT 치료제 경고문 개정과 기존 연구 데이터를 소개하며, 폐경 증상의 정도와 치료 시작 시점, 사용하는 호르몬의 종류에 따라 유익성과 위험을 개별적으로 평가해야 한다고 강조했다.폐경은 월경이 영구적으로 멈추는 생애 단계다. 보통 다른 원인 없이 12개월 동.","폐경호르몬요법(menopausal hormone therapy, MHT)을 둘러싼 암 유발 우려가 치료가 필요한 여성의 상담과 치료 시작에도 영향을 미치고 있다는 지적이 나왔다.해운대백병원 산부인과 전성욱 교수는 지난 18일 애보트 미디어세션에서 최근 미국 식품의약국(FDA)의 MHT 치료제 경고문 개정과 기존 연구 데이터를 소개하며, 폐경 증상의 정도와 치료 시작 시점, 사용하는 호르몬의 종류에 따라 유익성과 위험을 개별적으로 평가해야 한다고 강조했다.폐경은 월경이 영구적으로 멈추는 생애 단계다. 보통 다른 원인 없이 12개월 동",local,10,애보트,,,0.6478221450129732,,7.0,6.478221450129732,3.1818181818181817,5.159660142805111,False
2026-09-24,BD,2026-09-25 06:32:00,Naver News,https://www.theguru.co.kr/news/article.html?no=107308,"[K바이오 신약대전] '아로나민' 일동제약, ETC로 재도약…신약개발 强드라이브","일동제약이 대표 간판 브랜드인 국민 영양제 '아로나민'을 넘어 전문의약품(ETC)과 혁신 신약 파이프라인을 두 축으로 한 체질 개선에 속도를 내고 있다. 일반의약품(OTC) 중심의 사업 구조에서 탈피해 처방약 라인업을 강화하는 한편, 차세대 성장동력인 비만치료제와 위식도역류질환 치료제를 앞세워 글로벌 제약사로의 재도약을 노린다는 구상.","[더구루=김현수 기자] 일동제약이 대표 간판 브랜드인 국민 영양제 '아로나민'을 넘어 전문의약품(ETC)과 혁신 신약 파이프라인을 두 축으로 한 체질 개선에 속도를 내고 있다. 일반의약품(OTC) 중심의 사업 구조에서 탈피해 처방약 라인업을 강화하는 한편, 차세대 성장동력인 비만치료제와 위식도역류질환 치료제를 앞세워 글로벌 제약사로의 재도약을 노린다는 구상",local,10,라이선스,,,0.8456851795531197,,0.0,8.456851795531197,0.0,5.074111077318718,False
2026-09-24,Client,2026-09-24 08:36:00,Naver News,https://www.medicopharma.co.kr/news/articleView.html?idxno=69639,"Medicare가 키운 비만시장, 70만명 유입…10명 중 7명 릴리",미국 정부가 Medicare에 비만치료제 급여 통로를 열면서 GLP-1 신규 수요가 빠르게 늘고 있다. 동시에 새로 형성된 시장의 70%가 일라이 릴리 제품으로 집중되면서 후발 비만치료제의 시장 진입 기준도 높아지고 있다.23일(현지시간) Fierce P.,[메디코파마뉴스=정재노 기자] 미국 정부가 Medicare에 비만치료제 급여 통로를 열면서 GLP-1 신규 수요가 빠르게 늘고 있다. 동시에 새로 형성된 시장의 70%가 일라이 릴리 제품으로 집중되면서 후발 비만치료제의 시장 진입 기준도 높아지고 있다.23일(현지시간) Fierce P,local,10,릴리,,,0.6938034706344767,,5.0,6.938034706344767,2.2727272727272725,5.071911732897769,False
2026-09-24,BD,2026-09-24 20:14:00,Naver News,https://www.straightnews.co.kr/news/articleView.html?idxno=311950,"美, 희귀의약품·ADC 등 0% 관세 대상 확정…한국도 적용국 포함","미국이 오는 29일부터 특허 의약품 등에 대한 관세를 본격 적용하기 앞두고 희귀의약품과 세포·유전자치료제, 항체약물접합체(ADC) 등 일부 의약품에 0% 관세를 적용하는 세부 기준을 확정했다. 한국도 0% 관세 적용이 가능한 대상 국가에 포함돼 국내 바이오기업의 미국 수출 품목 가운데 일부가 관세 부담을 피할 수 있는 길이 열렸다.미국 상무부 산업안보국(BIS)은 23일 연방관보를 통해 '포고문 11020호에 따른 전문의약품 및 관련 원료의 관세 조정 절차'를 공고했다. 이번 공고는 지난 4월 2일 도널드 트럼프 미국 대통령이 발표.","미국이 오는 29일부터 특허 의약품 등에 대한 관세를 본격 적용하기 앞두고 희귀의약품과 세포·유전자치료제, 항체약물접합체(ADC) 등 일부 의약품에 0% 관세를 적용하는 세부 기준을 확정했다. 한국도 0% 관세 적용이 가능한 대상 국가에 포함돼 국내 바이오기업의 미국 수출 품목 가운데 일부가 관세 부담을 피할 수 있는 길이 열렸다.미국 상무부 산업안보국(BIS)은 23일 연방관보를 통해 '포고문 11020호에 따른 전문의약품 및 관련 원료의 관세 조정 절차'를 공고했다. 이번 공고는 지난 4월 2일 도널드 트럼프 미국 대통령이 발표",local,10,제네릭,,,0.6327729511391119,,7.0,6.327729511391119,3.1818181818181817,5.069364979561944,False
2026-09-24,Reimbursement,2026-09-23 11:00:00,Naver News,https://www.kpanews.co.kr/news/articleView.html?idxno=544783,제약산업 변화와 산업약사 미래 모색…'삼육약학 제명 포럼 2026' 개최 - 약사공론,"삼육대약학대학 동문들이 인공지능(AI) 전환과 보건의료 정책 변화가 제약산업에 미칠 영향을 짚어보고, 산업약사에게 요구되는 새로운 역할과 역량을 논의하는 자리를.","삼육대약학대학 동문들이 인공지능(AI) 전환과 보건의료 정책 변화가 제약산업에 미칠 영향을 짚어보고, 산업약사에게 요구되는 새로운 역할과 역량을 논의하는 자리를",local,2,약가,,,0.6517172456857825,,6.0,6.517172456857825,2.727272727272727,5.001212565023786,False
2026-09-24,BD,2026-09-24 14:30:00,Naver News,https://www.newsis.com/view/NISX20260924_0003803016,"불신 털어내고 FDA 허가…HLB, 남은 과제 '이것'","간암 치료제로 미국 식품의약국(FDA) 문턱에서 세 차례 고배를 마신 HLB가 담관암 신약으로 미국 시장에 진출한다. 잇단 허가 불발로 불거졌던 시장의 불신을 딛고 상업화까지 성공할 수 있을지 주목된다. 24일 관련 업계에 따르면, HLB 미국 자회사 엘레바 테라퓨틱스는 23일(현지시간) FDA로부터 담관암 치료제 ‘리픽투’(..","[서울=뉴시스]황재희 기자 = 간암 치료제로 미국 식품의약국(FDA) 문턱에서 세 차례 고배를 마신 HLB가 담관암 신약으로 미국 시장에 진출한다. 잇단 허가 불발로 불거졌던 시장의 불신을 딛고 상업화까지 성공할 수 있을지 주목된다. 24일 관련 업계에 따르면, HLB 미국 자회사 엘레바 테라퓨틱스는 23일(현지시간) FDA로부터 담관암 치료제 ‘리픽투’(..",local,10,라이선스,,,0.6088595829735438,,7.0,6.088595829735438,3.1818181818181817,4.925884770568535,False
2026-09-24,Therapeutic Areas,2026-09-24 18:57:00,Naver News,https://www.topdaily.kr/articles/112062,형보다 아우 먼저…담관암으로 FDA 뚫었다,'형' 리보세라닙 아닌 '아우' 리라푸그라티닙 FDA 승인…첫 美 신약 확보 FDA 일반 cGMP 실사 이력 확보…허가 넘어 기존 FGFR2 치료제와 경쟁.,"'형' 리보세라닙 아닌 '아우' 리라푸그라티닙 FDA 승인…첫 美 신약 확보
FDA 일반 cGMP 실사 이력 확보…허가 넘어 기존 FGFR2 치료제와 경쟁",local,2,항암제,,,0.6469666652342949,,5.0,6.46966665234295,2.2727272727272725,4.790890900496678,False
2026-09-24,Product Approval,2026-09-24 21:12:00,Naver News,http://www.thefirstmedia.net/news/articleView.html?idxno=209540,"대웅제약 ‘펙수클루’, 인도네시아서 미란성 위식도역류질환 치료제로 출시…현지 항궤양제 시장 공략",대웅제약이 위식도역류질환 치료제 ‘펙수클루’를 인도네시아에 출시하며 동남아 시장 확대에 나선다.대웅제약은 지난 23일 자체 개발한 위식도역류질환 치료제 펙수클루40mg(성분명 펙수프라잔염산염)을 인도네시아에 출시했다고 밝혔다.펙수클루는 인도네시아에서 ‘미란성 위식도역류질환 치료’ 적응증으로 허가받았다. 대웅제약은 현지에서 펙수클루의 처방 기반을 확대하는 한편 위궤양 치료 적응증 추가를 위한 한국·인도네시아 다국가 임상 3상도 추진하고 있다.인도네시아 위식도역류질환 관리 국가지침.,대웅제약이 위식도역류질환 치료제 &lsquo;펙수클루&rsquo;를 인도네시아에 출시하며 동남아 시장 확대에 나선다.대웅제약은 지난 23일 자체 개발한 위식도역류질환 치료제 펙수클루40mg(성분명 펙수프라잔염산염)을 인도네시아에 출시했다고 밝혔다.펙수클루는 인도네시아에서 &lsquo;미란성 위식도역류질환 치료&rsquo; 적응증으로 허가받았다. 대웅제약은 현지에서 펙수클루의 처방 기반을 확대하는 한편 위궤양 치료 적응증 추가를 위한 한국&middot;인도네시아 다국가 임상 3상도 추진하고 있다.인도네시아 위식도역류질환 관리 국가지침,local,2,적응증,,,0.5344672635755667,,8.0,5.344672635755668,3.6363636363636367,4.661349035998855,False
2026-09-24,Client,2026-09-21 17:30:00,Naver News,https://www.g-enews.com/view.php?ud=202609211434119842b065b72042_1,파킨슨병 ‘DMT’ 경쟁…글로벌 신약 개발 어디까지 왔나 - 글로벌이코노믹,"·파킨슨병 신약 개발이 증상 관리에서 질병 진행에 개입하는 치료법으로 범위를 넓히고 있다. 글로벌 빅파마들은 서로 다른 기전의 후보물질을 개발하며 후기 임상까지 진입하고 있다.21일 미국 파킨슨병재단에 따르면 파킨슨병 치료는 증상 관리와 일상생활 유지, 삶의 질 향상을 목표로 환자 상태.","·파킨슨병 신약 개발이 증상 관리에서 질병 진행에 개입하는 치료법으로 범위를 넓히고 있다. 글로벌 빅파마들은 서로 다른 기전의 후보물질을 개발하며 후기 임상까지 진입하고 있다.21일 미국 파킨슨병재단에 따르면 파킨슨병 치료는 증상 관리와 일상생활 유지, 삶의 질 향상을 목표로 환자 상태",local,10,바이엘,,,0.7573697552678098,,0.0,7.573697552678098,0.0,4.544218531606859,False
2026-09-24,Client,2026-09-18 09:46:00,Naver News,https://www.newsis.com/view/NISX20260918_0003795103,"문소리·이봉련, '민중의 적' 된다…서울시극단 '에너미'",서울시극단의 연극 '에너미'가 오는 10월 개막한다. 18일 세종문화회관에 따르면 내달 26일부터 11월 14일까지 M씨어터에서 '에너미'가 공연된다.작품은 헨리크 입센의 대표작 '민중의 적'을 현대적으로 재해석했다. 원작은 온천 도시의 수질 오염을 한 의사가 공공연하게 알리려 하자 지역사회의 경제적 이해관계와 충돌하며 '민..,[서울=뉴시스] 조기용 기자 = 서울시극단의 연극 '에너미'가 오는 10월 개막한다. 18일 세종문화회관에 따르면 내달 26일부터 11월 14일까지 M씨어터에서 '에너미'가 공연된다.작품은 헨리크 입센의 대표작 '민중의 적'을 현대적으로 재해석했다. 원작은 온천 도시의 수질 오염을 한 의사가 공공연하게 알리려 하자 지역사회의 경제적 이해관계와 충돌하며 '민..,local,10,입센,,,0.5432667169827509,,7.0,5.432667169827509,3.1818181818181817,4.532327574623778,False
2026-09-24,Zuellig,2026-09-18 11:00:00,Naver News,https://www.mt.co.kr/thebio/2026/09/18/2026091810130582193,"온도·시간 다 잡았다…바다 건너 희귀약 '당일 배송', 50대 환자 살려 - 머니투데이","수억 원에 달하는 혈우병 치료제가 청주 공항에서 제주도로 향하는 비행기에 실렸다. 두 시간 후, 콜드체인 시스템 '이지쿨러(eZCooler)'에 실린 혈우병 치료제 80병(바이알)은 피가 멈추지 않던 50대 혈우병 환자에게 전달돼 목숨을 살린 '생명수'가 됐다.","수억 원에 달하는 혈우병 치료제가 청주 공항에서 제주도로 향하는 비행기에 실렸다. 두 시간 후, 콜드체인 시스템 '이지쿨러(eZCooler)'에 실린 혈우병 치료제 80병(바이알)은 피가 멈추지 않던 50대 혈우병 환자에게 전달돼 목숨을 살린 '생명수'가 됐다.",local,10,쥴릭,,,0.4465737953670993,,10.0,4.465737953670993,4.545454545454545,4.497624590384413,True
2026-09-24,BD,2026-09-22 18:02:00,Naver News,https://www.hankyung.com/article/2026092217171,"美 비만약 노인 수요 급증…릴리, 신규환자 70% 잡아",미국 정부가 고령층의 비만 치료제 비용을 지원하기 시작한 지 두 달여 만에 70만 명이 새로 글루카곤유사펩타이드-1(GLP-1) 계열 치료제를 사용하기 시작했다. 이 가운데 70%가 일라이릴리 제품을 선택한 것으로 나타났다. 데이브 릭스 일라이릴리 최고경영자(CEO)는 21일(현지시간) CNBC 인터뷰에서 “지난 7월 메디케어의 비만 치료제 보장이 시작된 이후 고령층 70만 명이 새로 GLP-1 치료를 시작했다”며 “신규 환자 10명 중 약 7명이 일라이릴리 제품을 사용하고 있다”고 밝혔다.,"미국 정부가 고령층의 비만 치료제 비용을 지원하기 시작한 지 두 달여 만에 70만 명이 새로 글루카곤유사펩타이드-1(GLP-1) 계열 치료제를 사용하기 시작했다. 이 가운데 70%가 일라이릴리 제품을 선택한 것으로 나타났다.
데이브 릭스 일라이릴리 최고경영자(CEO)는 21일(현지시간) CNBC 인터뷰에서 “지난 7월 메디케어의 비만 치료제 보장이 시작된 이후 고령층 70만 명이 새로 GLP-1 치료를 시작했다”며 “신규 환자 10명 중 약 7명이 일라이릴리 제품을 사용하고 있다”고 밝혔다.
미국 정부는 임시 프로그램인 브리지를 통해 메디케어 가입자가 월 50달러의 본인부담금으로 비만 치료제를 처방받을 수 있도록 지원하고 있다. 일라이릴리의 젭바운드와 경구용 치료제 파운다요, 노보노디스크의 위고비 등이 대상이다.
가장 큰 수혜를 본 제품은 젭바운드다. 릭스 CEO는 체중이 많이 나가거나 합병증이 심한 환자를 중심으로 젭바운드 처방이 늘고 있다고 설명했다.
이혜인 기자 hey@hankyung.com",local,10,노보노디스크,,,0.6155215725779793,,4.0,6.155215725779794,1.8181818181818183,4.420402162740603,False
2026-09-24,Client,2026-09-21 10:22:00,Naver News,https://www.bosa.co.kr/news/articleView.html?idxno=3012523,유럽 2개 항암제 승인권고 - 의학신문,유럽에서 난소암과 폐암 치료제가 각각 승인을 권고받았다. 이번에 승인을 권고받은 중국 임팩트 쎄러퓨틱스의 경구 PARP1/2 억.,[의학신문·일간보사=김자연 기자] 유럽에서 난소암과 폐암 치료제가 각각 승인을 권고받았다. 이번에 승인을 권고받은 중국 임팩트 쎄러퓨틱스의 경구 PARP1/2 억,local,10,파마노비아,,,0.5212911998457022,,7.0,5.212911998457022,3.1818181818181817,4.400474471801486,False
2026-09-24,Product Approval,2026-09-25 08:00:00,Naver News,http://www.press9.kr/news/articleView.html?idxno=83291,"HLB 리픽투, FDA 승인 뒤 상업화 계산…약가·마일스톤 주목","HLB의 담관암 치료제 '리픽투(LYRFIGTU·리라푸그라티닙)'가 미국 식품의약국(FDA) 허가를 확보하면서 평가기준은 허가 가능성에서 상업화 수익성으로 이동했다. 4분기 미국 공급을 앞두고 판매가격과 실제 처방량, 보험 적용, 원개발사 릴레이 테라퓨틱스에 지급할 마일스톤·로열티가 HLB 연결손익을 구체화할 주요 변수다.HLB의 미국 자회사 엘레바 테라퓨틱스는 리픽투를 올해 4분기 미국 환자에게 공급할 예정이다. 현재 미국 도매취득가격(WAC)과 첫 출하일, 초기 공급물량, specialty pharmacy를 포함한.","[프레스나인] HLB의 담관암 치료제 '리픽투(LYRFIGTU·리라푸그라티닙)'가 미국 식품의약국(FDA) 허가를 확보하면서 평가기준은 허가 가능성에서 상업화 수익성으로 이동했다. 4분기 미국 공급을 앞두고 판매가격과 실제 처방량, 보험 적용, 원개발사 릴레이 테라퓨틱스에 지급할 마일스톤·로열티가 HLB 연결손익을 구체화할 주요 변수다.HLB의 미국 자회사 엘레바 테라퓨틱스는 리픽투를 올해 4분기 미국 환자에게 공급할 예정이다. 현재 미국 도매취득가격(WAC)과 첫 출하일, 초기 공급물량, specialty pharmacy를 포함한",local,2,허가,,,0.5211707681477427,,7.0,5.211707681477426,3.1818181818181817,4.399751881613728,False
2026-09-24,BD,2026-09-22 06:02:00,Naver News,https://www.dailypharm.com/user/news/342722?REFERER=NP,"[데일리팜]항체치료제 '누칼라', 자가주사 제형 대체…68개 병원 안착","항체치료제 누칼라의 자가주사 제형 대체 작업이 순조롭게 완료되는 모습이다. 관련 업계에 따르면 한국GSK의 호산구성천식치료제인 항 IL-5(인터루킨-5) 항체 누칼라 오토인젝터(메폴리주맙)는 삼성서울병원, 서울대병원, 서울성모병원, 신촌세브란스병원 등 빅5 상급종합병원을 비롯해 강동성심병원, 단국대병원, 부산대병원, 분당서울대병원, 아주대병원, 전북대병원, 한양대구리병원….","항체치료제 누칼라의 자가주사 제형 대체 작업이 순조롭게 완료되는 모습이다. 관련 업계에 따르면 한국GSK의 호산구성천식치료제인 항 IL-5(인터루킨-5) 항체 누칼라 오토인젝터(메폴리주맙)는 삼성서울병원, 서울대병원, 서울성모병원, 신촌세브란스병원 등 빅5 상급종합병원을 비롯해 강동성심병원, 단국대병원, 부산대병원, 분당서울대병원, 아주대병원, 전북대병원, 한양대구리병원…",local,10,GSK,,,0.5064519913109276,,7.0,5.064519913109276,3.1818181818181817,4.311439220592838,False
2026-09-24,Client,2026-09-21 06:06:00,Naver News,https://www.monews.co.kr/news/articleView.html?idxno=414028,30년만에 등장한 1형 당뇨병 CKD 새 치료옵션 - 메디칼업저버,1형 당뇨병 동반 만성신장질환(CKD)에 바이엘 케렌디아(성분명 피네레논)가 새 치료옵션으로 등장했다.그동안 1형 당뇨병 동반 CKD.,[메디칼업저버 정연주 기자] 1형 당뇨병 동반 만성신장질환(CKD)에 바이엘 케렌디아(성분명 피네레논)가 새 치료옵션으로 등장했다.그동안 1형 당뇨병 동반 CKD,local,10,바이엘,,,0.4998095081830586,,7.0,4.998095081830586,3.1818181818181817,4.271584321825625,False
2026-09-24,BD,2026-09-22 08:51:00,Naver News,https://www.edaily.co.kr/News/Read?newsId=02735526645582744&mediaCodeNo=257&utm_source=naver&utm_medium=referral&utm_campaign=news_syndication&utm_content=original_article,"서방 제약사들 ""中과 거래하게 해달라""…美행정부에 로비전",서방 제약사들이 지난해 미국이 제정한 대(對)중국 기술투자 제한법에도 불구하고 유망한 신약 후보물질 확보를 위해 중국기업들과의 거래를 허용해줄 것을 미 행정부에 요구하고 있다고 월스트리트저널(WSJ)이 21일(현지시간) 보도했다. 지난 6월 미국 캘리포니아주 산디...,서방 제약사들이 지난해 미국이 제정한 대(對)중국 기술투자 제한법에도 불구하고 유망한 신약 후보물질 확보를 위해 중국기업들과의 거래를 허용해줄 것을 미 행정부에 요구하고 있다고 월스트리트저널(WSJ)이 21일(현지시간) 보도했다.   지난 6월 미국 캘리포니아주 산디...,local,10,화이자,,,0.7059630563266621,,0.0,7.059630563266621,0.0,4.235778337959973,False
2026-09-24,BD,2026-09-22 09:10:00,Naver News,https://news.einfomax.co.kr/news/articleView.html?idxno=4436030,제약바이오 기술이전 21조 훌쩍…'빅딜' 뒤 신약개발 불확실성은 과제,"국내 제약바이오 업계의 올해 누적 기술이전 규모가 21조 원을 넘어섰다. 작년 연간 전체 성과의 80%에 육박하는 수준이다. 글로벌 대형 제약사들이 블록버스터 의약품의 특허 만료를 앞두고 새로운 성장동력 확보에 나선 데 따른 것이다.다만 대규모 기술수출 계약이 곧 신약 개발의 불확실성 해소를 의미하지는 않는다. 신약 개발이 최종 의약품으로 허가받을 확률이 낮은 만큼 기술이전을 해도 당초 기대와 다른 결과가 나올 수 있다.국내 기업들이 계약 전 상대방의 개발 전략과 파이프라인 등을 면밀히 살피고, 불확실성에 대비한 계약조건을 마련해.","국내 제약바이오 업계의 올해 누적 기술이전 규모가 21조 원을 넘어섰다. 작년 연간 전체 성과의 80%에 육박하는 수준이다. 글로벌 대형 제약사들이 블록버스터 의약품의 특허 만료를 앞두고 새로운 성장동력 확보에 나선 데 따른 것이다.다만 대규모 기술수출 계약이 곧 신약 개발의 불확실성 해소를 의미하지는 않는다. 신약 개발이 최종 의약품으로 허가받을 확률이 낮은 만큼 기술이전을 해도 당초 기대와 다른 결과가 나올 수 있다.국내 기업들이 계약 전 상대방의 개발 전략과 파이프라인 등을 면밀히 살피고, 불확실성에 대비한 계약조건을 마련해",local,10,특허만료,,,0.4619310314996937,,8.0,4.6193103149969374,3.6363636363636367,4.226131643543617,False
2026-09-24,Client,2026-09-19 09:36:00,Naver News,https://www.koreahealthlog.com/news/articleView.html?idxno=59092,"“폐경호르몬 치료, 유방암 공포 벗어던질 때”…초기 개입 시 심혈관 예방","폐경기 호르몬치료(MHT, Menopausal Hormone Therapy)를 둘러싼 오랜 오해와 유방암·심혈관 질환 부작용에 대한 과도한 공포감이 최신 의학적 근거에 의해 해소되고 있다. 폐경 후 10년 이내, 60세 미만의 젊은 폐경 여성에게 호르몬 치료를 적기에 시행할 경우 안면홍조 등 갱년기 증상 개선을 넘어 심혈관계 질환과 골다공증을 예방하는 등 실보다 득이 훨씬 크다는 전문가 제언이 나왔다.인제대학교 해운대백병원 산부인과 전성욱 교수는 지난 18일 광화문 HJ비즈니스센터에서 열린 폐경호르몬요법 미디어 세션에서 ‘개인 맞춤.","폐경기 호르몬치료(MHT, Menopausal Hormone Therapy)를 둘러싼 오랜 오해와 유방암·심혈관 질환 부작용에 대한 과도한 공포감이 최신 의학적 근거에 의해 해소되고 있다. 폐경 후 10년 이내, 60세 미만의 젊은 폐경 여성에게 호르몬 치료를 적기에 시행할 경우 안면홍조 등 갱년기 증상 개선을 넘어 심혈관계 질환과 골다공증을 예방하는 등 실보다 득이 훨씬 크다는 전문가 제언이 나왔다.인제대학교 해운대백병원 산부인과 전성욱 교수는 지난 18일 광화문 HJ비즈니스센터에서 열린 폐경호르몬요법 미디어 세션에서 ‘개인 맞춤",local,10,애보트,,,0.4906262526156735,,7.0,4.906262526156735,3.1818181818181817,4.2164847884213135,False
2026-09-24,Therapeutic Areas,2026-09-24 15:34:00,Naver News,https://www.mtnews.net/news/articleView.html?idxno=26060,"美 상무부, 특수 의약품 무관세 적용 품목 및 절차 확정… 한국산 '0% 관세' 혜택","미국 상무부 산업안보국(BIS)은 9월 23일(현지시간) 미국 연방관보를 통해 대통령 포고문 제11020호에 따라 0% 관세율 적용 대상이 되는 특수 의약품을 정의하고, 대상 관할 구역을 명시한 규정을 공식 게재했다. 이번 상무부 산업안보국(BIS)의 고시는 오는 9월 29일 오전 1.","미국 상무부 산업안보국(BIS)은 9월 23일(현지시간) 미국 연방관보를 통해 대통령 포고문 제11020호에 따라 0% 관세율 적용 대상이 되는 특수 의약품을 정의하고, 대상 관할 구역을 명시한 규정을 공식 게재했다. 이번 상무부 산업안보국(BIS)의 고시는 오는 9월 29일 오전 1",local,2,난임,,,0.5485037710677577,,5.0,5.485037710677577,2.2727272727272725,4.200113535497455,False
2026-09-24,BD,2026-09-25 08:32:00,Naver News,https://www.mediapen.com/news/view/1125875,증설 넘어 수주·효율·상업화로…송도 바이오 ‘질적 성장’ 시동,인천 송도 바이오클러스터가 공장 증설 중심의 양적 성장에서 수주·공정 효율·상업화를 앞세운 질적 성장 단계로 접어들고 있다. 삼성바이오로직스는 생산능력을 기.,[미디어펜=박재훈 기자]인천 송도 바이오클러스터가 공장 증설 중심의 양적 성장에서 수주·공정 효율·상업화를 앞세운 질적 성장 단계로 접어들고 있다. 삼성바이오로직스는 생산능력을 기,local,10,인수,,,0.41426328146535407,,9.0,4.142632814653541,4.090909090909091,4.121943325155761,False
2026-09-24,Reimbursement,2026-09-23 12:00:00,Naver News,https://www.medipana.com/news/articleView.html?idxno=418145,혁신형 제약 '도약형' 신설…R&D 요건 갖춘 65점 미만 기업 편입 - 메디파나뉴스,"정부가 혁신형 제약기업에 '도약형'을 신설하면서 기존 인증 심사에서 선도형 기준에 미치지 못했던 중소 제약사와 바이오벤처를 별도 유형으로 편입하는 길이 열린다. 다만 현행 제도에서도 신약 연구개발 전문 벤처기업은 혁신형 제약기업에 신청할 수 있고 실제 인증기업 가운데 바이오벤처가 포함돼 있는 만큼, 이번 개편의 핵심은 신청자격 확대보다는 일정 수준의 연구개.","정부가 혁신형 제약기업에 '도약형'을 신설하면서 기존 인증 심사에서 선도형 기준에 미치지 못했던 중소 제약사와 바이오벤처를 별도 유형으로 편입하는 길이 열린다. 다만 현행 제도에서도 신약 연구개발 전문 벤처기업은 혁신형 제약기업에 신청할 수 있고 실제 인증기업 가운데 바이오벤처가 포함돼 있는 만큼, 이번 개편의 핵심은 신청자격 확대보다는 일정 수준의 연구개",local,2,약가,,,0.503781222645304,,6.0,5.03781222645304,2.727272727272727,4.113596426780915,False
2026-09-24,Client,2026-09-21 13:48:00,Naver News,https://www.medigatenews.com/news/1437586224,MEDI:GATE NEWS 한국 주도 저온 플라즈마 창상치료기기 국제표준 제정,대구경북첨단의료산업진흥재단(케이메디허브)은 한국이 주도한 저온 플라즈마 창상치료기기 국제표준이 제정됐다고 21일 밝혔다. 제정된 표준은 ‘IEC 60601-2-91 Edition 1’로 국제전기기술위원회(IEC) 의료기기·소프트웨어 및 시스템(TC 62) 분야에서 발간됐다. 해당 표준은 저온 플라즈마를 이용한 창상치료기기의 기본 안전과 필수 성능 요구사항을 규정하고 있다.,"대구경북첨단의료산업진흥재단(케이메디허브)은 한국이 주도한 저온 플라즈마 창상치료기기 국제표준이 제정됐다고 21일 밝혔다. 제정된 표준은 ‘IEC 60601-2-91 Edition 1’로 국제전기기술위원회(IEC) 의료기기·소프트웨어 및 시스템(TC 62) 분야에서 발간됐다. 해당 표준은 저온 플라즈마를 이용한 창상치료기기의 기본 안전과 필수 성능 요구사항을 규정하고 있다. 이번 표준은 IEC TC 62 분야에서 국내 전문위원이 개발을 주도해 제정된 최초의 국제표준이다. 광운대학교 최은하 교수가 컨비너(Convenor)를 맡은 워킹그룹(IEC TC 62/SC 62D/WG 41)이 표준 제정을 이끌었다. 최은하 교수는 케이메디허브가 개최한 제2차 IEC TC 62D 전문위원회 회의에서 표준 제정 소식을 보고했다. 케이메디허브는 저온 플라즈마 창상치료기기 외에도 인공지능(AI) 의료기기, 연속혈당측정시스템(CGMS) 등 첨단의료기기 분야 국제표준 대응 전문위원회를 운영하고 있다. AI 의료기기 분야에서는 머신러닝 의료기기 성능평가 프로세스 국제표준 ‘IEC 63521’ 제정을 추진 중이다. 한국전자통신연구원 전종홍 책임연구원이 컨비너로 참여해 각국의 의견을 검토하고 있으며 2차 위원회안(CD) 단계 진입을 앞두고 있다. 연속혈당측정시스템 분야 국제표준 ‘IEC 60601-2-95’는 바이오메듀스 박애자 연구소장이 컨비너를 맡고 있다. 박애자 소장은 “메드트로닉, 애보트, 덱스콤, 미국 식품의약국(FDA) 등이 사용하는 기준 혈당 측정방법과 정확도·정밀도에 관한 내용을 표준안에 어떻게 반영할지 논의할 계획”이라고 설명했다. 박구선 케이메디허브 이사장은 “이번 국제표준 제정은 우리 기술을 세계 시장의 기준으로 발전시킨 의미 있는 성과”라며 “앞으로도 첨단의료기기 분야 국제표준화 활동을 적극 지원해 국내 의료기기산업의 국제경쟁력 강화에 기여하겠다”라고 밝혔다. 한편 케이메디허브 첨단의료기기개발지원센터는 2017년 식품의약품안전처 지정 의료용전기제품 분야 국가 표준개발협력기관(COSD)으로서 국내 전문가의 국제표준 제정 활동과 국제총회 참석 등을 지원하고 있다.",local,10,애보트,,,0.47124331130911495,,7.0,4.71243311309115,3.1818181818181817,4.100187140581962,False
2026-09-24,BD,2026-09-24 09:03:00,Naver News,https://kormedi.com/?p=2872610,[중국 바이오의 부상 ㊤] ‘복제약 공장’서 ‘신약 발굴처’로⋯글로벌 빅파마가 몰리는 이유 - 코메디닷컴,"중국 바이오기업이 복제약 생산기지에서 신약 발굴처로 부상하며, 글로벌 빅파마의 대형 라이선스 계약과 기술수출 규모가 급증하고 FIC 파이프라인에서도 미국을 빠르게 추격하고 있다.","중국 바이오기업이 복제약 생산기지에서 신약 발굴처로 부상하며, 글로벌 빅파마의 대형 라이선스 계약과 기술수출 규모가 급증하고 FIC 파이프라인에서도 미국을 빠르게 추격하고 있다.",local,10,제네릭,,,0.43603284407069065,,8.0,4.3603284407069065,3.6363636363636367,4.070742518969599,False
2026-09-24,BD,2026-09-24 10:08:00,Naver News,https://bizhankook.com/articles/hlb-gets-fda-approval-for-bile-duct-cancer.html,"간암서 세 번 막힌 HLB, 담관암으로 FDA 문턱 넘었다","HLB가 미국 FDA로부터 담관암 치료제 ‘리라푸그라티닙’ 승인을 획득하며 첫 항암 신약을 확보했습니다. 특히 미국 자회사 엘레바가 글로벌 개발·상업화 권리를 직접 보유하고 있어, 국내 기업 주도의 글로벌 시장 진출이라는 점에서 큰 주목을 받고 있습니다.","HLB가 미국 FDA로부터 담관암 치료제 ‘리라푸그라티닙’ 승인을 획득하며 첫 항암 신약을 확보했습니다. 특히 미국 자회사 엘레바가 글로벌 개발·상업화 권리를 직접 보유하고 있어, 국내 기업 주도의 글로벌 시장 진출이라는 점에서 큰 주목을 받고 있습니다.",local,10,판권,,,0.36732433735075026,,10.0,3.6732433735075025,4.545454545454545,4.022127842286319,False
2026-09-24,BD,2026-09-23 09:00:00,Naver News,https://www.medipana.com/news/articleView.html?idxno=418175,"표적 비밀, 최대 몸값만 공개…노바티스, 中 항암제 9억 달러 베팅 - 메디파나뉴스","노바티스가 중국 바이오기업 붐레이의 방사성리간드 치료제 후보물질을 도입한다. 후보물질의 이름과 표적은 공개하지 않았지만, 계약금과 단계별 성과금을 합친 잠재 계약 규모는 최대 9억달러에 이른다. 노바티스가 외부 기술 도입을 통해 방사성의약품 파이프라인을 확대하는 행보다. 붐레이 파마슈티컬스(BoomRay Pharmaceuticals)는 22일(현지시간) 노.","노바티스가 중국 바이오기업 붐레이의 방사성리간드 치료제 후보물질을 도입한다. 후보물질의 이름과 표적은 공개하지 않았지만, 계약금과 단계별 성과금을 합친 잠재 계약 규모는 최대 9억달러에 이른다. 노바티스가 외부 기술 도입을 통해 방사성의약품 파이프라인을 확대하는 행보다. 붐레이 파마슈티컬스(BoomRay Pharmaceuticals)는 22일(현지시간) 노",local,10,노바티스,,,0.42464817472208194,,8.0,4.24648174722082,3.6363636363636367,4.002434502877946,False
2026-09-24,BD,2026-09-23 10:02:00,Naver News,https://www.bosa.co.kr/news/articleView.html?idxno=3012736,"지멘스 헬시니어스, 치매·대사질환부터 AI 인프라까지 '초정밀 진단' 생태계 확장 가속 - 의학신문",영상 진단 의료기기 업계가 하드웨어 스펙 경쟁을 넘어 환자의 질환 여정 전반을 아우르는 '임상 솔루션 플랫폼'으로 진화하고 있다.,[의학신문·일간보사=오인규 기자] 영상 진단 의료기기 업계가 하드웨어 스펙 경쟁을 넘어 환자의 질환 여정 전반을 아우르는 '임상 솔루션 플랫폼'으로 진화하고 있다,local,10,베링거인겔하임,,,0.665622838914829,,0.0,6.65622838914829,0.0,3.9937370334889737,False
2026-09-24,Supply Issues,2026-09-23 06:02:00,Naver News,https://www.dailypharm.com/user/news/342789?REFERER=NP,"[데일리팜]""서울대병원, 임상 자문 통해 희귀신약·필수약 사각지대 타파""","'서울대병원은 희귀필수약센터의 한정된 재원과 인력 안에서 당장 어떤 신약·필수약을 선제적으로 먼저 들여와야 할지, 어떤 약의 정식 국내 허가를 추진하거나 부작용 위험 약물을 가려내야 할지 판단하는 전문적 임상·의학 가이드라인을 제공하는 역할을 맡습니다. 양 기관은 상시 핫라인을 구축하고 신약에서부터 필수약의 국내 사각지대를 파악하고 해결하는데 힘을 합칠 계획입니다.….","'서울대병원은 희귀필수약센터의 한정된 재원과 인력 안에서 당장 어떤 신약·필수약을 선제적으로 먼저 들여와야 할지, 어떤 약의 정식 국내 허가를 추진하거나 부작용 위험 약물을 가려내야 할지 판단하는 전문적 임상·의학 가이드라인을 제공하는 역할을 맡습니다. 양 기관은 상시 핫라인을 구축하고 신약에서부터 필수약의 국내 사각지대를 파악하고 해결하는데 힘을 합칠 계획입니다.…",local,2,품귀,,,0.6461613787789581,,0.0,6.461613787789581,0.0,3.876968272673748,False
2026-09-24,Client,2026-09-21 14:41:00,Naver News,https://www.mt.co.kr/thebio/2026/09/21/2026092114165797285,"인제니아, 머크의 안과질환 파트너…""경쟁약물 이탈로 3상 기대↑"" - 머니투데이",인제니아테라퓨틱스(Reg.S)(이하 인제니아)의 대표 신약 파이프라인 'IGT-427'(MK-8748)이 4건의 대규모 임상 3상에 돌입했다. MK-8748은 TIE2를 직접 활성화하는 기전의 망막질환 신약 후보물질로 동시에 대규모 임상 3상 4건에 진입하며 글로벌 시장의 주목을 받고 있다.,인제니아테라퓨틱스(Reg.S)(이하 인제니아)의 대표 신약 파이프라인 'IGT-427'(MK-8748)이 4건의 대규모 임상 3상에 돌입했다. MK-8748은 TIE2를 직접 활성화하는 기전의 망막질환 신약 후보물질로 동시에 대규모 임상 3상 4건에 진입하며 글로벌 시장의 주목을 받고 있다.,local,10,아스텔라스,,,0.39734501692012736,,8.0,3.9734501692012736,3.6363636363636367,3.8386155560662187,False
2026-09-24,Client,2026-09-24 13:28:00,Naver News,https://www.econovill.com/news/articleView.html?idxno=751808,[스냅드래곤 서밋] 퀄컴은 왜 병원 밖 8758시간에 주목했나,"의료행위는 당연히 병원에서만 행해졌다. 환자의 몸은 하루 24시간 살펴야하지만 의료 시스템은 진료실에 앉아 있는 몇 분에 좌우됐다. 기술의 발전으로 스마트워치가 심박수와 수면을 기록하는 시대가 됐지만 그 데이터가 진료로 이어지는 경우도 드물다. 데이터는 넘쳐나지만 의료는 여전히 단편적인 정보에 기대고 있다.퀄컴이 그 '미싱링크'에 주목했다.퀄컴은 23일(현지시간) 미국 하와이 마우이에서 열린 스냅드래곤 서밋 2026에서 개인 AI 헬스 얼라이언스(PAIHA)를 출범시키며 ""일반인이 1년에 의사와 보내는 시간은 2시간도 되지 않는다"".","의료행위는 당연히 병원에서만 행해졌다. 환자의 몸은 하루 24시간 살펴야하지만 의료 시스템은 진료실에 앉아 있는 몇 분에 좌우됐다. 기술의 발전으로 스마트워치가 심박수와 수면을 기록하는 시대가 됐지만 그 데이터가 진료로 이어지는 경우도 드물다. 데이터는 넘쳐나지만 의료는 여전히 단편적인 정보에 기대고 있다.퀄컴이 그 '미싱링크'에 주목했다.퀄컴은 23일(현지시간) 미국 하와이 마우이에서 열린 스냅드래곤 서밋 2026에서 개인 AI 헬스 얼라이언스(PAIHA)를 출범시키며 ""일반인이 1년에 의사와 보내는 시간은 2시간도 되지 않는다""",local,10,머크,,,0.42309683984087265,,7.0,4.230968398408726,3.1818181818181817,3.8113083117725086,False
2026-09-24,Client,2026-09-22 12:26:00,Naver News,http://www.medisobizanews.com/news/articleView.html?idxno=142470,"GLP-1 비만ㆍ당뇨약, ‘허혈성 시력 이상’ 논란…기저질환자 주의","위고비와 오젬픽, 마운자로와 젭바운드 등 GLP-1·인크레틴 계열 치료제가 빠르게 확산되는 가운데 드물게 발생하는 시신경 이상 위험을 둘러싼 안전성 검토도 이어지고 있다.특히 비동맥염성 전방 허혈성 시신경병증(NAION)은 당뇨병과 고혈압, 이상지질혈증, 수면무호흡증 등 혈관ㆍ대사 위험요인을 가진 환자에서 발생 위험이 높은 것으로 알려져 있어 관련 연구 결과를 해석할 때 환자의 기저위험을 함께 살펴야 한다는 지적이 나온다.미국에서는 오젬픽ㆍ위고비뿐 아니라 젭바운드 사용 후 NAION이 발생했다며 노보노디스크와 일라이 릴리를 상대로.","위고비와 오젬픽, 마운자로와 젭바운드 등 GLP-1·인크레틴 계열 치료제가 빠르게 확산되는 가운데 드물게 발생하는 시신경 이상 위험을 둘러싼 안전성 검토도 이어지고 있다.특히 비동맥염성 전방 허혈성 시신경병증(NAION)은 당뇨병과 고혈압, 이상지질혈증, 수면무호흡증 등 혈관ㆍ대사 위험요인을 가진 환자에서 발생 위험이 높은 것으로 알려져 있어 관련 연구 결과를 해석할 때 환자의 기저위험을 함께 살펴야 한다는 지적이 나온다.미국에서는 오젬픽ㆍ위고비뿐 아니라 젭바운드 사용 후 NAION이 발생했다며 노보노디스크와 일라이 릴리를 상대로",local,10,노보노디스크,,,0.6184855312261514,,0.0,6.184855312261513,0.0,3.710913187356908,False
2026-09-24,BD,2026-09-24 08:58:00,Naver News,https://www.kihoilbo.co.kr/news/articleView.html?idxno=3035711,추석 연휴 앞두고 인플루엔자 조기 유행에 코로나19도 증가세 - 기호일보,인플루엔자가 예년보다 일찍 유행하기 시작하고 코로나19 입원환자도 늘면서 질병관리청이 추석 연휴(24~27일) 감염병 예방수칙 준수를 당부했다.,인플루엔자가 예년보다 일찍 유행하기 시작하고 코로나19 입원환자도 늘면서 질병관리청이 추석 연휴(24~27일) 감염병 예방수칙 준수를 당부했다. 이동과 야외활동이,local,10,백신,,,0.402515770756598,,7.0,4.02515770756598,3.1818181818181817,3.6878218972668604,False
2026-09-24,Client,2026-09-24 07:56:00,Naver News,http://www.whosaeng.com/173972,"≪후생신보≫ 린버크, 활동성 다관절형 소아 특발성 관절염 치료제 EC승인",린버크가 활동성 다관절형 소아 특발성 관절염 치료제로 유럽 승인을 받았다. 애브비는 유럽연합 집행위원회(EC: European Commission)가 린버.,【후생신보】 린버크가 활동성 다관절형 소아 특발성 관절염 치료제로 유럽 승인을 받았다.  애브비는 유럽연합 집행위원회(EC: European Commission)가 린버,local,10,애브비,,,0.3799891128015095,,7.0,3.799891128015095,3.1818181818181817,3.55266194953633,False
2026-09-24,Client,2026-09-25 08:04:00,Naver News,https://kormedi.com/?p=2873340,"연 365회→52회⋯릴리도 ‘주 1회 인슐린’, 노보와 맞붙는다 - 코메디닷컴","일라이 릴리의 주 1회 장시간형 인슐린 ‘온스윅’이 미국 FDA 승인을 받았다. 노보노디스크 아위클리와의 차이, 7일간 작용하는 원리와 가격을 정리했다.","일라이 릴리의 주 1회 장시간형 인슐린 ‘온스윅’이 미국 FDA 승인을 받았다. 노보노디스크 아위클리와의 차이, 7일간 작용하는 원리와 가격을 정리했다.",local,10,허가,,,0.37666041424140145,,7.0,3.7666041424140144,3.1818181818181817,3.532689758175681,False
2026-09-24,Client,2026-09-23 07:22:00,Naver News,https://www.medipana.com/news/articleView.html?idxno=418170,"유럽, 콜레스테롤 신약 2종 승인…세계 첫 허가 - 메디파나뉴스","메나리니와 뉴암스테르담파마가 개발한 콜레스테롤 저하제 2종이 유럽에서 동시에 판매 허가를 받았다. 기존 치료로 LDL 콜레스테롤 조절이 충분하지 않은 환자에게 새로운 치료 선택지가 마련된 가운데, 실제 심혈관 사건을 줄이는지는 진행 중인 임상에서 확인해야 한다. 23일 메나리니와 뉴암스테르담파마에 따르면 유럽연합 집행위원회(EC)는 21일(현지시간) '우베.","메나리니와 뉴암스테르담파마가 개발한 콜레스테롤 저하제 2종이 유럽에서 동시에 판매 허가를 받았다. 기존 치료로 LDL 콜레스테롤 조절이 충분하지 않은 환자에게 새로운 치료 선택지가 마련된 가운데, 실제 심혈관 사건을 줄이는지는 진행 중인 임상에서 확인해야 한다. 23일 메나리니와 뉴암스테르담파마에 따르면 유럽연합 집행위원회(EC)는 21일(현지시간) '우베",local,10,메나리니,,,0.5853900903285569,,0.0,5.853900903285569,0.0,3.5123405419713416,False
2026-09-24,Client,2026-09-25 06:44:00,Naver News,https://www.koreadaily.com/article/20260924144252772,“살 빼는 주사 맞고 시력 잃었다”  | 미주중앙일보,GLP-1(글루카론유사펩타이드-1) 계열 약물을 사용한 뒤 갑작스럽게 시력을 잃었다고 주장하는 환자들의 소송이 이어지면서 해당 약물과 희귀 시신경 질환 사이의 연관성을 둘러싼 논란이 커지고 있다. 지역방송 WSB-T...,GLP-1(글루카론유사펩타이드-1) 계열 약물을 사용한 뒤 갑작스럽게 시력을 잃었다고 주장하는 환자들의 소송이 이어지면서 해당 약물과 희귀 시신경 질환 사이의 연관성을 둘러싼 논란이 커지고 있다. 지역방송 WSB-T...,local,10,위고비,,,0.3663077833766752,,7.0,3.663077833766752,3.1818181818181817,3.4705739729873235,False
2026-09-24,BD,2026-09-19 19:36:00,Naver News,https://www.medipana.com/news/articleView.html?idxno=417940,"CSO협회, 법인 설립 틀 확정…10개 안건 가결·허가신청 위임 - 메디파나뉴스","한국의약품판촉영업자협회가 사단법인 설립에 필요한 정관과 임원진, 사업계획, 예산·재산 등 운영체계를 확정했다. 보건복지부 설립허가 신청과 법인 설립등기 등 후속절차 수행 권한까지 위임하면서 세 번째 사단법인 설립 도전을 위한 총회 의결 절차를 마쳤다. 한국의약품판촉영업자협회는 19일 서울 국회의원회관 제2소회의실에서 창립총회 본회의를 열고 법인 설립과 정관.","한국의약품판촉영업자협회가 사단법인 설립에 필요한 정관과 임원진, 사업계획, 예산·재산 등 운영체계를 확정했다. 보건복지부 설립허가 신청과 법인 설립등기 등 후속절차 수행 권한까지 위임하면서 세 번째 사단법인 설립 도전을 위한 총회 의결 절차를 마쳤다. 한국의약품판촉영업자협회는 19일 서울 국회의원회관 제2소회의실에서 창립총회 본회의를 열고 법인 설립과 정관",local,10,판촉영업자,,,0.3644994094595856,,7.0,3.644994094595856,3.1818181818181817,3.4597237294847867,False
2026-09-24,BD,2026-09-23 12:08:00,Naver News,https://www.kpanews.co.kr/news/articleView.html?idxno=544791,"베링거인겔하임, 엔비사제닉스와 최대 10억 달러 규모 AI 항암 표적 발굴 협력 - 약사공론",베링거인겔하임(Boehringer Ingelheim)이 인공지능(AI) 신약개발 기업 엔비사제닉스(Envisagenics)와 최대 10억 달러 규모의 다년간 항암.,베링거인겔하임(Boehringer Ingelheim)이 인공지능(AI) 신약개발 기업 엔비사제닉스(Envisagenics)와 최대 10억 달러 규모의 다년간 항암,local,10,베링거인겔하임,,,0.3618569314373196,,7.0,3.6185693143731963,3.1818181818181817,3.4438688613511905,False
2026-09-24,Client,2026-09-24 07:06:00,Naver News,https://www.dailymedi.com/news/news_view.php?wr_id=940827,신약·마이크로니들 등 바이오기업 ‘美 협력망’ 확대,﻿﻿﻿﻿라파스·루다큐어 등 국내 바이오·헬스케어 기업 10곳이 미국 뉴욕과 보스턴에서 현지 기업 및 기관을 대상으로 사업 확대 가능성을 타진했다.현지 상담 과정에서 약 950만달러(약 127억원) 규모 업무협약(MOU) 3건이 체결됐으며 공동연구 13건과 기술이전 4건에 대한 후속 논의도 진행되고 있다.서울경제진흥원(SBA)은 지난 9월 7일부터 13일까지 뉴욕과 보스턴에서 바이오·헬스케어 및 의료기기 기업들의 미국 시장 진출 지원 프로그램을 진행했다고 23일 밝혔다.참가사는 하이서울기업 ▲뷰노 ▲라파스 ▲릴리커버 ▲바이오아라 ▲루….,﻿﻿﻿﻿라파스·루다큐어 등 국내 바이오·헬스케어 기업 10곳이 미국 뉴욕과 보스턴에서 현지 기업 및 기관을 대상으로 사업 확대 가능성을 타진했다.현지 상담 과정에서 약 950만달러(약 127억원) 규모 업무협약(MOU) 3건이 체결됐으며 공동연구 13건과 기술이전 4건에 대한 후속 논의도 진행되고 있다.서울경제진흥원(SBA)은 지난 9월 7일부터 13일까지 뉴욕과 보스턴에서 바이오·헬스케어 및 의료기기 기업들의 미국 시장 진출 지원 프로그램을 진행했다고 23일 밝혔다.참가사는 하이서울기업 ▲뷰노 ▲라파스 ▲릴리커버 ▲바이오아라 ▲루…,local,10,릴리,,,0.3598767256571969,,7.0,3.598767256571969,3.1818181818181817,3.4319876266704537,False
2026-09-24,Client,2026-09-23 18:10:00,Naver News,https://www.sentv.co.kr/article/view/sentv202609230089,"에이비엘바이오 또 악재…FDA, 토베시미그 추가 임상 권고","에이비엘바이오에 이달 들어 세 번째 악재가 터졌습니다. 미국 식품의약국 FDA가, 에이비엘바이오가 기술이전한 담도암 신약 토베시미그에 품목허가.","에이비엘바이오에 이달 들어 세 번째 악재가 터졌습니다. 미국 식품의약국 FDA가, 에이비엘바이오가 기술이전한 담도암 신약 토베시미그에 품목허가",local,10,사노피,,,0.5671962978444254,,0.0,5.671962978444254,0.0,3.4031777870665523,False
2026-09-24,Reimbursement,2026-09-24 13:00:00,Naver News,https://www.hemophilia.co.kr/news/articleView.html?idxno=44710,"미국 라틴계 혈우병 B 부모들, 치료만큼 어려운 ‘문화와 양육의 간극’ - 헤모필리아라이프",가족 전통·두려움·자녀 독립 사이 갈등 다뤄…“서로 이해하는 대화가 중요”혈우병 B를 가진 자녀를 키우는 부모에게 치료제와 출혈관리만큼 어려운 문제가 있다.,가족 전통·두려움·자녀 독립 사이 갈등 다뤄…“서로 이해하는 대화가 중요”혈우병 B를 가진 자녀를 키우는 부모에게 치료제와 출혈관리만큼 어려운 문제가 있다. 미국,local,2,급여,,,0.2939162046596075,,9.0,2.939162046596075,4.090909090909091,3.3998608643212815,False
2026-09-24,BD,2026-09-25 07:02:00,Naver News,https://dealsite.co.kr/articles/169477,"셀트리온, 시밀러 줄줄이 출격…'시장 선점' 속도전 - 딜사이트","셀트리온이 2025년 기준 글로벌 시장 규모가 959억달러(약 135조원)에 달하는 7종의 블록버스터 의약품을 겨냥해 차세대 바이오시밀러 개발에 속도를 내고 있다. 2028년 전후로 주요 오리지널 의약품의 독점권 만료가 예정됨에 따라 키트루다, 코센틱스, 오크레부스 등 7종의 파이프라인을 구축하고 임상 및 허가 절차를 진행 중이다. 셀트리온은 2030년까지 바이오시밀러 제품군을 11개→18개로 확대한다는 목표를 제시했다.","셀트리온이 2025년 기준 글로벌 시장 규모가 959억달러(약 135조원)에 달하는 7종의 블록버스터 의약품을 겨냥해 차세대 바이오시밀러 개발에 속도를 내고 있다. 2028년 전후로 주요 오리지널 의약품의 독점권 만료가 예정됨에 따라 키트루다, 코센틱스, 오크레부스 등 7종의 파이프라인을 구축하고 임상 및 허가 절차를 진행 중이다. 셀트리온은 2030년까지 바이오시밀러 제품군을 11개→18개로 확대한다는 목표를 제시했다.",local,10,계약,,,0.32229653652704215,,8.0,3.2229653652704213,3.6363636363636367,3.3883246737077073,False
2026-09-24,Product Approval,2026-09-25 05:56:00,Naver News,https://www.kpanews.co.kr/news/articleView.html?idxno=544814,"[추석 특집 2] ""달아~ 밝은 달아~ 행복한 약사가 되고 싶어"" - 약사공론","한가위 보름달은 예부터 가족의 안녕과 풍요, 그리고 저마다의 소원을 비는 상징이었다.약사들에게도 보름달에 빌고 싶은 소원이 있다. 약사의 전문성이 제대로 인정받는.","한가위 보름달은 예부터 가족의 안녕과 풍요, 그리고 저마다의 소원을 비는 상징이었다.약사들에게도 보름달에 빌고 싶은 소원이 있다. 약사의 전문성이 제대로 인정받는",local,2,적응증,,,0.3468886501624933,,7.0,3.468886501624933,3.1818181818181817,3.3540591737022325,False
2026-09-24,BD,2026-09-22 15:02:00,Naver News,https://kormedi.com/?p=2871507,"중환자실 간호사, 통조림 ‘생선’ 샐러드 먹고⋯두드러기·호흡곤란, 왜? - 코메디닷컴",영국 중환자실 간호사가 통조림 참치 샐러드를 먹은 뒤 급성 쇼크를 일으킨 사례가 보고됐다. 등푸른생선의 유통 및 보관 과정에서 냉장·냉동 시스템에 조금만 문제가 있어도 히스타민 식중독이 언제든 발생할 수 있으니 조심해야 한다.,영국 중환자실 간호사가 통조림 참치 샐러드를 먹은 뒤 급성 쇼크를 일으킨 사례가 보고됐다. 등푸른생선의 유통 및 보관 과정에서 냉장·냉동 시스템에 조금만 문제가 있어도 히스타민 식중독이 언제든 발생할 수 있으니 조심해야 한다.,local,10,콜드체인,,,0.2555150937180776,,10.0,2.5551509371807763,4.545454545454545,3.351272380490284,False
2026-09-24,Client,2026-09-23 09:06:00,Naver News,https://www.pharmnews.com/news/articleView.html?idxno=306496,"치료제 없던 쇼그렌증후군, 암젠 'Dazodalibep' 3상 성공 - 팜뉴스",암젠(Amgen)이 쇼그렌증후군 임상 3상에서 주요 목표를 달성했다. 미국 제약기업 암젠은 중증 전신성 쇼그렌증후군 환자를 대상으로 진행한.,[팜뉴스=우정민 기자] 암젠(Amgen)이 쇼그렌증후군 임상 3상에서 주요 목표를 달성했다. 미국 제약기업 암젠은 중증 전신성 쇼그렌증후군 환자를 대상으로 진행한,local,10,암젠,,,0.5469779064330316,,0.0,5.469779064330316,0.0,3.2818674385981894,False
2026-09-24,Product Approval,2026-09-24 17:01:00,Naver News,https://www.newsis.com/view/NISX20260922_0003800297,"""눈주변 청결하게""…JW중외, 눈꺼풀 클리너 출시","JW중외제약이 토탈 아이케어 브랜드 '프렌즈'(Frenz) 신제품으로 눈꺼풀 클리너를 출시했다.24일 JW중외제약에 따르면 회사는 눈꺼풀과 속눈썹 주변을 간편하게 세정할 수 있는 화장품 '아이쓱 눈꺼풀 클리너' 2종을 출시했다.아이쓱 눈꺼풀 클리너는 눈꺼풀과 속눈썹 주변에 남아 있는 피지와 노폐물, 메이크업 잔여물 등을 닦아내..","[서울=뉴시스]이소헌 기자 = JW중외제약이 토탈 아이케어 브랜드 '프렌즈'(Frenz) 신제품으로 눈꺼풀 클리너를 출시했다.24일 JW중외제약에 따르면 회사는 눈꺼풀과 속눈썹 주변을 간편하게 세정할 수 있는 화장품 '아이쓱 눈꺼풀 클리너' 2종을 출시했다.아이쓱 눈꺼풀 클리너는 눈꺼풀과 속눈썹 주변에 남아 있는 피지와 노폐물, 메이크업 잔여물 등을 닦아내..",local,2,신제품,,,0.2414054002596038,,10.0,2.414054002596038,4.545454545454545,3.266614219739441,False
2026-09-24,Client,2026-09-21 14:24:00,Naver News,https://www.pinpointnews.co.kr/news/articleView.html?idxno=489144,"HLB제약, 장기지속형 주사제 기술로 치매 치료 게임체인저 노린다","바이오 시장에서 치매 관련 종목들이 21일 강한 상승 흐름을 보이고 있다. 글로벌 제약사 바이오젠의 치매 치료제 아두헬름이 미국 식품의약국(FDA) 승인을 받은 데 이어 레켐비(성분명 레카네맙)까지 연이어 승인을 획득하면서 차세대 치매 치료제 및 진단 시장의 고성장 기대감이 시장 전반에 반영되는 양상이다.이날 HLB제약은 24.96% 오른 7,760원에 거래 중이다.한국거래소에 따르면 이날 오후 2시22분 현재 HLB제약의 급상승은 장기지속형 주사제 기술을 활용한 치매 치료제 개발 기대감과 함께 제약·바이오 섹터 내 수급 집중이 이.","바이오 시장에서 치매 관련 종목들이 21일 강한 상승 흐름을 보이고 있다. 글로벌 제약사 바이오젠의 치매 치료제 아두헬름이 미국 식품의약국(FDA) 승인을 받은 데 이어 레켐비(성분명 레카네맙)까지 연이어 승인을 획득하면서 차세대 치매 치료제 및 진단 시장의 고성장 기대감이 시장 전반에 반영되는 양상이다.이날 HLB제약은 24.96% 오른 7,760원에 거래 중이다.한국거래소에 따르면 이날 오후 2시22분 현재 HLB제약의 급상승은 장기지속형 주사제 기술을 활용한 치매 치료제 개발 기대감과 함께 제약·바이오 섹터 내 수급 집중이 이",local,10,바이오젠,,,0.3251360110803503,,7.0,3.251360110803503,3.1818181818181817,3.2235433392093746,False
2026-09-24,Client,2026-09-21 08:20:00,Naver News,http://www.newsmp.com/news/articleView.html?idxno=258256,"[전문가 대담] 렌비마, 간세포암 치료 여정에 핵심 파트너","간세포암에서 렌비마의 높은 반응률은 매우 중요한 가치다.20년 전, 넥사바(성분명 소라페닙, 바이엘) 이후 정체됐던 간세포암 전신 요법(systemic therapy)의 역사가 렌비마(성분명 렌바티닙, 에자이)와 면역항암제로 이어지며 무대를 확장하고 있다.렌비마의 높은 반응률에 면역항암제의 반응 지속 효과가 시너지를 발휘하며 전신 요법의 무대가 중간 병기(Intermediate-stage)로 전진한 것.이 가운데 렌비마는 중간 병기에 이어 진행성(Advanced-stage) 간세포암 환자의 1차 치료는 물론, 1차 면역요.","[의약뉴스]간세포암에서 렌비마의 높은 반응률은 매우 중요한 가치다.20년 전, 넥사바(성분명 소라페닙, 바이엘) 이후 정체됐던 간세포암 전신 요법(systemic therapy)의 역사가 렌비마(성분명 렌바티닙, 에자이)와 면역항암제로 이어지며 무대를 확장하고 있다.렌비마의 높은 반응률에 면역항암제의 반응 지속 효과가 시너지를 발휘하며 전신 요법의 무대가 중간 병기(Intermediate-stage)로 전진한 것.이 가운데 렌비마는 중간 병기에 이어 진행성(Advanced-stage) 간세포암 환자의 1차 치료는 물론, 1차 면역요",local,10,바이엘,,,0.23363651502016058,,10.0,2.3363651502016056,4.545454545454545,3.220000908302781,False
2026-09-24,BD,2026-09-24 05:00:00,Naver News,https://www.etoday.co.kr/news/view/2628234,"美, 중국 신약 기술도입 규제서 제외 검토…K바이오 ‘반사이익’ 불투명",미국이 중국 바이오기업의 신약 후보물질을 도입하는 라이선스 계약 대부분을 대중국 투자규제 대상에서 제외하는 방안을 검토한다.,(게티이미지뱅크)미국이 중국 바이오기업의 신약 후보물질을 도입하는 라이선스 계약 대부분을 대중국 투자규제 대상에서 제외하는 방안을 검토한다.,local,10,특허만료,,,0.2930099145463128,,8.0,2.930099145463128,3.6363636363636367,3.2126049418233316,False
2026-09-24,Client,2026-09-24 22:36:00,Naver News,http://www.metroseoul.co.kr/article/20260924500095,"일라이 릴리, '주 1회 인슐린' 온스윅 FDA 승인...""매일 맞던 주사 80% 단축""",일라이 릴리의 주 1회 투여형 기저인슐린 치료제 '온스윅.,일라이 릴리의 주 1회 투여형 기저인슐린 치료제 '온스윅(성분명: 인슐린 에프시토라 알파-고브)'이 미국 식품의약국(FDA)의 최종 승인을 받았다. 매일 주사를 맞아야 했던 2형 당뇨병 환자들의 투여 부담이 획기적으로 줄어들 전망이다. 일라이 릴리는 24일(현지 시간),local,10,제형,,,0.3090018755806499,,7.0,3.090018755806499,3.1818181818181817,3.126738526211172,False
2026-09-24,Reimbursement,2026-09-24 14:57:00,Naver News,https://news.tvchosun.com/site/data/html_dir/2026/09/24/2026092490103.html,"""생계·치료 달렸는데""…생계급여 처리기한 초과 사례, 3년간 2500건 넘어","""생계·치료 달렸는데""…생계급여 처리기한 초과 사례, 3년간 2500건 넘어 생활이 어려워 생계·의료급여 등 기초생활보장 급여..","""생계·치료 달렸는데""…생계급여 처리기한 초과 사례, 3년간 2500건 넘어 생활이 어려워 생계·의료급여 등 기초생활보장 급여..",local,2,급여,,,0.24177943777225974,,9.0,2.4177943777225974,4.090909090909091,3.0870402629971947,False
2026-09-24,Client,2026-09-23 10:10:00,Naver News,http://www.bokuennews.com/news/article.html?no=284685,"키트루다, 3대 부인암 적응증 완성… 진행성·재발성 치료 영역 확대","매년 9월 '부인암 인식의 달(Gynecologic Cancer Awareness Month)'을 맞아, 치료 옵션이 제한적이었던 진행성·재발성 부인암 영역에서 면역항암제를 중심으로 한 치료 패러다임 변화가 ..","매년 9월 &#39;부인암 인식의 달(Gynecologic Cancer Awareness Month)&#39;을 맞아, 치료 옵션이 제한적이었던 진행성&middot;재발성 부인암 영역에서 면역항암제를 중심으로 한 치료 패러다임 변화가 ..",local,10,MSD,,,0.29390119521634117,,7.0,2.939011952163412,3.1818181818181817,3.0361344440253197,False
2026-09-24,Client,2026-09-23 13:35:00,Naver News,https://www.mt.co.kr/thebio/2026/09/23/2026092313163332251,"유럽서 '코센틱스' 적응증 확대 신호에…셀트리온 ""준비된 웃음"" - 머니투데이",기존 제품의 탄탄한 실적에 바이오시밀러 임상·허가 속도가 빠른 오리지널(원조) 제품 '코센틱스'가 유럽에서 적응증 확대 가능성이 커져 셀트리온의 미래 실적 향상에도 긍정적인 영향을 미칠 전망이다.,기존 제품의 탄탄한 실적에 바이오시밀러 임상·허가 속도가 빠른 오리지널(원조) 제품 '코센틱스'가 유럽에서 적응증 확대 가능성이 커져 셀트리온의 미래 실적 향상에도 긍정적인 영향을 미칠 전망이다.,local,10,노바티스,,,0.48641469191017506,,0.0,4.864146919101751,0.0,2.9184881514610503,False
2026-09-24,BD,2026-09-24 11:14:00,Naver News,https://www.aitimes.com/news/articleView.html?idxno=215633,"앤트로픽, 유전자 편집 효소 시스템 발견…바이오·제약 확장 가속 - AI타임스",앤트로픽이 '클로드'를 활용해 유전자 편집 기술인 'CRISPR(크리스퍼)'와 유사한 특성을 지닌 새로운 효소 시스템을 발견하는 데 성공했다.,앤트로픽이 '클로드'를 활용해 유전자 편집 기술인 'CRISPR(크리스퍼)'와 유사한 특성을 지닌 새로운 효소 시스템을 발견하는 데 성공했다. 최근 자체 생물학,local,10,파트너십,,,0.17977468290923823,,10.0,1.7977468290923824,4.545454545454545,2.8968299156372472,False
2026-09-24,BD,2026-09-25 08:35:00,Naver News,https://www.yna.co.kr/view/AKR20260922142400052?input=1195m,김해 종합병원 몇년새 잇단 휴·폐업…응급의료 체계 차질 우려 | 연합뉴스,경남 김해지역 종합병원이 최근 수년간 잇따라 폐업하거나 휴업에 돌입하면서 지역 응급의료 공백을 우려하는 목소리...,(김해=연합뉴스) 이준영 기자 = 경남 김해지역 종합병원이 최근 수년간 잇따라 폐업하거나 휴업에 돌입하면서 지역 응급의료 공백을 우려하는 목소리...,local,10,인수,,,0.20622563567493293,,9.0,2.0622563567493293,4.090909090909091,2.873717450413234,False
2026-09-24,BD,2026-09-25 08:15:00,Naver News,https://www.mt.co.kr/policy/2026/09/25/2026092315444380545,"시한부 판정 후 두 달 대기…초고령사회 서울, 존엄 지킬 병상 부족하다 - 머니투데이",서울시립 북부병원 호스피스 병동에 입원한 남편 원씨를 간병하기 위해 이씨는 이번 추석 연휴를 보호자 침대에서 보내고 있다. 부부는 20여년간 편의점을 운영했다. 4개의 편의점을 관리하는 바쁜 생활을 하던 원씨는 몇 달 전 복부를 찌르는듯한 통증과 피곤함을 느껴 병원을 찾았다.,서울시립 북부병원 호스피스 병동에 입원한 남편 원씨를 간병하기 위해 이씨는 이번 추석 연휴를 보호자 침대에서 보내고 있다. 부부는 20여년간 편의점을 운영했다. 4개의 편의점을 관리하는 바쁜 생활을 하던 원씨는 몇 달 전 복부를 찌르는듯한 통증과 피곤함을 느껴 병원을 찾았다.,local,10,합병,,,0.26451980835691774,,7.0,2.6451980835691775,3.1818181818181817,2.8598461228687793,False
2026-09-24,BD,2026-09-19 13:34:00,Naver News,https://www.pinpointnews.co.kr/news/articleView.html?idxno=488686,올릭스 신주 178만주 상장… 오버행 걷히고 기술이전 기대 커지나,"올릭스가 하반기 최소 한 건의 기술이전을 목표로 내세우면서 신약 파이프라인의 사업화 성과에 시장의 관심이 쏠리고 있다.교보증권은 최근 보고서에서 올릭스의 기술이전 후보로 일라이 릴리로 기술이전된 MASH 치료제 702A를 비롯해 로레알 계약 확대, 황반변성 치료제 301A, ALK7을 표적으로 하는 비만 치료제 501A 등을 꼽았다.올릭스는 RNA 간섭(RNAi) 기술을 기반으로 신약을 개발하는 바이오 기업이다. RNAi는 특정 유전자의 발현을 선택적으로 억제해 질환의 원인을 차단하는 방식으로, 올릭스는 이를 활용해 대사질환과 비만.","올릭스가 하반기 최소 한 건의 기술이전을 목표로 내세우면서 신약 파이프라인의 사업화 성과에 시장의 관심이 쏠리고 있다.교보증권은 최근 보고서에서 올릭스의 기술이전 후보로 일라이 릴리로 기술이전된 MASH 치료제 702A를 비롯해 로레알 계약 확대, 황반변성 치료제 301A, ALK7을 표적으로 하는 비만 치료제 501A 등을 꼽았다.올릭스는 RNA 간섭(RNAi) 기술을 기반으로 신약을 개발하는 바이오 기업이다. RNAi는 특정 유전자의 발현을 선택적으로 억제해 질환의 원인을 차단하는 방식으로, 올릭스는 이를 활용해 대사질환과 비만",local,10,로레알,,,0.22971189462773545,,8.0,2.2971189462773545,3.6363636363636367,2.8328168223118677,False
2026-09-24,Client,2026-09-21 12:20:00,Naver News,https://www.bosa.co.kr/news/articleView.html?idxno=3012549,미 인슐린 패치 펌프 승인 - 의학신문,베타 바이오닉스는 무-튜브 인슐린 패치 펌프 민트가 FDA 승인을 받았다고 최근 발표했다.이는 3일 착용에 200단위 인슐린 저.,[의학신문·일간보사=김자연 기자] 베타 바이오닉스는 무-튜브 인슐린 패치 펌프 민트가 FDA 승인을 받았다고 최근 발표했다.이는 3일 착용에 200단위 인슐린 저,local,10,애보트,,,0.2589064804299981,,7.0,2.589064804299981,3.1818181818181817,2.826166155307261,False
2026-09-24,BD,2026-09-24 12:50:00,Naver News,https://www.newsworker.co.kr/news/articleView.html?idxno=505966,"순천시, '320억 지식산업센터'... 승주읍 그린바이오 거점 육성 가속화 - 뉴스워커",순천시(시장 손훈모)가 농촌 지역의 새로운 성장 동력을 확보하고 지역 전반의 경제적 외연을 확장하기 위해 승주읍 일대를 중심으로 한 그린바이오 산업 생태계 고도화.,순천시(시장 손훈모)가 농촌 지역의 새로운 성장 동력을 확보하고 지역 전반의 경제적 외연을 확장하기 위해 승주읍 일대를 중심으로 한 그린바이오 산업 생태계 고도화,local,10,제휴,,,0.2587501158559079,,7.0,2.5875011585590793,3.1818181818181817,2.82522796786272,False
2026-09-24,Client,2026-09-23 16:32:00,Naver News,https://www.fnnews.com/news/202609231630236992,"SBA, 미국서 K바이오 950만달러 MOU [中企 글로벌 진출 돕는 공기관]",서울경제진흥원이 바이오·헬스케어·의료기기 분야 유망기업의 미국 시장 진출을 지원하며 950만달러 규모의 업무협약 성과를 거뒀다.23일 관련업계에 따르면 SBA는 지난 7일부터 13일까지 미국 뉴욕과 보스턴에서 서울기업의 미국 시장 진출을 지원하는 프로그램을 운..,서울경제진흥원이 바이오·헬스케어·의료기기 분야 유망기업의 미국 시장 진출을 지원하며 950만달러 규모의 업무협약 성과를 거뒀다.23일 관련업계에 따르면 SBA는 지난 7일부터 13일까지 미국 뉴욕과 보스턴에서 서울기업의 미국 시장 진출을 지원하는 프로그램을 운..,local,10,릴리,,,0.24667167022825595,,7.0,2.4667167022825596,3.1818181818181817,2.752757294096808,False
2026-09-24,Client,2026-09-23 18:32:00,Naver News,https://www.bosa.co.kr/news/articleView.html?idxno=3012793,“10년 뒤 역할 지금 준비해야”…임상병리사 미래 대응 주문 - 의학신문,임상병리사들이 AI와 지역사회 통합돌봄 확대 등 의료환경 변화에 맞춰 임상병리사의 역할과 교육체계를 함께 바꿔야 한다는데 인식을.,[의학신문·일간보사=정광성 기자] 임상병리사들이 AI와 지역사회 통합돌봄 확대 등 의료환경 변화에 맞춰 임상병리사의 역할과 교육체계를 함께 바꿔야 한다는데 인식을,local,10,로슈,,,0.4579167198612451,,0.0,4.579167198612451,0.0,2.7475003191674703,False
2026-09-24,BD,2026-09-23 16:14:00,Naver News,https://www.asiatoday.co.kr/kn/view.php?key=20260923010008846,"부광약품, 500억 펀드로 새 모달리티 찾는다…국내 바이오텍 90곳 검토",부광약품이 500억원 규모 바이오펀드를 앞세워 새로운 바이오의약품 기술 확보에 나선다. 지난 5월부터 국내 바이오기업 90곳을 살펴보며 자사에 없는 모달리티(modality·치료 접근법)를 찾고 있다. 단순 지분 투자에 그치지 않고 공동연구와 인수합병(M&A)까지 협..,부광약품이 500억원 규모 바이오펀드를 앞세워 새로운 바이오의약품 기술 확보에 나선다. 지난 5월부터 국내 바이오기업 90곳을 살펴보며 자사에 없는 모달리티(modality·치료 접근법)를 찾고 있다. 단순 지분 투자에 그치지 않고 공동연구와 인수합병(M&A)까지 협..,local,10,M&A,,,0.1799182685676331,,9.0,1.7991826856763309,4.090909090909091,2.715873247769435,False
2026-09-24,Reimbursement,2026-09-24 14:34:00,Naver News,https://www.cstimes.com/news/articleView.html?idxno=721951,"'사랑의 쌀' 1톤 목표 25% 초과…한림대동탄성심병원, 14년째 명절 나눔","컨슈머타임스=안성렬 기자 | 한림대학교동탄성심병원이 추석 명절을 맞아 교직원들의 자발적 급여 공제로 마련한 성금으로 목표치를 웃도는 쌀과 생필품을 모아 경기 남부권 취약계층에 전달했다.한림대학교동탄성심병원 사나래봉사단은 '사랑의 쌀 모으기'와 '따뜻한 한 끼 나눔' 기금을 활용해 지난 17일부터 23일까지 관내 취약계층 90가구를 대상으로 명절 물품 나눔 활동을 펼쳤다.경기 사랑의열매(사회복지공동모금회 경기도지회)의 연계로 진행된 이번 후원에는 화성시나래울종합사회복지관, 화성시동탄노인복지관, 화성시동탄아르딤복지관, 화성시동탄치동천종.","컨슈머타임스=안성렬 기자 | 한림대학교동탄성심병원이 추석 명절을 맞아 교직원들의 자발적 급여 공제로 마련한 성금으로 목표치를 웃도는 쌀과 생필품을 모아 경기 남부권 취약계층에 전달했다.한림대학교동탄성심병원 사나래봉사단은 '사랑의 쌀 모으기'와 '따뜻한 한 끼 나눔' 기금을 활용해 지난 17일부터 23일까지 관내 취약계층 90가구를 대상으로 명절 물품 나눔 활동을 펼쳤다.경기 사랑의열매(사회복지공동모금회 경기도지회)의 연계로 진행된 이번 후원에는 화성시나래울종합사회복지관, 화성시동탄노인복지관, 화성시동탄아르딤복지관, 화성시동탄치동천종",local,2,급여,,,0.17443252789151686,,9.0,1.7443252789151686,4.090909090909091,2.6829588037127374,False
2026-09-24,BD,2026-09-23 17:34:00,Naver News,https://www.sisajournal-e.com/news/articleView.html?idxno=423943,"큐라클, R&D비 감소 속 개발 확대···망막질환藥 2상 앞두고 옥석 가리기 - 시사저널e",큐라클이 파이프라인 옥석 가리기에 들어갔다. 임상 공백 영향으로 연구개발비가 감소했지만 경구용 망막질환 치료제 미국 2b상 진입을 앞두.,[시사저널e=최성근 기자] 큐라클이 파이프라인 옥석 가리기에 들어갔다. 임상 공백 영향으로 연구개발비가 감소했지만 경구용 망막질환 치료제 미국 2b상 진입을 앞두,local,10,판권,,,0.19612314133851733,,8.0,1.9612314133851734,3.6363636363636367,2.631284302576559,False
2026-09-24,Client,2026-09-23 07:48:00,Naver News,https://www.medicopharma.co.kr/news/articleView.html?idxno=69623,"노바티스 쇼그렌 허가심사 진입…암젠 3상 추가, 한올 IMVT-1402는 2028년",쇼그렌병 신약 경쟁의 시간차가 벌어지고 있다. 노바티스 이아날루맙이 미국과 유럽·중국·일본에서 허가신청을 마치고 FDA 우선심사 단계에 들어간 가운데 암젠도 다조달리벱의 첫 3상에서 주요평가변수를 충족했다. 한올바이오파마가 기술수출한 FcRn 항체 IMV.,[메디코파마뉴스=정재노 기자] 쇼그렌병 신약 경쟁의 시간차가 벌어지고 있다. 노바티스 이아날루맙이 미국과 유럽·중국·일본에서 허가신청을 마치고 FDA 우선심사 단계에 들어간 가운데 암젠도 다조달리벱의 첫 3상에서 주요평가변수를 충족했다. 한올바이오파마가 기술수출한 FcRn 항체 IMV,local,10,암젠,,,0.43351572422326135,,0.0,4.335157242232613,0.0,2.601094345339568,False
2026-09-24,Client,2026-09-21 06:22:00,Naver News,https://www.yakup.com/news/index.html?mode=view&cat=12&nid=332798,"[약업신문]아이씨엠 “ICM-203, 골관절염 치료 패러다임 바꾸는 DMOAD로 키운다”",아이씨엠 김대원 대표가 ‘Biologics Manufacturing Korea 2026’에서 발표하고 있다.©약업신문=허지수 기자아이씨엠 김대원 대표이사.©약업신문=허지수 기자골관절염 치료의 오랜 과제인 관절 구조 개선과 통증·기...,아이씨엠 김대원 대표가 ‘Biologics Manufacturing Korea 2026’에서 발표하고 있다.©약업신문=허지수 기자아이씨엠 김대원 대표이사.©약업신문=허지수 기자골관절염 치료의 오랜 과제인 관절 구조 개선과 통증·기...,local,10,아스텔라스,,,0.22069281804731442,,7.0,2.206928180473144,3.1818181818181817,2.596884181011159,False
2026-09-24,Client,2026-09-21 17:14:00,Naver News,https://www.hankookilbo.com/news/article/A2026092115240001867?did=NA,"알츠하이머병 신약 뇌 이상반응, 국내 투약 환자 직접 분석해보니...-경제ㅣ한국일보",① 고려대 구로병원 연구팀은 2024년 12월부터 2026년 8월까지 레켐비 투약 환자 233명의 이상반응을 분석했습니다. ② 뇌 MRI에서 뇌부종이나 뇌고랑 삼출은 4%였고 미세 출혈은 8.5%였으며 대부분은 경증이거나 무증상이었습니다. ③ 연구팀은 기존 뇌 변화가 있던 환자에서 이상 소견이 더 많았고 치료 전 위험 평가와 정기 MRI 검사가 필요하다고 강조했습니다.,① 고려대 구로병원 연구팀은 2024년 12월부터 2026년 8월까지 레켐비 투약 환자 233명의 이상반응을 분석했습니다. ② 뇌 MRI에서 뇌부종이나 뇌고랑 삼출은 4%였고 미세 출혈은 8.5%였으며 대부분은 경증이거나 무증상이었습니다. ③ 연구팀은 기존 뇌 변화가 있던 환자에서 이상 소견이 더 많았고 치료 전 위험 평가와 정기 MRI 검사가 필요하다고 강조했습니다.,local,10,바이오젠,,,0.20181065689032018,,7.0,2.018106568903202,3.1818181818181817,2.483591214069194,False
2026-09-24,Therapeutic Areas,2026-09-24 08:01:00,Naver News,https://www.kyeonggi.com/article/20260921580697,출산 장려 넘어 양육 지속으로…국가가 먼저 ‘촘촘한 케어’ [예방국가: 위기보다 한 발 먼저⑥],"정부의 저출생 정책이 단순히 출산을 장려하는 데서 그치지 않고 아이를 원하는 사람이 가족을 이루고 출산 후에도 양육을 안정적으로 이어갈 수 있도록 생애 단계별 부담을 덜어주는 방향으로 넓어지고 있다. 난임 치료비와 직장생활의 부담, 출산 이후 양육, 돌봄의 어려움 등이.","정부의 저출생 정책이 단순히 출산을 장려하는 데서 그치지 않고 아이를 원하는 사람이 가족을 이루고 출산 후에도 양육을 안정적으로 이어갈 수 있도록 생애 단계별 부담을 덜어주는 방향으로 넓어지고 있다. 난임 치료비와 직장생활의 부담, 출산 이후 양육, 돌봄의 어려움 등이",local,2,난임,,,0.2583696289912602,,5.0,2.583696289912602,2.2727272727272725,2.4593086830384703,False
2026-09-24,BD,2026-09-22 09:08:00,Naver News,http://www.the-biz.co.kr/news/articleView.html?idxno=728224,유한양행 렉라자 日 병용투여 간격 확대… 피하주사 4주 1회 승인 - THE Biz(더비즈),=정윤식 기자] 유한양행이 개발한 폐암 신약 렉라자(레이저티닙)의 일본 병용요법에서 아미반타맙 피하주사제 투여 간격이 확대됐다.,[THE Biz(더비즈)=정윤식 기자] 유한양행이 개발한 폐암 신약 렉라자(레이저티닙)의 일본 병용요법에서 아미반타맙 피하주사제 투여 간격이 확대됐다. 기존 2주,local,10,얀센,,,0.19474628401263966,,7.0,1.9474628401263967,3.1818181818181817,2.4412049768031108,False
2026-09-24,BD,2026-09-25 07:28:00,Naver News,https://www.edaily.co.kr/News/Read?newsId=01699046645583728&mediaCodeNo=257&utm_source=naver&utm_medium=referral&utm_campaign=news_syndication&utm_content=original_article,적게 먹는데 혈당 오른다면 탄수화물 종류부터 살펴야,"주부 이모 씨(55세)는 최근 당뇨병 진단 후 식사량을 크게 줄였지만 혈당이 기대만큼 조절되지 않아 병원을 다시 찾았다. 이 씨는 평소 먹던 밥을 반 공기 이하로 줄였지만 식사 사이 출출함을 달래기 위해 떡이나 과자, 과일주스 등을 섭취하고 있었다. 이 씨는 담당 주...","주부 이모 씨(55세)는 최근 당뇨병 진단 후 식사량을 크게 줄였지만 혈당이 기대만큼 조절되지 않아 병원을 다시 찾았다. 이 씨는 평소 먹던 밥을 반 공기 이하로 줄였지만 식사 사이 출출함을 달래기 위해 떡이나 과자, 과일주스 등을 섭취하고 있었다. 이 씨는 담당 주...",local,10,합병,,,0.17868791387457628,,7.0,1.7868791387457628,3.1818181818181817,2.3448547559747306,False
2026-09-24,BD,2026-09-18 17:18:00,Naver News,https://www.viva100.com/article/20260918500835,[명의칼럼] ‘엘큐어 전기자극요법’ … 난치성질환 해결 투쟁의 성과물,심영기 연세에스의원 원장 의대에서 성형외과를 수료하고 안면성형으로 제법 이름을 알린 필자는 성형 결과를 놓고 민감하게 반응하는 고객들로부터 자유롭고 싶어 당시로서는 난치성 질환인 하지정맥류 치료에 도전했다. 독일과 프랑스를 오가며 오늘날 보편화된 하지정맥류 경화시술을.,심영기 연세에스의원 원장 의대에서 성형외과를 수료하고 안면성형으로 제법 이름을 알린 필자는 성형 결과를 놓고 민감하게 반응하는 고객들로부터 자유롭고 싶어 당시로서는 난치성 질환인 하지정맥류 치료에 도전했다. 독일과 프랑스를 오가며 오늘날 보편화된 하지정맥류 경화시술을,local,10,생물학적제제,,,0.17682953855555433,,7.0,1.7682953855555432,3.1818181818181817,2.3337045040605986,False
2026-09-24,Client,2026-09-21 11:12:00,Naver News,http://www.press9.kr/news/articleView.html?idxno=83075,"SK바이오팜, 파킨슨병 단일표적 실패 타산지석...'이중저해' 선택한 이유[Pipeline Review②]","SK바이오팜이 한 가지 원인에 집중했던 기존 파킨슨병 신약 후보물질과 달리 서로 연결된 두 병리 기전을 동시에 겨냥하는 치료제 개발에 나섰다. 앞서 비슷한 표적을 각각 단독으로 공략한 후보물질들이 임상에서 질병 진행을 늦추지 못한 만큼, 두 표적을 함께 조절하는 접근법이 차별점으로 부각된다.표적은 억제했는데 질병 못 늦춰…단일표적 후보 잇단 고배SK바이오팜이 퍼스트바이오테라퓨틱스로부터 도입한 ‘1ST-104’는 LRRK2와 c-Abl을 동시에 저해하는 경구용 저분자화합물이다. LRRK2는 파킨슨병 신약 개발에서 오랫동.","[프레스나인] SK바이오팜이 한 가지 원인에 집중했던 기존 파킨슨병 신약 후보물질과 달리 서로 연결된 두 병리 기전을 동시에 겨냥하는 치료제 개발에 나섰다. 앞서 비슷한 표적을 각각 단독으로 공략한 후보물질들이 임상에서 질병 진행을 늦추지 못한 만큼, 두 표적을 함께 조절하는 접근법이 차별점으로 부각된다.표적은 억제했는데 질병 못 늦춰…단일표적 후보 잇단 고배SK바이오팜이 퍼스트바이오테라퓨틱스로부터 도입한 ‘1ST-104’는 LRRK2와 c-Abl을 동시에 저해하는 경구용 저분자화합물이다. LRRK2는 파킨슨병 신약 개발에서 오랫동",local,10,바이오젠,,,0.13974642405094037,,8.0,1.3974642405094038,3.6363636363636367,2.293023998851097,False
2026-09-24,Product Approval,2026-09-25 08:00:00,Naver News,https://news.hidoc.co.kr/news/articleView.html?idxno=67800,만성 설사 부르는 ‘담즙산 흡수장애’… 프로바이오틱스로 3주 만에 수치 개선 - 하이닥,"만성 설사를 겪는 담즙산 흡수장애 환자에게 고용량 복합 프로바이오틱스를 3주간 복용시킨 결과, 담즙산 대사가 개선된 것으로 나타났다. 미국 메이요 클리닉 소화기내.","만성 설사를 겪는 담즙산 흡수장애 환자에게 고용량 복합 프로바이오틱스를 3주간 복용시킨 결과, 담즙산 대사가 개선된 것으로 나타났다. 미국 메이요 클리닉 소화기내",local,2,용량,,,0.16471852698033293,,7.0,1.6471852698033294,3.1818181818181817,2.2610384346092705,False
2026-09-24,BD,2026-09-22 10:22:00,Naver News,https://view.asiae.co.kr/article/2026092116123107590,"에이비엘바이오, 대표이사 가족까지?...""아직 조사대상 아냐""",기술수출을 둘러싼 미공개 정보 이용 의혹에 휩싸인 에이비엘바이오에 대한 당국의 조사가 어디까지 확대될지를 두고 바이오 업계와 투자자들이 촉각을 곤두세우.,기술수출을 둘러싼 미공개 정보 이용 의혹에 휩싸인 에이비엘바이오에 대한 당국의 조사가 어디까지 확대될지를 두고 바이오 업계와 투자자들이 촉각을 곤두세우.,local,10,GSK,,,0.1640456984906809,,7.0,1.640456984906809,3.1818181818181817,2.257001463671358,False
2026-09-24,BD,2026-09-22 15:21:00,Naver News,https://www.sidae.com/article/2026092213342763539,바이오 기술수출 새 경로 된 '뉴코',국내 바이오기업의 기술수출 경로가 넓어지고 있다. 신약 후보물질을 글로벌 제약사에 직접 이전하는 방식에서 나아가 별도 법인인 '뉴코'(NewCo·New Company)를 거쳐 글로벌 개발과 상업화로 이어지는 사례가 확산하는 모습이다. 뉴코는 유망 신약 후보물질을 중심으로 설립된 독립 법인이다.,국내 바이오기업의 기술수출 경로가 넓어지고 있다. 신약 후보물질을 글로벌 제약사에 직접 이전하는 방식에서 나아가 별도 법인인 '뉴코'(NewCo·New Company)를 거쳐 글로벌 개발과 상업화로 이어지는 사례가 확산하는 모습이다. 뉴코는 유망 신약 후보물질을 중심으로 설립된 독립 법인이다.,local,10,머크,,,0.35740923238293654,,0.0,3.5740923238293654,0.0,2.144455394297619,False
2026-09-24,BD,2026-09-23 22:08:00,Naver News,https://www.gukjenews.com/news/articleView.html?idxno=3705117,"추석 연휴 벌초·성묘 증가…울진군, 진드기 감염 주의보 발령","추석 연휴를 앞두고 울진군은 벌초와 성묘 등 야외활동이 늘어남에 따라 진드기 매개 감염병 예방을 강조했다.진드기에 물릴 경우 쯔쯔가무시증, 중증열성혈소판감소증후군(SFTS) 등 감염병이 발생할 수 있다.이들 질환은 4월부터 11월 사이에 주로 발생하며, 특히 추석 전후로 환자 수가 증가하는 경향이 있다는 설명이다.중증열성혈소판감소증후군(SFTS)은 고열, 구토, 설사 등 소화기 증상과 혈소판·백혈구 감소가 나타날 수 있으며, 중증으로 진행될 경우 치명률이 높다고 울진보건소는 설명했다.쯔쯔가무시증의.","(울진=국제뉴스) 김충남 기자 = 추석 연휴를 앞두고 울진군은 벌초와 성묘 등 야외활동이 늘어남에 따라 진드기 매개 감염병 예방을 강조했다.진드기에 물릴 경우 쯔쯔가무시증, 중증열성혈소판감소증후군(SFTS) 등 감염병이 발생할 수 있다.이들 질환은 4월부터 11월 사이에 주로 발생하며, 특히 추석 전후로 환자 수가 증가하는 경향이 있다는 설명이다.중증열성혈소판감소증후군(SFTS)은 고열, 구토, 설사 등 소화기 증상과 혈소판·백혈구 감소가 나타날 수 있으며, 중증으로 진행될 경우 치명률이 높다고 울진보건소는 설명했다.쯔쯔가무시증의",local,10,백신,,,0.1428008549018956,,7.0,1.4280085490189558,3.1818181818181817,2.129532402138646,False
2026-09-24,Client,2026-09-24 07:48:00,Naver News,https://www.medipana.com/news/articleView.html?idxno=418232,"로슈·아이오니스, IgA신병증 RNA 치료제 3상 중간분석 성공 - 메디파나뉴스","로슈와 아이오니스가 공동 개발하는 IgA신병증 RNA 치료제가 임상 3상 중간분석에서 단백뇨를 유의하게 줄였다. 다만 장기적인 신장기능 보존 효과는 임상을 계속 진행해 확인할 예정이다. IgA신병증은 면역항체인 IgA가 신장 사구체에 쌓여 염증과 손상을 일으키는 만성 신장질환이다. 환자에 따라 단백뇨와 혈뇨가 나타나며, 일부는 신장기능이 지속적으로 떨어져.","로슈와 아이오니스가 공동 개발하는 IgA신병증 RNA 치료제가 임상 3상 중간분석에서 단백뇨를 유의하게 줄였다. 다만 장기적인 신장기능 보존 효과는 임상을 계속 진행해 확인할 예정이다. IgA신병증은 면역항체인 IgA가 신장 사구체에 쌓여 염증과 손상을 일으키는 만성 신장질환이다. 환자에 따라 단백뇨와 혈뇨가 나타나며, 일부는 신장기능이 지속적으로 떨어져",local,10,로슈,,,0.3523837249074186,,0.0,3.523837249074186,0.0,2.1143023494445115,False
2026-09-24,Therapeutic Areas,2026-09-25 08:24:00,Naver News,https://www.edaily.co.kr/News/Read?newsId=01731846645583728&mediaCodeNo=257&utm_source=naver&utm_medium=referral&utm_campaign=news_syndication&utm_content=original_article,"췌장암, 수술 가능 여부가 치료 방향의 첫 갈림길","췌장암 진단을 받으면 환자와 가족이 가장 먼저 묻는 질문은 ‘수술로 뗄 수 있나요’다. 췌장암 치료는 이 질문에 대한 답, 즉 수술 가능 여부에 따라 큰 방향이 갈린다. 건국대병원 천영국 소화기내과 교수는 “췌장암은 진단 시점의 병기와 종양의 위치, 혈관 침범 여부...","췌장암 진단을 받으면 환자와 가족이 가장 먼저 묻는 질문은 ‘수술로 뗄 수 있나요’다. 췌장암 치료는 이 질문에 대한 답, 즉 수술 가능 여부에 따라 큰 방향이 갈린다.  건국대병원 천영국 소화기내과 교수는 “췌장암은 진단 시점의 병기와 종양의 위치, 혈관 침범 여부...",local,2,항암제,,,0.20008028184866852,,5.0,2.0008028184866853,2.2727272727272725,2.1095726001829203,False
2026-09-24,Client,2026-09-24 14:02:00,Naver News,https://www.edaily.co.kr/News/Read?newsId=02079526645583400&mediaCodeNo=257&utm_source=naver&utm_medium=referral&utm_campaign=news_syndication&utm_content=original_article,"[신약개발 나선 빅테크下] 2조9000억 vs 160억…韓 AI신약, 알고리즘 아닌 ‘체력’에서 갈렸다",구글 딥마인드에서 분사한 아이소모픽랩스가 지난 5월 단일 라운드로 조달한 자금은 약 2조9000억원이다. 같은 기간 국내 대표 인공지능(AI) 신약개발 기업의 시리즈B 규모는...,이 기사는 2026년09월23일 08시05분에 팜이데일리 프리미엄 콘텐츠로 선공개 되었습니다. 구글 딥마인드에서 분사한 아이소모픽랩스가 지난 5월 단일 라운드로 조달한 자금은 약 2조9000억원이다. 같은 기간 국내 대표 인공지능(AI) 신약개발 기업의 시리즈B 규모는...,local,10,릴리,,,0.1147108516368829,,7.0,1.147108516368829,3.1818181818181817,1.9609923825485702,False
2026-09-24,BD,2026-09-25 07:00:00,Naver News,https://daily.hankooki.com/news/articleView.html?idxno=1408952,“풀밭 함부로 눕지 마세요”…추석 성묘·나들이길 진드기 비상,"선선한 가을, 민족 대명절 추석을 맞아 성묘와 벌초를 비롯한 야외활동이 늘면서 진드기 매개 감염병에 대한 주의가 요구되고 있다. 주요 질환의 증상과 감염 위험이 높은 활동, 야외활동 전후 예방수칙을 살펴봤다.25일 질병관리청에 따르면 국내에서 발생하는 주요 진드기 매개 감염병에는 '쯔쯔가무시증'과 '중증열성혈소판감소증후군'(SFTS)이 있다. 두 질병은 최근 3년간 국내 전체 환자의 72.1%가 9~11월에 집중됐다.진드기 매개 감염병은 주로 진드기에 물리면서 감염된다.","[데일리한국 심우민 기자] 선선한 가을, 민족 대명절 추석을 맞아 성묘와 벌초를 비롯한 야외활동이 늘면서 진드기 매개 감염병에 대한 주의가 요구되고 있다. 주요 질환의 증상과 감염 위험이 높은 활동, 야외활동 전후 예방수칙을 살펴봤다.25일 질병관리청에 따르면 국내에서 발생하는 주요 진드기 매개 감염병에는 '쯔쯔가무시증'과 '중증열성혈소판감소증후군'(SFTS)이 있다. 두 질병은 최근 3년간 국내 전체 환자의 72.1%가 9~11월에 집중됐다.진드기 매개 감염병은 주로 진드기에 물리면서 감염된다. 질병청이 지난해 주요 환자 3685",local,10,백신,,,0.0992532807345456,,7.0,0.992532807345456,3.1818181818181817,1.8682469571345464,False
2026-09-24,Product Approval,2026-09-24 12:18:00,Naver News,http://www.thefirstmedia.net/news/articleView.html?idxno=209516,"온코닉테라퓨틱스 자큐보, 중국 주사제 3상 돌입…100만달러 마일스톤 확보",온코닉테라퓨틱스의 위식도역류질환 치료제 ‘자스타프라잔’이 중국에서 주사제 임상 3상에 들어갔다. 임상 진행에 따라 온코닉테라퓨틱스는 중국 기술이전 파트너로부터 100만달러 규모의 개발 마일스톤을 추가로 확보하게 됐다.온코닉테라퓨틱스는 지난 23일 중국 파트너사 리브존제약(Livzon Pharmaceutical Group)이 이달 자스타프라잔 주사제 임상 3상에서 첫 환자 투여를 시작했다고 밝혔다.이번 임상은 소화성궤양 출혈(Peptic Ulcer Bleeding) 환자를 대상으로 자스타프라잔 주사제의 유효성과.,온코닉테라퓨틱스의 위식도역류질환 치료제 &lsquo;자스타프라잔&rsquo;이 중국에서 주사제 임상 3상에 들어갔다. 임상 진행에 따라 온코닉테라퓨틱스는 중국 기술이전 파트너로부터 100만달러 규모의 개발 마일스톤을 추가로 확보하게 됐다.온코닉테라퓨틱스는 지난 23일 중국 파트너사 리브존제약(Livzon Pharmaceutical Group)이 이달 자스타프라잔 주사제 임상 3상에서 첫 환자 투여를 시작했다고 밝혔다.이번 임상은 소화성궤양 출혈(Peptic Ulcer Bleeding) 환자를 대상으로 자스타프라잔 주사제의 유효성과,local,2,제형,,,0.06276048918647256,,8.0,0.6276048918647257,3.6363636363636367,1.8311083896642901,False
2026-09-24,BD,2026-09-25 07:04:00,Naver News,https://biz.heraldcorp.com/article/10884381?ref=naver,"‘해외 파이프라인 도입·美 자회사 완주’…HLB, 신약모델 새로 썼다",국내 바이오 기업 HLB가 해외 유망 바이오텍의 신약 후보물질을 들여와 미국 현지 자회사를 통해 식품의약국(FDA) 허가와 상업화까지 완주하는.,[헤럴드경제=최은지 기자] 국내 바이오 기업 HLB가 해외 유망 바이오텍의 신약 후보물질을 들여와 미국 현지 자회사를 통해 식품의약국(FDA) 허가와 상업화까지 완주하는,local,10,라이선스,,,0.06222361618787045,,8.0,0.6222361618787045,3.6363636363636367,1.8278871516726776,False
2026-09-24,Client,2026-09-23 07:02:00,Naver News,https://www.thebell.co.kr/free/content/ArticleView.asp?key=202609171640222600101674,"[더벨][thebell interview] '연구에서 임상까지' 리가켐 옥찬영 ""ADC 개발...",이후 루닛에서 6년간 CMO로 AI 기반 병리 바이오마커 개발을 주도했고 제넨텍과 아스트라제네카 등 글로벌 제약사와 협력 프로젝트를 진행했다. 방영주 전 서울대병원 교수와 신약개발 컨설팅 업체인 방앤옥 컨설팅도... ,이후 루닛에서 6년간 CMO로 AI 기반 병리 바이오마커 개발을 주도했고 제넨텍과 아스트라제네카 등 글로벌 제약사와 협력 프로젝트를 진행했다. 방영주 전 서울대병원 교수와 신약개발 컨설팅 업체인 방앤옥 컨설팅도... ,local,10,아스트라제네카,,,0.30250310521805224,,0.0,3.0250310521805224,0.0,1.8150186313083134,False
2026-09-24,BD,2026-09-25 08:30:00,Naver News,https://www.medipana.com/news/articleView.html?idxno=418247,"MSD 30억달러 안과 승부수, 후기 임상 성공…안전성은 변수 - 메디파나뉴스","글로벌 빅파마 MSD가 최대 30억달러를 투입해 확보한 안과 신약 후보물질 '레미그로미그(remigromig·MK-3000)'가 당뇨황반부종 후기 임상에서 1차 평가지표를 충족했다. 기존 표준치료제인 라니비주맙과 비교해 시력 개선 효과의 비열등성을 입증했지만, 일부 안과 이상사례가 비교군보다 많이 관찰돼 향후 허가와 시장 경쟁력을 가를 안전성 변수로 남았다.","글로벌 빅파마 MSD가 최대 30억달러를 투입해 확보한 안과 신약 후보물질 '레미그로미그(remigromig·MK-3000)'가 당뇨황반부종 후기 임상에서 1차 평가지표를 충족했다. 기존 표준치료제인 라니비주맙과 비교해 시력 개선 효과의 비열등성을 입증했지만, 일부 안과 이상사례가 비교군보다 많이 관찰돼 향후 허가와 시장 경쟁력을 가를 안전성 변수로 남았다",local,10,인수,,,0.30152223419409047,,0.0,3.0152223419409045,0.0,1.8091334051645427,False
2026-09-24,Distribution,2026-09-22 17:12:00,Naver News,https://www.hitnews.co.kr/news/articleView.html?idxno=79358,[주식] 임상3상 성공한 인벤테라…상장 5개월 만 주가 '반등',"오늘의 증시시장 지수KOSPI: 7,017.91 (▲0.15%)KOSDAQ: 834.38 (▼0.23%)상승 종목인벤테라(+21.02%), 블루엠텍(+14.60%), 아이엠바이오로직스(+12.66%), 지씨지놈(+6.65%), 듀켐바이오(+6.32%)하락 종목펩트론(-11.09%), 제넥신(-8.70%), 휴젤(-7.38%), 오름테라퓨틱(-7.14%), 한국비엔씨(-6.70%) 오늘의 이슈인벤테라(▲21.02%): 조영제 신약후보 INV-002 국내 3상 임상 성공보령(▲0.12%): 중국 이판제약에 '탁소텔' 7년 공급…3837.","오늘의 증시시장 지수KOSPI: 7,017.91 (▲0.15%)KOSDAQ: 834.38 (▼0.23%)상승 종목인벤테라(+21.02%), 블루엠텍(+14.60%), 아이엠바이오로직스(+12.66%), 지씨지놈(+6.65%), 듀켐바이오(+6.32%)하락 종목펩트론(-11.09%), 제넥신(-8.70%), 휴젤(-7.38%), 오름테라퓨틱(-7.14%), 한국비엔씨(-6.70%) 오늘의 이슈인벤테라(▲21.02%): 조영제 신약후보 INV-002 국내 3상 임상 성공보령(▲0.12%): 중국 이판제약에 '탁소텔' 7년 공급…3837",local,10,블루엠텍,,,0.2856686781712873,,0.0,2.8566867817128734,0.0,1.714012069027724,False
2026-09-24,Client,2026-09-23 08:48:00,Naver News,https://www.medicopharma.co.kr/news/articleView.html?idxno=69626,빅파마 AI 신약개발 경쟁 확산…승부처는 ‘실험 데이터’,글로벌 제약사들이 인공지능(AI)을 신약 연구개발 전반으로 확대하면서 경쟁의 중심도 범용 AI 모델에서 독자적인 실험 데이터 확보와 이를 다시 연구에 활용하는 구조로 이동하고 있다는 분석이 나왔다.다올투자증권은 보고서에서 “실험 결과를 AI가 학습해 다음.,[메디코파마뉴스=최원석 기자] 글로벌 제약사들이 인공지능(AI)을 신약 연구개발 전반으로 확대하면서 경쟁의 중심도 범용 AI 모델에서 독자적인 실험 데이터 확보와 이를 다시 연구에 활용하는 구조로 이동하고 있다는 분석이 나왔다.다올투자증권은 보고서에서 “실험 결과를 AI가 학습해 다음,local,10,MSD,,,0.0729598628488856,,7.0,0.729598628488856,3.1818181818181817,1.7104864498205863,False
2026-09-24,Client,2026-09-22 05:52:00,Naver News,https://www.kpanews.co.kr/news/articleView.html?idxno=544516,"BMS, 오름테라퓨틱서 사들인 1억 달러 DAC 개발 중단 - 약사공론",브리스톨마이어스스퀴브(Bristol Myers Squibb·BMS)가 오름테라퓨틱(Orum Therapeutics)으로부터 1억 달러에 사들인 분해제-항체 접합체.,브리스톨마이어스스퀴브(Bristol Myers Squibb·BMS)가 오름테라퓨틱(Orum Therapeutics)으로부터 1억 달러에 사들인 분해제-항체 접합체,local,10,화이자,,,0.06239845776528865,,7.0,0.6239845776528865,3.1818181818181817,1.6471180193190045,False
2026-09-24,Therapeutic Areas,2026-09-23 11:38:00,Naver News,http://www.bokuennews.com/news/article.html?no=284710,월경이 자꾸 불규칙하다면…'다낭난소증후군' 살펴봐야,이대목동병원 산부인과 이제연 교수 규칙적이던 월경 주기가 갑자기 길어지거나 월경을 건너뛰는 일이 반복된다면 단순한 컨디션 변화로 넘기지 말고 원인을 확인할 필요가 있다. 특히 체중 증가와 함께 다모증..,"이대목동병원 산부인과 이제연 교수



규칙적이던 월경 주기가 갑자기 길어지거나 월경을 건너뛰는 일이 반복된다면 단순한 컨디션 변화로 넘기지 말고 원인을 확인할 필요가 있다. 특히 체중 증가와 함께 다모증..",local,2,불임,,,0.10581007578387681,,5.0,1.0581007578387682,2.2727272727272725,1.54395136379417,False
2026-09-24,Product Approval,2026-09-25 06:02:00,Naver News,https://www.ebn.co.kr/news/articleView.html?idxno=1725553,[신년사 중간점검] '적토마 질주' 빗댄 서정진…셀트리온 '실적·신약' 두 마리 토끼 잡다 - 이비엔(EBN)뉴스센터,"2026년 병오년 새해, 서정진 셀트리온그룹 회장은 임직원들에게 ""2026년부터 2028년까지 3개년은 셀트리온이 퀀텀 리프를 위해 혁신 기반을 다지는 시기""라고.","2026년 병오년 새해, 서정진 셀트리온그룹 회장은 임직원들에게 ""2026년부터 2028년까지 3개년은 셀트리온이 퀀텀 리프를 위해 혁신 기반을 다지는 시기""라고",local,2,허가,,,0.03914700074829297,,7.0,0.3914700074829297,3.1818181818181817,1.5076092772170306,False
2026-09-24,Therapeutic Areas,2026-09-23 23:46:00,Naver News,https://www.koreahealthlog.com/news/articleView.html?idxno=59161,"가임기 여성, 월경 불규칙하고 수염·여드름 나면 ‘다낭난소증후군’ 의심",# 최모 씨는 평소 규칙적인 월경 주기를 유지했다. 그러다 최근 체중이 늘면서 월경이 불규칙해지기 시작했다. 단순 일시 변화로 여겼지만 증상은 계속됐다. 평소에도 어느 정도 체모가 있던 최 씨는 여드름까지 심해졌다. 최 씨는 걱정스러운 마음에 병원을 찾아 검사를 통해 ‘다낭난소증후군’을 진단받았다.다낭난소증후군은 난소에서 배란이 잘 되지 않거나 여성호르몬에 비해 상대적으로 남성호르몬분비가 증가하면서 월경불순을 일으키는 가임기 여성 생식 내분비 질환이다.,"# 최모 씨는 평소 규칙적인 월경 주기를 유지했다. 그러다 최근 체중이 늘면서 월경이 불규칙해지기 시작했다. 단순 일시 변화로 여겼지만 증상은 계속됐다. 평소에도 어느 정도 체모가 있던 최 씨는 여드름까지 심해졌다. 최 씨는 걱정스러운 마음에 병원을 찾아 검사를 통해 ‘다낭난소증후군’을 진단받았다.다낭난소증후군은 난소에서 배란이 잘 되지 않거나 여성호르몬에 비해 상대적으로 남성호르몬분비가 증가하면서 월경불순을 일으키는 가임기 여성 생식 내분비 질환이다. 턱이나 인중에 다모증과 여드름, 여성형 탈모 등 남성호르몬 관련된 증상이 나타날",local,2,난임,,,0.07176766639327489,,5.0,0.717676663932749,2.2727272727272725,1.3396969074505585,False
2026-09-24,BD,2026-09-23 06:00:00,Naver News,https://www.apsk.co.kr/news/articleView.html?idxno=540526,바이엘 이어 애브비도 손잡았다…빅파마 신약개발 파고드는 'AI 약물설계' - 메디팜스투데이,글로벌 제약사들이 인공지능(AI)을 신약개발 현장에 빠르게 끌어들이고 있다. 단순히 새로운 타깃을 찾는 보조 수단에 그치지 않고 실제 후보물질을 설계하고 최적화하.,글로벌 제약사들이 인공지능(AI)을 신약개발 현장에 빠르게 끌어들이고 있다. 단순히 새로운 타깃을 찾는 보조 수단에 그치지 않고 실제 후보물질을 설계하고 최적화하,local,10,애브비,,,0.19528465241096962,,0.0,1.9528465241096962,0.0,1.1717079144658176,False
2026-09-24,Client,2026-09-23 08:30:00,Naver News,http://www.mkhealth.co.kr/news/articleView.html?idxno=80199,임상은 멈추고 투자는 계속…차세대 항암기술 'DAC' 시험대,차세대 항암 기술로 주목받은 단백질분해 유도 항체접합체(DAC) 후보물질의 임상 중단 사례가 나오고 있다. 글로벌 제약사들의 기술 투자는 계속되면서 새로운 플랫폼의 가능성을 검증하는 과정으로 보는 분위기다.23일 관련업계에 따르면 DAC는 항체 접합 기술을 활용해 암세포 안으로 단백질 분해제를 전달하는 치료 전략이다. 기존 항체약물접합체(ADC)와 비교하면 차이가 보다 분명하다.,"차세대 항암 기술로 주목받은 단백질분해 유도 항체접합체(DAC) 후보물질의 임상 중단 사례가 나오고 있다. 글로벌 제약사들의 기술 투자는 계속되면서 새로운 플랫폼의 가능성을 검증하는 과정으로 보는 분위기다.23일 관련업계에 따르면 DAC는 항체 접합 기술을 활용해 암세포 안으로 단백질 분해제를 전달하는 치료 전략이다. 기존 항체약물접합체(ADC)와 비교하면 차이가 보다 분명하다. ADC는 암세포를 찾아가는 항체에 세포독성 저분자 약물을 붙여 표적 세포를 공격한다. DAC 역시 항체를 운반체로 활용하지만, 암세포를 제거하는 '실행약물",local,10,BMS,,,0.1517537734883078,,0.0,1.5175377348830779,0.0,0.9105226409298467,False
2026-09-24,Product Approval,2026-09-24 08:48:00,Naver News,https://www.medicopharma.co.kr/news/articleView.html?idxno=69640,"서울대병원, 美 셀라레스와 PNH 세포치료제 제조 자동화…미국 임상 준비",서울대학교병원이 미국 세포치료제 자동화 전문기업 셀라레스(Cellares)와 발작성야간혈색소뇨증(PNH) 치료제 제조공정의 자동화에 나선다. 국내에서 개발 중인 초기 세포·유전자치료제의 제조공정을 미국 자동화 플랫폼으로 이전해 향후 미국 임상 진입까지 연.,[메디코파마뉴스=정재노 기자] 서울대학교병원이 미국 세포치료제 자동화 전문기업 셀라레스(Cellares)와 발작성야간혈색소뇨증(PNH) 치료제 제조공정의 자동화에 나선다. 국내에서 개발 중인 초기 세포·유전자치료제의 제조공정을 미국 자동화 플랫폼으로 이전해 향후 미국 임상 진입까지 연,local,2,제형,,,0.14209279626752852,,0.0,1.420927962675285,0.0,0.852556777605171,False
2026-09-24,Client,2026-09-23 05:52:00,Naver News,https://www.kpanews.co.kr/news/articleView.html?idxno=544678,"비콘, X연관 망막색소변성증 유전자치료제 허가 신청 채비 - 약사공론",비콘 테라퓨틱스(Beacon Therapeutics)가 X연관 망막색소변성증(XLRP) 유전자치료제의 허가 임상에서 시력 개선에 성공하며 규제 승인 신청에 나선다.,비콘 테라퓨틱스(Beacon Therapeutics)가 X연관 망막색소변성증(XLRP) 유전자치료제의 허가 임상에서 시력 개선에 성공하며 규제 승인 신청에 나선다,local,10,바이오젠,,,0.13623265296762194,,0.0,1.3623265296762193,0.0,0.8173959178057315,False
2026-09-24,Product Approval,2026-09-25 05:56:00,Naver News,https://www.kpanews.co.kr/news/articleView.html?idxno=544636,[럿거스 탐방③] 산학협력과 규제과학이 이끄는 GMP 제약 공정: C-SOPS 방문 - 약사공론,"앞선 임상 교육에서 ‘어떤 약을, 어떤 환자에게, 어떻게 사용할 것인가’를 고민했다면, 이어진 생산 현장 견학에서는 ‘고품질 의약품이 실제로 어떻게 만들어지는가’.","앞선 임상 교육에서 ‘어떤 약을, 어떤 환자에게, 어떻게 사용할 것인가’를 고민했다면, 이어진 생산 현장 견학에서는 ‘고품질 의약품이 실제로 어떻게 만들어지는가’",local,2,제형,,,0.1289791867055802,,0.0,1.289791867055802,0.0,0.7738751202334812,False
2026-09-24,Product Approval,2026-09-24 22:52:00,Naver News,https://www.kpanews.co.kr/news/articleView.html?idxno=544634,[럿거스 탐방②] 약사의 역할은 어디까지? 환자 중심 약료 현장을 가다 - 약사공론,Simulation Lab에서 경험한 능동적인(Proactive) 임상적 판단현지 약대생들과 교류하며 생긴 “이들은 학생 때부터 어떻게 임상약사로서의 역할을 준비.,Simulation Lab에서 경험한 능동적인(Proactive) 임상적 판단현지 약대생들과 교류하며 생긴 “이들은 학생 때부터 어떻게 임상약사로서의 역할을 준비,local,2,용량,,,0.12180856597353895,,0.0,1.2180856597353895,0.0,0.7308513958412337,False
2026-09-24,Product Approval,2026-09-24 14:24:00,Naver News,https://www.dentalnews.or.kr/news/article.html?no=48250,"[치과신문] 덴티움, ‘CT USER DAY’ 하나의 데이터로 진단과 치료 연결","덴티움이 지난 9월 12일 광교 덴티움 지식산업센터에서 ‘CT USER DAY’를 개최하고, CBCT 기반 진단부터 치료계획까지 이어지는 디지털 임상 워크플로우를 제시했다. 이번 행사에는 150여명의 치과의사가 참석해 CBCT 최신 기술과 실제 임상 활용 사례를 공유했다. 덴티움은 bright CT와 3D V.","[치과신문_전영선 기자 ys@sda.or.kr] 덴티움이 지난 9월 12일 광교 덴티움 지식산업센터에서 ‘CT USER DAY’를 개최하고, CBCT 기반 진단부터 치료계획까지 이어지는 디지털 임상 워크플로우를 제시했다. 이번 행사에는 150여명의 치과의사가 참석해 CBCT 최신 기술과 실제 임상 활용 사례를 공유했다. 덴티움은 bright CT와 3D V",local,2,신제품,,,0.05180815840525584,,0.0,0.5180815840525584,0.0,0.31084895043153504,False
