date,category,published_date,site_name,url,title,summary,content,region,score_ag,keywords,reward,rl_score
2026-06-18,Client,2026-06-18 16:04:00,Naver News,https://www.news1.kr/bio/pharmaceutical-bio/6201591,"엔젠바이오, 바이오 USA서 글로벌 유전체 데이터 파트너링 시도","Access Denied You don't have permission to access ""http://www.news1.kr/bio/pharmaceutical-bio/6201591"" on this server. Reference #18.cb5ed617.1781823504.206e3224 https://errors.edgesuite.net/18.cb5ed617.1781823504.206e3224.","Access Denied
You don't have permission to access ""http://www.news1.kr/bio/pharmaceutical-bio/6201591"" on this server.
Reference #18.cb5ed617.1781823504.206e3224
https://errors.edgesuite.net/18.cb5ed617.1781823504.206e3224",local,10,로슈,,
2026-06-18,Client,2026-06-18 17:16:00,Naver News,https://www.dailymedi.com/news/news_view.php?wr_id=937402,서울대·고대·AMC사이언스·암센터 등 ‘바이오 USA’,"﻿﻿﻿국내 주요 병원과 병원 기반 연구·사업화 조직들이 미국 샌디에이고에서 열리는 세계 최대 바이오산업 행사 ‘바이오 USA 2026’에 참여해 글로벌 파트너링 기회를 모색한다.과거 바이오 USA가 제약바이오 기업들의 기술수출, 공동개발 논의 무대로 활용돼 왔다면 최근 병원과 의료원 산하 연구 조직, 병원 기반 신약개발 법인까지 참여 폭을 넓히는 모습이다.18일 업계에 따르면 오는 22일부터 25일까지 미국 샌디에이고 컨벤션센터에서 개최되는 ‘바이오 USA 2026(BIO INTERNATIONAL 2026)’에 서울대병원, 고려대의….","﻿﻿﻿국내 주요 병원과 병원 기반 연구·사업화 조직들이 미국 샌디에이고에서 열리는 세계 최대 바이오산업 행사 ‘바이오 USA 2026’에 참여해 글로벌 파트너링 기회를 모색한다.과거 바이오 USA가 제약바이오 기업들의 기술수출, 공동개발 논의 무대로 활용돼 왔다면 최근 병원과 의료원 산하 연구 조직, 병원 기반 신약개발 법인까지 참여 폭을 넓히는 모습이다.18일 업계에 따르면 오는 22일부터 25일까지 미국 샌디에이고 컨벤션센터에서 개최되는 ‘바이오 USA 2026(BIO INTERNATIONAL 2026)’에 서울대병원, 고려대의…",local,10,노바티스,,
2026-06-18,BD,2026-06-18 11:06:00,Naver News,http://www.press9.kr/news/articleView.html?idxno=78092,"[Generic Trend]속도 더해가는 '린버크' 제네릭, 허가단계 진입","애브비의 JAK(야누스키나제) 억제제 계열 자가면역질환 치료제 '린버크(성분명 유파다시티닙)'의 제네릭에 도전 중인 제약사들이 일제히 허가 단계에 진입한 것으로 보인다.식품의약품안전처 통지의약품 목록에 따르면 지난 4일 유파다시티닙 성분 제제 총 12개 품목의 허가신청이 접수된 것으로 확인된다. 오리지널인 린버크의 재심사기간이 지난 3일자로 만료됨에 따라 제네릭 조기 출시에 도전한 제약사들이 일제히 허가를 신청한 것이다.특허 심판을 청구한 제약사가 16개사라는 점을 감안하면 통지의약품목록에 오르지만 않았을 뿐, 대부분.","[프레스나인] 애브비의 JAK(야누스키나제) 억제제 계열 자가면역질환 치료제 '린버크(성분명 유파다시티닙)'의 제네릭에 도전 중인 제약사들이 일제히 허가 단계에 진입한 것으로 보인다.식품의약품안전처 통지의약품 목록에 따르면 지난 4일 유파다시티닙 성분 제제 총 12개 품목의 허가신청이 접수된 것으로 확인된다. 오리지널인 린버크의 재심사기간이 지난 3일자로 만료됨에 따라 제네릭 조기 출시에 도전한 제약사들이 일제히 허가를 신청한 것이다.특허 심판을 청구한 제약사가 16개사라는 점을 감안하면 통지의약품목록에 오르지만 않았을 뿐, 대부분",local,10,애브비,,
2026-06-18,Client,2026-06-19 02:00:00,Naver News,https://www.pointdaily.co.kr/news/articleView.html?idxno=308742,탈모약 건보 적용 급물살…1조 '탈모치료제 시장' 판 커지는데,"정부의 탈모 치료 건강보험 급여 확대 추진으로 탈모치료제의 수혜가 예상되고 있다. 연내 탈모 치료 건강보험 급여 확대가 확정될 경우 좀처럼 신규 환자 등의 진입으로 국내 탈모치료제 시장이 가파른 성장곡선을 그릴 전망이다. 19일 업계에 따르면 정부는 올해 하반기를 목표로 탈모 치료 건강보험 급여 확대를 추진한다. 보건복지부, 행정안전부 등은 이르면 7월 중 탈모 치료 건강보험 급여 확대를 위한 현장 토론회도 열 예정이다.","[포인트데일리 송가영 기자] 정부의 탈모 치료 건강보험 급여 확대 추진으로 탈모치료제의 수혜가 예상되고 있다. 연내 탈모 치료 건강보험 급여 확대가 확정될 경우 좀처럼 신규 환자 등의 진입으로 국내 탈모치료제 시장이 가파른 성장곡선을 그릴 전망이다. 19일 업계에 따르면 정부는 올해 하반기를 목표로 탈모 치료 건강보험 급여 확대를 추진한다. 보건복지부, 행정안전부 등은 이르면 7월 중 탈모 치료 건강보험 급여 확대를 위한 현장 토론회도 열 예정이다. 정부의 탈모 치료 건강보험 급여 확대 움직임에 따라 국내 제약사들의 탈모치료제에 대",local,10,현대약품,,
2026-06-18,Client,2026-06-18 06:01:00,Naver News,https://www.etnews.com/20260617000382,"“정자 수 늘고·남성호르몬 개선”…위고비, 불임 치료 기대감",위고비를 비롯한 체중 감량 치료제가 남성의 생식 건강 개선에도 긍정적인 영향을 줄 수 있다는 연구 결과가 나왔다. 15일(현지시간) 데일리메일에 따르면 영국 워릭 의과대학과 코번트리·워릭셔 대학병원 공동 연구진은 GLP-1 수용체 작용제 계열 비만 치료제가 비만 남성의 생식 능력에 미치는 영향을 다룬 기존 연구들을 종합 검토했다. 분석 결과 해당 약물은 성 건강 관련 부작용 없이 정자의 품질과 호르몬 지표를 개선하는 효과를 보였다.,위고비를 비롯한 체중 감량 치료제가 남성의 생식 건강 개선에도 긍정적인 영향을 줄 수 있다는 연구 결과가 나왔다. 15일(현지시간) 데일리메일에 따르면 영국 워릭 의과대학과 코번트리·워릭셔 대학병원 공동 연구진은 GLP-1 수용체 작용제 계열 비만 치료제가 비만 남성의 생식 능력에 미치는 영향을 다룬 기존 연구들을 종합 검토했다. 분석 결과 해당 약물은 성 건강 관련 부작용 없이 정자의 품질과 호르몬 지표를 개선하는 효과를 보였다. 비만은 오래,local,10,불임,,
2026-06-18,BD,2026-06-18 21:34:00,Naver News,https://www.idaegu.co.kr/news/articleView.html?idxno=551489,"안동, 中서 바이오산업 투자유치 활동 성과 톡톡 - 대구신문",안동시가 중국 주요 도시를 순회하며 바이오산업 투자유치 활동을 펼쳐 현지 기업과 투자협약을 체결하는 성과를 거뒀다.안동시는 경북도와 함께 지난 10일부터 17일까.,안동시가 중국 주요 도시를 순회하며 바이오산업 투자유치 활동을 펼쳐 현지 기업과 투자협약을 체결하는 성과를 거뒀다.안동시는 경북도와 함께 지난 10일부터 17일까,local,10,백신,,
2026-06-18,BD,2026-06-19 07:23:00,Naver News,https://www.newsis.com/view/NISX20260619_0003675172,"진주시, '그린바이오 특화작물' 시범사업 본격 추진",경남 진주시는 '그린바이오 특화작물' 재배단지 조성 시범사업을 위해 특화 작물인 '백세콩' 파종을 본격적으로 시작했다고 19일 밝혔다.시는 (주)백세농업회사법인과 계약재배 농가가 참여해 진주시 금곡면 인담리·검암리 일원 약 2만2425㎡ 규모로 대단지로 추진된다.'백세콩'은 정종일 경상국립대 교수팀이 개발한 기능성 특화 콩 ..,[진주=뉴시스] 정경규 기자 = 경남 진주시는 '그린바이오 특화작물' 재배단지 조성 시범사업을 위해 특화 작물인 '백세콩' 파종을 본격적으로 시작했다고 19일 밝혔다.시는 (주)백세농업회사법인과 계약재배 농가가 참여해 진주시 금곡면 인담리·검암리 일원 약 2만2425㎡ 규모로 대단지로 추진된다.'백세콩'은 정종일 경상국립대 교수팀이 개발한 기능성 특화 콩 ..,local,10,계약,,
2026-06-18,BD,2026-06-19 05:26:00,Naver News,http://www.medisobizanews.com/news/articleView.html?idxno=139537,‘CSO 맑은 물’ 조성에 팔 걷은 업계 … 법제화로 “흙탕물 청소”,국내 제약사들의 의약품 위탁영업(CSO) 의존도가 갈수록 커지면서 불법 리베이트 등 시장 혼탁을 야기하는 주범으로 지목되자 업계가 이를 바로잡기 위한 제도적 개선에 직접 나섰다.특히 제네릭 의약품 특성상 차별화된 의약학적 정보 제공이 쉽지 않은 상황에서 과도한 CSO 수수료와 되풀이되는 다단계 재위탁 과정이 유통 시장을 왜곡하고 있다는 판단에 따른 것이다.이에 제약업계는 CSO 유통 투명성을 높이고 불법 리베이트로 인한 정부의 약가 인하 빌미를 차단하기 위해 관련 법 개정을 주도하고 있다. 이를 위해 현재 진행 중인 관련 연구용역의.,국내 제약사들의 의약품 위탁영업(CSO) 의존도가 갈수록 커지면서 불법 리베이트 등 시장 혼탁을 야기하는 주범으로 지목되자 업계가 이를 바로잡기 위한 제도적 개선에 직접 나섰다.특히 제네릭 의약품 특성상 차별화된 의약학적 정보 제공이 쉽지 않은 상황에서 과도한 CSO 수수료와 되풀이되는 다단계 재위탁 과정이 유통 시장을 왜곡하고 있다는 판단에 따른 것이다.이에 제약업계는 CSO 유통 투명성을 높이고 불법 리베이트로 인한 정부의 약가 인하 빌미를 차단하기 위해 관련 법 개정을 주도하고 있다. 이를 위해 현재 진행 중인 관련 연구용역의,local,10,CSO,,
2026-06-18,BD,2026-06-17 08:04:00,Naver News,http://www.docdocdoc.co.kr/news/articleView.html?idxno=3040119,"8만원이 9900원으로…아주약품, 1만원 규제 피한 ‘꼼수 판촉’ 의혹","아주약품이 자사 온라인 쇼핑몰에 일반 소비자는 접근할 수 없는 '폐쇄형 판촉 전용관'을 운영하며 CSO(의약품 판촉영업자) 등 협력사를 대상으로 편법 마케팅을 조장하고 있다는 의혹이 제기됐다.아주약품은 온라인 쇼핑몰 아주헬스케어에서 협력사를 대상으로 할인된 가격의 판촉물을 판매하고 있다. 아주약품은 CSO에 아주헬스케어 공식몰 '판촉전용관 이용가이드'를 배포하고 영업활동에 활용하도록 독려하고 있다. 해당 가이드에 따르면, 판촉 전용관은 아주헬스케어 협력사만 접근할 수 있다.","아주약품이 자사 온라인 쇼핑몰에 일반 소비자는 접근할 수 없는 '폐쇄형 판촉 전용관'을 운영하며 CSO(의약품 판촉영업자) 등 협력사를 대상으로 편법 마케팅을 조장하고 있다는 의혹이 제기됐다.아주약품은 온라인 쇼핑몰 아주헬스케어에서 협력사를 대상으로 할인된 가격의 판촉물을 판매하고 있다. 아주약품은 CSO에 아주헬스케어 공식몰 '판촉전용관 이용가이드'를 배포하고 영업활동에 활용하도록 독려하고 있다. 해당 가이드에 따르면, 판촉 전용관은 아주헬스케어 협력사만 접근할 수 있다. 협력사가 추천인 아이디로 'ajumall1953'을 입력하",local,10,판촉영업자,,
2026-06-18,Client,2026-06-18 07:48:00,Naver News,https://www.thebell.co.kr/free/content/ArticleView.asp?key=202606171505581040105715,"[더벨][2026 BIO USA] 저비용·고효율 AI존, SK·셀트리온·롯데·동아·프...","일라이릴리, 사노피, 화이자, 암젠 등 글로벌 제약사가 신약 후보물질 발굴과 바이오마커 연구에 AI 활용을 늘리면서 관련 기업의 참여를 끌어들이기 위한 목적이다. AI 신약 라이징 스타 인실리코메디슨도 이 존에... ","일라이릴리, 사노피, 화이자, 암젠 등 글로벌 제약사가 신약 후보물질 발굴과 바이오마커 연구에 AI 활용을 늘리면서 관련 기업의 참여를 끌어들이기 위한 목적이다. AI 신약 라이징 스타 인실리코메디슨도 이 존에... ",local,10,암젠,,
2026-06-18,Client,2026-06-18 15:58:00,Naver News,https://www.medipana.com/news/articleView.html?idxno=413168,"휴비스트제약, 산업은행과 300억원 금융약정 체결 - 메디파나뉴스",휴비스트제약이 한국산업은행과 금융약정을 체결하고 첨단 멸균센터 구축 사업을 본격화한다. 바이오의약품과 의료기기 시장 성장에 따른 멸균 수요 확대에 대응해 국내 바.,휴비스트제약이 한국산업은행과 금융약정을 체결하고 첨단 멸균센터 구축 사업을 본격화한다. 바이오의약품과 의료기기 시장 성장에 따른 멸균 수요 확대에 대응해 국내 바,local,10,머크,,
2026-06-18,Client,2026-06-17 05:30:00,Naver News,https://www.joongang.co.kr/article/25437416,[2026 혁신창업국가 대한민국 국제포럼] 바이오·의료 창업지원 플랫폼...,"노바티스, BMS, 로슈진단, 아스트라제네카를 비롯해 국내 기업으로는 셀트리온, 대원제약, SK바이오팜, 삼성바이오에피스와 협력하고 있다. 서울바이오허브는 초기 창업기업의 해외 진출을 위해 맞춤형 글로벌 진출... ","노바티스, BMS, 로슈진단, 아스트라제네카를 비롯해 국내 기업으로는 셀트리온, 대원제약, SK바이오팜, 삼성바이오에피스와 협력하고 있다. 서울바이오허브는 초기 창업기업의 해외 진출을 위해 맞춤형 글로벌 진출... ",local,10,BMS,,
2026-06-18,Client,2026-06-16 14:03:00,Naver News,https://www.topdaily.kr/articles/110557,ADC 후발주자 승부수 통할까,항체약물접합체(ADC) 시장이 글로벌 제약업계 최대 격전지 중 하나로 떠오르고 있다. 수십조원 규모의 인수합병(M&A)과 기술수출이 잇따르는 가운데 삼성바이오에피스도 참전을 위한 채비가 한창이다. 글로벌 빅파마와 국내 바이오텍들이 치열한 선점 경쟁을 벌이고 있는 만큼 후발주자인 삼성바이오에피스가 존재감을 확보할 수 있을지 주목된다. 16일 관련 업계에 따르면 최근 글로벌 제약업계에서는 수년간 개별 100억달러를 웃도는 초대형 ADC 빅딜이 연이어 성사되고 있다.,"항체약물접합체(ADC) 시장이 글로벌 제약업계 최대 격전지 중 하나로 떠오르고 있다. 수십조원 규모의 인수합병(M&A)과 기술수출이 잇따르는 가운데 삼성바이오에피스도 참전을 위한 채비가 한창이다. 글로벌 빅파마와 국내 바이오텍들이 치열한 선점 경쟁을 벌이고 있는 만큼 후발주자인 삼성바이오에피스가 존재감을 확보할 수 있을지 주목된다.
16일 관련 업계에 따르면 최근 글로벌 제약업계에서는 수년간 개별 100억달러를 웃도는 초대형 ADC 빅딜이 연이어 성사되고 있다. 화이자는 2023년 ADC 업체 씨젠을 약 430억달러에 인수했고, 머크는 다이이찌산쿄와 최대 220억달러 규모의 ADC 공동개발 계약을 체결했다. 애브비 역시 이뮤노젠을 약 101억달러에 사들이며 ADC 포트폴리오 강화에 나섰다.
이 같은 투자 열기는 상업화 성공 사례가 뒷받침하고 있다. 당장 아스트라제네카와 다이이찌산쿄가 공동 개발한 엔허투는 지난해 약 50억달러에 달하는 매출을 기록하며 ADC 시장성을 입증했다. HER2 양성 유방암을 시작으로 폐암 등으로 적응증을 넓히며 ADC의 가능성을 입증한 셈이다.
시장 규모 역시 빠르게 커지고 있다. 글로벌 ADC 시장은 현재 120억달러 안팎 규모로 추산되며 향후 300억달러 이상으로 성장할 것으로 전망된다. 일부 시장조사업체는 2030년 전후 700억달러 규모까지 확대될 것으로 내다보고 있다. 업계에서는 ADC가 면역항암제 이후 가장 큰 항암제 시장을 형성할 수 있다는 관측도 나온다.
국내에서도 ADC 경쟁이 한창이다. 리가켐바이오는 다수의 글로벌 기술수출 계약을 체결하며 ADC 플랫폼 경쟁력을 입증했고, 에이비엘바이오는 이중항체 기반 ADC 개발을 확대하고 있다. 인투셀 역시 링커 플랫폼 기술을 앞세워 시장 공략에 나선 상태다. 국내 대형 제약·바이오 기업들도 ADC 파이프라인 확보를 차세대 성장전략 중 하나로 검토하는 분위기다.
이 같은 흐름 속에 삼성바이오에피스도 ADC 시장 공략에 속도를 내고 있다. 회사는 현재 Nectin-4 ADC(SBE303)와 EGFR-HER3 ADC 등 2종의 ADC 파이프라인을 운영 중이다. 첫 번째 임상 진입 후보인 SBE303은 지난해 미국 식품의약국(FDA)으로부터 임상 1상 시험계획을 승인받았다.
눈길을 끄는 부분은 삼성바이오에피스가 택한 개발 전략이다. 현재까지 공개된 파이프라인을 보면 완전히 새로운 표적을 처음 개척하는 ‘퍼스트 인 클래스’보다, 상업성이 검증된 표적을 활용해 성공 가능성을 높이는 '베스트 인 클래스' 전략에 무게를 둔 것으로 풀이된다.
SBE303이 겨냥하는 Nectin-4가 대표적이다. Nectin-4는 이미 아스텔라스의 ADC 치료제 파드셉을 통해 상업성이 입증된 표적이다. 요로상피암을 비롯해 폐암, 유방암 등 다양한 고형암에서 발현되는 것으로 알려져 있다. 신규 표적 발굴보다 검증된 표적을 선택해 개발 리스크를 줄이는 전략을 택한 셈이다.
대신 차별화 포인트는 링커와 페이로드에 있다는 평가가 우세하다. ADC는 항체, 링커, 세포독성 약물로 구성되는데 최근에는 약물을 어느 시점에, 어느 위치에서 방출할지를 결정하는 링커 기술의 중요성이 커지고 있다. SBE303에는 인투셀의 링커 기술과 신규 TOP1 저해제 기반 페이로드가 적용된 것으로 알려졌다. 업계에서는 기존 Nectin-4 ADC의 한계로 거론돼 온 독성 부담과 좁은 치료역(치료지수)을 개선할 수 있을지 주목하고 있다.
또 다른 파이프라인인 EGFR-HER3 ADC는 보다 공격적인 차세대 전략으로 평가된다. EGFR과 HER3는 폐암과 유방암 등 다양한 고형암에서 발현되는 표적으로 알려져 있다. 해당 후보물질은 EGFR과 HER3를 동시에 겨냥하는 이중표적 구조에 서로 다른 작용기전의 페이로드를 결합한 형태다. 단일 표적 ADC가 직면하는 종양 이질성과 약물 내성 문제를 극복하기 위한 접근으로 해석된다.
다만 삼성바이오에피스가 ADC 시장에서 후발주자라는 점은 분명한 변수다. 이미 엔허투와 파드셉 등 상업화에 성공한 제품들이 시장을 선점했고, 글로벌 빅파마들도 공격적인 투자에 나선 상태다. ADC는 구조적으로 항체, 링커, 페이로드가 복합적으로 맞물리는 만큼 임상 과정에서 예상치 못한 독성 문제가 발생할 가능성도 있다.
일각에선 바이오시밀러 사업을 통해 축적한 글로벌 임상, 허가 및 품질관리 경험이 강점으로 작용할 수 있을 것이란 관측이다. 다만 ADC 개발과 상업화 경험은 아직 제한적인 만큼 초기 임상에서 안전성과 효능을 입증하는 것이 선결과제라는 분석이다.
삼성바이오에피스 관계자는 ""신약 파이프라인이 초기 임상 단계이긴 하지만 독성이라던지 안전성 등에 있어 기존 ADC 대비 경쟁력을 충분히 제고할 수 있는 지표가 확인되고 있다""면서 ""차질없이 임상을 진행할 수 있도록 최선을 다하겠다""고 말했다.",local,10,애브비,,
2026-06-18,BD,2026-06-18 14:50:00,Naver News,https://www.medicaltimes.com/Main/News/NewsView.html?ID=1169335&ref=naverpc,"[메디칼타임즈] 유노비아 합병 일동제약, 경구용 비만약 글로벌 공략하나","일동제약그룹이 세계 최대 바이오 박람회인 '2026 바이오 USA'에서 경구용 비만치료제 시장의 주도권 확보에 나설 예정이다.일동제약이 최근 R&D 자회사 유노비아를 흡수합병하며 신약 파이프라인의 컨트롤타워를 본사로 일원화한 직후 첫 글로벌 데뷔 무대라는 점에서 의미가 있다. 일동제약그룹은 바이오 USA에 참여해 비만약 관련 신약 파이프라인 미팅을 통해 전환점을 삼겠다는 전략이다. 일동제약그룹은 오는 22일부터 25일까지 미국 샌디에이고에서 열리는 '2026 바이오 USA'에 참가해 글로벌 빅파마를 대상으로 본격적인 신약 파이프라인 파트너링 미팅을 진행한다고 18일 밝혔다.이번 행사에서 그룹이 가장 전면에 내세운 핵심 카드는 경구용 GLP-1 수용체 작용제(GLP-1 RA) 비만·당뇨 신약 후보물질인 'ID110521156'이다.현재 글로벌 비만약 시장은 위고비, 마운자로 등 주사제가 장악하고 있는 실정이다.","[메디칼타임즈=이지현 기자] 일동제약그룹이 세계 최대 바이오 박람회인 '2026 바이오 USA'에서 경구용 비만치료제 시장의 주도권 확보에 나설 예정이다.일동제약이 최근 R&D 자회사 유노비아를 흡수합병하며 신약 파이프라인의 컨트롤타워를 본사로 일원화한 직후 첫 글로벌 데뷔 무대라는 점에서 의미가 있다. 일동제약그룹은 바이오 USA에 참여해 비만약 관련 신약 파이프라인 미팅을 통해 전환점을 삼겠다는 전략이다. 일동제약그룹은 오는 22일부터 25일까지 미국 샌디에이고에서 열리는 '2026 바이오 USA'에 참가해 글로벌 빅파마를 대상으로 본격적인 신약 파이프라인 파트너링 미팅을 진행한다고 18일 밝혔다.이번 행사에서 그룹이 가장 전면에 내세운 핵심 카드는 경구용 GLP-1 수용체 작용제(GLP-1 RA) 비만·당뇨 신약 후보물질인 'ID110521156'이다.현재 글로벌 비만약 시장은 위고비, 마운자로 등 주사제가 장악하고 있는 실정이다. 냉장 보관의 번거로움과 높은 생산 단가, 주사제에 대한 환자의 거부감 등 한계로 향후에는 '먹는 알약'이 대세가 될 것이라는 게 업계 전망이다.일동제약이 주도하는 ID110521156은 바로 이 시장의 판도를 바꿀 '소분자 화합물 기반 경구용 합성 신약'이다. 펩타이드 주사제와 비교해 제조 효율성과 경제성이 뛰어날 뿐만 아니라, 18시간 이상 혈중 유효 농도를 유지하면서도 체내 축적성이 낮아 '1일 1회 복용'에 최적화된 이상적인 약리 프로파일을 지니고 있다.시장의 기대감을 키우는 것은 일동제약이 이미 확보한 강력한 임상 1상 데이터다. ID110521156은 임상 1상에서 4주 투여만으로 최대 13.8%의 체중 감량 효과를 입증하며 글로벌 경쟁 물질들과 비교해도 뒤처지지 않는 강력한 효능을 증명했다.특히 경구용 GLP-1 개발의 최대 걸림돌로 꼽히는 구토, 설사 등 위장관 장애와 간독성 문제에서 중대한 이상 반응 없이 탁월한 안전성을 보여준 점은 이번 바이오 USA 미팅에서 글로벌 빅파마들의 기술도입 니즈를 강하게 자극할 요인으로 꼽힌다.또한 일동제약은 파도프라잔에 대해 보유한 해외 권리를 토대로 라이선스 아웃을 타진하는 한편, 국내 개발 완료 시 자체 상표의 신약 출시 등 후속 전략을 구상 중이다.항암 신약 개발 전문 계열사인 아이디언스는 △PARP 저해제 베나다파립(venadaparib) △pan-KRAS(범 KRAS) 저해제 ID12241 △이중 페이로드 ADC(항체-약물 접합체) 등의 항암제 파이프라인을 선보인다.베나다파립의 경우 미국 FDA의 희귀 질환 치료제 및 패스트 트랙 지정을 받고 현재 한국과 미국에서 위암 대상 병용 요법 임상 2a상 시험 등 다양한 연구를 진행 중이다. 지난해에는 EAEU(유라시아경제연합) 및 GCC(걸프협력이사회) 지역에 약 700억 원 규모의 라이선스 아웃 계약을 체결한 바 있다. 일동제약그룹 관계자는",local,10,마운자로,,
2026-06-18,Client,2026-06-17 19:00:00,Naver News,https://www.startuptoday.co.kr/news/articleView.html?idxno=803915,"[기획] 한미약품, 국산 1호 비만신약 가시권...위고비에 도전장 - 오늘경제",식품의약품안전처가 최근 한미약품의 비만 치료제 에페글레나타이드를 글로벌 혁신제품 신속심사 대상으로 지정하면서 국내 첫 GLP-1 계열 비만 치료제 상업화 가능성이.,식품의약품안전처가 최근 한미약품의 비만 치료제 에페글레나타이드를 글로벌 혁신제품 신속심사 대상으로 지정하면서 국내 첫 GLP-1 계열 비만 치료제 상업화 가능성이,local,10,품귀,,
2026-06-18,BD,2026-06-18 19:34:00,Naver News,http://www.bizwnews.com/news/articleView.html?idxno=138979,[은행 이모저모] 신한은행·수출입은행·카카오뱅크 등,"◆ 신한은행, 길의료재단과 상호공동발전 업무협약신한은행(은행장 정상혁)은 지난 17일 인천광역시 남동구 가천대 길병원 여성암병원에서 길의료재단(의료원장 이태훈)과 상호공동발전을 위한 업무협약을 체결했다고 밝혔다.협약식에는 이봉재 신한은행 기관·제휴영업그룹장과 이태훈 가천대 길병원 의료원장을 비롯해 양 기관 주요 관계자들이 참석했다.18일 신한은행에 따르면 양측은 장기간 이어온 협력 관계를 바탕으로 이번 협약을 체결했다. 이를 통해 주거래은행 파트너십을 연장하고 공동 발전을 위한 협력 기반을 강화하기로 했다.가천대 길병원.","[비즈월드] ◆ 신한은행, 길의료재단과 상호공동발전 업무협약신한은행(은행장 정상혁)은 지난 17일 인천광역시 남동구 가천대 길병원 여성암병원에서 길의료재단(의료원장 이태훈)과 상호공동발전을 위한 업무협약을 체결했다고 밝혔다.협약식에는 이봉재 신한은행 기관·제휴영업그룹장과 이태훈 가천대 길병원 의료원장을 비롯해 양 기관 주요 관계자들이 참석했다.18일 신한은행에 따르면 양측은 장기간 이어온 협력 관계를 바탕으로 이번 협약을 체결했다. 이를 통해 주거래은행 파트너십을 연장하고 공동 발전을 위한 협력 기반을 강화하기로 했다.가천대 길병원",local,10,제휴,,
2026-06-18,BD,2026-06-18 15:16:00,Naver News,http://www.mkhealth.co.kr/news/articleView.html?idxno=78981,"[긴급진단 의약품 유통 개선] ㊤ 약국은 품절인데 창고엔 재고…꼬인 의약품 유통, 대수술 시작됐다","의약품은 연구개발이나 생산만큼 유통 과정이 중요하다. 같은 약이라도 어떤 경로를 거쳐 공급되는지에 따라 환자 접근성과 시장 안정성이 달라질 수 있기 때문이다. 의약품 품절과 사재기, 반품과 대체조제 문제가 반복되는 상황에서 공급망을 보다 투명하게 관리하려는 움직임은 시대적 요청이다. 본지는 국내 의약품 유통 구조의 현주소를 점검하고 글로벌 변화 흐름과 제도 개선 과제를 3회에 걸쳐 살펴본다.","의약품은 연구개발이나 생산만큼 유통 과정이 중요하다. 같은 약이라도 어떤 경로를 거쳐 공급되는지에 따라 환자 접근성과 시장 안정성이 달라질 수 있기 때문이다. 의약품 품절과 사재기, 반품과 대체조제 문제가 반복되는 상황에서 공급망을 보다 투명하게 관리하려는 움직임은 시대적 요청이다. 본지는 국내 의약품 유통 구조의 현주소를 점검하고 글로벌 변화 흐름과 제도 개선 과제를 3회에 걸쳐 살펴본다. 감기약이나 당뇨병 치료제를 처방 받고 약국을 찾았지만 ""재고가 없다""는 답을 듣는 일이 낯설지 않다. 하지만 같은 시기 다른 지역에",local,10,콜드체인,,
2026-06-18,Distribution,2026-06-14 16:00:00,Naver News,https://www.dt.co.kr/article/12067456?ref=naver,10년새 1조클럽 1→9곳 늘어지만…의약품유통업체 양극화는 심화,"기업 3000곳 이상이 난립해 있는 것으로 알려진 의약품 유통업계에 양극화가 심화하고 있다. 한쪽에선 일부 의약품 유통업체들이 빠르게 대형화하고, 또 다른 한쪽에선 영세 도매상이 난립하고 있다. 일각에선 이런 양극화가 영세업체의 의약품 불법판매를 키우는 요인으로 작용할.","기업 3000곳 이상이 난립해 있는 것으로 알려진 의약품 유통업계에 양극화가 심화하고 있다. 한쪽에선 일부 의약품 유통업체들이 빠르게 대형화하고, 또 다른 한쪽에선 영세 도매상이 난립하고 있다. 일각에선 이런 양극화가 영세업체의 의약품 불법판매를 키우는 요인으로 작용할",local,10,쥴릭,,
2026-06-18,BD,2026-06-18 06:12:00,Naver News,https://www.hitnews.co.kr/news/articleView.html?idxno=76951,"오리지널은 못 넘은 급여, 브리바라세탐 제네릭이 먼저 진입",종근당 등 7개 제약사의 브리바라세탐 성분 뇌전증 치료제가 건강보험 급여권에 진입한다.오리지널 의약품인 유씨비제약 '브리비액트'가 약가협상 결렬로 급여 등재되지 못한 가운데 제네릭이 먼저 급여 등재되는 구조다.17일 관련 업계에 따르면 종근당을 비롯한 7개 제약사의 브리바라세탐 성분 품목은 건강보험공단과의 협상을 마치고 건강보험정책심의위원회 의결을 거쳐 오는 7월 1일 급여 등재될 것으로 알려진다.△현대약품 브릴렉트정 △환인제약 브리바정 △명인제약 부리팜정 △삼진제약 브리세탐정 △부광약품 부광브리필정 △대웅제약 브리바탑정 △종근당.,종근당 등 7개 제약사의 브리바라세탐 성분 뇌전증 치료제가 건강보험 급여권에 진입한다.오리지널 의약품인 유씨비제약 '브리비액트'가 약가협상 결렬로 급여 등재되지 못한 가운데 제네릭이 먼저 급여 등재되는 구조다.17일 관련 업계에 따르면 종근당을 비롯한 7개 제약사의 브리바라세탐 성분 품목은 건강보험공단과의 협상을 마치고 건강보험정책심의위원회 의결을 거쳐 오는 7월 1일 급여 등재될 것으로 알려진다.△현대약품 브릴렉트정 △환인제약 브리바정 △명인제약 부리팜정 △삼진제약 브리세탐정 △부광약품 부광브리필정 △대웅제약 브리바탑정 △종근당,local,10,암젠,,
2026-06-18,BD,2026-06-18 09:46:00,Naver News,https://www.yna.co.kr/view/AKR20260618028700017?input=1195m,"[바이오스냅] 광동제약, '비타500 이온킥' 모델에 기안84 | 연합뉴스",광동제약[009290]은 이온음료 '비타500 이온킥'의 첫 브랜드 모델로 웹툰 작가 겸 방송인 기안84를 발...,(서울=연합뉴스) 신선미 기자 = 광동제약[009290]은 이온음료 '비타500 이온킥'의 첫 브랜드 모델로 웹툰 작가 겸 방송인 기안84를 발...,local,10,로슈,,
2026-06-18,BD,2026-06-17 11:32:00,Naver News,http://www.press9.kr/news/articleView.html?idxno=78034,[Pipeline Review][SK바이오팜]①RPT의 성공 조건은,"방사성의약품(RPT)의 상업화 성과가 갈수록 확대되고 있다. 노바티스 전립선암 치료제 플루빅토가 2025년 연매출 20억달러를 기록한 데 이어 올해 1분기는 전년 동기 대비 73% 증가한 6억4200만달러를 벌어들였다. 이에 브리스톨마이어스스큅(BMS)와 아스트라제네카, 일라이릴리 등 글로벌 제약사도 관련 개발사를 인수하며 RPT 경쟁에 뛰어든 상태다.SK바이오팜은 뇌전증 신약 세노바메이트의 후속 성장동력으로 RPT를 연구하는 중이다.","[프레스나인] 방사성의약품(RPT)의 상업화 성과가 갈수록 확대되고 있다. 노바티스 전립선암 치료제 플루빅토가 2025년 연매출 20억달러를 기록한 데 이어 올해 1분기는 전년 동기 대비 73% 증가한 6억4200만달러를 벌어들였다. 이에 브리스톨마이어스스큅(BMS)와 아스트라제네카, 일라이릴리 등 글로벌 제약사도 관련 개발사를 인수하며 RPT 경쟁에 뛰어든 상태다.SK바이오팜은 뇌전증 신약 세노바메이트의 후속 성장동력으로 RPT를 연구하는 중이다. 국내 기업 가운데 처음으로 알파핵종 기반 후보물질의 미국 식품의약국(FDA) 임상",local,10,BMS,,
2026-06-18,Client,2026-06-18 08:32:00,Naver News,https://www.edaily.co.kr/news/newspath.asp?newsid=03135686645483032,"셀비온, ‘국산 신약 44호’ 주인공되나...하반기 조건부 허가 전환점",국내 방사성의약품(RPT) 시장의 개척자로 꼽히는 셀비온(308430)이 국산 신약의 새로운 역사를 쓸지 에 시장의 관심이 집중되고 있다. 최근 큐로셀(372320)의 림카토주와 퓨쳐캠의 프로스타뷰주사액이 각각 국산 신약 42호와 43호로 이름을 올렸다.,국내 방사성의약품(RPT) 시장의 개척자로 꼽히는 셀비온(308430)이 국산 신약의 새로운 역사를 쓸지 에 시장의 관심이 집중되고 있다. 최근 큐로셀(372320)의 림카토주와 퓨쳐캠의 프로스타뷰주사액이 각각 국산 신약 42호와 43호로 이름을 올렸다. 이런 가운데...,local,10,노바티스,,
2026-06-18,Client,2026-06-18 17:46:00,Naver News,https://www.sisajournal-e.com/news/articleView.html?idxno=421838,"올릭스, 지방조직 겨냥 비만藥 도전장···GLP-1 시장 대안 될까 - 시사저널e",올릭스가 지방조직을 직접 표적하는 비만 치료제 연구개발에 속도를 내고 있다. 체중 감량에서 체성분 개선 경쟁으로 이동하는 시장 흐름을.,[시사저널e=최성근 기자] 올릭스가 지방조직을 직접 표적하는 비만 치료제 연구개발에 속도를 내고 있다. 체중 감량에서 체성분 개선 경쟁으로 이동하는 시장 흐름을,local,10,릴리,,
2026-06-18,BD,2026-06-19 06:08:00,Naver News,https://biz.chosun.com/science-chosun/bio/2026/06/19/32NIMI6EPNA5ZFR5OWNSNJGWPM/?utm_source=naver&utm_medium=original&utm_campaign=biz,"규제 풀리는 美 바이오시밀러 시장…셀트리온 선두 굳히고, 삼성에피스 확대 노린다","규제 풀리는 美 바이오시밀러 시장셀트리온 선두 굳히고, 삼성에피스 확대 노린다 美 정부, 오리지널 약 독점 견제바이오시밀러 육성 정책 속도   셀트리온 美 점유율 상승세삼성에피스도 후속 제품 출격 준비.","규제 풀리는 美 바이오시밀러 시장셀트리온 선두 굳히고, 삼성에피스 확대 노린다 美 정부, 오리지널 약 독점 견제바이오시밀러 육성 정책 속도   셀트리온 美 점유율 상승세삼성에피스도 후속 제품 출격 준비",local,10,제네릭,,
2026-06-18,Client,2026-06-18 14:45:00,Naver News,https://www.newsis.com/view/NISX20260618_0003674345,몸무게와 함께 빠진 머리카락…비만치료제 열풍에 뜨는 K-헤어케어,"K-뷰티 열풍이 스킨케어를 넘어 두피와 모발 관리 영역으로 확장하고 있다. 위고비, 마운자로 등 체중감량 약물 사용이 늘면서 미국 내 탈모 고민이 커지는 가운데 두피를 피부처럼 관리하는 K-헤어케어 제품이 주목받는 모습이다.월스트리트저널(WSJ)은 지난 16일(현지시간) 보도에서 미국에서 두피 관리 루틴이 인기를 끄는 배경으로..","[서울=뉴시스]권민지 기자 = K-뷰티 열풍이 스킨케어를 넘어 두피와 모발 관리 영역으로 확장하고 있다. 위고비, 마운자로 등 체중감량 약물 사용이 늘면서 미국 내 탈모 고민이 커지는 가운데 두피를 피부처럼 관리하는 K-헤어케어 제품이 주목받는 모습이다.월스트리트저널(WSJ)은 지난 16일(현지시간) 보도에서 미국에서 두피 관리 루틴이 인기를 끄는 배경으로..",local,10,마운자로,,
2026-06-18,BD,2026-06-18 06:02:00,Naver News,https://www.dailypharm.com/user/news/339537?REFERER=NP,"[데일리팜]혈액 한 방울로 암 읽는다…씨티셀즈, 액체생검 승부수",액체생검 시장이 순환종양 DNA(ctDNA)를 중심으로 성장한 가운데 순환종양세포(CTC)를 기반으로 암 진단과 신약개발을 연결하려는 국내 바이오기업이 주목받고 있다. 씨티셀즈는 혈액 속에 극히 적게 존재하는 암세포를 분리하는 기술을 바탕으로 암 정보와 종양미세환경 정보를 동시에 분석하는 정밀의료 플랫폼 기업을 목표로 하고 있다. 데일리팜은 김민석 씨티셀즈 대표를 만나 CTC….,액체생검 시장이 순환종양 DNA(ctDNA)를 중심으로 성장한 가운데 순환종양세포(CTC)를 기반으로 암 진단과 신약개발을 연결하려는 국내 바이오기업이 주목받고 있다. 씨티셀즈는 혈액 속에 극히 적게 존재하는 암세포를 분리하는 기술을 바탕으로 암 정보와 종양미세환경 정보를 동시에 분석하는 정밀의료 플랫폼 기업을 목표로 하고 있다. 데일리팜은 김민석 씨티셀즈 대표를 만나 CTC…,local,10,다이이찌산쿄,,
2026-06-18,Distribution,2026-06-18 22:44:00,Naver News,https://www.dailypharm.com/user/news/339585?REFERER=NP,"[데일리팜]부산시약 ""마약퇴치 약사가 앞장선다""…정보 공유의 장 마련",부산광역시약사회(회장 변정석) 마약류 및 약물중독예방센터(센터장 이철희)는 17일 회관 7층 대강당에서 ‘2026년도 세계 마약퇴치의 날 기념 심포지엄’을 열고 마약류 관련 정보 공유의 장을 마련했다. 세계 마약퇴치의 날 40주년을 기념해 열린 이번 행사는 부산시가 주최하고 시약사회 마약류 및 약물중독예방센터가 주관하는 ‘마약 없는 부산 운동 사업’의 일환으로 마련됐다.,부산광역시약사회(회장 변정석) 마약류 및 약물중독예방센터(센터장 이철희)는 17일 회관 7층 대강당에서 ‘2026년도 세계 마약퇴치의 날 기념 심포지엄’을 열고 마약류 관련 정보 공유의 장을 마련했다. 세계 마약퇴치의 날 40주년을 기념해 열린 이번 행사는 부산시가 주최하고 시약사회 마약류 및 약물중독예방센터가 주관하는 ‘마약 없는 부산 운동 사업’의 일환으로 마련됐다. 심포지…,local,10,지오영,,
2026-06-18,BD,2026-06-18 13:08:00,Naver News,https://www.hitnews.co.kr/news/articleView.html?idxno=76973,"""빔젤릭스, IL-17A·17F·21 동시 억제로 환자 재발률 낮춰""","한국유씨비제약의 건선치료제 '빔젤릭스(성분 비메키주맙)'가 인터루킨-17A·17F·21을 동시에 억제함으로써 건선 환자의 재발률을 낮췄다는 평가를 받는다.한국유씨비제약은 18일 빔젤릭스 급여 출시 1주년을 맞아 기자간담회를 개최했다.연자로 나선 김태균 연세대학교 세브란스병원 피부과 교수는 ""건선은 만성적이며 재발을 반복하는 질환으로, 적절한 치료가 이뤄지지 않으면 관절염 등 합병증을 유발한다""고 말했다.김태균 교수에 따르면 건선 재발에 있어서는 조직 상주 기억 T세포(TEM)의 관여도가 높다. 때문에 TRM을 효과적으로 없앨 수 있.","한국유씨비제약의 건선치료제 '빔젤릭스(성분 비메키주맙)'가 인터루킨-17A·17F·21을 동시에 억제함으로써 건선 환자의 재발률을 낮췄다는 평가를 받는다.한국유씨비제약은 18일 빔젤릭스 급여 출시 1주년을 맞아 기자간담회를 개최했다.연자로 나선 김태균 연세대학교 세브란스병원 피부과 교수는 ""건선은 만성적이며 재발을 반복하는 질환으로, 적절한 치료가 이뤄지지 않으면 관절염 등 합병증을 유발한다""고 말했다.김태균 교수에 따르면 건선 재발에 있어서는 조직 상주 기억 T세포(TEM)의 관여도가 높다. 때문에 TRM을 효과적으로 없앨 수 있",local,10,생물학적제제,,
2026-06-18,BD,2026-06-17 06:02:00,Naver News,https://www.yakup.com/news/index.html?mode=view&cat=12&nid=328603,"[약업신문][분석] 커지는 CSO, 달라지는 유통 생태계…엇갈리는 업계 시선",CSO 시장이 1만 곳을 넘어서며 제약 영업·마케팅 구조와 의약품 유통 생태계 전반에 변화가 나타나고 있다. ©AI 생성 이미지의약품 판촉영업자(CSO) 참여 업체가 1만 곳을 넘어서며 제약산업의 핵심 영업 채널로 ...,CSO 시장이 1만 곳을 넘어서며 제약 영업·마케팅 구조와 의약품 유통 생태계 전반에 변화가 나타나고 있다. ©AI 생성 이미지의약품 판촉영업자(CSO) 참여 업체가 1만 곳을 넘어서며 제약산업의 핵심 영업 채널로 ...,local,10,판촉영업자,,
2026-06-18,Client,2026-06-18 15:17:00,Naver News,https://www.newsis.com/view/NISX20260618_0003674577,"세계폐암학회, 20년만 한국 개최…제약사, 출격 준비",폐암 분야 세계 최대 학술대회인 세계폐암학회 연례학술대회(WCLC 2026)가 지난 2007년 이후 20년 만에 한국에서 열린다.18일 관련업계에 따르면 국내외 제약바이오 기업들은 오는 9월 12~15일 세계폐암학회의 서울 개최를 고무적으로 평가하면서 참가 준비 중이다. 개최 장소는 서울 코엑스다. WCLC 2026은 세계 최..,[서울=뉴시스]송연주 기자 = 폐암 분야 세계 최대 학술대회인 세계폐암학회 연례학술대회(WCLC 2026)가 지난 2007년 이후 20년 만에 한국에서 열린다.18일 관련업계에 따르면 국내외 제약바이오 기업들은 오는 9월 12~15일 세계폐암학회의 서울 개최를 고무적으로 평가하면서 참가 준비 중이다. 개최 장소는 서울 코엑스다. WCLC 2026은 세계 최..,local,10,화이자,,
2026-06-18,Client,2026-06-18 15:32:00,Naver News,https://daily.hankooki.com/news/articleView.html?idxno=1377838,"선바이오, 기술이전 바이오시밀러 美 FDA 승인…로열티 확대 기대",선바이오는 글로벌 제약사 인타스(Intas Pharmaceuticals)에 기술이전한 호중구감소증 치료제 ‘PEG-filgrastim’ 바이오시밀러 ‘Ennumo’가 미국 식품의약국(FDA) 판매 승인을 획득했다고 18일 밝혔다.Ennumo는 미국 제약사 암젠의 블록버스터 의약품 ‘뉴라스타’ 바이오시밀러다. 이번 FDA 승인으로 선바이오의 PEGylation(페길레이션) 기술력과 원료 공급 역량이 다시 한번 입증됐다고 회사 측은 설명했다.선바이오는 Ennumo 생산에 필요한 고품질 PEG 유도체 원료를 독.,[데일리한국 김민지 기자] 선바이오는 글로벌 제약사 인타스(Intas Pharmaceuticals)에 기술이전한 호중구감소증 치료제 ‘PEG-filgrastim’ 바이오시밀러 ‘Ennumo’가 미국 식품의약국(FDA) 판매 승인을 획득했다고 18일 밝혔다.Ennumo는 미국 제약사 암젠의 블록버스터 의약품 ‘뉴라스타’ 바이오시밀러다. 이번 FDA 승인으로 선바이오의 PEGylation(페길레이션) 기술력과 원료 공급 역량이 다시 한번 입증됐다고 회사 측은 설명했다.선바이오는 Ennumo 생산에 필요한 고품질 PEG 유도체 원료를 독,local,10,암젠,,
2026-06-18,Client,2026-06-19 06:00:00,Naver News,https://www.apsk.co.kr/news/articleView.html?idxno=539623,"허셉틴 SC 첫 바이오시밀러 등장 임박…셀트리온, 특허 회피 도전 - 메디팜스투데이",로슈의 유방암 치료제 '허셉틴(성분명 트라스투주맙)' 바이오시밀러 첫 피하주사(SC) 제형의 국내 허가가 임박한 가운데 셀트리온이 오리지널 특허 회피를 위한 분쟁.,로슈의 유방암 치료제 '허셉틴(성분명 트라스투주맙)' 바이오시밀러 첫 피하주사(SC) 제형의 국내 허가가 임박한 가운데 셀트리온이 오리지널 특허 회피를 위한 분쟁,local,10,로슈,,
2026-06-18,Client,2026-06-18 15:58:00,Naver News,https://www.hitnews.co.kr/news/articleView.html?idxno=76977,[주식] 코스피 9000 돌파...코스닥은 1000 턱걸이에 바이오株 칼바람,"오늘의 증시시장 지수KOSPI: 9,063.84 (▲2.25%)KOSDAQ: 1,000.93 (▼3.01%)상승 종목제이엘케이(+5.60%), 현대약품(+4.81%), 아이빔테크놀로지(+4.52%), 헬릭스미스(+4.39%), 삼성바이오로직스(+4.38%)하락 종목큐리오시스(-17.12%), 젠큐릭스(-14.31%), 알지노믹스(-14.08%), 로킷헬스케어(-11.87%), JW신약(-11.56%) 오늘의 이슈알테오젠(▼0.94%): 알테오젠 ""2019년 비공개 파트너? 사노피였습니다""압타머사이언스(▼5.65%): 압타머사이언스,.","오늘의 증시시장 지수KOSPI: 9,063.84 (▲2.25%)KOSDAQ: 1,000.93 (▼3.01%)상승 종목제이엘케이(+5.60%), 현대약품(+4.81%), 아이빔테크놀로지(+4.52%), 헬릭스미스(+4.39%), 삼성바이오로직스(+4.38%)하락 종목큐리오시스(-17.12%), 젠큐릭스(-14.31%), 알지노믹스(-14.08%), 로킷헬스케어(-11.87%), JW신약(-11.56%) 오늘의 이슈알테오젠(▼0.94%): 알테오젠 ""2019년 비공개 파트너? 사노피였습니다""압타머사이언스(▼5.65%): 압타머사이언스,",local,10,현대약품,,
2026-06-18,BD,2026-06-18 06:02:00,Naver News,http://www.whosaeng.com/sub_read.html?uid=171411&section=sc5,≪후생신보≫ 한국제약바이오산업에 살아 숨쉬는 유일한 정신,"1926년, 유한양행이 문을 열었을 때 그 사업 모델은 현재의 유한양행과는 달랐다. 미국·프랑스·독일 등 선진국의 검증된 의약품을 수입해.","【후생신보】1926년, 유한양행이 문을 열었을 때 그 사업 모델은 현재의 유한양행과는 달랐다. 미국·프랑스·독일 등 선진국의 검증된 의약품을 수입해",local,10,베링거인겔하임,,
2026-06-18,Client,2026-06-13 06:02:00,Naver News,https://new.dailypharm.com/user/news/339398?REFERER=NP,"[데일리팜]FDA 허가 불발 AZ 유방암 신약, 추가 데이터로 반전 모색",호르몬수용체(HR) 양성·HER2 음성 유방암 치료 영역에서 차세대 경구용 선택적 에스트로겐 수용체 분해제(SERD) 경쟁이 이어지는 가운데 아스트라제네카의 카미제스트란트(camizestrant)가 미국 허가 과정에서 예상치 못한 제동에 걸렸다. 미국 식품의약국(FDA) 자문위원회가 임상적 유용성 입증이 충분하지 않다는 의견을 제시한 데 이어 FDA가 추가 분석 자료 검토를 위해 허가 결정을….,호르몬수용체(HR) 양성·HER2 음성 유방암 치료 영역에서 차세대 경구용 선택적 에스트로겐 수용체 분해제(SERD) 경쟁이 이어지는 가운데 아스트라제네카의 카미제스트란트(camizestrant)가 미국 허가 과정에서 예상치 못한 제동에 걸렸다. 미국 식품의약국(FDA) 자문위원회가 임상적 유용성 입증이 충분하지 않다는 의견을 제시한 데 이어 FDA가 추가 분석 자료 검토를 위해 허가 결정을…,local,10,메나리니,,
2026-06-18,BD,2026-06-18 06:54:00,Naver News,http://www.doctorsnews.co.kr/news/articleView.html?idxno=165022,"유한양행 100년, 한국 제약산업 발자취...그리고 '유일한'","유한양행이 올해로 창립 100주년을 맞았다. 일제강점기 가내수공업에서 시작해 세계 최초의 혁신신약 개발, 국내 최대 기술수출 기업으로 우뚝서기까지...유한양행의 100년 역사는 그 자체로 대한민국 제약산업의 성공 스토리다.흔들리지 않는 100년 기업을 이어온 핵심 가치는 창업주 유일한 박사의 사명, 이른바 '유일한 정신'이다. 신용과 품질, 인재 중심 경영, 그리고 기업이익의 사회 환원으로 대변되는 그의 정신은 유한이 걸어온 길과 앞으로 나아갈 길의 이정표와 같다.신용과 품질, 유한양행의 연구개발 정신으로 이어지다 1.","유한양행이 올해로 창립 100주년을 맞았다. 일제강점기 가내수공업에서 시작해 세계 최초의 혁신신약 개발, 국내 최대 기술수출 기업으로 우뚝서기까지...유한양행의 100년 역사는 그 자체로 대한민국 제약산업의 성공 스토리다.흔들리지 않는 100년 기업을 이어온 핵심 가치는 창업주 유일한 박사의 사명, 이른바 '유일한 정신'이다. 신용과 품질, 인재 중심 경영, 그리고 기업이익의 사회 환원으로 대변되는 그의 정신은 유한이 걸어온 길과 앞으로 나아갈 길의 이정표와 같다.신용과 품질, 유한양행의 연구개발 정신으로 이어지다 1",local,10,코프로모션,,
2026-06-18,BD,2026-06-19 07:06:00,Naver News,https://www.newsway.co.kr/news/view?ud=2026061813462771763,'제2의 렉라자' 나올까···글로벌 제약사 도약 시험대 - 뉴스웨이,"유한양행은 비임상 단계 후보물질을 신속히 도입해 얀센과 협력, '렉라자'를 글로벌 FDA 승인 신약으로 키워냈다. 그러나 매출 구조와 시장 주도권 한계, 후속 파이프라인의 불확실성 등 과제가 산적하다. 단일 약물 중심 전략에서 병용 개발, TPD·AI 기술 등 신사업으로 전환하며, 차기 CEO의 리더십과 R&D 포트폴리오가 미래 성패를 좌우할 전망이다.","유한양행은 비임상 단계 후보물질을 신속히 도입해 얀센과 협력, '렉라자'를 글로벌 FDA 승인 신약으로 키워냈다. 그러나 매출 구조와 시장 주도권 한계, 후속 파이프라인의 불확실성 등 과제가 산적하다. 단일 약물 중심 전략에서 병용 개발, TPD·AI 기술 등 신사업으로 전환하며, 차기 CEO의 리더십과 R&D 포트폴리오가 미래 성패를 좌우할 전망이다.",local,10,라이선스,,
2026-06-18,BD,2026-06-18 17:04:00,Naver News,https://www.nspna.com/news/?mode=view&newsid=817126,"[기업경쟁력]산도즈, 바이오시밀러 개발역량 ‘강화’…9900만달러 투자","글로벌 바이오시밀러 시장 1위 기업 산도즈가 개발 역량 강화를 위해 9900만달러를 투자한다. 선두 기업의 자체 투자 확대와 경쟁사 인수합병, 미국 규제 완화 움직임이 맞물리며 글로벌 바이오시밀러 시장 재편도 속도를 내고 있다.","글로벌 바이오시밀러 시장 1위 기업 산도즈가 개발 역량 강화를 위해 9900만달러를 투자한다. 선두 기업의 자체 투자 확대와 경쟁사 인수합병, 미국 규제 완화 움직임이 맞물리며 글로벌 바이오시밀러 시장 재편도 속도를 내고 있다.",local,10,M&A,,
2026-06-18,BD,2026-06-19 07:20:00,Naver News,https://www.etoday.co.kr/news/view/2595168,[오늘의 IR] 아시아나항공ㆍ코스텍시스ㆍNH농우바이오 등,"아시아나항공, 대한항공과의 합병 결정 관련 투자자 설명회△코스텍시스, 해외 기관투자자 대상 회사 및 사업현황 설명△대한항공, 아시아나항공과의.","△아시아나항공, 대한항공과의 합병 결정 관련 투자자 설명회△코스텍시스, 해외 기관투자자 대상 회사 및 사업현황 설명△대한항공, 아시아나항공과의",local,10,합병,,
2026-06-18,BD,2026-06-19 06:00:00,Naver News,https://www.pharmnews.com/news/articleView.html?idxno=304286,"건선, 평생 안고 간다?...'완전 관해' 새 길 열렸다 - 팜뉴스",건선 치료의 질문이 바뀌고 있다. 과거에는 병변을 얼마나 줄일 수 있는지가 중요했다. 하지만 이제는 피부 병변이 완전히 사라지는 상태를 얼.,[팜뉴스=김민건 기자] 건선 치료의 질문이 바뀌고 있다. 과거에는 병변을 얼마나 줄일 수 있는지가 중요했다. 하지만 이제는 피부 병변이 완전히 사라지는 상태를 얼,local,10,합병,,
2026-06-18,BD,2026-06-19 02:12:00,Naver News,https://www.apnews.kr/news/articleView.html?idxno=3049182,"셀트리온, 바이오USA서 ‘AI 신약개발’ 앞세운다…ADC·다중항체 파트너링","셀트리온이 세계 최대 바이오 비즈니스 행사에서 인공지능(AI) 기반 신약개발 역량과 차세대 신약 파이프라인을 앞세운다. 바이오시밀러 사업에서 축적한 연구개발과 생산, 상업화 역량을 바탕으로 항체-약물접합체(ADC), 다중항체 등 미래 성장축을 글로벌 제약·바이오 시장에 알리고 파트너링 기회를 넓히겠다는 전략이다.셀트리온은 현지 시각으로 오는 22일부터 25일까지 미국 샌디에이고에서 열리는 ‘2026 바이오 인터내셔널 컨벤션(Bio International Convention, 이하 바이오USA)’에 참가.","[AP신문 = 강소은 기자] 셀트리온이 세계 최대 바이오 비즈니스 행사에서 인공지능(AI) 기반 신약개발 역량과 차세대 신약 파이프라인을 앞세운다. 바이오시밀러 사업에서 축적한 연구개발과 생산, 상업화 역량을 바탕으로 항체-약물접합체(ADC), 다중항체 등 미래 성장축을 글로벌 제약·바이오 시장에 알리고 파트너링 기회를 넓히겠다는 전략이다.셀트리온은 현지 시각으로 오는 22일부터 25일까지 미국 샌디에이고에서 열리는 ‘2026 바이오 인터내셔널 컨벤션(Bio International Convention, 이하 바이오USA)’에 참가",local,10,제휴,,
2026-06-18,Client,2026-06-17 08:42:00,Naver News,https://www.biotimes.co.kr/news/articleView.html?idxno=32456,"와이바이오로직스, 바이오 USA서 글로벌 딜 발굴…다중항체 파트너링 확대 - 바이오타임즈",와이바이오로직스가 세계 최대 바이오 산업 행사인 바이오 USA 2026에 참가해 글로벌 파트너링 확대에 나선다.다중항체 신약개발 전문기업 와이바이.,[바이오타임즈] 와이바이오로직스가 세계 최대 바이오 산업 행사인 바이오 USA 2026에 참가해 글로벌 파트너링 확대에 나선다.다중항체 신약개발 전문기업 와이바이,local,10,BMS,,
2026-06-18,Distribution,2026-06-19 06:02:00,Naver News,https://www.yakup.com/news/index.html?mode=view&cat=12&nid=328710,[약업신문]위고비 유통망 합류한 국내 유통사들…콜드체인 경쟁력 주목,자동화 물류센터와 콜드체인 시스템을 갖춘 국내 의약품유통업체들이 위고비 공급망에 참여하며 물류 경쟁력을 인정받고 있다. ©AI 생성 이미지국내 의약품유통업체들이 글로벌 빅파마의 비만치료제 공급망에 잇...,자동화 물류센터와 콜드체인 시스템을 갖춘 국내 의약품유통업체들이 위고비 공급망에 참여하며 물류 경쟁력을 인정받고 있다. ©AI 생성 이미지국내 의약품유통업체들이 글로벌 빅파마의 비만치료제 공급망에 잇...,local,10,의약품유통,,
2026-06-18,Client,2026-06-19 07:10:00,Naver News,https://www.koreahealthlog.com/news/articleView.html?idxno=57682,의약품 이상의 '희망'을 만들다…노보노디스크가 증명한 환자 중심주의,"희귀질환 환자와 그 가족들에게 치료제는 의약품 그 이상이다. 매일 이어지는 질환과의 사투 속에서 삶을 지속할 수 있게 만드는 유일한 열쇠이자, 미래를 꿈꾸게 하는 희망이다. 때문에 환자 수가 적다는 이유로 그들의 아픔이 소외되지 않도록 함께 고민하고 길을 찾는 것은 특정 기업의 책임을 넘어 우리 사회 전체가 풀어야 할 숙제다.100년이 넘는 시간 동안 노보노디스크는 혁신적인 기술력과 이러한 환자 중심의 철학을 바탕으로 인류의 건강에 기여해 왔다.","희귀질환 환자와 그 가족들에게 치료제는 의약품 그 이상이다. 매일 이어지는 질환과의 사투 속에서 삶을 지속할 수 있게 만드는 유일한 열쇠이자, 미래를 꿈꾸게 하는 희망이다. 때문에 환자 수가 적다는 이유로 그들의 아픔이 소외되지 않도록 함께 고민하고 길을 찾는 것은 특정 기업의 책임을 넘어 우리 사회 전체가 풀어야 할 숙제다.100년이 넘는 시간 동안 노보노디스크는 혁신적인 기술력과 이러한 환자 중심의 철학을 바탕으로 인류의 건강에 기여해 왔다. 우리에게는 세마글루타이드 성분의 비만 치료제인 '삭센다'와 '위고비'로 더 잘 알려져",local,10,허가,,
2026-06-18,BD,2026-06-18 17:34:00,Naver News,https://www.enetnews.co.kr/news/articleView.html?idxno=51381,"""바이오시밀러만으론 못 버틴다"" K-제약, AI 신약개발 총력전",국내 제약·바이오 업계가 바이오시밀러(동등생물의약품) 성장 한계를 인공지능(AI) 신약개발 플랫폼으로 돌파하려는 전략적 움직임을 본격화했다.셀트리온·LG화학·SK바이오팜을 비롯한 국내 주요 기업들은 오는 22일부터 25일까지 미국 샌디에이고에서 열리는 바이오USA에서 AI 기반 신약개.,국내 제약·바이오 업계가 바이오시밀러(동등생물의약품) 성장 한계를 인공지능(AI) 신약개발 플랫폼으로 돌파하려는 전략적 움직임을 본격화했다.셀트리온·LG화학·SK바이오팜을 비롯한 국내 주요 기업들은 오는 22일부터 25일까지 미국 샌디에이고에서 열리는 바이오USA에서 AI 기반 신약개,local,10,특허만료,,
2026-06-18,BD,2026-06-19 05:00:00,Naver News,https://www.etoday.co.kr/news/view/2593652,기술수출 다음은 임상…K-ADC 하반기 성적표 나온다,ADC 임상 진전되면서 결과 속속 발표리가켐바이오 등 다수 임상 데이터 공개K바이오 데이터 기반 추가 계약 기대(그래픽=손미경 기자 sssmk@)그동안.,ADC 임상 진전되면서 결과 속속 발표리가켐바이오 등 다수 임상 데이터 공개K바이오 데이터 기반 추가 계약 기대(그래픽=손미경 기자 sssmk@)그동안,local,10,다이이찌산쿄,,
2026-06-18,BD,2026-06-18 11:56:00,Naver News,https://www.medipana.com/news/articleView.html?idxno=413091,"한미약품, 도입품목 키우고 신약 성과 더하고‥성장축 다변화 - 메디파나뉴스",한미약품이 글로벌 오리지널 의약품 도입을 통해 내수 포트폴리오 보강에 나서고 있다. 회사는 글로벌 제약사 코프로모션 확대를 통해.,[메디파나뉴스 = 강희재 기자] 한미약품이 글로벌 오리지널 의약품 도입을 통해 내수 포트폴리오 보강에 나서고 있다. 회사는 글로벌 제약사 코프로모션 확대를 통해,local,10,코프로모션,,
2026-06-18,BD,2026-06-19 05:56:00,Naver News,https://www.kpanews.co.kr/news/articleView.html?idxno=537020,브리바라세탐 29품목 등재 '눈앞'…최저용량 256원대 형성 전망 - 약사공론,"뇌전증 치료에 쓰이는 브리바라세탐 성분 약제 29품목이 내달 등재 채비에 한창이다.오리지널은 유씨비제약 브리비액트인데, 약가협상 결렬로 등재가 지체되고 있는 상황.","뇌전증 치료에 쓰이는 브리바라세탐 성분 약제 29품목이 내달 등재 채비에 한창이다.오리지널은 유씨비제약 브리비액트인데, 약가협상 결렬로 등재가 지체되고 있는 상황",local,10,제네릭,,
2026-06-18,BD,2026-06-18 11:38:00,Naver News,https://www.medipana.com/news/articleView.html?idxno=413162,"""美 '인터체인저블' 문턱 낮춘다""…바이오시밀러 경쟁구도 재편 촉각 - 메디파나뉴스",미국 상원 상임위원회가 바이오시밀러 시장 진입을 앞당기기 위한 규제완화법을 만장일치로 통과시키면서 글로벌 바이오시밀러 경쟁 구도에.,[메디파나뉴스 = 최인환 기자] 미국 상원 상임위원회가 바이오시밀러 시장 진입을 앞당기기 위한 규제완화법을 만장일치로 통과시키면서 글로벌 바이오시밀러 경쟁 구도에,local,10,특허만료,,
2026-06-18,BD,2026-06-18 22:28:00,Naver News,http://www.tjb.co.kr/sub0301/bodo/view/id/99710,충남 첫 SFTS 환자 발생..홍성 60대 치료 중,"구토, 설사, 근육통 등을 유발하며 중증으로 진행될 경우 사망할 수도 있습니다. 보건당국은 예방백신과 치료제가 없는 만큼 야외활동에 나갈 때는 긴옷 착용과 진드기 기피제 사용 등 예방수칙 준수를 당부했습니다.","구토, 설사, 근육통 등을 유발하며 중증으로 진행될 경우 사망할 수도 있습니다. 보건당국은 예방백신과 치료제가 없는 만큼 야외활동에 나갈 때는 긴옷 착용과 진드기 기피제 사용 등 예방수칙 준수를 당부했습니다.",local,10,백신,,
2026-06-18,Distribution,2026-06-12 05:48:00,Naver News,http://www.medisobizanews.com/news/articleView.html?idxno=139369,"글로벌 신약, 국내안착 돕는 ‘커머셜 플랫폼 기업’이 뜬다",글로벌 제약바이오 업계에서 고정비 부담을 줄이고 현지 상업화 효율을 높이려는 흐름이 국내 헬스케어 시장에서도 새로운 비즈니스 모델이 주목받고 있다.글로벌 제약사가 국내에 대규모 법인을 직접 세우지 않더라도 현지 허가ㆍ약가ㆍ마케팅ㆍ유통 역량을 갖춘 외부 전문 기업을 통해 신약을 출시하는 ‘커머셜 플랫폼’ 모델이 하나의 선택지로 자리잡아 가는 모습이다.이런 흐름을 가장 먼저 보여준 업체 중 하나가 스위스에 본부를 둔 메디슨파마(Medison Pharma)다. 메디슨파마는 글로벌 신약 상용화 플랫폼을 표방하며 혁신 바이오텍과 파트너십을.,글로벌 제약바이오 업계에서 고정비 부담을 줄이고 현지 상업화 효율을 높이려는 흐름이 국내 헬스케어 시장에서도 새로운 비즈니스 모델이 주목받고 있다.글로벌 제약사가 국내에 대규모 법인을 직접 세우지 않더라도 현지 허가ㆍ약가ㆍ마케팅ㆍ유통 역량을 갖춘 외부 전문 기업을 통해 신약을 출시하는 ‘커머셜 플랫폼’ 모델이 하나의 선택지로 자리잡아 가는 모습이다.이런 흐름을 가장 먼저 보여준 업체 중 하나가 스위스에 본부를 둔 메디슨파마(Medison Pharma)다. 메디슨파마는 글로벌 신약 상용화 플랫폼을 표방하며 혁신 바이오텍과 파트너십을,local,10,DKSH,,
2026-06-18,BD,2026-06-19 06:00:00,Naver News,https://www.bosa.co.kr/news/articleView.html?idxno=3006571,국내 제약바이오기업 ‘바이오 USA’ 총출동 - 의학신문,국내 제약바이오기업들이 6월 22일부터 25일(현지 시간)까지 미국 샌디에이고에서 열리는 ‘2026 바이오 인터내셔널 컨벤션(바.,[의학신문·일간보사=김정일 기자] 국내 제약바이오기업들이 6월 22일부터 25일(현지 시간)까지 미국 샌디에이고에서 열리는 ‘2026 바이오 인터내셔널 컨벤션(바,local,10,라이선스,,
2026-06-18,BD,2026-06-19 04:56:00,Naver News,https://www.yakup.com/news/index.html?mode=view&cat=16&nid=328696,[약업신문]로슈 ‘조플루자’ 정제 퍼스트 제네릭 FDA 승인,FDA가 로슈社의 인플루엔자 치료용 항바이러스제 ‘조플루자’(발록사비르 마르복실) 정제의 퍼스트 제네릭 제형을 17일 승인했다.‘조플루자’의 퍼스트 제네릭 제형은 5세 이상의 환자들에게서 급성 단순성 ...,FDA가 로슈社의 인플루엔자 치료용 항바이러스제 ‘조플루자’(발록사비르 마르복실) 정제의 퍼스트 제네릭 제형을 17일 승인했다.‘조플루자’의 퍼스트 제네릭 제형은 5세 이상의 환자들에게서 급성 단순성 ...,local,10,제네릭,,
2026-06-18,BD,2026-06-19 06:12:00,Naver News,https://www.hitnews.co.kr/news/articleView.html?idxno=76988,'롤론티스오토인젝터주' 급여 등재… '렉라자' RSA 재계약,한미약품의 호중구감소증 치료제 '롤론티스오토인젝터주'가 내달 건강보험 급여목록에 등재된다.18일 관련 업계에 따르면 롤론티스오토인젝터주의 상한금액은 48만7283원으로 결정됐다. 이는 기존 프리필드시린지(PFS) 제형인 롤론티스주와 동일한 수준이다.식품의약품안전처는 지난 4월 롤론티스오토인젝터주 품목허가를 승인했다. 오토인젝터 제형은 바늘이 외부로 노출되지 않는 펜 타입으로 설계됐다.,한미약품의 호중구감소증 치료제 '롤론티스오토인젝터주'가 내달 건강보험 급여목록에 등재된다.18일 관련 업계에 따르면 롤론티스오토인젝터주의 상한금액은 48만7283원으로 결정됐다. 이는 기존 프리필드시린지(PFS) 제형인 롤론티스주와 동일한 수준이다.식품의약품안전처는 지난 4월 롤론티스오토인젝터주 품목허가를 승인했다. 오토인젝터 제형은 바늘이 외부로 노출되지 않는 펜 타입으로 설계됐다. 정해진 용량이 자동 주입되는 방식으로 환자가 의료기관 방문 없이 자가 투여할 수 있게 된다. 환자 편의성을 높이면서 포트폴리오를 확대한 롤론티스 매출,local,10,용량,,
2026-06-18,Distribution,2026-06-19 06:00:00,Naver News,https://www.bosa.co.kr/news/articleView.html?idxno=3006517,의약품 잇따른 공급 중단…의료·유통 ‘대체 ’ 준비 분주 - 의학신문,"최근 국내외 제약사들이 일부 의약품의 공급 중단 및 판매 종료 소식을 연이어 전하면서, 병·의원을 비롯해 의약품유통업체들이 대체.","[의학신문·일간보사=김상일 기자]최근 국내외 제약사들이 일부 의약품의 공급 중단 및 판매 종료 소식을 연이어 전하면서, 병·의원을 비롯해 의약품유통업체들이 대체",local,10,의약품유통,,
2026-06-18,BD,2026-06-18 17:10:00,Naver News,https://www.newsway.co.kr/news/view?ud=2026061814063359395,빅파마가 점찍은 인비보 CAR-T···GC녹십자도 개발 대열 합류 - 뉴스웨이,"GC녹십자가 앱클론과 손잡고 차세대 세포치료제인 인비보 CAR-T 공동개발에 나섰다. 양사는 mRNA-LNP 기반 세포 특이적 기술과 CAR-T, 항체 역량을 결합해 혈액암 등 다양한 적응증을 겨냥한 후보물질을 발굴할 계획이다. 인비보 CAR-T는 기존 체외 조작 방식의 한계를 극복하며, 대량생산과 즉시 투여가 가능해 주목받고 있다. 협력을 통해 두 기업은 신약 파이프라인 강화 및 글로벌 기술이전을 도모한다.","GC녹십자가 앱클론과 손잡고 차세대 세포치료제인 인비보 CAR-T 공동개발에 나섰다. 양사는 mRNA-LNP 기반 세포 특이적 기술과 CAR-T, 항체 역량을 결합해 혈액암 등 다양한 적응증을 겨냥한 후보물질을 발굴할 계획이다. 인비보 CAR-T는 기존 체외 조작 방식의 한계를 극복하며, 대량생산과 즉시 투여가 가능해 주목받고 있다. 협력을 통해 두 기업은 신약 파이프라인 강화 및 글로벌 기술이전을 도모한다.",local,10,아스트라제네카,,
2026-06-18,BD,2026-06-18 08:08:00,Naver News,https://www.medipana.com/news/articleView.html?idxno=413127,"환인제약, 글로벌 제네릭 기업 테바 등 수출 본격화 - 메디파나뉴스",국내 중추신경계(CNS) 전문기업 환인제약(대표 이원범)이 글로벌 리딩 제네릭 제약사인 테바(TEVA)를 비롯한 해외 파트너사와의 협력을 강화하며 수출 확대에 드.,국내 중추신경계(CNS) 전문기업 환인제약(대표 이원범)이 글로벌 리딩 제네릭 제약사인 테바(TEVA)를 비롯한 해외 파트너사와의 협력을 강화하며 수출 확대에 드,local,10,얀센,,
2026-06-18,BD,2026-06-18 15:13:00,Naver News,https://www.bloter.net/news/articleView.html?idxno=665866,"[혁신형 제약기업 점검]⑤ 일동제약, 인증 방패 쥐고 R&D 내재화",일동제약이 이미 확보한 혁신형 제약기업 인증 지위를 약가개편 국면의 방어권으로 들고 있다. 매출 절반 이상을 전문의약품(ETC)에서 내는 구조라 약가인하 유예·가산이 적용될 경우 손익완충 효과가 커질 수 있다는 분석이 지배적이다. 1분기에는 저수익 품목도 정리했다. 동시에 유노비아 흡.,일동제약이 이미 확보한 혁신형 제약기업 인증 지위를 약가개편 국면의 방어권으로 들고 있다. 매출 절반 이상을 전문의약품(ETC)에서 내는 구조라 약가인하 유예·가산이 적용될 경우 손익완충 효과가 커질 수 있다는 분석이 지배적이다. 1분기에는 저수익 품목도 정리했다. 동시에 유노비아 흡,local,10,코프로모션,,
2026-06-18,BD,2026-06-19 05:52:00,Naver News,https://www.kpanews.co.kr/news/articleView.html?idxno=537022,렉라자 약가 35% 낮춰 RSA 재계약…퍼제타·페스코도 완료 - 약사공론,국산 3세대 표적 폐암 신약인 유한양행 렉라자정80mg이 위험분담계약제(RSA) 재계약에 성공해 내달 갱신 약가가 적용될 전망이다. 또한 한국로슈의 HER2(인간.,국산 3세대 표적 폐암 신약인 유한양행 렉라자정80mg이 위험분담계약제(RSA) 재계약에 성공해 내달 갱신 약가가 적용될 전망이다. 또한 한국로슈의 HER2(인간,local,10,약가,,
2026-06-18,BD,2026-06-18 11:02:00,Naver News,https://www.startuptoday.co.kr/news/articleView.html?idxno=803938,"[이슈] 에이비엘바이오, 위암 신약부터 BBB 플랫폼까지 척척 - 오늘경제",에이비엘바이오가 개발 중인 이중항체 면역항암제 '지바스토믹(ABL111)'이 미국 식품의약국(FDA) 패스트트랙(Fast Track) 지정을 받았다.에이비엘바이오.,에이비엘바이오가 개발 중인 이중항체 면역항암제 '지바스토믹(ABL111)'이 미국 식품의약국(FDA) 패스트트랙(Fast Track) 지정을 받았다.에이비엘바이오,local,10,사노피,,
2026-06-18,Client,2026-06-18 06:02:00,Naver News,https://www.monews.co.kr/news/articleView.html?idxno=411913,건선 밖으로 눈 돌리는 IL-17 억제제 - 메디칼업저버,건선 치료에 사용되는 인터루킨(IL)-17 억제제가 새로운 성장 동력 확보에 나서고 있다.그동안 IL-17 억제제는 중등도~중증 판상.,[메디칼업저버 정연주 기자] 건선 치료에 사용되는 인터루킨(IL)-17 억제제가 새로운 성장 동력 확보에 나서고 있다.그동안 IL-17 억제제는 중등도~중증 판상,local,10,노바티스,,
2026-06-18,Client,2026-06-17 16:18:00,Naver News,https://www.kmib.co.kr/article/view.asp?arcid=0029982006&code=61121111&cp=nv,"“마운자로, 살 빼려고 쓰지 말라”… 오남용 제동 나선 日정부",최근 ‘살 빼는 주사’로 널리 사용되는 당뇨병 치료제 마운자로에 대해 일본 정부가 오남용 억제에 나섰다. 단순 다이어트 목적 사용과 SNS 개인 거래가 확산.,최근 ‘살 빼는 주사’로 널리 사용되는 당뇨병 치료제 마운자로에 대해 일본 정부가 오남용 억제에 나섰다. 단순 다이어트 목적 사용과 SNS 개인 거래가 확산,local,10,노보노디스크,,
2026-06-18,Client,2026-06-18 08:28:00,Naver News,https://www.mdtoday.co.kr/news/articleView.html?idxno=601344,"신약 벨주티판, 초기 신장암 적응증 확대 승인 - 메디컬투데이",신장암 치료제 벨주티판(belzutifan)이 면역항암제 펨브롤리주맙(pembrolizumab)과 병용요법으로 일부 초기.,[mdtoday = 김형우 의학전문기자] 신장암 치료제 벨주티판(belzutifan)이 면역항암제 펨브롤리주맙(pembrolizumab)과 병용요법으로 일부 초기,local,10,머크,,
2026-06-18,Client,2026-06-16 09:36:00,Naver News,https://www.kpanews.co.kr/news/articleView.html?idxno=533605,릴리 급부상에도 글로벌 제약사 톱20 '겉은 안정'…중위권은 격전 - 약사공론,지난해 글로벌 바이오 제약 업계의 매출 순위 지형도가 요동치고 있다. 이번 순위 변동의 핵심은 단연 일라이 릴리(Eli Lilly)의 기록적인 질주와 전통 강호들.,지난해 글로벌 바이오 제약 업계의 매출 순위 지형도가 요동치고 있다. 이번 순위 변동의 핵심은 단연 일라이 릴리(Eli Lilly)의 기록적인 질주와 전통 강호들,local,10,리제네론,,
2026-06-18,Client,2026-06-17 13:54:00,Naver News,https://www.sisajournal.com/news/articleView.html?idxno=376786,"‘위고비’ 제약사 노보노디스크, 데이터 해킹 당해…“신약 IP 위협” - 시사저널",비만치료제 위고비로 잘 알려진 덴마크 제약사 노보 노디스크가 대규모 사이버 공격에 노출돼 데이터를 탈취당했다. 탈취당한 데이터에는 출시하지 않은 신약 데이터와 인.,비만치료제 위고비로 잘 알려진 덴마크 제약사 노보 노디스크가 대규모 사이버 공격에 노출돼 데이터를 탈취당했다. 탈취당한 데이터에는 출시하지 않은 신약 데이터와 인,local,10,노보노디스크,,
2026-06-18,Client,2026-06-18 12:22:00,Naver News,http://www.medisobizanews.com/news/articleView.html?idxno=139509,"‘레테브모’, 캡슐에 이어 알약도 허가 … 한국릴리 ‘쌍권총 처방’",RET 표적항암제 ‘레테브모’가 기존 캡슐 제형에 이어 정제 제형까지 허가받았다. 한국릴리는 올해 하반기 중 정제 공급을 준비하고 있으며 기존 캡슐 제형은 국민건강보험공단과 약가 협상을 진행 중이다.17일 식품의약품안전처에 따르면 한국릴리의 레테브모정40mgㆍ80mg(셀퍼카티닙)이 허가됐다.레테브모는 RET 유전자 변이 또는 융합이 확인된 암 환자를 대상으로 하는 RET 표적치료제다. 국내에서는 지난 2022년 레테브모캡슐40mgㆍ80mg이 허가됐다.,RET 표적항암제 ‘레테브모’가 기존 캡슐 제형에 이어 정제 제형까지 허가받았다. 한국릴리는 올해 하반기 중 정제 공급을 준비하고 있으며 기존 캡슐 제형은 국민건강보험공단과 약가 협상을 진행 중이다.17일 식품의약품안전처에 따르면 한국릴리의 레테브모정40mgㆍ80mg(셀퍼카티닙)이 허가됐다.레테브모는 RET 유전자 변이 또는 융합이 확인된 암 환자를 대상으로 하는 RET 표적치료제다. 국내에서는 지난 2022년 레테브모캡슐40mgㆍ80mg이 허가됐다. 이번 정제 허가로 기존 캡슐 제형에 더해 정제 제형까지 선택지가 확대됐다.특히 경,local,10,로슈,,
2026-06-18,Client,2026-06-19 03:50:00,Naver News,http://www.newsmp.com/news/articleView.html?idxno=254897,"[ESMO GC 2026] 젬퍼리ㆍ옵디보, 자궁경부암 항암방사선 보조요법 성과","면역항암제 젬퍼리(성분명 도스탈리맙, GSK)와 옵디보(성분명 니볼루맙, BMSㆍ오노)가 나란히 국소진행성 자궁경부암에서 긍정적인 데이터를 제시했다.18일(현지시간) 유럽임상종양학회 부인암학술대회(ESMO Gynaecological Cancers 2026)에서는 재발 위험이 높은 국소진행성 자궁경부암 환자를 대상으로 항암방사선요법에 더해 젬퍼리와 옵디보 유지요법을 평가한 두 건의 임상 2상 결과가 나란히 공개됐다.먼저 젬퍼리는 스페인의 22개 기관에서 134명의 환자를 대상으로 항암방사선 요법 후 젬퍼리 단독 유지요법을.","[의약뉴스] 면역항암제 젬퍼리(성분명 도스탈리맙, GSK)와 옵디보(성분명 니볼루맙, BMSㆍ오노)가 나란히 국소진행성 자궁경부암에서 긍정적인 데이터를 제시했다.18일(현지시간) 유럽임상종양학회 부인암학술대회(ESMO Gynaecological Cancers 2026)에서는 재발 위험이 높은 국소진행성 자궁경부암 환자를 대상으로 항암방사선요법에 더해 젬퍼리와 옵디보 유지요법을 평가한 두 건의 임상 2상 결과가 나란히 공개됐다.먼저 젬퍼리는 스페인의 22개 기관에서 134명의 환자를 대상으로 항암방사선 요법 후 젬퍼리 단독 유지요법을",local,10,GSK,,
2026-06-18,BD,2026-06-18 09:16:00,Naver News,https://www.medicopharma.co.kr/news/articleView.html?idxno=68440,"대원제약, 호흡기 이어 정형외과도 1위…처방 영토 넓힌다","대원제약이 호흡기 치료제 시장에 이어 정형외과 영역에서도 1위에 올라서며 ETC 사업 경쟁력을 넓히고 있다. 감기약과 진해거담제 중심의 호흡기 강점을 기반으로 근골격계·통증 치료 영역, 대사질환, 고혈압 등 처방 기반 포트폴리오를 확대하면서 안정적인 매출.","[메디코파마뉴스=정재노 기자] 대원제약이 호흡기 치료제 시장에 이어 정형외과 영역에서도 1위에 올라서며 ETC 사업 경쟁력을 넓히고 있다. 감기약과 진해거담제 중심의 호흡기 강점을 기반으로 근골격계·통증 치료 영역, 대사질환, 고혈압 등 처방 기반 포트폴리오를 확대하면서 안정적인 매출",local,10,코프로모션,,
2026-06-18,BD,2026-06-18 06:02:00,Naver News,https://www.dailypharm.com/user/news/339533?REFERER=NP,"[데일리팜]""빠른 증상 개선 강점…'랩시도' CSU 치료 새 선택지""",'만성 자발성 두드러기(CSU)는 단순 피부질환이 아니다. 기존 치료에도 증상이 조절되지 않는 환자들이 여전히 다수 존재하며 새로운 치료 옵션에 대한 요구도가 높다.' 사르빗 사이니(Sarbjit Saini) 미국 존스홉킨스대학병원 알레르기·면역학과 교수와 최정희 한림대학교동탄성심병원 알레르기내과 교수는 최근 데일리팜과 만난 자리에서 CSU 치료의 미충족 수요와 새로운 치료 옵션의….,'만성 자발성 두드러기(CSU)는 단순 피부질환이 아니다. 기존 치료에도 증상이 조절되지 않는 환자들이 여전히 다수 존재하며 새로운 치료 옵션에 대한 요구도가 높다.' 사르빗 사이니(Sarbjit Saini) 미국 존스홉킨스대학병원 알레르기·면역학과 교수와 최정희 한림대학교동탄성심병원 알레르기내과 교수는 최근 데일리팜과 만난 자리에서 CSU 치료의 미충족 수요와 새로운 치료 옵션의…,local,10,생물학적제제,,
2026-06-18,BD,2026-06-18 07:52:00,Naver News,https://www.thebell.co.kr/free/content/ArticleView.asp?key=202606150925004320106840,[더벨][넥스아이 IPO 로드맵] '상장사 격' 재무·이사회 정비…C레벨 11인...,지놈앤컴퍼니에서는 최고과학책임자(CSO)로 항체 신약 개발을 이끌었다. 또 다른 주요인물로는 윤 대표와 함께 사내이사를 맡고 있는 강윤수 최고재무책임자(CFO)가 있다. 강 CFO는 고려대 경영학과 출신으로... ,지놈앤컴퍼니에서는 최고과학책임자(CSO)로 항체 신약 개발을 이끌었다. 또 다른 주요인물로는 윤 대표와 함께 사내이사를 맡고 있는 강윤수 최고재무책임자(CFO)가 있다. 강 CFO는 고려대 경영학과 출신으로... ,local,10,CSO,,
2026-06-18,BD,2026-06-19 05:30:00,Naver News,https://www.medicaltimes.com/Main/News/NewsView.html?ID=1169337&ref=naverpc,[메디칼타임즈] 뇌전증 치료제 오리지널 철수했는데…제네릭만 급여 경쟁,"비급여 출시 전략으로 시장에 진입했던 브리바라세탐 제제가 오리지널 철수 속 급여권에 진입한다.이에 오리지널은 사라진 자리에서 7개 제네릭 품목이 본격적인 시장 경쟁을 벌이게 될 전망이다.브리바라세탐 제제가 오리지널은 시장에서 철수한 가운데 제네릭들만 급여권에서 경쟁하게 됐다.(이미지=AI생성)18일 보건복지부가 행정예고 한 '요양급여의 적용기준 및 방법에 관한 세부사항' 일부개정(안)에는 경구용 항뇌전증약에 대한 내용이 포함됐다.이는 브리베타정 등 29품목 약제가 신규 등재 예정임에 따라 국내·외 허가사항, 교과서, 가이드라인, 임상논문, 학회 (전문가) 의견 등을 참조하여 약제별 허가사항 범위 내 급여기준 적용을 명확히 하기 위해 진행된 것이다.등재가 예고된 브리베타정 등은 브리바라세탐 성분의 뇌전증 치료제다.브리바라세탐의 오리지널은 유씨비제약의 '브리비액트'이지만 해당 품목은 2019년 국내 허가 이후 급여 등재에 실패했다.이런 상황에서 지난해 9월 대웅제약을 시작으로 제네릭 시장이 열렸다.이를 통해 대웅제약의 '브리바탑정'을 비롯해 명인제약의 '부리팜정', 부광약품의 '부광브리필정', 삼진제약의 '브리세탐정', 종근당의 '브리베타정'. 현대약품의 '브릴렉트정', 환인제약의 '브리바정'이 지난해 11월까지 국내 허가를 획득했다. 또한 환인제약은 오리지널에도 없는 75mg 용량을 허가 받으며 시장 진입을 노렸다.그 이후 일부 제약사들은 급여 전 비급여 출시 전략을 통해 시장에 먼저 진입했고, 내달 급여권에 진입하며 본격적인 경쟁을 예고하게 됐다.","[메디칼타임즈=허성규 기자] 비급여 출시 전략으로 시장에 진입했던 브리바라세탐 제제가 오리지널 철수 속 급여권에 진입한다.이에 오리지널은 사라진 자리에서 7개 제네릭 품목이 본격적인 시장 경쟁을 벌이게 될 전망이다.브리바라세탐 제제가 오리지널은 시장에서 철수한 가운데 제네릭들만 급여권에서 경쟁하게 됐다.(이미지=AI생성)18일 보건복지부가 행정예고 한 '요양급여의 적용기준 및 방법에 관한 세부사항' 일부개정(안)에는 경구용 항뇌전증약에 대한 내용이 포함됐다.이는 브리베타정 등 29품목 약제가 신규 등재 예정임에 따라 국내·외 허가사항, 교과서, 가이드라인, 임상논문, 학회 (전문가) 의견 등을 참조하여 약제별 허가사항 범위 내 급여기준 적용을 명확히 하기 위해 진행된 것이다.등재가 예고된 브리베타정 등은 브리바라세탐 성분의 뇌전증 치료제다.브리바라세탐의 오리지널은 유씨비제약의 '브리비액트'이지만 해당 품목은 2019년 국내 허가 이후 급여 등재에 실패했다.이런 상황에서 지난해 9월 대웅제약을 시작으로 제네릭 시장이 열렸다.이를 통해 대웅제약의 '브리바탑정'을 비롯해 명인제약의 '부리팜정', 부광약품의 '부광브리필정', 삼진제약의 '브리세탐정', 종근당의 '브리베타정'. 현대약품의 '브릴렉트정', 환인제약의 '브리바정'이 지난해 11월까지 국내 허가를 획득했다.  또한 환인제약은 오리지널에도 없는 75mg 용량을 허가 받으며 시장 진입을 노렸다.그 이후 일부 제약사들은 급여 전 비급여 출시 전략을 통해 시장에 먼저 진입했고, 내달 급여권에 진입하며 본격적인 경쟁을 예고하게 됐다. 다만,이 같은 상황에서 오리지널은 시장에서 철수하며, 제네릭들만이 경쟁을 벌이는 상황이 됐다.실제로 유씨비제약은 재심사 신청서를 제출하지 않아 지난 4월 20일자로 허가 취소 처분을 받았다.즉 오리지널이 아닌 제네릭만 급여에 등재되어 경쟁을 벌이는 또 하나의 사례가 추가된 셈이다.앞서 뇌전증 치료제 '빔팻'은 2010년 국내 허가를 받았으나 약가 문제로 급여권에 진입하지 못했고, 이 사이 후발약인 SK케미칼의 빔스크가 오리지널보다 먼저 급여 등재에 성공했고, 오리지널은 국내에서 철수를 결정한 바 있다.이외에도 아프레밀라스트 성분 건선 치료제에서도 '오테즐라'가 급여에 진입하지 못한 채 시장에서 철수했고, 제네릭들이 신약 트랙으로 시장에 진입했으며, 프루칼로프라이드 성분 만성변비 치료제인 얀센의 '레졸로' 역시 유사한 결과를 맞이한 바 있다.결국 국내에서 오리지널이 급여 문턱을 넘지 못한 상태에서 제네릭들이 시장에서 진입하는 사례가 늘어나고 있는 것.다만 정부에서도 유연약가제도를 도입하며, 오리지널의 '코리아 패싱'을 막기 위한 노력을 이어가고 있는 만큼 유사한 사례가 반복될지는 지켜봐야할 것으로 보인다.",local,10,제네릭,,
2026-06-18,BD,2026-06-19 06:42:00,Naver News,https://www.dailymedi.com/news/news_view.php?wr_id=937514,"80년 역사 예방의학, 첫 춘계학술대회 개최","﻿﻿﻿﻿산불, 녹조, 가습기살균제부터 백신, 감염병, 통합돌봄에 이르기까지 보건의료와 관련한 이슈가 총망라되는 학술대회가 개최된다.치료 중심 의료체계에서 일반적인 최신지견 공유를 넘어 예방 중심 관점에서 국민 건강을 도모하기 위한 전문가들의 정보 교류라는 점에서 관심을 모은다.대한예방의학회(이사장 윤석준)는 오는 7월 2일과 3일 양일간 서울 SETEC 컨벤션센터에서 질병관리청과 공동으로 ‘2026 전기학술대회’를 개최한다.이번 학술대회는 여러모로 의미가 남다르다. 사실 대한예방의학회는 1947년 설립 이래 오는 2027년 80주년….","﻿﻿﻿﻿산불, 녹조, 가습기살균제부터 백신, 감염병, 통합돌봄에 이르기까지 보건의료와 관련한 이슈가 총망라되는 학술대회가 개최된다.치료 중심 의료체계에서 일반적인 최신지견 공유를 넘어 예방 중심 관점에서 국민 건강을 도모하기 위한 전문가들의 정보 교류라는 점에서 관심을 모은다.대한예방의학회(이사장 윤석준)는 오는 7월 2일과 3일 양일간 서울 SETEC 컨벤션센터에서 질병관리청과 공동으로 ‘2026 전기학술대회’를 개최한다.이번 학술대회는 여러모로 의미가 남다르다. 사실 대한예방의학회는 1947년 설립 이래 오는 2027년 80주년…",local,10,백신,,
2026-06-18,Client,2026-06-18 17:50:00,Naver News,https://www.apsk.co.kr/news/articleView.html?idxno=539622,중증 탈모·위궤양 건보 문턱 낮춘다…올루미언트·자큐보 급여 확대 - 메디팜스투데이,보건복지부가 중증 원형탈모증과 위궤양 치료 영역의 건강보험 문턱을 낮추면서 관련 의약품 시장 판도에도 변화가 예상된다. 18일 보건복지부의 '요양급여의 적용기준.,보건복지부가 중증 원형탈모증과 위궤양 치료 영역의 건강보험 문턱을 낮추면서 관련 의약품 시장 판도에도 변화가 예상된다. 18일 보건복지부의 '요양급여의 적용기준,local,10,화이자,,
2026-06-18,Client,2026-06-19 03:50:00,Naver News,http://www.newsmp.com/news/articleView.html?idxno=254896,"[ESMO GC 2026] 엘라히어, 백금 민감성 재발 난소암에서 희비","애브비의 엽산 수용체 알파(FRα) 표적 항체약물접합체(ADC) 엘라히어(성분명 미르베툭시맙소라브탄신)가 백금 민감성 재발 난소암 임상 2상 두 건에서 상반된 결과를 내놨다.다만 생존율 개선에 실패한 임상 2상에서도 기존의 표준요법 대비 높은 반을률을 보고해 백금 민감성 난소암에서도 입지를 확대했다.현재 엘라히어는 전신 치료 이력이 있는 FRα 양성, 백금 저항성, 고등급 장액성, 상피성 난소암 및 난관암, 또는 원발성 복암 치료에 단독요법으로 적응증을 보유하고 있다.이 가운데 18일(현지시간) 유럽임상종양학회 부인암학.","[의약뉴스] 애브비의 엽산 수용체 알파(FRα) 표적 항체약물접합체(ADC) 엘라히어(성분명 미르베툭시맙소라브탄신)가 백금 민감성 재발 난소암 임상 2상 두 건에서 상반된 결과를 내놨다.다만 생존율 개선에 실패한 임상 2상에서도 기존의 표준요법 대비 높은 반을률을 보고해 백금 민감성 난소암에서도 입지를 확대했다.현재 엘라히어는 전신 치료 이력이 있는 FRα 양성, 백금 저항성, 고등급 장액성, 상피성 난소암 및 난관암, 또는 원발성 복암 치료에 단독요법으로 적응증을 보유하고 있다.이 가운데 18일(현지시간) 유럽임상종양학회 부인암학",local,10,애브비,,
2026-06-18,Client,2026-06-17 07:54:00,Naver News,http://www.newsprime.co.kr/news/article.html?no=736960,"파로스아이바이오, AI 플랫폼 확장성 '주목'…""글로벌 빅파마와의 파트...","현재 시장 선두주자인 아스텔라스의 '길테리티닙(조스파타)'은 투약 환자의 약 30.5%에서 병이 재발하고, 재발 환자의 96%가 4주 이내에 빠르게 악화되는 치명적인 돌연변이 저항성 문제를 겪고 있다. 반면... ","현재 시장 선두주자인 아스텔라스의 '길테리티닙(조스파타)'은 투약 환자의 약 30.5%에서 병이 재발하고, 재발 환자의 96%가 4주 이내에 빠르게 악화되는 치명적인 돌연변이 저항성 문제를 겪고 있다. 반면... ",local,10,아스텔라스,,
2026-06-18,Client,2026-06-18 10:34:00,Naver News,https://www.mstoday.co.kr/news/articleView.html?idxno=101889,위고비·마운자로 열풍에 제동…“비만약 맹신은 금물”,"GLP-1 계열 비만 치료제가 전 세계적인 인기를 끌고 있는 가운데 한국과 일본 정부가 잇따라 오남용 방지 대책 마련에 나섰다. 위고비와 마운자로가 ‘기적의 다이어트 약’으로 불리며 수요가 급증하고 있지만, 전문가들은 치료제 효과만 믿고 생활습관 개선을 소홀히 할 경우 체중 재증가와 건강 위험에 직면할 수 있다고 경고한다.폭증하는 수요…정부도 오남용 관리 강화식품의약품안전처는 최근 세마글루티드, 터제파타이드, 리라글루티드 성분이 포함된 비만 치료제를 ‘오·남용우려의약품’으로 지정하는 절차에 착수했다.","[MS투데이] GLP-1 계열 비만 치료제가 전 세계적인 인기를 끌고 있는 가운데 한국과 일본 정부가 잇따라 오남용 방지 대책 마련에 나섰다. 위고비와 마운자로가 ‘기적의 다이어트 약’으로 불리며 수요가 급증하고 있지만, 전문가들은 치료제 효과만 믿고 생활습관 개선을 소홀히 할 경우 체중 재증가와 건강 위험에 직면할 수 있다고 경고한다.폭증하는 수요…정부도 오남용 관리 강화식품의약품안전처는 최근 세마글루티드, 터제파타이드, 리라글루티드 성분이 포함된 비만 치료제를 ‘오·남용우려의약품’으로 지정하는 절차에 착수했다. 치료 목적을 벗어",local,10,마운자로,,
2026-06-18,Distribution,2026-06-18 19:10:00,Naver News,https://medicalworldnews.co.kr/news/view.php?idx=1510975381,간병 부담 해소 해법은 ‘간호·간병통합서비스 전병동 확대’…심포지...,병원간호사회와 한국의학바이오기자협회는 지난 17일 서울대학교 어린이병원 CJ홀에서 공동 정책 심포지엄을 열고 이같은 내용을 공유했다. ◆이용 환자 급증…병상 참여율 34.4% 국민건강보험공단 건강보험연구원... ,병원간호사회와 한국의학바이오기자협회는 지난 17일 서울대학교 어린이병원 CJ홀에서 공동 정책 심포지엄을 열고 이같은 내용을 공유했다. ◆이용 환자 급증…병상 참여율 34.4% 국민건강보험공단 건강보험연구원... ,local,10,CJ,,
2026-06-18,BD,2026-06-19 06:18:00,Naver News,http://www.docdocdoc.co.kr/news/articleView.html?idxno=3040193,"GC녹십자, 앱클론과 ‘인비보 카티’ 공동 개발","GC녹십자는 항암 치료제 전문 기업 앱클론과 차세대 인비보 카티(in vivo CAR-T) 치료제 공동 연구개발을 위한 전략적 업무협약을 체결했다고 지난 17일 밝혔다.이번 협약에 따라 양사는 GC녹십자가 보유한 'mRNA-LNP 기반 세포 특이적 발현·전달 기술 및 GMP 생산 역량'에 앱클론의 '독보적인 카티 기술력과 T세포 특이적 항체 자산, 풍부한 카티 임상 경험'을 유기적으로 결합한다.양사는 인비보 카티 공동 플랫폼을 구축하고, 혈액암 등 다양한 적응증을 겨냥한 혁신 신약 후보물질을 도출할 계획이다. 나아가 비임상·임상 진.","GC녹십자는 항암 치료제 전문 기업 앱클론과 차세대 인비보 카티(in vivo CAR-T) 치료제 공동 연구개발을 위한 전략적 업무협약을 체결했다고 지난 17일 밝혔다.이번 협약에 따라 양사는 GC녹십자가 보유한 'mRNA-LNP 기반 세포 특이적 발현·전달 기술 및 GMP 생산 역량'에 앱클론의 '독보적인 카티 기술력과 T세포 특이적 항체 자산, 풍부한 카티 임상 경험'을 유기적으로 결합한다.양사는 인비보 카티 공동 플랫폼을 구축하고, 혈액암 등 다양한 적응증을 겨냥한 혁신 신약 후보물질을 도출할 계획이다. 나아가 비임상·임상 진",local,10,파트너십,,
2026-06-18,Client,2026-06-17 00:37:00,Naver News,https://www.chosun.com/economy/science/2026/06/17/IQYHEAZGDRERHDKNDK3MX7WV6M/?utm_source=naver&utm_medium=referral&utm_campaign=naver-news,“살은 빼고 근육은 지켜라”… 비만 시장 기특한 신약이 온다,미국 제약사 리제네론도 마이오스타틴을 억제하는 근육 보존 신약 후보 물질 ‘트레보그루맙’을 개발하고 있다. 임상 2상 중간 분석에서 세마글루티드와 트레보그루맙을 함께 투여하자 세마글루티드 단독 투여 때보다... ,미국 제약사 리제네론도 마이오스타틴을 억제하는 근육 보존 신약 후보 물질 ‘트레보그루맙’을 개발하고 있다. 임상 2상 중간 분석에서 세마글루티드와 트레보그루맙을 함께 투여하자 세마글루티드 단독 투여 때보다... ,local,10,리제네론,,
2026-06-18,BD,2026-06-12 06:02:00,Naver News,https://www.apsk.co.kr/news/articleView.html?idxno=539563,특허만료 보름 앞두고 '엑스탄디 캡슐제형' 퇴장 수순…제네릭 경쟁 본격화 - 메디팜스투데이,아스텔라스의 전립선암 치료제 '엑스탄디(성분명 엔잘루타마이드)' 물질특허 만료가 보름 앞으로 다가온 가운데 오리지널 캡슐제형이 국내 시장에서 철수를 예고했다.,아스텔라스의 전립선암 치료제 '엑스탄디(성분명 엔잘루타마이드)' 물질특허 만료가 보름 앞으로 다가온 가운데 오리지널 캡슐제형이 국내 시장에서 철수를 예고했다. 특,local,10,아스텔라스,,
2026-06-18,Client,2026-06-19 06:00:00,Naver News,https://www.ebn.co.kr/news/articleView.html?idxno=1713008,1000만 탈모인 잡아라…건보 추진에 제약 바이오株 '들썩' - 이비엔(EBN)뉴스센터,정부가 탈모 치료의 건강보험 적용을 하반기 중점 추진 과제로 확정하면서 제약바이오 시장이 일제히 뜨겁게 반응하고 있다.그동안 단순 미용 영역으로 치부되던 탈모 치.,정부가 탈모 치료의 건강보험 적용을 하반기 중점 추진 과제로 확정하면서 제약바이오 시장이 일제히 뜨겁게 반응하고 있다.그동안 단순 미용 영역으로 치부되던 탈모 치,local,10,현대약품,,
2026-06-18,BD,2026-06-18 18:12:00,Naver News,https://www.nspna.com/news/?mode=view&newsid=817260,"식약처, 종근당·유앤생명과학 의약품 2건 품목허가","식품의약품안전처는 17일 종근당과 유앤생명과학이 신청한 의약품 2건에 품목허가를 내렸다고 밝혔다. 이날 SK바이오사이언스, 녹십자, SK플라즈마가 제조한 백신·혈액제제 5건에는 국가출하승인이 부여됐다.","식품의약품안전처는 17일 종근당과 유앤생명과학이 신청한 의약품 2건에 품목허가를 내렸다고 밝혔다. 이날 SK바이오사이언스, 녹십자, SK플라즈마가 제조한 백신·혈액제제 5건에는 국가출하승인이 부여됐다.",local,10,백신,,
2026-06-18,BD,2026-06-19 07:11:00,Naver News,https://www.ohmynews.com/NWS_Web/View/at_pg.aspx?CNTN_CD=A0003243704&CMPT_CD=P0010&utm_source=naver&utm_medium=newsearch&utm_campaign=naver_news,탈모약 급여화의 엉뚱한 결말... 진짜 수혜자는 따로 있다,"이재명 대통령 공약 이후 탈모치료제 건강보험 급여화 논의가 재점화됐다. 중증 원형탈모 치료제는 올해 하반기 급여 결정 예정이지만, 일반 탈모약 급여화는 논란이 크다. 현재 비급여 탈모약(월 7500~1만5000원)이 급여 전립선약(월 2만원)보다 저렴한데, 급여화 시 약가가 1만8000원 수준으로 책정돼 제약사만 이익을 볼...","이재명 대통령 공약 이후 탈모치료제 건강보험 급여화 논의가 재점화됐다. 중증 원형탈모 치료제는 올해 하반기 급여 결정 예정이지만, 일반 탈모약 급여화는 논란이 크다. 현재 비급여 탈모약(월 7500~1만5000원)이 급여 전립선약(월 2만원)보다 저렴한데, 급여화 시 약가가 1만8000원 수준으로 책정돼 제약사만 이익을 볼...",local,10,제네릭,,
2026-06-18,Distribution,2026-06-14 18:22:00,Naver News,http://www.fnnews.com/news/202606141821131016,의약품 유통업계 대형화… 1조클럽 속출,"의약품 유통업계의 대형화가 가속화되면서 상위 업체와 중소 업체 간 격차가 더욱 벌어지고 있다.매출 1조원 이상 유통기업 수가 빠르게 늘어나고 있는 반면, 수천개에 달하는 영세 업체들도 여전히 시장에 잔존하며 업계 양극화 현상이 심화하는 모습이다.14일 한국의..","의약품 유통업계의 대형화가 가속화되면서 상위 업체와 중소 업체 간 격차가 더욱 벌어지고 있다.매출 1조원 이상 유통기업 수가 빠르게 늘어나고 있는 반면, 수천개에 달하는 영세 업체들도 여전히 시장에 잔존하며 업계 양극화 현상이 심화하는 모습이다.14일 한국의..",local,10,쥴릭,,
2026-06-18,Client,2026-06-18 07:00:00,Naver News,http://www.press9.kr/news/articleView.html?idxno=78037,"[Pipeline Review][동아에스티]②간지방·간경직도 개선, MASH 확장의 길","동아에스티와 미국 관계사 메타비아(MetaVia)가 개발하는 비만 치료제 후보물질 DA-1726은 1상 고용량 코호트에서 체중뿐 아니라 간 관련 지표를 함께 개선했다. 투여 54일째 간 속 지방량과 간이 굳은 정도가 동시에 줄면서, 비만약을 넘어 대사이상 관련 지방간염(MASH)으로 적응증을 넓힐 초기 근거를 확보했다.DA-1726의 간 지표 결과는 5월 27일부터 30일까지 스페인 바르셀로나에서 열린 유럽간학회(EASL) 2026 학술대회에서 후기 초록(LBA)으로 공개됐다. 비만 치료제 임상에서 주된 확인 항목은.","[프레스나인] 동아에스티와 미국 관계사 메타비아(MetaVia)가 개발하는 비만 치료제 후보물질 DA-1726은 1상 고용량 코호트에서 체중뿐 아니라 간 관련 지표를 함께 개선했다. 투여 54일째 간 속 지방량과 간이 굳은 정도가 동시에 줄면서, 비만약을 넘어 대사이상 관련 지방간염(MASH)으로 적응증을 넓힐 초기 근거를 확보했다.DA-1726의 간 지표 결과는 5월 27일부터 30일까지 스페인 바르셀로나에서 열린 유럽간학회(EASL) 2026 학술대회에서 후기 초록(LBA)으로 공개됐다. 비만 치료제 임상에서 주된 확인 항목은",local,10,베링거인겔하임,,
2026-06-18,Client,2026-06-18 16:32:00,Naver News,https://www.biotimes.co.kr/news/articleView.html?idxno=32533,비만약 경쟁 2막은 투약주기… 글로벌 빅파마가 주목한 K-장기지속형 플랫폼 3사 - 바이오타임즈,비만치료제 시장의 경쟁 축이 변화하고 있다. 지금까지 시장을 움직인 핵심 변수는 체중 감량 효과였다. 그러나 GLP-1 계열 치료제가 시장에 안착.,[바이오타임즈] 비만치료제 시장의 경쟁 축이 변화하고 있다. 지금까지 시장을 움직인 핵심 변수는 체중 감량 효과였다. 그러나 GLP-1 계열 치료제가 시장에 안착,local,10,릴리,,
2026-06-18,BD,2026-06-19 06:20:00,Naver News,https://www.news1.kr/bio/pharmaceutical-bio/6201742,[상폐기로 K바이오]③상폐 더해 자금난…기술특례 바이오 30% 1년 못버텨,"Access Denied You don't have permission to access ""http://www.news1.kr/bio/pharmaceutical-bio/6201742"" on this server. Reference #18.d75ed617.1781823513.23daab95 https://errors.edgesuite.net/18.d75ed617.1781823513.23daab95.","Access Denied
You don't have permission to access ""http://www.news1.kr/bio/pharmaceutical-bio/6201742"" on this server.
Reference #18.d75ed617.1781823513.23daab95
https://errors.edgesuite.net/18.d75ed617.1781823513.23daab95",local,10,백신,,
2026-06-18,Client,2026-06-18 09:42:00,Naver News,https://www.apsk.co.kr/news/articleView.html?idxno=539611,"알보젠, ADHD 신약 국내 3상 착수…'콘서타서방정' 대항마 될까 - 메디팜스투데이",알보젠코리아가 주의력결핍 과잉행동장애(ADHD) 치료제 시장 진출을 위한 본격적인 임상 개발에 나섰다. 공급 불안 문제가 반복된 ADHD 치료제 시장에 새로운 비.,알보젠코리아가 주의력결핍 과잉행동장애(ADHD) 치료제 시장 진출을 위한 본격적인 임상 개발에 나섰다. 공급 불안 문제가 반복된 ADHD 치료제 시장에 새로운 비,local,10,얀센,,
2026-06-18,BD,2026-06-18 10:28:00,Naver News,https://www.biospectator.com/view/news_view.php?varAtcId=29068,"LG화학, 英 AI신약개발社와 '다중항체' 발굴 옵션딜",LG화학(LG Chem)은 영국의 인공지능(AI) 신약개발기업 랩지니어스 테라퓨틱스(LabGenius Therapeutics)와 다중항체 기반의 항암제 후보물질 발굴을 위한 공동연구 및 라이선스 옵션 딜을 체결했다고.,LG화학(LG Chem)은 영국의 인공지능(AI) 신약개발기업 랩지니어스 테라퓨틱스(LabGenius Therapeutics)와 다중항체 기반의 항암제 후보물질 발굴을 위한 공동연구 및 라이선스 옵션 딜을 체결했다고,local,10,사노피,,
2026-06-18,Client,2026-06-17 14:04:00,Naver News,https://www.tokenpost.kr/news/tech/370220,"온코이노베이션스(ONNVF), 양자 AI·글로벌 제약 협업으로 ‘PNKP 억제제’ 임상 속도전 - TokenPost",온코이노베이션스(ONNVF)가 양자 기반 인공지능과 글로벌 제약 협업을 축으로 ‘PNKP 억제제’ 개발을 가속화하며 임상 진입을 향한 핵심 단계들을 연이어 통과하고 있다. 특히 후보물질 ONC010의 제조·분석·전달 기술 전반에서 진척이...,온코이노베이션스(ONNVF)가 양자 기반 인공지능과 글로벌 제약 협업을 축으로 ‘PNKP 억제제’ 개발을 가속화하며 임상 진입을 향한 핵심 단계들을 연이어 통과하고 있다. 특히 후보물질 ONC010의 제조·분석·전달 기술 전반에서 진척이...,local,10,아스트라제네카,,
2026-06-18,BD,2026-06-18 15:22:00,Naver News,https://www.apsk.co.kr/news/articleView.html?idxno=539621,한국유비씨 '빔젤릭스' 급여 1년…건선 조기 개입 성과 후 적응증 확장 구도 - 메디팜스투데이,인터루킨(IL)-17A와 IL-17F를 동시에 차단하는 최초이자 유일한 이중 억제 생물학적제제 빔젤릭스(성분명 비메키주맙)가 국내 급여 출시 1주년을 맞아 임상.,인터루킨(IL)-17A와 IL-17F를 동시에 차단하는 최초이자 유일한 이중 억제 생물학적제제 빔젤릭스(성분명 비메키주맙)가 국내 급여 출시 1주년을 맞아 임상,local,10,생물학적제제,,
2026-06-18,BD,2026-06-18 16:37:00,Naver News,https://kormedi.com/?p=2826259,"제약사 ESG 보고서, R&D·신약 파이프라인이 핵심 키워드로 부상","한미약품, 동아ST, 일동제약 등 전통 제약사들이 지속가능경영보고서에서 신약 파이프라인과 R&D 성과를 전면에 내세우고 있다. 내수·제네릭 한계를 넘어 미래 기업가치를 설명하는 핵심 전략으로 R&D가 부각되고 있다.","한미약품, 동아ST, 일동제약 등 전통 제약사들이 지속가능경영보고서에서 신약 파이프라인과 R&D 성과를 전면에 내세우고 있다. 내수·제네릭 한계를 넘어 미래 기업가치를 설명하는 핵심 전략으로 R&D가 부각되고 있다.",local,10,CSO,,
2026-06-18,BD,2026-06-18 08:50:00,Naver News,http://www.newsprime.co.kr/news/article.html?no=737139,"'위고비' 제약사 노보 노디스크, 랜섬웨어 공격에 핵심 자산 노출","코로나19 팬데믹 기간에는 백신 개발 경쟁이 치열해지면서 아스트라제네카와 화이자, 존슨앤드존슨 등이 해킹 시도의 표적이 됐으며, 머크는 2017년 '낫페트야(NotPetya)' 랜섬웨어 공격으로 생산시설 가동에 차질을 빚기도... ","코로나19 팬데믹 기간에는 백신 개발 경쟁이 치열해지면서 아스트라제네카와 화이자, 존슨앤드존슨 등이 해킹 시도의 표적이 됐으며, 머크는 2017년 '낫페트야(NotPetya)' 랜섬웨어 공격으로 생산시설 가동에 차질을 빚기도... ",local,10,화이자,,
2026-06-18,Client,2026-06-18 14:36:00,Naver News,http://www.wsobi.com/news/articleView.html?idxno=313917,"[제약업계 5월 동향] 유한양행, 치료제 개발 순항···글로벌 공략 가속 - 여성소비자신문",유한양행의 5월 경영전략 키워드는 △치료제 개발·수출 순항 △글로벌 협업 확대 △신제품 출시 등 크게 3가지로 축...,[여성소비자신문 이명진 기자] 유한양행의 5월 경영전략 키워드는 △치료제 개발·수출 순항 △글로벌 협업 확대 △신제품 출시 등 크게 3가지로 축...,local,10,베링거인겔하임,,
2026-06-18,Client,2026-06-17 06:12:00,Naver News,https://www.hitnews.co.kr/news/articleView.html?idxno=76913,64개사·156건 몰린 '케렌디아' 대규모 특허전서 '첫 취하' 나와,바이엘의 만성 신장질환 치료제 '케렌디아'를 둘러싼 대규모 특허전에서 첫 취하 사례가 나왔다. 다만 취하에 나선 마더스제약은 제네릭 개발을 중단한 것이 아니라 개발 방향이 구체화되면서 일부 심판을 정리한 것이라는 입장을 밝혔다.16일 제약특허연구회 '데일리알럿'에 따르면 마더스제약이 바이엘을 상대로 제기한 케렌디아 결정형 특허 관련 소극적 권리범위확인심판이 지난 1일 취하됐다.이번 심판은 오는 2035년 7월 만료 예정인 케렌디아 결정형 특허 관련 분쟁이다. 마더스제약은 지난 3월 해당 특허를 상대로 소극적 권리범위확인심판을 청구한.,바이엘의 만성 신장질환 치료제 '케렌디아'를 둘러싼 대규모 특허전에서 첫 취하 사례가 나왔다. 다만 취하에 나선 마더스제약은 제네릭 개발을 중단한 것이 아니라 개발 방향이 구체화되면서 일부 심판을 정리한 것이라는 입장을 밝혔다.16일 제약특허연구회 '데일리알럿'에 따르면 마더스제약이 바이엘을 상대로 제기한 케렌디아 결정형 특허 관련 소극적 권리범위확인심판이 지난 1일 취하됐다.이번 심판은 오는 2035년 7월 만료 예정인 케렌디아 결정형 특허 관련 분쟁이다. 마더스제약은 지난 3월 해당 특허를 상대로 소극적 권리범위확인심판을 청구한,local,10,바이엘,,
2026-06-18,Client,2026-06-15 12:00:00,Naver News,https://www.bosa.co.kr/news/articleView.html?idxno=3006067,초음파 유전자 치료제 개발사 투자 몰려 - 의학신문,바이러스 대신 초음파로 유전자 치료제를 전달하는 소노쎄라에 다국적사의 투자가 몰렸다. 소노쎄라는 이번 시리즈 B 라운드에 바이엘.,[의학신문·일간보사=김자연 기자] 바이러스 대신 초음파로 유전자 치료제를 전달하는 소노쎄라에 다국적사의 투자가 몰렸다. 소노쎄라는 이번 시리즈 B 라운드에 바이엘,local,10,바이엘,,
2026-06-18,BD,2026-06-18 10:14:00,Naver News,https://www.dailypharm.com/user/news/339557?REFERER=NP,"[데일리팜]일동제약, 바이오 USA ‘GLP-1RA 비만약’ 파트너링","일동제약그룹이 세계 최대 바이오 행사인 BIO USA 2026에 참가해 비만·당뇨 치료제와 항암제 파이프라인을 앞세운 글로벌 사업화에 나선다. 일동제약그룹은 오는 22일부터 25일까지 미국 샌디에이고에서 열리는 BIO USA 2026에 참가해 신약 파이프라인을 소개하고 글로벌 파트너링 활동을 전개한다고 18일 밝혔다. BIO USA는 글로벌 제약·바이오 기업과 투자기관, 연구기관 등이 참여하는….","일동제약그룹이 세계 최대 바이오 행사인 BIO USA 2026에 참가해 비만·당뇨 치료제와 항암제 파이프라인을 앞세운 글로벌 사업화에 나선다. 일동제약그룹은 오는 22일부터 25일까지 미국 샌디에이고에서 열리는 BIO USA 2026에 참가해 신약 파이프라인을 소개하고 글로벌 파트너링 활동을 전개한다고 18일 밝혔다. BIO USA는 글로벌 제약·바이오 기업과 투자기관, 연구기관 등이 참여하는…",local,10,판권,,
2026-06-18,BD,2026-06-19 05:52:00,Naver News,https://www.kpanews.co.kr/news/articleView.html?idxno=537002,3000억불 특허절벽 앞 '빅파마'…바이오 M&A로 돌파구 - 약사공론,글로벌 제약·바이오 업계의 인수합병(M&A) 시장이 다시 활기를 띠고 있다. 특허절벽에 따른 매출 공백 우려가 커지면서 대형 제약사들이 차세대 기술과 유망 파이프.,글로벌 제약·바이오 업계의 인수합병(M&A) 시장이 다시 활기를 띠고 있다. 특허절벽에 따른 매출 공백 우려가 커지면서 대형 제약사들이 차세대 기술과 유망 파이프,local,10,M&A,,
2026-06-18,BD,2026-06-18 15:44:00,Naver News,https://www.sisajournal-e.com/news/articleView.html?idxno=421812,"JW중외제약, 도입 1년 만에 CSO 철수···업계 “수수료율 낮아” - 시사저널e",JW중외제약이 도입 1년 만에 CSO(영업대행사) 영업 철수를 선언했다. 회사측은 CSO 영업 관련 매출규모가 작다고 강조하지만.,[시사저널e=이상구 의약전문기자] JW중외제약이 도입 1년 만에 CSO(영업대행사) 영업 철수를 선언했다. 회사측은 CSO 영업 관련 매출규모가 작다고 강조하지만,local,10,CSO,,
2026-06-18,Client,2026-06-18 16:54:00,Naver News,https://www.mt.co.kr/thebio/2026/06/18/2026061816023988932,"디앤디파마텍 ""오랄링크 적용 거대고리형 펩타이드 흡수율 개선 확인"" - 머니투데이",18일 업계에 따르면 디앤디파마텍은 지난 16일 LG AI연구원과 차세대 경구용(먹는) 펩타이드 신약 공동개발 사업 본계약을 체결했다. LG AI연구원의 AI 단백질 설계 기술과 디앤디파마텍의 펩타이드 신약 개발 경험을 융합해 신약 개발의 효율성을 끌어올리겠단 구상이다.,18일 업계에 따르면 디앤디파마텍은 지난 16일 LG AI연구원과 차세대 경구용(먹는) 펩타이드 신약 공동개발 사업 본계약을 체결했다. LG AI연구원의 AI 단백질 설계 기술과 디앤디파마텍의 펩타이드 신약 개발 경험을 융합해 신약 개발의 효율성을 끌어올리겠단 구상이다.,local,10,MSD,,
2026-06-18,Client,2026-06-17 14:44:00,Naver News,https://www.polinews.co.kr/news/articleView.html?idxno=734300,현금 수혈받은 전통 제약사 'K-신약 선순환' 엔진 가동,"국내 전통 제약사들이 자체 전문의약품(ETC) 영업으로 벌어들인 탄탄한 자금력을 연구개발(R&D)에 집중 투자해 글로벌 기술수출(L/O)을 성사시키는 'K-제약형 선순환 구조'를 확립하고 있다. 자금난으로 외부 투자 유치에 사활을 거는 바이오 벤처들과 달리 전통 제약사들은 견고한 본업의 현금 창출력을 바탕으로 장기 R&D를 뚝심 있게 밀어붙여 결실을 맺고 있다는 점에서 시장의 평가가 남다르다.종근당·유한양행, 글로벌 빅파마가 선택한 독자 기술력최근 전통 제약사 기술수출의 가장 대표적인 이정표는 종근당이 세웠다.종근당은 글로벌 빅파마.","국내 전통 제약사들이 자체 전문의약품(ETC) 영업으로 벌어들인 탄탄한 자금력을 연구개발(R&D)에 집중 투자해 글로벌 기술수출(L/O)을 성사시키는 'K-제약형 선순환 구조'를 확립하고 있다. 자금난으로 외부 투자 유치에 사활을 거는 바이오 벤처들과 달리 전통 제약사들은 견고한 본업의 현금 창출력을 바탕으로 장기 R&D를 뚝심 있게 밀어붙여 결실을 맺고 있다는 점에서 시장의 평가가 남다르다.종근당·유한양행, 글로벌 빅파마가 선택한 독자 기술력최근 전통 제약사 기술수출의 가장 대표적인 이정표는 종근당이 세웠다.종근당은 글로벌 빅파마",local,10,머크,,
2026-06-18,BD,2026-06-13 06:12:00,Naver News,https://www.hitnews.co.kr/news/articleView.html?idxno=76823,신약 경쟁 뜨거운 제약바이오… ESG 경영 환경 변화도 눈길,"6월 둘째 주 제약·바이오 업계는 신약개발 경쟁과 산업 구조 변화를 둘러싼 다양한 이슈들로 분주했습니다. 차세대 플랫폼 기술 확보 경쟁이 이어진 가운데 기업 거버넌스와 노사 이슈, 개량신약 제도 개선 논의 등 업계 안팎의 변화도 주목을 받았습니다. 히트뉴스 브리핑에서 한 주간 주요 이슈를 정리했습니다. 제약사들 차세대 먹거리…ADC·TPD·이중항체 수요 집중국내 주요 제약사들이 바이오 스타트업과의 협업을 통해 차세대 신약 기술 확보에 나서고 있는 것으로 나타났다.","6월 둘째 주 제약·바이오 업계는 신약개발 경쟁과 산업 구조 변화를 둘러싼 다양한 이슈들로 분주했습니다. 차세대 플랫폼 기술 확보 경쟁이 이어진 가운데 기업 거버넌스와 노사 이슈, 개량신약 제도 개선 논의 등 업계 안팎의 변화도 주목을 받았습니다. 히트뉴스 브리핑에서 한 주간 주요 이슈를 정리했습니다. 제약사들 차세대 먹거리…ADC·TPD·이중항체 수요 집중국내 주요 제약사들이 바이오 스타트업과의 협업을 통해 차세대 신약 기술 확보에 나서고 있는 것으로 나타났다. 중소벤처기업부의 '2026년 모두의 챌린지 바이오' 수요기술 과제에",local,10,바이오젠,,
2026-06-18,BD,2026-06-19 04:00:00,Naver News,https://www.mt.co.kr/thebio/2026/06/19/2026061818180334996,"제약사, '혁신형 인증'으로 약가 방어 총력 - 머니투데이",보건복지부가 올 하반기에 복제약(제네릭) 가격을 인하키로 결정한 가운데 현실적인 방어책으로 매출액 대비 R&D(연구·개발) 비율을 기준으로 하는 '혁신형 제약기업 인증'이 지목된다.,보건복지부가 올 하반기에 복제약(제네릭) 가격을 인하키로 결정한 가운데 현실적인 방어책으로 매출액 대비 R&D(연구·개발) 비율을 기준으로 하는 '혁신형 제약기업 인증'이 지목된다.,local,10,합병,,
2026-06-18,Client,2026-06-18 12:00:00,Naver News,https://www.polinews.co.kr/news/articleView.html?idxno=734398,청신호 켜진 췌장암 치료…국내외 제약바이오기업 개발 경쟁,"40년 넘게 신약 개발의 난제로 꼽히며 '암 중의 암'으로 불려온 전이성 췌장암 치료에 새로운 서광이 비치고 있다. 글로벌 무대에서 환자의 생존기간을 두 배 가까이 늘린 혁신 신약이 등장하면서, 시장을 선점하기 위한 글로벌 빅파마와 국내 전통제약사 및 바이오 기업들의 개발 경쟁에도 본격적으로 불이 붙었다.췌장암 치료 패러다임 바꾼 '다락손라십'…ASCO서 기립박수17일 제약바이오업계에 따르면 최근 미국 시카고에서 열린 미국임상종양학회(ASCO 2026)의 최대 화제는 미국 레볼루션메디신(Revolution Medicines)이 공개.","40년 넘게 신약 개발의 난제로 꼽히며 '암 중의 암'으로 불려온 전이성 췌장암 치료에 새로운 서광이 비치고 있다. 글로벌 무대에서 환자의 생존기간을 두 배 가까이 늘린 혁신 신약이 등장하면서, 시장을 선점하기 위한 글로벌 빅파마와 국내 전통제약사 및 바이오 기업들의 개발 경쟁에도 본격적으로 불이 붙었다.췌장암 치료 패러다임 바꾼 '다락손라십'…ASCO서 기립박수17일 제약바이오업계에 따르면 최근 미국 시카고에서 열린 미국임상종양학회(ASCO 2026)의 최대 화제는 미국 레볼루션메디신(Revolution Medicines)이 공개",local,10,화이자,,
2026-06-18,Client,2026-06-18 12:10:00,Naver News,https://www.hitnews.co.kr/news/articleView.html?idxno=76953,"무증∙임상 결과로 기대 높인 알지노믹스 ""바이오 USA서 협력 논의""",알지노믹스가 RNA 치환효소 기반 신약 후보물질 'RZ-001(일반명 타스피티마젠 아드벡)'의 간암∙교모세포종 대상 임상 결과와 무상증자에 따른 시장의 기대감을 바이오 USA(BIO International Convention 2026)로 이어간다. 회사는 오는 22일부터 25일까지 미국 샌디에이고에서 개최되는 바이오 USA에 참가할 예정이다. 홍성우 알지노믹스 부사장은 17일 히트뉴스와 통화에서 지난 15일 이사회에서 결정한 신주 1403만주 1대1 무상증자와 올해 미국암연구학회(AACR) 및 아시아신경종양학회(ASNO)에서 발표.,알지노믹스가 RNA 치환효소 기반 신약 후보물질 'RZ-001(일반명 타스피티마젠 아드벡)'의 간암∙교모세포종 대상 임상 결과와 무상증자에 따른 시장의 기대감을 바이오 USA(BIO International Convention 2026)로 이어간다. 회사는 오는 22일부터 25일까지 미국 샌디에이고에서 개최되는 바이오 USA에 참가할 예정이다. 홍성우 알지노믹스 부사장은 17일 히트뉴스와 통화에서 지난 15일 이사회에서 결정한 신주 1403만주 1대1 무상증자와 올해 미국암연구학회(AACR) 및 아시아신경종양학회(ASNO)에서 발표,local,10,릴리,,
2026-06-18,Client,2026-06-17 13:55:00,Naver News,http://www.inews24.com/view/1977226,"""엑스코프리 흥행 노하우 팝니다""…SK바이오팜, 국내 바이오텍 '미국행' 이끈다",엑스코프리 美시 상업화 성공 노하우 국내 바이오텍에 전수 미국 자회사내 160평 규모 오픈이노베이션 거점 'LinX' 설립 FDA 신청서만 230만쪽…KASBP 연계 현지 진입장벽 낮춘다 SK바이오팜이 자체 개발한 뇌전증 신약 '엑스코프리'의 미국 상업화 경험을 기반으로 국내 바이오텍 해외진출 지원 플랫폼 구축에 속도를 내고 있다. 단순 연구개발(R&D) 기업을 넘어 미국시장 진입을 돕는 '연결 허브'로 역할을 확대하겠다는 구상이다.,"엑스코프리 美시 상업화 성공 노하우 국내 바이오텍에 전수
미국 자회사내 160평 규모 오픈이노베이션 거점 'LinX' 설립
FDA 신청서만 230만쪽&hellip;KASBP 연계 현지 진입장벽 낮춘다 SK바이오팜이 자체 개발한 뇌전증 신약 '엑스코프리'의 미국 상업화 경험을 기반으로 국내 바이오텍 해외진출 지원 플랫폼 구축에 속도를 내고 있다. 단순 연구개발(R&amp;D) 기업을 넘어 미국시장 진입을 돕는 '연결 허브'로 역할을 확대하겠다는 구상이다.",local,10,머크,,
2026-06-18,BD,2026-06-16 10:00:00,Naver News,https://news.bizwatch.co.kr/article/healthcare/2026/06/16/0007,바이오 IPO 신기록 '파라빌리스' 3박자 흥행공식 살펴보니,미국 바이오텍 사상 역대 최대 규모의 기업공개(IPO) 기록이 경신됐다. 항암제 신약 개발사 파라빌리스 메디슨(Parabilis Medicines)이 주인공인데 지난 10일 상장으로 무려 7억7050만 달러(약...,미국 바이오텍 사상 역대 최대 규모의 기업공개(IPO) 기록이 경신됐다. 항암제 신약 개발사 파라빌리스 메디슨(Parabilis Medicines)이 주인공인데 지난 10일 상장으로 무려 7억7050만 달러(약...,local,10,리제네론,,
2026-06-18,Client,2026-06-18 13:56:00,Naver News,http://www.fntimes.com/html/view.php?ud=202606181136118900923defd0cc_18,"에이비엘바이오, 담도암 아쉬움 뒤로하고 플랫폼 가치 ‘재확인’ - 한국금융신문","에이비엘바이오의 핵심 플랫폼 기술 ‘그랩바디’의 경쟁력이 다시 한 번 입증됐다. 담도암 치료제 파이프라인의 아쉬운 임상 성적표를 뒤로 하고, 그랩바디를 적용한 위암 신약 후보물질이 미국 식품의약국(FDA) 패스트트랙(신속심사) 지정을 받으면서다.단기 악재 뚫은 ‘지바스토미그’ FDA 패.","에이비엘바이오의 핵심 플랫폼 기술 ‘그랩바디’의 경쟁력이 다시 한 번 입증됐다. 담도암 치료제 파이프라인의 아쉬운 임상 성적표를 뒤로 하고, 그랩바디를 적용한 위암 신약 후보물질이 미국 식품의약국(FDA) 패스트트랙(신속심사) 지정을 받으면서다.단기 악재 뚫은 ‘지바스토미그’ FDA 패",local,10,사노피,,
2026-06-18,BD,2026-06-18 15:46:00,Naver News,https://www.pharmnews.com/news/articleView.html?idxno=304280,美 바이오시밀러 규제 완화… 제약업계 시설 투자·M&A 확대 - 팜뉴스,"미국 상원 상임위원회에서 바이오시밀러 상호교환성 규제를 완화하는 법안이 만장일치로 통과된 가운데, 글로벌 제약사들이 연구 시설 신설과 대규.","[팜뉴스=우정민 기자] 미국 상원 상임위원회에서 바이오시밀러 상호교환성 규제를 완화하는 법안이 만장일치로 통과된 가운데, 글로벌 제약사들이 연구 시설 신설과 대규",local,10,오가논,,
2026-06-18,BD,2026-06-16 17:02:00,Naver News,http://www.whosaeng.com/171361,"≪후생신보≫ 이니바이오, AMWC Korea 2026 스폰서 참가","GC녹십자웰빙 관계사인 이니바이오(대표 김석훈, 이기세)가 오는 19일부터 20일까지 서울 그랜드 인터컨티넨탈 파르나스에서 개최되는 글로.","【후생신보】GC녹십자웰빙 관계사인 이니바이오(대표 김석훈, 이기세)가 오는 19일부터 20일까지 서울 그랜드 인터컨티넨탈 파르나스에서 개최되는 글로",local,10,애브비,,
2026-06-18,Client,2026-06-19 06:02:00,Naver News,https://www.dailypharm.com/user/news/339574?REFERER=NP,[데일리팜]항암제 '임델트라' 국민청원 5만 돌파...급여 논의 탄력받나,"이중항체 항암제 임델트라의 보험급여 등재에 대한 염원이 뜨겁다. 18일 관련 업계에 따르면 암젠코리아의 재발 또는 불응성 확장기 소세포폐암(SCLC, Small cell lung cancer)치료제 임델트라(탈라타맙) 급여 적용에 대한 국민 동의 청원이 최근 5만명 동의자 수를 획득하며 국회 청원 요건을 충족했다. 국회의장은 해당 안건을 국회 보건복지위원회에 회부하게 되며 향후 채택 여부가….","이중항체 항암제 임델트라의 보험급여 등재에 대한 염원이 뜨겁다. 18일 관련 업계에 따르면 암젠코리아의 재발 또는 불응성 확장기 소세포폐암(SCLC, Small cell lung cancer)치료제 임델트라(탈라타맙) 급여 적용에 대한 국민 동의 청원이 최근 5만명 동의자 수를 획득하며 국회 청원 요건을 충족했다. 국회의장은 해당 안건을 국회 보건복지위원회에 회부하게 되며 향후 채택 여부가…",local,10,항암제,,
2026-06-18,Client,2026-06-15 08:52:00,Naver News,https://www.medicopharma.co.kr/news/articleView.html?idxno=68395,"릴리 제이피르카, CLL 3상서 PFS 개선…BTK 이후 고정기간 병용전략 부상",일라이릴리(Eli Lilly)의 비공유결합 브루톤 티로신 키나아제(BTK) 억제제 제이피르카(Jaypirca·성분명 피르토브루티닙)가 만성 림프구성 백혈병(CLL)·소림프구성 림프종(SLL) 3상 임상에서 베네토클락스(venetoclax) 기반 병용요법.,[메디코파마뉴스=정재노 기자] 일라이릴리(Eli Lilly)의 비공유결합 브루톤 티로신 키나아제(BTK) 억제제 제이피르카(Jaypirca·성분명 피르토브루티닙)가 만성 림프구성 백혈병(CLL)·소림프구성 림프종(SLL) 3상 임상에서 베네토클락스(venetoclax) 기반 병용요법,local,10,베이진,,
2026-06-18,Client,2026-06-18 06:16:00,Naver News,https://www.yakup.com/news/index.html?mode=view&cat=12&nid=328650,[약업신문]“미용시술 위해 럭셔리 소비 줄일 수 있다” 53%,젊은층 성인 소비자들이 자신의 외모에 대한 만족감이 정신적 웰빙(62%)과 신체적 웰빙(53%)에 심대한 영향을 미치고 있다는 데 한목소리를 낸 것으로 나타났다.미국의 글로벌 제약기업이자 ‘보톡스 메이커...,젊은층 성인 소비자들이 자신의 외모에 대한 만족감이 정신적 웰빙(62%)과 신체적 웰빙(53%)에 심대한 영향을 미치고 있다는 데 한목소리를 낸 것으로 나타났다.미국의 글로벌 제약기업이자 ‘보톡스 메이커...,local,10,애브비,,
2026-06-18,BD,2026-06-17 06:06:00,Naver News,https://www.medipana.com/news/articleView.html?idxno=413009,"한독, '토베시미그' 앞세워 R&D 재편…항암·희귀질환 부각 - 메디파나뉴스","짧다면 짧은 시간이지만, 신약 연구개발(R&D) 전략에 변화가 생기기엔 충분한 시간이기도 합니다. 어떤 기업은 R&D 투자를 줄이며 생존을 택하고, 또.","'3년'. 짧다면 짧은 시간이지만, 신약 연구개발(R&D) 전략에 변화가 생기기엔 충분한 시간이기도 합니다. 어떤 기업은 R&D 투자를 줄이며 생존을 택하고, 또",local,10,한독,,
2026-06-18,Client,2026-06-18 11:20:00,Naver News,https://www.biotimes.co.kr/news/articleView.html?idxno=32512,췌장암 40년 난제 흔들다…KRAS 치료제 시대 열리나 - 바이오타임즈,미국 시카고에서 열린 미국임상종양학회.,[바이오타임즈] 미국 시카고에서 열린 미국임상종양학회(ASCO) 2026 연례학회에서 가장 큰 화제를 모은 발표 중 하나는 미국 바이오텍 레볼루션메디신의 범(汎),local,10,베링거인겔하임,,
2026-06-18,Client,2026-06-18 05:56:00,Naver News,https://www.kpanews.co.kr/news/articleView.html?idxno=536924,릴리·J&J·애브비 '톱3'…글로벌 제약 CEO 보수 판도 변화 - 약사공론,글로벌 주요 제약사들의 지난 한 해 성적표가 최종 집계되면서 최고경영자(CEO)들의 보수 순위도 새롭게 조정됐다. 강력한 의약품 수요에 힘입어 견고한 실적을 거둔.,글로벌 주요 제약사들의 지난 한 해 성적표가 최종 집계되면서 최고경영자(CEO)들의 보수 순위도 새롭게 조정됐다. 강력한 의약품 수요에 힘입어 견고한 실적을 거둔,local,10,암젠,,
2026-06-18,Client,2026-06-16 07:30:00,Naver News,https://news.bizwatch.co.kr/article/healthcare/2026/06/12/0023,[비만약 패권]②'마운자로 넘자'…다중기전 경쟁 본격화,"비만치료제가 글로벌 제약바이오 산업의 최대 격전지로 떠오르면서 경쟁의 기준도 빠르게 바뀌고 있다. 위고비에서 마운자로로 이어진 시장 재편에 이어, 업계는 더 높은 효능과 낮은 부작용을 목표로 한 차세대 비만치료...","비만치료제가 글로벌 제약바이오 산업의 최대 격전지로 떠오르면서 경쟁의 기준도 빠르게 바뀌고 있다. 위고비에서 마운자로로 이어진 시장 재편에 이어, 업계는 더 높은 효능과 낮은 부작용을 목표로 한 차세대 비만치료...",local,10,리제네론,,
2026-06-18,Client,2026-06-15 06:02:00,Naver News,https://www.dailypharm.com/user/news/339113?REFERER=NP,"[데일리팜]""암질심이 무섭다""…숫자로 본 항암신약 등재 현실","지금 의약품 시장은 급여의 시대다. 비만 신약의 돌풍이 아무리 거세다 하더라도 말이다. 보험급여 등재 여부와 속도는 신약의 성패를 결정한다. 다적응증 고가약의 홍수 속에서 제약회사 약가담당자(MA, Market access)는 이제 가장 귀하신 몸이 됐다. 항암제는 그 중심에 있다. 최근 항암제 개발은 하나의 약물이 특정 암종에 머무르지 않고 다양한 암종과 치료 단계로….","과언이 아니다. 지금 의약품 시장은 급여의 시대다. 비만 신약의 돌풍이 아무리 거세다 하더라도 말이다. 보험급여 등재 여부와 속도는 신약의 성패를 결정한다. 다적응증 고가약의 홍수 속에서 제약회사 약가담당자(MA, Market access)는 이제 가장 귀하신 몸이 됐다. 항암제는 그 중심에 있다. 최근 항암제 개발은 하나의 약물이 특정 암종에 머무르지 않고 다양한 암종과 치료 단계로…",local,10,아스텔라스,,
2026-06-18,Client,2026-06-19 06:02:00,Naver News,https://www.yakup.com/news/index.html?mode=view&cat=12&nid=328708,"[약업신문]GSK, 차세대 천식 블록버스터 엑스덴서 마케팅 본격화",GSK가 차세대 중증 천식 치료제로 육성 중인 엑스덴서(Exdensur)의 첫 소비자 직접광고(DTC)를 시작하며 시장 확대에 본격 나섰다.최근 공개된 엑스덴서 TV 광고 '캐리 온(Carry On)'은 중증 천식 환자들이 겪는 ...,GSK가 차세대 중증 천식 치료제로 육성 중인 엑스덴서(Exdensur)의 첫 소비자 직접광고(DTC)를 시작하며 시장 확대에 본격 나섰다.최근 공개된 엑스덴서 TV 광고 '캐리 온(Carry On)'은 중증 천식 환자들이 겪는 ...,local,10,GSK,,
2026-06-18,BD,2026-06-18 16:02:00,Naver News,https://www.medicopharma.co.kr/news/articleView.html?idxno=68449,"MSD, 프로틸리온과 7000억 규모 연구 협력…AI 신약개발 역량↑",MSD가 미국 바이오텍 프로틸리온 바이오사이언스(Protillion Biosciences)와 손잡고 인공지능(AI) 기반 신약개발 역량 강화에 나섰다. 최근 글로벌 제약업계 전반으로 확산되고 있는 AI 활용 흐름에 발맞춰 바이오의약품 개발 경쟁력을 높이겠.,[메디코파마뉴스=이호빈 기자] MSD가 미국 바이오텍 프로틸리온 바이오사이언스(Protillion Biosciences)와 손잡고 인공지능(AI) 기반 신약개발 역량 강화에 나섰다. 최근 글로벌 제약업계 전반으로 확산되고 있는 AI 활용 흐름에 발맞춰 바이오의약품 개발 경쟁력을 높이겠,local,10,MSD,,
2026-06-18,Client,2026-06-18 07:02:00,Naver News,https://www.sedaily.com/article/20056893?ref=naver,“연내 MASH 치료제 기술수출…올해 흑자 전환할 것”,접근이 거부되었습니다 관리자에게 문의하세요 Email : 홈으로 돌아가기.,"403
접근이 거부되었습니다
관리자에게 문의하세요
Email : sscinfra@ssc.co.kr
홈으로 돌아가기",local,10,노보노디스크,,
2026-06-18,Client,2026-06-18 16:54:00,Naver News,http://www.newsmp.com/news/articleView.html?idxno=254845,"美FDA, GSK 경구용 카바페넴 항생제 유텝지 승인","미국 식품의약국(FDA)이 GSK와 스페로 테라퓨틱스(Spero Therapeutics)의 경구용 카바페넴계 항생제를 복잡성 요로감염(cUTIs) 치료제로 승인했다.양사는 FDA가 유텝지(Utebzi, 테비페넴 피복실)를 경구용 치료 옵션이 제한적이거나 없는 성인에서 특정 감수성 병원체에 의해 발생하는 신우신염을 포함한 복잡성 요로감염 치료를 위한 경구용 항생제로 승인했다고 17일 발표했다.유텝지는 해당 환자군을 위해 승인된 최초이자 유일한 경구용 카바페넴계 항생제다. 이번 승인은 GSK와 스페로 테라퓨틱스가 2022년.","[의약뉴스] 미국 식품의약국(FDA)이 GSK와 스페로 테라퓨틱스(Spero Therapeutics)의 경구용 카바페넴계 항생제를 복잡성 요로감염(cUTIs) 치료제로 승인했다.양사는 FDA가 유텝지(Utebzi, 테비페넴 피복실)를 경구용 치료 옵션이 제한적이거나 없는 성인에서 특정 감수성 병원체에 의해 발생하는 신우신염을 포함한 복잡성 요로감염 치료를 위한 경구용 항생제로 승인했다고 17일 발표했다.유텝지는 해당 환자군을 위해 승인된 최초이자 유일한 경구용 카바페넴계 항생제다. 이번 승인은 GSK와 스페로 테라퓨틱스가 2022년",local,10,GSK,,
2026-06-18,Client,2026-06-15 14:12:00,Naver News,https://www.kpanews.co.kr/news/articleView.html?idxno=536720,"엑스탄디 특허절벽 앞둔 아스텔라스…""비용절감 넘어 사업방식 바꾼다"" - 약사공론",전립선암 치료제 엑스탄디(Xtandi)의 60억달러 규모 특허절벽을 앞둔 아스텔라스(Astellas)가 향후 5년간 2000억엔(약 13억달러) 규모 비용절감 프.,전립선암 치료제 엑스탄디(Xtandi)의 60억달러 규모 특허절벽을 앞둔 아스텔라스(Astellas)가 향후 5년간 2000억엔(약 13억달러) 규모 비용절감 프,local,10,아스텔라스,,
2026-06-18,BD,2026-06-18 07:34:00,Naver News,https://www.medicopharma.co.kr/news/articleView.html?idxno=68438,"지씨셀, 세포치료제 포트폴리오 확대…푸카소·AB-101도 가세","지씨셀이 검체검사 서비스와 기존 세포치료제 사업에서 창출되는 현금흐름을 바탕으로 세포치료제 포트폴리오를 넓히고 있다. 기존 제대혈 유래 자연살해(NK)세포와 이뮨셀엘씨주 중심의 1세대 자산에 더해 CD5 CAR-NK, HER2 CAR-NK, BCMA CA.","[메디코파마뉴스=최원석 기자] 지씨셀이 검체검사 서비스와 기존 세포치료제 사업에서 창출되는 현금흐름을 바탕으로 세포치료제 포트폴리오를 넓히고 있다. 기존 제대혈 유래 자연살해(NK)세포와 이뮨셀엘씨주 중심의 1세대 자산에 더해 CD5 CAR-NK, HER2 CAR-NK, BCMA CA",local,10,생물학적제제,,
2026-06-18,BD,2026-06-17 13:36:00,Naver News,https://www.kpanews.co.kr/news/articleView.html?idxno=536887,"모더나 mRNA 독감백신, FDA 문턱 넘나 - 약사공론",모더나(Moderna)의 mRNA 기반 인플루엔자 백신 후보 ‘m플루시바(mFlusiva)’가 미국 최초 mRNA 독감백신 등극을 앞두고 중대 분기점에 섰다.미국.,모더나(Moderna)의 mRNA 기반 인플루엔자 백신 후보 ‘m플루시바(mFlusiva)’가 미국 최초 mRNA 독감백신 등극을 앞두고 중대 분기점에 섰다.미국,local,10,BMS,,
2026-06-18,Distribution,2026-06-15 10:02:00,Naver News,https://www.seoulfn.com/news/articleView.html?idxno=631074,대형 의약품 유통사 성장세 지속···상위 10개사 점유율 42.8% - 서울파이낸스,국내 의약품 유통시장에서 대형 업체들의 성장세가 두드러지면서 업계 내 양극화 현상이 심화되고 있는 것으로 나타났다.15일 한국의약품유.,[서울파이낸스 권서현 기자] 국내 의약품 유통시장에서 대형 업체들의 성장세가 두드러지면서 업계 내 양극화 현상이 심화되고 있는 것으로 나타났다.15일 한국의약품유,local,10,지오영,,
2026-06-18,BD,2026-06-15 10:34:00,Naver News,http://www.newsprime.co.kr/news/article.html?no=736674,[스타트업 법률가이드] 국가정상화 프로젝트 속 CSO 규제,"이하에서는 최근 정부의 '불법적 의약품 판촉영업자(CSO) 근절' 과제와 관련해, 의약품 CSO를 중심으로 살펴본다. CSO 자체가 불법인 것은 아니다. 문제는 CSO가 리베이트 규제를 우회하는 통로로 활용될 수 있다는 점이다.... ","이하에서는 최근 정부의 '불법적 의약품 판촉영업자(CSO) 근절' 과제와 관련해, 의약품 CSO를 중심으로 살펴본다. CSO 자체가 불법인 것은 아니다. 문제는 CSO가 리베이트 규제를 우회하는 통로로 활용될 수 있다는 점이다.... ",local,10,판촉영업자,,
2026-06-18,BD,2026-06-15 10:32:00,Naver News,https://www.thepublic.kr/news/articleView.html?idxno=307555,[이슈 포커스] 오너 실형 부른 고려제약 리베이트...곪아 터진 제약업계 후폭풍,"의사와 병원 직원들을 상대로 자사 의약품 처방을 대가로 금품을 제공한 고려제약의 리베이트 파장이 걷잡을 수 없이 커지면서, 제약업계의 고질적인 오너리스크가 여실히 드러났다.불법 리베이트에 연루된 수많은 의사와 고려제약 임직원들이 줄줄이 재판에 넘겨진 데 이어, 최근 박상훈 고려제약 대.","의사와 병원 직원들을 상대로 자사 의약품 처방을 대가로 금품을 제공한 고려제약의 리베이트 파장이 걷잡을 수 없이 커지면서, 제약업계의 고질적인 오너리스크가 여실히 드러났다.불법 리베이트에 연루된 수많은 의사와 고려제약 임직원들이 줄줄이 재판에 넘겨진 데 이어, 최근 박상훈 고려제약 대",local,10,판촉영업자,,
2026-06-18,Client,2026-06-18 16:04:00,Naver News,https://www.businesspost.co.kr/BP?command=article_view&num=440299,"알테오젠 ""제형변경 플랫폼 첫 파트너는 프랑스 사노피, 피하주사 전환...","알테오젠은 사노피를 시작으로 머크(MSD), 아스트라제네카, 글락소스미스클라인(GSK), 다이이찌산쿄... 미국 식품의약국(FDA)은 2025년 9월 머크(MSD)의 키트루다 피하주사 제형인 키트루다 큐렉스를 승인했다. 유럽연합... ","알테오젠은 사노피를 시작으로 머크(MSD), 아스트라제네카, 글락소스미스클라인(GSK), 다이이찌산쿄... 미국 식품의약국(FDA)은 2025년 9월 머크(MSD)의 키트루다 피하주사 제형인 키트루다 큐렉스를 승인했다. 유럽연합... ",local,10,MSD,,
2026-06-18,BD,2026-06-12 07:32:00,Naver News,https://www.thebell.co.kr/free/content/ArticleView.asp?key=202606111059045280107242,"[더벨][thebell interview] 아스텔라스 전 CSO가 본 K-바이오 ""혁신기술 ...",일본 소재 빅파마 아스텔라스 최고과학책임자(CSO)를 지낸 요시쓰구 시타카 대표(사진)가 설립한... 그는 아스텔라스에서 약 30년간 근무한 신약개발 전문가다. 2021년부터 2025년까지 아스텔라스 CSO를 맡아 글로벌... ,일본 소재 빅파마 아스텔라스 최고과학책임자(CSO)를 지낸 요시쓰구 시타카 대표(사진)가 설립한... 그는 아스텔라스에서 약 30년간 근무한 신약개발 전문가다. 2021년부터 2025년까지 아스텔라스 CSO를 맡아 글로벌... ,local,10,아스텔라스,,
2026-06-18,BD,2026-06-19 07:02:00,Naver News,https://www.thebell.co.kr/free/content/ArticleView.asp?key=202606181543312320106938,"[더벨]신라젠, BAL0891 복잡한 권리관계 해소 'L/O 포석 갖췄다'",업계에서는 라이선스 아웃을 검토하는 기업 입장에서도 매력도가 높아진 것으로 보고 있다. 권리관계가 복잡하지 않고 임상 과정에서 추가 비용 부담이 크지 않은 만큼 거래 구조를 설계하기 수월해졌다는... ,업계에서는 라이선스 아웃을 검토하는 기업 입장에서도 매력도가 높아진 것으로 보고 있다. 권리관계가 복잡하지 않고 임상 과정에서 추가 비용 부담이 크지 않은 만큼 거래 구조를 설계하기 수월해졌다는... ,local,10,라이선스,,
2026-06-18,BD,2026-06-19 06:24:00,Naver News,https://www.newstopkorea.com/news/articleView.html?idxno=45647,"롯데바이오, 송도 신공장 앞세워 수주 총력전 - 뉴스톱","롯데그룹의 미래 성장 동력인 ‘롯데바이오로직스’가 1조원대 투자비를 집행한 송도 1공장을 본격 가동하기 전, 상업 생산 물량을 수주하는 데 주력하고 있다.","롯데그룹의 미래 성장 동력인 ‘롯데바이오로직스’가 1조원대 투자비를 집행한 송도 1공장을 본격 가동하기 전, 상업 생산 물량을 수주하는 데 주력하고 있다. 롯데바",local,10,인수,,
2026-06-18,Client,2026-06-18 16:32:00,Naver News,https://www.ajunews.com/view/20260610160844112,"[AX 속도내는 제약] 신약개발 넘어 규제전략까지… ""2030년까지 영업익 2배↑ 기대 "" | 아주경제","제약바이오 업계의 인공지능(AI) 도입이 후보물질 발굴 단계를 넘어 연구개발(R&D) 보조, 제조·상업화, 나아가 규제전략까지 확산하고 있다....","제약바이오 업계의 인공지능(AI) 도입이 후보물질 발굴 단계를 넘어 연구개발(R&D) 보조, 제조·상업화, 나아가 규제전략까지 확산하고 있다....",local,10,릴리,,
2026-06-18,BD,2026-06-19 01:48:00,Naver News,https://www.financialpost.co.kr/news/articleView.html?idxno=263112,셀트리온 '바이오USA 2026'行에 업계 촉각...다중항체 파이프라인 진행 상황 과시할 듯,"셀트리온은 이달 22일(현지시간)부터 25일까지 나흘간 미국 샌디에이고에서 열리는 '2026 바이오 인터내셔널 컨벤션(바이오USA)'에 참가한다.19일 제약바이오업권에 따르면, 올해 33회째를 맞는 바이오USA는 각국의 1500여개 제약·바이오 기업과 2만명 이상의 관계자가 모이는 자.","셀트리온은 이달 22일(현지시간)부터 25일까지 나흘간 미국 샌디에이고에서 열리는 '2026 바이오 인터내셔널 컨벤션(바이오USA)'에 참가한다.19일 제약바이오업권에 따르면, 올해 33회째를 맞는 바이오USA는 각국의 1500여개 제약·바이오 기업과 2만명 이상의 관계자가 모이는 자",local,10,파트너십,,
2026-06-18,Client,2026-06-18 04:11:00,Naver News,https://www.sidae.com/article/2026061513302226908,국내 제약·바이오 CEO 샌디에이고 집결…전 세계 홀릴 K바이오 - 동행미디어 시대,세계 최대 제약·바이오 산업 전시회인 바이오USA가 개막을 앞두고 있다. 세계 각국 기업의 의사결정권자들이 참가하는 만큼 비즈니스 성과가 기대된다. 국내 기업들은 부스 설치와 비공개 비즈니스 미팅 등을 통해 사업 경쟁력 소개에 주력할 예정이다.,세계 최대 제약·바이오 산업 전시회인 바이오USA가 개막을 앞두고 있다. 세계 각국 기업의 의사결정권자들이 참가하는 만큼 비즈니스 성과가 기대된다. 국내 기업들은 부스 설치와 비공개 비즈니스 미팅 등을 통해 사업 경쟁력 소개에 주력할 예정이다.,local,10,머크,,
2026-06-18,BD,2026-06-19 07:20:00,Naver News,https://www.cstimes.com/news/articleView.html?idxno=710317,"코트라, 중국 상하이서 K-바이오 글로벌 협력망 본격 가동","컨슈머타임스=안성렬 기자 | 대한무역투자진흥공사(코트라)가 아시아 최대 의약품 전문 전시회인 'CPhI China 2026'과 연계해 K-바이오의 중국 시장 진출과 글로벌 협력망 확대에 나섰다.코트라는 6월 15일부터 18일까지 중국 상하이에서 '한·중 바이오파마 파트너십' 행사를 개최했다.최근 고령화와 의료 수요 증가, 정부 주도의 산업 육성 정책에 힘입어 중국 제약 시장은 2032년까지 약 5407억 달러 규모로 급성장할 것으로 전망된다.또한 한국의 대중(對中) 의약품 수출이 최근 3년간 15% 이상 꾸준히 증가하고 있어 이번.","컨슈머타임스=안성렬 기자 | 대한무역투자진흥공사(코트라)가 아시아 최대 의약품 전문 전시회인 'CPhI China 2026'과 연계해 K-바이오의 중국 시장 진출과 글로벌 협력망 확대에 나섰다.코트라는 6월 15일부터 18일까지 중국 상하이에서 '한·중 바이오파마 파트너십' 행사를 개최했다.최근 고령화와 의료 수요 증가, 정부 주도의 산업 육성 정책에 힘입어 중국 제약 시장은 2032년까지 약 5407억 달러 규모로 급성장할 것으로 전망된다.또한 한국의 대중(對中) 의약품 수출이 최근 3년간 15% 이상 꾸준히 증가하고 있어 이번",local,10,파트너십,,
2026-06-18,BD,2026-06-19 07:30:00,Naver News,https://news.bizwatch.co.kr/article/healthcare/2026/06/18/0036,"제약바이오, 하반기 '허가·임상·기술수출' 3대 이벤트 주목",제약바이오 업계가 올 하반기 대형 이벤트를 앞두고 있다. 신약 허가 결과 발표부터 주요 임상 데이터 공개 등 기업가치를 좌우할 일정이 잇따라 예정돼 있는데다 글로벌 기술수출 가능성까지 제기되며 업계 관심이 모아...,제약바이오 업계가 올 하반기 대형 이벤트를 앞두고 있다. 신약 허가 결과 발표부터 주요 임상 데이터 공개 등 기업가치를 좌우할 일정이 잇따라 예정돼 있는데다 글로벌 기술수출 가능성까지 제기되며 업계 관심이 모아...,local,10,계약,,
2026-06-18,BD,2026-06-18 08:38:00,Naver News,http://www.press9.kr/news/articleView.html?idxno=78066,"삼익제약, 물류 내재화로 수익성 강화 승부수…자회사 팜베이 물류센터 구축 추진","삼익제약이 자회사 팜베이를 중심으로 물류 인프라 자립에 나서며 중장기 수익성 강화에 속도를 낸다. 외주 중심의 물류 구조를 자체 인프라 기반으로 전환해 비용 효율성을 높이고, 의약품 유통 경쟁력까지 확보하겠다는 전략이다.삼익제약은 최근 팜베이의 자체 물류 인프라 구축을 위한 투자 지원을 추진하고 있다고 밝혔다. 투자 규모와 세부 내용은 향후 내부 절차를 거쳐 최종 확정될 예정이다.이번 투자는 물류 운영의 내재화를 통해 연결 손익의 안정성을 높이고 수익 구조를 개선하기 위한 전략적 결정으로 풀이된다.","[프레스나인] 삼익제약이 자회사 팜베이를 중심으로 물류 인프라 자립에 나서며 중장기 수익성 강화에 속도를 낸다. 외주 중심의 물류 구조를 자체 인프라 기반으로 전환해 비용 효율성을 높이고, 의약품 유통 경쟁력까지 확보하겠다는 전략이다.삼익제약은 최근 팜베이의 자체 물류 인프라 구축을 위한 투자 지원을 추진하고 있다고 밝혔다. 투자 규모와 세부 내용은 향후 내부 절차를 거쳐 최종 확정될 예정이다.이번 투자는 물류 운영의 내재화를 통해 연결 손익의 안정성을 높이고 수익 구조를 개선하기 위한 전략적 결정으로 풀이된다. 기존 외부 물류업체",local,10,콜드체인,,
2026-06-18,Client,2026-06-17 18:30:00,Naver News,https://www.polinews.co.kr/news/articleView.html?idxno=734348,"'AI 신약'의 첫 관문, 펩타이드…LG·디앤디 동맹, 노보·릴리 추격 가능할까","LG가 'AI 신약'을 미래 먹거리의 한 축으로 못 박았다.LG AI연구원은 16일 서울 여의도 LG트윈타워에서 디앤디파마텍과 차세대 펩타이드 신약 공동 개발 사업 본계약을 체결했다. 표면적으로는 한 건의 R&D 협약이지만, 그 이면을 들여다보면 ▲연 400억 달러 규모로 부풀어 오른 글로벌 비만치료제 시장 ▲노보노디스크·일라이릴리가 양분한 GLP-1 패권 ▲'AI 신약'을 향한 빅테크들의 각축전이 한 줄에 꿰어져 있다.AI가 설계하고, 디앤디가 검증하는 '순환 구조'이번 협력의 골자는 분업이다. LG AI연구원은 질병 원인 단백질.","LG가 'AI 신약'을 미래 먹거리의 한 축으로 못 박았다.LG AI연구원은 16일 서울 여의도 LG트윈타워에서 디앤디파마텍과 차세대 펩타이드 신약 공동 개발 사업 본계약을 체결했다. 표면적으로는 한 건의 R&D 협약이지만, 그 이면을 들여다보면 ▲연 400억 달러 규모로 부풀어 오른 글로벌 비만치료제 시장 ▲노보노디스크·일라이릴리가 양분한 GLP-1 패권 ▲'AI 신약'을 향한 빅테크들의 각축전이 한 줄에 꿰어져 있다.AI가 설계하고, 디앤디가 검증하는 '순환 구조'이번 협력의 골자는 분업이다. LG AI연구원은 질병 원인 단백질",local,10,노보노디스크,,
2026-06-18,BD,2026-06-16 12:50:00,Naver News,https://www.pharmnews.com/news/articleView.html?idxno=304225,제약보국(製藥報國)의 선도자(先導者)를 찾아서 - 팜뉴스,"1965년대 중반, '메사돈 파동(Methadone scandal)'과 '밀가루 항생제 사건'이 잇따라 터지면서 대한민국 제약의 어두운 민낯이 드러났다.","1965년대 중반, '메사돈 파동(Methadone scandal)'과 '밀가루 항생제 사건'이 잇따라 터지면서 대한민국 제약의 어두운 민낯이 드러났다. 검찰이",local,10,한독,,
2026-06-18,BD,2026-06-18 11:10:00,Naver News,https://kormedi.com/?p=2826024,"FDA, GSK 유테브지 승인…미국 첫 경구용 카바페넴 나왔다","병원에서 정맥주사로 써야 했던 카바페넴계 항생제를 먹는 약으로 사용할 수 있는 길이 열렸다. 항생제 내성이 늘고 복잡성 요로감염 환자의 장기 주사치료 부담이 커지는 상황에서, 경구용 치료 선택지가 처음 등장했다는 점에서 의미가 크다.","병원에서 정맥주사로 써야 했던 카바페넴계 항생제를 먹는 약으로 사용할 수 있는 길이 열렸다. 항생제 내성이 늘고 복잡성 요로감염 환자의 장기 주사치료 부담이 커지는 상황에서, 경구용 치료 선택지가 처음 등장했다는 점에서 의미가 크다.",local,10,판권,,
2026-06-18,BD,2026-06-18 15:21:00,Naver News,https://biz.sbs.co.kr/article_hub/20000317345?division=NAVER,탈모약 건보 추진…제약사들 마냥 웃지 못하는 이유 [취재여담],정부가 청년 탈모 지원 방안 검토에 나서면서 탈모 치료제 건강보험 적용 논의에 속도가 붙고 있습니다. 정부는다음 달 4일 국민 200명이 참여하는 '모두의 토론회'의 첫 주제로 '탈모 치료제의 건강보험 급여 적용'을 다루는 것을 시작으로사회적 논의를 본격화할 예정입니다.환자 부담 완화와 시장 확대에 대한….,정부가 청년 탈모 지원 방안 검토에 나서면서 탈모 치료제 건강보험 적용 논의에 속도가 붙고 있습니다. 정부는다음 달 4일 국민 200명이 참여하는 '모두의 토론회'의 첫 주제로 '탈모 치료제의 건강보험 급여 적용'을 다루는 것을 시작으로사회적 논의를 본격화할 예정입니다.환자 부담 완화와 시장 확대에 대한…,local,10,오가논,,
2026-06-18,Client,2026-06-19 05:04:00,Naver News,https://www.seoul.co.kr/news/economy/2026/06/19/20260619031002?wlog_tag3=naver,"그린 바이오 첫 열쇠 ‘K종자’, 김제·새만금에 새 보금자리[그린바이오 ‘퀀텀 점프’ ]","농식품부가 전북 김제·새만금 273㏊에 종자산업혁신클러스터를 조성한다. 디지털 육종, 유전체 분석, 생산·가공·수출 물류를 한곳에 묶어 종자를 식량안보와 그린바이오 성장의 핵심 산업으로 키우려는 구상이다. 기존 민간육종연구단지와 첨단지능형온실도 연계한다.","농식품부가 전북 김제·새만금 273㏊에 종자산업혁신클러스터를 조성한다. 디지털 육종, 유전체 분석, 생산·가공·수출 물류를 한곳에 묶어 종자를 식량안보와 그린바이오 성장의 핵심 산업으로 키우려는 구상이다. 기존 민간육종연구단지와 첨단지능형온실도 연계한다.",local,10,바이엘,,
2026-06-18,BD,2026-06-19 06:25:00,Naver News,https://thetracker.co.kr/View.aspx?No=4118045,"[단독]삼성바이오에피스, 스텔라라 시밀러 ‘피즈치바’ 캐나다 출시 - 더트래커",더트래커 = 강혜림 기자삼성바이오에피스가 캐나다에 자가면역질환 치료제 '피즈치바'(성분명 우스테키누맙)'를 출시한다. 19일 업계에 따르면 삼성바이오에피스는 글로벌 제약사인 '오르가논(Organon)'과 피즈치바의 캐나다 지역에 대한 상용화 계약을 체결했다. 이번 계약에 따라 삼성바이오에피스의 피즈치바는 올해 캐나다 시장에 출시될 예정이다. 오르가논은 캐나다 내에 피즈치바에 대한 독점적 권리를 확보하게 된다.,"더트래커 = 강혜림 기자삼성바이오에피스가 캐나다에 자가면역질환 치료제 '피즈치바'(성분명 우스테키누맙)'를 출시한다. 19일 업계에 따르면 삼성바이오에피스는 글로벌 제약사인 '오르가논(Organon)'과 피즈치바의 캐나다 지역에 대한 상용화 계약을 체결했다. 이번 계약에 따라 삼성바이오에피스의 피즈치바는 올해 캐나다 시장에 출시될 예정이다. 오르가논은 캐나다 내에 피즈치바에 대한 독점적 권리를 확보하게 된다. 삼성바이오에피스는 개발, 제조 및 규제를 맡는다. 스텔라라 바이오시밀러인 피즈치바는 판상 건선, 건선성 관절염, 크론병, 궤",local,10,출시,,
2026-06-18,BD,2026-06-18 11:58:00,Naver News,https://www.dailypharm.com/user/news/339529?REFERER=NP,"[데일리팜]연 4000억 P-CAB 시장, 제네릭 '조기 진입' 총력전",P-CAB(칼륨경쟁적 위산분비억제제) 계열 위식도 역류질환 치료제의 후발의약품 조기 발매 경쟁이 치열하게 전개되고 있다. 시장 선두인 HK이노엔 케이캡(테고프라잔)에 이어 대웅제약 펙수클루(펙수프라잔)까지 제네릭사의 특허도전 사정권에 들어왔다. 국내 미발매 제품인 다케다 보신티(보노프라잔)의 후발의약품 조기발매 움직임도 감지된다. 국내 위식도 역류질환 치료제 시장의 무게….,P-CAB(칼륨경쟁적 위산분비억제제) 계열 위식도 역류질환 치료제의 후발의약품 조기 발매 경쟁이 치열하게 전개되고 있다. 시장 선두인 HK이노엔 케이캡(테고프라잔)에 이어 대웅제약 펙수클루(펙수프라잔)까지 제네릭사의 특허도전 사정권에 들어왔다. 국내 미발매 제품인 다케다 보신티(보노프라잔)의 후발의약품 조기발매 움직임도 감지된다. 국내 위식도 역류질환 치료제 시장의 무게…,local,10,특허만료,,
2026-06-18,BD,2026-06-19 00:02:00,Naver News,https://www.ksilbo.co.kr/news/articleView.html?idxno=1059921,[제7기 차세대CEO 아카데미 (4강)]“양자컴퓨터로 지구적 난제 빠르게 해결”,"“양자 컴퓨터를 이용하면 난치병 치료제·백신 개발, 식량난 해소 등 전 지구적 난제를 획기적이고 빠르게 풀 수 있습니다.” 지난 17일 울산 남구 종하이노베이션센터에서 열린 경상일보 제7기 차세대 CEO아카데미 4강에서 김갑진 KAIST 물리학과 교수는 ‘세상을 바꿀 변화의 시작, 양자 컴퓨터’를 주제로 강의했다. 김 교수는 어렵게 느껴지는 양자 역학의 기본 개념부터 양자 컴퓨터의 핵심 원리, 그리고 이를 통해 달라질 미래 사회 변화상을 알기 쉽게 소개했다. 김 교수는 “기존 고전 물리학은 세상을 연속적이고 결정론적인 것으로 봤지만.","“양자 컴퓨터를 이용하면 난치병 치료제·백신 개발, 식량난 해소 등 전 지구적 난제를 획기적이고 빠르게 풀 수 있습니다.” 지난 17일 울산 남구 종하이노베이션센터에서 열린 경상일보 제7기 차세대 CEO아카데미 4강에서 김갑진 KAIST 물리학과 교수는 ‘세상을 바꿀 변화의 시작, 양자 컴퓨터’를 주제로 강의했다. 김 교수는 어렵게 느껴지는 양자 역학의 기본 개념부터 양자 컴퓨터의 핵심 원리, 그리고 이를 통해 달라질 미래 사회 변화상을 알기 쉽게 소개했다. 김 교수는 “기존 고전 물리학은 세상을 연속적이고 결정론적인 것으로 봤지만",local,10,백신,,
2026-06-18,BD,2026-06-18 13:31:00,Naver News,https://kormedi.com/?p=2826103,상임위 넘은 미국 바이오시밀러 규제완화법…‘황금의 10년’ 선점전 가속,미국 바이오시밀러 규제완화법이 상원 상임위를 만장일치로 통과했다. 허가 바이오시밀러의 자동 상호교환성 인정이 추진되면서 대형 바이오의약품 특허만료를 앞둔 글로벌 선점 경쟁이 빨라지고 있다.,미국 바이오시밀러 규제완화법이 상원 상임위를 만장일치로 통과했다. 허가 바이오시밀러의 자동 상호교환성 인정이 추진되면서 대형 바이오의약품 특허만료를 앞둔 글로벌 선점 경쟁이 빨라지고 있다.,local,10,특허만료,,
2026-06-18,BD,2026-06-19 06:40:00,Naver News,https://www.news1.kr/bio/pharmaceutical-bio/6201785,'130년 제약 명가' 동화약품…'활명수 세계화·혁신 신약' 동시 구상,"Access Denied You don't have permission to access ""http://www.news1.kr/bio/pharmaceutical-bio/6201785"" on this server. Reference #18.d75ed617.1781823511.23da989b https://errors.edgesuite.net/18.d75ed617.1781823511.23da989b.","Access Denied
You don't have permission to access ""http://www.news1.kr/bio/pharmaceutical-bio/6201785"" on this server.
Reference #18.d75ed617.1781823511.23da989b
https://errors.edgesuite.net/18.d75ed617.1781823511.23da989b",local,10,인수,,
2026-06-18,BD,2026-06-18 14:14:00,Naver News,https://www.kgnews.co.kr/news/article.html?no=900395,"인천TP, 첫 투자 카드로 ‘바이오 콜드체인’ 선택","‘템프체인㈜’은 인천 연수구에 위치한 바이오 콜드체인(저온 유통망) 전문 기업으로, 바이오의약품처럼 온도에 민감한 물품을 안전하게 운송하는 기술을 보유하고 있다. 특히 고성능 진공단열재(Vacuum Insulation... ","‘템프체인㈜’은 인천 연수구에 위치한 바이오 콜드체인(저온 유통망) 전문 기업으로, 바이오의약품처럼 온도에 민감한 물품을 안전하게 운송하는 기술을 보유하고 있다. 특히 고성능 진공단열재(Vacuum Insulation... ",local,10,콜드체인,,
2026-06-18,Client,2026-06-16 07:02:00,Naver News,https://dealsite.co.kr/articles/163498,'프리IPO 4배' 거둔 뉴라클사이언스...난청 효능 데이터 '촉각',"실제로 지난 4월 미국식품의약국(FDA)이 미국 리제네론 파마슈티컬스가 개발한 유전자 기술 기반 선천성 난청 치료제 '오타르메니'를 허가한 바 있다. 그는 이어 ""올해 프리IPO를 진행하면서 아직 개척되지 않은 후천성... ","실제로 지난 4월 미국식품의약국(FDA)이 미국 리제네론 파마슈티컬스가 개발한 유전자 기술 기반 선천성 난청 치료제 '오타르메니'를 허가한 바 있다. 그는 이어 ""올해 프리IPO를 진행하면서 아직 개척되지 않은 후천성... ",local,10,리제네론,,
2026-06-18,BD,2026-06-18 13:16:00,Naver News,https://news.tvchosun.com/site/data/html_dir/2026/06/18/2026061890155.html,"상반기에만 13조 잭팟… K-바이오, 올해 기술 수출 '역대 최대' 갈아치우나","상반기에만 13조 잭팟… K-바이오, 올해 기술 수출 '역대 최대' 갈아치우나올해도 국내 제약 바이오 기업들의 기술 수출이 빠른 ..","상반기에만 13조 잭팟… K-바이오, 올해 기술 수출 '역대 최대' 갈아치우나올해도 국내 제약 바이오 기업들의 기술 수출이 빠른 ..",local,10,판권,,
2026-06-18,Client,2026-06-19 05:50:00,Naver News,https://www.pharmnews.com/news/articleView.html?idxno=304279,"특허 절벽 맞은 일본 제약업계, ""AI 발명 특허 인정하라"" - 팜뉴스",일본 제약업계가 인공지능(AI)이 자율적으로 생성한 발명에 대한 특허권 인정을 일본 특허청(JPO)에 강하게 요구하고 나섰다.,[팜뉴스=우정민 기자] 일본 제약업계가 인공지능(AI)이 자율적으로 생성한 발명에 대한 특허권 인정을 일본 특허청(JPO)에 강하게 요구하고 나섰다. 2026년부,local,10,다이이찌산쿄,,
2026-06-18,BD,2026-06-18 21:02:00,Naver News,http://www.intn.co.kr/news/articleView.html?idxno=2051388,"삼양바이오팜, ‘바이오 USA 2026’ 참가…글로벌 파트너십 확대 방점","삼양바이오팜(대표 김경진)은 22~25일(현지시간) 미국 샌디에이고에서 열리는 ‘바이오 인터내셔널 컨벤션(바이오 USA) 2026’에 참가해 글로벌 파트너십 확대 기회를 모색한다고 밝혔다.미국 바이오협회(BIO)가 주관하는 바이오 USA는 전 세계 제약∙바이오 업계 관계자가 모여 기술이전, 공동개발, 투자 및 전략적 제휴 등을 논의하는 세계 최대 바이오 행사로, 올해 약 2만명의 업계 관계자가 참석할 전망이다.올해로 5년째 참석하는 삼양바이오팜은 차세대 약물전달 플랫폼 ‘SENS(Selectivity Enabling Nano She.","삼양바이오팜(대표 김경진)은 22~25일(현지시간) 미국 샌디에이고에서 열리는 ‘바이오 인터내셔널 컨벤션(바이오 USA) 2026’에 참가해 글로벌 파트너십 확대 기회를 모색한다고 밝혔다.미국 바이오협회(BIO)가 주관하는 바이오 USA는 전 세계 제약∙바이오 업계 관계자가 모여 기술이전, 공동개발, 투자 및 전략적 제휴 등을 논의하는 세계 최대 바이오 행사로, 올해 약 2만명의 업계 관계자가 참석할 전망이다.올해로 5년째 참석하는 삼양바이오팜은 차세대 약물전달 플랫폼 ‘SENS(Selectivity Enabling Nano She",local,10,제휴,,
2026-06-18,BD,2026-06-18 12:14:00,Naver News,https://www.kpanews.co.kr/news/articleView.html?idxno=536972,"FDA 문턱 넘은 ‘경구 카바페넴’…GSK 손잡은 스페로, 4년 만에 반전 - 약사공론",GSK와 스페로 테라퓨틱스(Spero Therapeutics)가 복잡성 요로감염(cUTI) 치료제 ‘우테브지(Utebzi)’의 미국 FDA 승인을 획득했다.우테브.,GSK와 스페로 테라퓨틱스(Spero Therapeutics)가 복잡성 요로감염(cUTI) 치료제 ‘우테브지(Utebzi)’의 미국 FDA 승인을 획득했다.우테브,local,10,판권,,
2026-06-18,Distribution,2026-06-15 07:16:00,Naver News,http://www.newsprime.co.kr/news/article.html?no=736626,"블루엠텍, 비만약에 에스테틱으로 외형 확대 본격화…""원내 의약품 유통...","""막대한 MAU 트래픽과 데이터 바탕, 다양한 분야로 사업 확장해 수익 창출할 것"" 하나증권은 15일 블루엠텍... 하나증권에 따르면 블루엠텍은 2018년 병의원 전문의약품 이커머스 플랫폼 '블루팜코리아'를 런칭한 이후... ","""막대한 MAU 트래픽과 데이터 바탕, 다양한 분야로 사업 확장해 수익 창출할 것"" 하나증권은 15일 블루엠텍... 하나증권에 따르면 블루엠텍은 2018년 병의원 전문의약품 이커머스 플랫폼 '블루팜코리아'를 런칭한 이후... ",local,10,블루엠텍,,
2026-06-18,BD,2026-06-19 06:02:00,Naver News,https://www.edaily.co.kr/news/newspath.asp?newsid=02250086645483360,'바이오 성장엔진 장착' 휴온스...성장 드라이브 건다,"휴온스(243070)그룹이 구조 개편과 인수, 그룹 내 흡수합병을 단행하며 경영 일원화를 통한 사업 경쟁력 강화에 나섰다. 이는 단순한 계열사 재편을 넘어 제약·바이오 중심의 핵심 사업 역량을 집중하고 그룹 내 경영 자원을 효율적으로 재배치하는 전략이라는 점에서 관심...","휴온스(243070)그룹이 구조 개편과 인수, 그룹 내 흡수합병을 단행하며 경영 일원화를 통한 사업 경쟁력 강화에 나섰다. 이는 단순한 계열사 재편을 넘어 제약·바이오 중심의 핵심 사업 역량을 집중하고 그룹 내 경영 자원을 효율적으로 재배치하는 전략이라는 점에서 관심...",local,10,인수,,
2026-06-18,BD,2026-06-19 06:02:00,Naver News,http://www.newsmp.com/news/articleView.html?idxno=254899,"바이오젠, 면역질환 치료제 개발사 레이테라 인수","바이오젠이 미국 생명공학기업 레이테라(RayThera)를 인수하며 면역학 파이프라인을 확대한다.양사는 바이오젠이 레이테라를 최대 10억 달러에 인수하는 최종 계약을 체결했다고 17일 발표했다. 인수 금액은 선급금과 함께 향후 임상 및 규제 마일스톤 달성 여부에 따라 지급되는 조건부 지급금으로 구성된다.계약 조건에 따라 바이오젠은 레이테라 주주들에게 선급금을 지급하며, 주주들은 향후 임상 및 규제 마일스톤 달성 시 추가 지급금을 받을 수 있다.인수 절차는 규제당국의 승인을 비롯한 통상적인 종결 조건 충족을 전제로 올해 3.","[의약뉴스] 바이오젠이 미국 생명공학기업 레이테라(RayThera)를 인수하며 면역학 파이프라인을 확대한다.양사는 바이오젠이 레이테라를 최대 10억 달러에 인수하는 최종 계약을 체결했다고 17일 발표했다. 인수 금액은 선급금과 함께 향후 임상 및 규제 마일스톤 달성 여부에 따라 지급되는 조건부 지급금으로 구성된다.계약 조건에 따라 바이오젠은 레이테라 주주들에게 선급금을 지급하며, 주주들은 향후 임상 및 규제 마일스톤 달성 시 추가 지급금을 받을 수 있다.인수 절차는 규제당국의 승인을 비롯한 통상적인 종결 조건 충족을 전제로 올해 3",local,10,인수,,
2026-06-18,BD,2026-06-17 05:52:00,Naver News,https://www.kpanews.co.kr/news/articleView.html?idxno=536830,바이오 하반기 반등 기대 이유는? '임상·기술수출·실적' 주목 - 약사공론,"상반기 부진했던 국내 제약·바이오 업종이 하반기 반등에 나설 수 있다는 전망이 나왔다. 증권가는 대내외 환경 개선과 함께 임상 데이터 발표, 기술수출, 실적 성장.","상반기 부진했던 국내 제약·바이오 업종이 하반기 반등에 나설 수 있다는 전망이 나왔다. 증권가는 대내외 환경 개선과 함께 임상 데이터 발표, 기술수출, 실적 성장",local,10,로레알,,
2026-06-18,Client,2026-06-12 11:22:00,Naver News,https://www.medipana.com/news/articleView.html?idxno=412819,"[현장] 폐암학회 달군 국내사들, 정밀진단·치료 존재감 과시 - 메디파나뉴스",대한폐암학회 춘계학술대회 현장에서 국내 제약·바이오기업들이 폐암 정밀진단과 치료 영역에서 존재감을 드러냈다. EGFR 변이 비소세.,[메디파나뉴스 = 최인환 기자] 대한폐암학회 춘계학술대회 현장에서 국내 제약·바이오기업들이 폐암 정밀진단과 치료 영역에서 존재감을 드러냈다. EGFR 변이 비소세,local,10,베이진,,
2026-06-18,Product Approval,2026-06-19 07:02:00,Naver News,https://www.thebell.co.kr/free/content/ArticleView.asp?key=202606181633360240101191,[더벨][Sanction Radar] '폐지방 개발 가능' 법개정…엘앤씨바이오 '지방...,"이어 ""미국 레누바와 같은 제품은 물론 더 발전된 버전도 국내에서 개발할 수 있다""며 ""장기적으로는 실리콘 보형물을 대체할 수 있는 세계 최초 ECM 보형물 출시도 가능할 것으로 기대하고 있다""고 말했다.","이어 ""미국 레누바와 같은 제품은 물론 더 발전된 버전도 국내에서 개발할 수 있다""며 ""장기적으로는 실리콘 보형물을 대체할 수 있는 세계 최초 ECM 보형물 출시도 가능할 것으로 기대하고 있다""고 말했다.",local,2,출시,,
2026-06-18,Therapeutic Areas,2026-06-18 17:38:00,Naver News,https://www.dailymedi.com/news/news_view.php?wr_id=937506,﻿대한디지털헬스학회 춘계학술대회 성료,"﻿대한디지털헬스학회(이사장 김현정)은 최근 차바이오컴플렉스에서 2026 춘계학술대회를 개최했다.‘디지털 헬스케어 AI 전 생애주기 전환’을 주제로 열린 이번 학술대회에는 의학계, 산업계, 연구원 등 전문가 500명 이상이 참석해 뜨거운 관심을 보였다.학술대회 중반부에는 두 명사의 기조 강연이 이어져 열기를 더했다. 한국보건의료정보원 최동진 본부장은 ‘국가 보건의료데이터와 AI 전환 미래’를, 카카오헬스케어 황희 대표는 ‘플랫폼 기반 디지털 헬스케어 확장 전략’을 주제로 강연했다.이와 함께 진행된 12개 세부 세션에서는 임상….","﻿대한디지털헬스학회(이사장 김현정)은 최근 차바이오컴플렉스에서 2026 춘계학술대회를 개최했다.‘디지털 헬스케어 AI 전 생애주기 전환’을 주제로 열린 이번 학술대회에는 의학계, 산업계, 연구원 등 전문가 500명 이상이 참석해 뜨거운 관심을 보였다.학술대회 중반부에는 두 명사의 기조 강연이 이어져 열기를 더했다. 한국보건의료정보원 최동진 본부장은 ‘국가 보건의료데이터와 AI 전환 미래’를, 카카오헬스케어 황희 대표는 ‘플랫폼 기반 디지털 헬스케어 확장 전략’을 주제로 강연했다.이와 함께 진행된 12개 세부 세션에서는 임상…",local,2,난임,,
2026-06-18,Reimbursement,2026-06-19 05:56:00,Naver News,https://www.kpanews.co.kr/news/articleView.html?idxno=537014,7월 국내 첫 '인다파미드' 3제 출시…고혈압 복합제 시장 '새 바람' - 약사공론,국내 고혈압 치료제 시장에 7월 처음으로 ‘인다파미드’를 포함한 3제 복합제가 등장하면서 새로운 복합제 시장이 열릴 전망이다.업계에 따르면 안국약품과 대화제약은.,국내 고혈압 치료제 시장에 7월 처음으로 ‘인다파미드’를 포함한 3제 복합제가 등장하면서 새로운 복합제 시장이 열릴 전망이다.업계에 따르면 안국약품과 대화제약은,local,2,약가,,
2026-06-18,Product Approval,2026-06-18 22:42:00,Naver News,https://www.medipana.com/news/articleView.html?idxno=413180,"아주약품, 기관지 증상 개선 치료제 '아이스판F시럽' 출시 - 메디파나뉴스",아주약품이 기관지 증상 개선 치료제 '아이스판F시럽'을 순차 출시하며 호흡기 치료제 포트폴리오 확대에 나선다.아주약품은 아이비엽30%에탄올건조엑스를 주성분으로 한.,아주약품이 기관지 증상 개선 치료제 '아이스판F시럽'을 순차 출시하며 호흡기 치료제 포트폴리오 확대에 나선다.아주약품은 아이비엽30%에탄올건조엑스를 주성분으로 한,local,2,제형,,
2026-06-18,Reimbursement,2026-06-19 07:06:00,Naver News,https://www.kyeonggi.com/article/20260619580007,“전액 본인 부담이던 탈모 약값 줄어든다”…7월부터 보험 적용 대상은?,"정부가 성인 중증 원형 탈모증 환자들이 사용하는 치료제에 대한 건강보험 급여 기준을 대폭 넓힌다. 보건복지부는 바리시티닙 성분 경구제(제품명 올루미언트정 2밀리그램 등)의 요양급여 적용기준 일부개정안을 고시하고, 7월1일부터 시행한다고 19일 밝혔다.","정부가 성인 중증 원형 탈모증 환자들이 사용하는 치료제에 대한 건강보험 급여 기준을 대폭 넓힌다. 보건복지부는 바리시티닙 성분 경구제(제품명 올루미언트정 2밀리그램 등)의 요양급여 적용기준 일부개정안을 고시하고, 7월1일부터 시행한다고 19일 밝혔다. 그동안 이 약제는",local,2,급여,,
2026-06-18,Product Approval,2026-06-19 06:00:00,Naver News,https://www.pharmnews.com/news/articleView.html?idxno=304287,"토종제약, GLP-1 '영토 확장' 무한경쟁...독자 모달리티로 틈새시장 공략 - 팜뉴스",글로벌 제약시장을 뒤흔든 GLP-1(글루카곤 유사 펩타이드-1) 계열 치료제가 기존 당뇨·비만을 넘어 다양한 만성질환으로 적응증을 무차별.,[팜뉴스=김응민 기자] 글로벌 제약시장을 뒤흔든 GLP-1(글루카곤 유사 펩타이드-1) 계열 치료제가 기존 당뇨·비만을 넘어 다양한 만성질환으로 적응증을 무차별,local,2,적응증,,
2026-06-18,Therapeutic Areas,2026-06-19 06:02:00,Naver News,https://www.viva100.com/article/20260618500620,탈모 치료에도 건보 적용?⋯수억원 항암제 우선 순위 밀리나,정부의 탈모 치료 건강보험(건보) 급여 확대 논의가 본격화되면서 항암제 등 중증 질환 치료제 시장 형성에 대한 우려가 나오는 가운데 급여 기준을 엄격하게 설정해야 한다는 분석이 나온다. 19일 보건복지부에 따르면 최근 정은경 보건복지부 장관이 정책간담회에서 올해 하반기.,정부의 탈모 치료 건강보험(건보) 급여 확대 논의가 본격화되면서 항암제 등 중증 질환 치료제 시장 형성에 대한 우려가 나오는 가운데 급여 기준을 엄격하게 설정해야 한다는 분석이 나온다. 19일 보건복지부에 따르면 최근 정은경 보건복지부 장관이 정책간담회에서 올해 하반기,local,2,항암제,,
2026-06-18,Reimbursement,2026-06-19 07:13:00,Naver News,https://biz.sbs.co.kr/article_hub/20000317568?division=NAVER,"""암보다 M자 탈모가 먼저냐""…모(毛)퓰리즘 불어온 탈모 건보","]정부가 탈모 치료에 대한 건강보험 적용 확대에 나서면서 찬반 논란이 커지고 있습니다.중증 원형탈모 치료제에 대한 건강보험 적용이 다음 달부터 확대되는 가운데, 유전성 탈모 치료제까지 급여 적용을 검토하면서 건….","[지난 2022년 이재명 당시 더불어민주당 대선 후보 선거대책위가 유튜브 채널 '이재명'에 공개한 유튜브 쇼츠. (유튜브 캡처)]정부가 탈모 치료에 대한 건강보험 적용 확대에 나서면서 찬반 논란이 커지고 있습니다.중증 원형탈모 치료제에 대한 건강보험 적용이 다음 달부터 확대되는 가운데, 유전성 탈모 치료제까지 급여 적용을 검토하면서 건…",local,2,급여,,
2026-06-18,Product Approval,2026-06-19 06:02:00,Naver News,https://www.thepublic.kr/news/articleView.html?idxno=308242,"""박카스 바코드 찍으면 정보가 한눈에""…동아제약, 의약외품 모바일 간편검색서비스 확대","동아제약은 ‘의약외품 모바일 간편검색서비스’를 자사 주요 제품에 적용한다고 18일 밝혔다.이번 서비스는 식품의약품안전처의 ‘식의약 규제혁신 2.0’ 디지털 안전관리 혁신의 일환으로, 글씨가 작아 제품 정보를 읽기 힘든 노년층이나 시·청각 장애를 가진 소비자들이.","[더퍼블릭=안은혜 기자]동아제약은 ‘의약외품 모바일 간편검색서비스’를 자사 주요 제품에 적용한다고 18일 밝혔다.이번 서비스는 식품의약품안전처의 ‘식의약 규제혁신 2.0’ 디지털 안전관리 혁신의 일환으로, 글씨가 작아 제품 정보를 읽기 힘든 노년층이나 시·청각 장애를 가진 소비자들이",local,2,용량,,
2026-06-18,Product Approval,2026-06-19 06:46:00,Naver News,http://www.medisobizanews.com/news/articleView.html?idxno=139538,고혈압 지침에 ‘CCB 약물 발목부종’…약제선택 전략 제시,"고혈압 치료에서 혈압 강하 효과뿐 아니라 이상반응 관리와 장기 복약 지속성을 함께 고려하는 흐름이 강화되고 있다.최근 개정된 대한고혈압학회 진료지침에서 칼슘통로차단제(CCB) 계열 약제의 발목부종 관리 방안이 새롭게 언급되면서 환자별 약제 선택 전략의 중요성이 부각되고 있다.대한고혈압학회는 지난 5월 22일~23일까지 광주 김대중컨벤션센터에서 열린 제64회 춘계학술대회에서 ‘2026 고혈압 진료지침 제6판’을 발표했다. 이번 진료지침은 2022년 이후 4년 만의 개정판으로 혈압 측정과 진단 기준부터 약물치료, 환자 모니터링, 장기.","고혈압 치료에서 혈압 강하 효과뿐 아니라 이상반응 관리와 장기 복약 지속성을 함께 고려하는 흐름이 강화되고 있다.최근 개정된 대한고혈압학회 진료지침에서 칼슘통로차단제(CCB) 계열 약제의 발목부종 관리 방안이 새롭게 언급되면서 환자별 약제 선택 전략의 중요성이 부각되고 있다.대한고혈압학회는 지난 5월 22일~23일까지 광주 김대중컨벤션센터에서 열린 제64회 춘계학술대회에서 ‘2026 고혈압 진료지침 제6판’을 발표했다. 이번 진료지침은 2022년 이후 4년 만의 개정판으로 혈압 측정과 진단 기준부터 약물치료, 환자 모니터링, 장기",local,2,신약,,
2026-06-18,Supply Issues,2026-06-16 12:06:00,Naver News,https://m.skyedaily.com/news_view.html?ID=305979,비만약 GLP-1 중단 후 다시 투약 41.5%…‘치료 지속성’ 과제 부상,GLP-1 계열 2형 당뇨병 및 비만치료제가 당초 예상과 달리 환자들의 투약 중단과 재시작이 빈번하게 반복되는 양상...,GLP-1 계열 2형 당뇨병 및 비만치료제가 당초 예상과 달리 환자들의 투약 중단과 재시작이 빈번하게 반복되는 양상...,local,2,품귀,,
2026-06-18,Therapeutic Areas,2026-06-18 11:22:00,Naver News,https://www.bosa.co.kr/news/articleView.html?idxno=3006524,"미즈메디병원-동아오츠카, 임산부·난임 가족 지원 업무협약 체결 - 의학신문",성삼의료재단 미즈메디병원(이사장 노성일)은 지난 6월 15일 동아오츠카와 임산부 및 난임 가족 지원을 위한 ‘이온 나눔 저출산.,[의학신문·일간보사=이상만 기자] 성삼의료재단 미즈메디병원(이사장 노성일)은 지난 6월 15일 동아오츠카와 임산부 및 난임 가족 지원을 위한 ‘이온 나눔 저출산,local,2,난임,,
2026-06-18,Therapeutic Areas,2026-06-19 00:30:00,Naver News,https://www.webeconomy.co.kr/news/articleView.html?idxno=2205000,"셀트리온, 바이오USA 참가…AI 신약개발·차세대 파이프라인 공개 - 웹이코노미",셀트리온은 오는 22일부터 25일(현지시간)까지 미국 샌디에이고에서 열리는 ‘2026 바이오 인터내셔널 컨벤션(바이오USA)’에 참가해 인공지능(AI) 기반 신약.,셀트리온은 오는 22일부터 25일(현지시간)까지 미국 샌디에이고에서 열리는 ‘2026 바이오 인터내셔널 컨벤션(바이오USA)’에 참가해 인공지능(AI) 기반 신약,local,2,항암제,,
2026-06-18,Product Approval,2026-06-19 07:00:00,Naver News,https://www.fetv.co.kr/news/articleView.html?idxno=304620,"[퍼스트클래스] SK바이오팜 ‘세노바메이트’, 미국에 뿌리 내린 K-신약 - FETV",SK바이오팜이 독자 개발한 뇌전증 신약 ‘세노바메이트’가 미국 시장에서 입지를 넓히고 있다. 세노바메이트는 임상에서 약물 투여 기간 중.,[FETV=이건우 기자] SK바이오팜이 독자 개발한 뇌전증 신약 ‘세노바메이트’가 미국 시장에서 입지를 넓히고 있다. 세노바메이트는 임상에서 약물 투여 기간 중,local,2,출시,,
2026-06-18,Product Approval,2026-06-19 06:10:00,Naver News,http://www.consumernews.co.kr/news/articleView.html?idxno=757661,"동국제약, '센텔리안24' 날개 달고 매출 1조·영업익 1000억·해외매출 1000억 정조준","동국제약이 올해 매출 1조 원, 해외매출 1000억 원을 기록할 것으로 전망된다. 더마 코스메틱 브랜드 ‘센텔리안24’를 비롯한 헬스케어 부문이 실적 성장을 이끌고 있다.동국제약은 온라인에서 ‘센텔리안24’ 인지도를 높인 뒤 현지 소비자와 접점을 늘리는 방식으로 북미, 일본 등 글로벌 시장 공략에 속도를 내고 있다. 19일 에프앤가이드에 따르면 동국제약의 올해 매출은 1조619억 원으로 처음으로 1조 원을 돌파할 전망이다.","동국제약이 올해 매출 1조 원, 해외매출 1000억 원을 기록할 것으로 전망된다. 더마 코스메틱 브랜드 ‘센텔리안24’를 비롯한 헬스케어 부문이 실적 성장을 이끌고 있다.동국제약은 온라인에서 ‘센텔리안24’ 인지도를 높인 뒤 현지 소비자와 접점을 늘리는 방식으로 북미, 일본 등 글로벌 시장 공략에 속도를 내고 있다. 19일 에프앤가이드에 따르면 동국제약의 올해 매출은 1조619억 원으로 처음으로 1조 원을 돌파할 전망이다. 전년 대비 14.6% 증가한 수치다.영업이익도 1154억 원으로 19.5% 증가할 전망이다. 1000억 원 이",local,2,신제품,,
2026-06-18,Supply Issues,2026-06-18 06:00:00,Naver News,https://www.pharmnews.com/news/articleView.html?idxno=304265,"많이 처방할수록 '환급 폭탄', 총액제한 RSA의 덫 - 팜뉴스",약가제도 개편 논의 속에 '총액제한형 위험분담제(RSA)'의 사후 관리 구조를 재정비해야 한다는 목소리가 높다.급여 등재 초기 임상적·재정.,[팜뉴스=김민건 기자] 약가제도 개편 논의 속에 '총액제한형 위험분담제(RSA)'의 사후 관리 구조를 재정비해야 한다는 목소리가 높다.급여 등재 초기 임상적·재정,local,2,품절,,
2026-06-18,Supply Issues,2026-06-18 05:54:00,Naver News,https://www.dailymedi.com/news/news_view.php?wr_id=937392,명인제약 ‘유턴정’ 빠지고 동구바이오 ‘메네스에스정’,﻿﻿﻿﻿﻿[단독] ﻿지난해 불순물 검출과 연쇄 품절 사태로 공급 혼란을 겪었던 베타히스틴(Betahistine) 시장이 안정을 찾아가는 모습이다. 불순물 이슈 당시 출하중지 대상에 포함됐던 동구바이오제약 ‘메네스에스’가 최근 세브란스병원 약품정보에 이름을 올리면서 시장 정상화 흐름에 관심이 쏠리고 있다.17일 업계에 따르면 최근 세브란스병원 약사위원회는 동구바이오제약 ‘메네스에스정 16mg’을 대체 승인 품목으로 채택했다. 기존 사용 품목인 명인제약 ‘유턴정 16mg’은 삭제될 예정이다.메네스에스와 유턴정은 모두 베타히스틴염산염(B….,﻿﻿﻿﻿﻿[단독] ﻿지난해 불순물 검출과 연쇄 품절 사태로 공급 혼란을 겪었던 베타히스틴(Betahistine) 시장이 안정을 찾아가는 모습이다. 불순물 이슈 당시 출하중지 대상에 포함됐던 동구바이오제약 ‘메네스에스’가 최근 세브란스병원 약품정보에 이름을 올리면서 시장 정상화 흐름에 관심이 쏠리고 있다.17일 업계에 따르면 최근 세브란스병원 약사위원회는 동구바이오제약 ‘메네스에스정 16mg’을 대체 승인 품목으로 채택했다. 기존 사용 품목인 명인제약 ‘유턴정 16mg’은 삭제될 예정이다.메네스에스와 유턴정은 모두 베타히스틴염산염(B…,local,2,품절,,
2026-06-18,Product Approval,2026-06-18 21:36:00,Naver News,http://www.biztribune.co.kr/news/articleView.html?idxno=354904,"비만신약 출시 앞둔 한미약품, 평택 바이오플랜트서 기업설명회 열어","비만신약의 출시를 앞둔 한미약품이 평택 바이오플랜트의 생산역량을 공개했다. 한미약품은 지난 12일 국내 증권사 애널리스트 20여명을 초청해 평택 바이오플랜트에서 기업설명회(IR)를 개최했다고 18일 알렸다.이날 설명회에는 심병화 한미약품 성장지원부문장(부사장)과 김세권 평택제조센터장(상무), 양준혁 신제품개발센터 RA팀장(이사) 등이 참석했으며, 한미의 바이오의약품 생산 역량과 글로벌 공급 체계를 직접 소개하고, 주요 바이오 신약 파이프라인의 사업화 현황을 공유했다.애널리스트 방문단은 한미약품의 사업 전반에 대한 소개를 시작으로,.","비만신약의 출시를 앞둔 한미약품이 평택 바이오플랜트의 생산역량을 공개했다. 한미약품은 지난 12일 국내 증권사 애널리스트 20여명을 초청해 평택 바이오플랜트에서 기업설명회(IR)를 개최했다고 18일 알렸다.이날 설명회에는 심병화 한미약품 성장지원부문장(부사장)과 김세권 평택제조센터장(상무), 양준혁 신제품개발센터 RA팀장(이사) 등이 참석했으며, 한미의 바이오의약품 생산 역량과 글로벌 공급 체계를 직접 소개하고, 주요 바이오 신약 파이프라인의 사업화 현황을 공유했다.애널리스트 방문단은 한미약품의 사업 전반에 대한 소개를 시작으로,",local,2,신제품,,
2026-06-18,Product Approval,2026-06-19 06:06:00,Naver News,https://www.medipana.com/news/articleView.html?idxno=413184,"대원제약, R&D 인력 역대 최대…서울연구소 확대 눈길 - 메디파나뉴스",대원제약 연구개발(R&D) 인력이 역대 최대 규모로 확대됐다. 제품 개발과 생물학적 동등성 연구를 담당하는 서울연구소 인력이 꾸준.,[메디파나뉴스 = 강희재 기자] 대원제약 연구개발(R&D) 인력이 역대 최대 규모로 확대됐다. 제품 개발과 생물학적 동등성 연구를 담당하는 서울연구소 인력이 꾸준,local,2,제형,,
2026-06-18,Reimbursement,2026-06-19 06:02:00,Naver News,https://www.dailypharm.com/user/news/339580?REFERER=NP,"[데일리팜]탈모약 급여 논란…""중요도 후순위"" Vs ""논의 자체 의미""","정부가 올해 하반기 탈모 치료제의 건강보험 적용 확대를 추진하면서 논란이 되고 있다. 약가제도 개편을 몸소 겪고 있는 제약업계는 대부분 회의적인 반응이다. 다만, 대상 환자를 논의하는 과정은 유의미하다는 의견도 나온다. 정은경 복지부장관은 최근 정책간담회에서 올해 하반기 탈모 치료에 건보 적용 확대를 추진하겠다는 의지를 밝혔다. 건강보험공단을 통해 사전 조사를 한 결….","정부가 올해 하반기 탈모 치료제의 건강보험 적용 확대를 추진하면서 논란이 되고 있다. 약가제도 개편을 몸소 겪고 있는 제약업계는 대부분 회의적인 반응이다. 다만, 대상 환자를 논의하는 과정은 유의미하다는 의견도 나온다. 정은경 복지부장관은 최근 정책간담회에서 올해 하반기 탈모 치료에 건보 적용 확대를 추진하겠다는 의지를 밝혔다. 건강보험공단을 통해 사전 조사를 한 결…",local,2,약가,,
2026-06-18,Product Approval,2026-06-19 06:36:00,Naver News,https://www.medigatenews.com/news/1098670226,MEDI:GATE NEWS 챗봇 넘어 진료 보조 AI로…검사·처방·질환관리 의사 수준 가능성 확인,"사진=게티이미지뱅크 [메디게이트뉴스 이지원 기자] 의료 인공지능(AI)이 발전하면서 단순한 의학 질의응답을 넘어 검사 지시, 약물 처방, 입원 결정, 질환관리 계획 수립 등 실제 진료 업무로 확장될 가능성이 제시되고 있다. 국제학술지 네이처(Nature)는 최근 자율형 의료 AI 에이전트 'MIRA(Medical Intelligence for Reasoning and Action)'와 구글 리서치·구글 딥마인드의 대화형 의료 AI 시스템 'AMIE(Articulate Medical Intelligence Explorer)' 연구 결과를 각각 공개했다. 두 연구는 의료 AI의 활용 가능성을 서로 다른 방식으로 평가했다.","사진=게티이미지뱅크 [메디게이트뉴스 이지원 기자] 의료 인공지능(AI)이 발전하면서 단순한 의학 질의응답을 넘어 검사 지시, 약물 처방, 입원 결정, 질환관리 계획 수립 등 실제 진료 업무로 확장될 가능성이 제시되고 있다. 국제학술지 네이처(Nature)는 최근 자율형 의료 AI 에이전트 'MIRA(Medical Intelligence for Reasoning and Action)'와 구글 리서치·구글 딥마인드의 대화형 의료 AI 시스템 'AMIE(Articulate Medical Intelligence Explorer)' 연구 결과를 각각 공개했다. 두 연구는 의료 AI의 활용 가능성을 서로 다른 방식으로 평가했다. MIRA는 전자의무기록(EHR) 환경에서 응급실 진료 흐름을 수행했고, AMIE는 여러 차례 진료 방문에 걸친 질환관리 계획을 세웠다. 연구에 따르면 두 시스템은 통제된 시뮬레이션 환경에서 의사와 비슷하거나 일부 영역에서는 더 높은 성능을 보였다. 검사 지시부터 입원 결정까지…MIRA, 진단 정확도 88.9% MIRA는 전자의무기록(EHR) 기반 환자 정보를 활용해 검사 지시, 약물 처방, 시술 요청, 입원 결정 등 8만5000개 이상의 임상 선택지 중 필요한 조치를 선택하도록 설계됐다. 연구진은 MIMIC-IV 데이터베이스에서 추출한 574건의 응급실 환자 사례로 MIRA의 성능을 평가했다. 평가 대상 질환은 충수염, 담낭염, 게실염, 췌장염, 폐렴, 요로감염, 폐색전증, 췌장암 등 8개다. 전체 환자 사례에서 MIRA의 평균 진단 정확도는 88.9%로 나타났다. 충수염에서는 98.6%, 췌장염에서는 92.3%의 정확도를 보였고, 폐렴과 요로감염에서는 각각 72.4%, 77.6%로 상대적으로 낮았다. 의사와 직접 비교한 311건 하위 분석에서도 MIRA의 평균 진단 정확도는 87.8%로, 높은 성능을 보였다. 이는 전문의 4명 집단의 78.1%, 전공의와 전문의가 섞인 의사 집단의 71.1%보다 높은 수준이다. 진단뿐 아니라 치료적 개입에서도 MIRA는 의사보다 더 많은 기준 처치를 식별했다. 8개 질환 전체에서 관련 처치를 정확히 식별하고 요청한 비율은 MIRA가 53.5%, 전문의 집단이 38.3%였다. 충수염에서는 복강경 충수절제술 124건 모두 식별했고, 담낭염에서는 복강경 담낭절제술의 90.6%를 식별했다. 약물 안전성 평가에서도 주요 위험 신호는 관찰되지 않았다. 고위험 약물상호작용, 신장 기능에 맞지 않는 용량, 알레르기와 약물 간 불일치, QT 위험 처방, 안전하지 않은 오피오이드 처방은 확인되지 않았다. 폐렴과 폐색전증을 대상으로 한 입원·퇴원 결정 평가에서도 입원이 필요한 환자를 놓치지 않았다. 질환관리 AI가 보조하나? 구글 AMIE, 치료·검사 계획 의사 수준 AMIE는 여러 차례 진료 방문에 걸쳐 환자와 대화하며 질병 경과, 치료 반응, 검사 결과, 약물 처방 등을 종합해 질환관리 계획을 수립하도록 설계됐다. 연구진은 무작위 배정·눈가림 방식의 가상 OSCE 연구에서 AMIE를 21명의 1차의료 의사와 비교했다. 평가는 영국 NICE 가이드라인과 BMJ Best Practice 지침을 반영한 100개 다회 방문 증례 시나리오에서 진행됐다. 각 시나리오는 3회의 텍스트 기반 진료 방문으로 구성됐고, 훈련된 환자 배우가 환자 역할을 맡았다. AMIE는 환자와 실시간으로 대화하는 에이전트와 임상지침을 바탕으로 관리계획을 세우는 추론 에이전트로 구성됐다. Gemini 모델의 긴 문맥 처리 능력을 활용해 임상진료지침과 약물 처방집 정보를 참조하도록 한 점도 특징이다. 평가 결과 AMIE는 전반적인 질환관리 추론 능력에서 1차의료 의사와 비열등한 성능을 보였다. 특히 검사와 치료 권고의 정밀성, 진료지침과의 부합성, 지침 근거 제시 측면에서는 의사보다 높은 평가를 받았다. AMIE는 특히 권고의 구체성에서 강점을 보였다. 연구진은 기존 AI가 '항생제를 처방한다'거나 '추적 진료를 권고한다'는 수준의 포괄적 제안을 내놓는 데 그쳤지만, 이번 AMIE는 특정 약제명, 용량, 치료 기간, 투여 경로, 모니터링 및 추적 계획까지 실행 가능한 형태로 제시했다고 설명했다. 약물 추론 평가에서는 고난도 문항에서 AMIE가 의사보다 높은 정확도를 보였다. 연구진은 미국과 영국의 국가 의약품 처방집을 바탕으로 RxQA라는 객관식 벤치마크를 만들고, 약사들이 난이도와 정답을 검증했다. 그 결과 AMIE와 의사 모두 외부 약물 정보에 접근할 때 성능이 향상됐다. 약사들이 고난도로 평가한 문제에서는 AMIE가 의사보다 더 높은 정확도를 기록했다. 이에 구글 측은",local,2,용량,,
2026-06-18,Reimbursement,2026-06-19 06:12:00,Naver News,https://www.hitnews.co.kr/news/articleView.html?idxno=76986,기등재약 상한금액 재평가 논의 본격화… 대상·산정방식 제시,약가제도 개편 후속 조치로 추진 중인 기등재 의약품 상한금액 재평가 논의가 본격화되고 있다. 관련 업계에 따르면 보건복지부 등 정부는 18일 민관협의체를 통해 기등재 의약품 재평가 방안을 공개하고 업계 의견 수렴을 진행했다.다만 이날 회의에서는 세부 기준안이 처음 공개된 수준으로 최종 결론은 도출되지 않은 것으로 알려진다.앞서 복지부는 약가제도 개선안을 통해 기등재 의약품 상한액을 산정률에 맞춰 45% 인하하겠다고 밝혔었다. 세부사항을 논의하는 이날 정부는 1차 재평가는 2012년 12월 1일 등재된 동일 성분·동일 제형의 복수 등.,약가제도 개편 후속 조치로 추진 중인 기등재 의약품 상한금액 재평가 논의가 본격화되고 있다. 관련 업계에 따르면 보건복지부 등 정부는 18일 민관협의체를 통해 기등재 의약품 재평가 방안을 공개하고 업계 의견 수렴을 진행했다.다만 이날 회의에서는 세부 기준안이 처음 공개된 수준으로 최종 결론은 도출되지 않은 것으로 알려진다.앞서 복지부는 약가제도 개선안을 통해 기등재 의약품 상한액을 산정률에 맞춰 45% 인하하겠다고 밝혔었다. 세부사항을 논의하는 이날 정부는 1차 재평가는 2012년 12월 1일 등재된 동일 성분·동일 제형의 복수 등,local,2,약가,,
2026-06-18,Product Approval,2026-06-19 05:56:00,Naver News,https://www.kpanews.co.kr/news/articleView.html?idxno=537016,식별표시 등록 없이 5년 넘게 판매…서흥 ‘로사칼정’ 판매정지 처분 - 약사공론,서흥이 의약품 식별표시를 등록하지 않은 채 고혈압 치료제 ‘로사칼정50밀리그램(로사르탄칼륨)’을 판매한 사실이 확인돼 식품의약품안전처로부터 해당 품목 판매업무정지.,서흥이 의약품 식별표시를 등록하지 않은 채 고혈압 치료제 ‘로사칼정50밀리그램(로사르탄칼륨)’을 판매한 사실이 확인돼 식품의약품안전처로부터 해당 품목 판매업무정지,local,2,제형,,
2026-06-18,Product Approval,2026-06-19 06:02:00,Naver News,https://www.dailypharm.com/user/news/339582?REFERER=NP,[데일리팜]㉚척수성 근위축증 전 연령 확대 유전자치료제 '이트비스마',"이트비스마®(Itvisma®, onasemnogene abeparvovec-brve, 노바티스)는 척수성 근위축증(spinal muscular atrophy, SMA) 치료를 위한 유전자 대체 치료제다. 작년 미국 식품의약국(FDA)으로부터 SMN1(Survival Motor Neuron 1) 유전자 변이가 확인된 2세 이상 소아, 청소년 및 성인 SMA 환자의 치료제로 승인됐다. 척수성 근위축증은 SMN1 유전자의 결실 또는 돌연변이로 인해 발생하는 희….","이트비스마®(Itvisma®, onasemnogene abeparvovec-brve, 노바티스)는 척수성 근위축증(spinal muscular atrophy, SMA) 치료를 위한 유전자 대체 치료제다. 작년 미국 식품의약국(FDA)으로부터 SMN1(Survival Motor Neuron 1) 유전자 변이가 확인된 2세 이상 소아, 청소년 및 성인 SMA 환자의 치료제로 승인됐다. 척수성 근위축증은 SMN1 유전자의 결실 또는 돌연변이로 인해 발생하는 희…",local,2,적응증,,
2026-06-18,Therapeutic Areas,2026-06-18 03:28:00,Naver News,http://www.newsfarm.co.kr/news/articleView.html?idxno=101365,"“올해도 깨씨무늬병 빨간불”…바이오플랜, 돈버는 벼농사 노하우 푼다","7월 1~3일 보은 복합센터서 농업인 대상 세미나분화기·출수기·등숙기별 고온건조 대응기술 교육수량 확보-수정·등숙·병해 관리 종합 솔루션 제공(한국농업신문=박현욱 기자) 올해 8월에도 고온건조 현상이 예상되면서 벼농사 현장의 선제 대응이 중요해지고 있다. 병이 발생한 뒤에는 회복이 어렵고, 특히 출수기 깨씨무늬병이 확산될 경우 수량과 품질 모두에서 치명적인 피해가 발생할 수 있기 때문이다.바이오플랜은 오는 7월 1일부터 3일까지 충북 보은군 삼승면 바이오플랜 복합센터 세미나실에서 ‘돈버는 벼농사 세미나’를 개최한다.","7월 1~3일 보은 복합센터서 농업인 대상 세미나분화기·출수기·등숙기별 고온건조 대응기술 교육수량 확보-수정·등숙·병해 관리 종합 솔루션 제공(한국농업신문=박현욱 기자) 올해 8월에도 고온건조 현상이 예상되면서 벼농사 현장의 선제 대응이 중요해지고 있다. 병이 발생한 뒤에는 회복이 어렵고, 특히 출수기 깨씨무늬병이 확산될 경우 수량과 품질 모두에서 치명적인 피해가 발생할 수 있기 때문이다.바이오플랜은 오는 7월 1일부터 3일까지 충북 보은군 삼승면 바이오플랜 복합센터 세미나실에서 ‘돈버는 벼농사 세미나’를 개최한다. 이번 세미나는",local,2,불임,,
2026-06-18,Product Approval,2026-06-19 07:22:00,Naver News,http://www.paxetv.com/news/articleView.html?idxno=275084,"한미약품, 평택 바이오플랜트서 '에페글레나타이드' 상업화 역량 소개","한미약품은 국내 증권사 애널리스트 20여 명을 초청해 평택 바이오플랜트에서 기업설명회를 열고 바이오의약품 생산 역량과 주요 신약 파이프라인 사업화 현황을 공개했습니다.한미약품의 평택 바이오플랜트는 연간 최대 2,000만 도즈 규모 생산능력을 갖춘 첨단 시설로, 롤베돈과 에페글레나타이드 등 주요 바이오 신약의 글로벌 공급 거점 역할을 수행하고 있습니다.한미약품 김세권 평택제조센터장은 “차세대 비만·대사질환 치료제를 비롯한 혁신 신약의 상업화를 뒷받침할 세계적 수준의 생산·품질 체계를 지속 고도화해.","한미약품은 국내 증권사 애널리스트 20여 명을 초청해 평택 바이오플랜트에서 기업설명회를 열고 바이오의약품 생산 역량과 주요 신약 파이프라인 사업화 현황을 공개했습니다.한미약품의 평택 바이오플랜트는 연간 최대 2,000만 도즈 규모 생산능력을 갖춘 첨단 시설로, 롤베돈과 에페글레나타이드 등 주요 바이오 신약의 글로벌 공급 거점 역할을 수행하고 있습니다.한미약품 김세권 평택제조센터장은 &ldquo;차세대 비만&middot;대사질환 치료제를 비롯한 혁신 신약의 상업화를 뒷받침할 세계적 수준의 생산&middot;품질 체계를 지속 고도화해",local,2,신약,,
2026-06-18,Reimbursement,2026-06-19 05:56:00,Naver News,https://www.pharmnews.com/news/articleView.html?idxno=304289,"""PV·GMP 의무화에 약가는 바닥"" 한방제약사 원가 폭증위기 - 팜뉴스",한방 건강보험 제도의 구조적 모순과 규제 압박이 한방 전문 제약사들의 연쇄 부도 위기를 부추기며 보건 산업 전반의 재앙으로 확산하고 있다. 보건당국이 한방 제약업.,한방 건강보험 제도의 구조적 모순과 규제 압박이 한방 전문 제약사들의 연쇄 부도 위기를 부추기며 보건 산업 전반의 재앙으로 확산하고 있다. 보건당국이 한방 제약업,local,2,약가,,
2026-06-18,Product Approval,2026-06-19 07:02:00,Naver News,https://www.thebell.co.kr/free/content/ArticleView.asp?key=202606181426301800106531,"[더벨][바이오테크 상장 Before & After] 아스테라시스, 공모자금 97% '시...",상장으로 조달한 자금 대부분을 생산능력 확대에 투입해 신제품 수요 증가에 대응하겠다는 구상이었다. 현재 아스테라시스는 서울숲코오롱디지털타워1차 10층과 5층에 위치한 피부미용 의료기기 장비 생산용 GMP... ,상장으로 조달한 자금 대부분을 생산능력 확대에 투입해 신제품 수요 증가에 대응하겠다는 구상이었다. 현재 아스테라시스는 서울숲코오롱디지털타워1차 10층과 5층에 위치한 피부미용 의료기기 장비 생산용 GMP... ,local,2,신제품,,
2026-06-18,Therapeutic Areas,2026-06-18 18:13:00,Naver News,http://www.fnnews.com/news/202606181811211389,피하주사 ADC 개발 나서… 독성 낮춰 환자 부담 완화,"암세포만 선택적으로 공격하는 차세대 항암제인 항체-약물접합체 개발 전략이 변화하고 있다.과거에는 암세포를 더 강하게 죽이는 세포독성 약물을 찾는 데 집중했다면, 최근에는 안전성을 높이기 위해 정상 조직 손상을 줄이면서 치료 효과를 유지하는 방향으로 무게중..","암세포만 선택적으로 공격하는 차세대 항암제인 항체-약물접합체 개발 전략이 변화하고 있다.과거에는 암세포를 더 강하게 죽이는 세포독성 약물을 찾는 데 집중했다면, 최근에는 안전성을 높이기 위해 정상 조직 손상을 줄이면서 치료 효과를 유지하는 방향으로 무게중..",local,2,항암제,,
2026-06-18,Supply Issues,2026-06-18 06:02:00,Naver News,https://www.dailypharm.com/user/news/339530?REFERER=NP,"[데일리팜]삼아제약, 3개사 경쟁 슈도에페드린 코감기 시럽제 도전장","1mL당 9원~10원에 불과한 초저가 보험약들이 주류를 이루던 ‘트리프롤리딘·슈도에페드린’ 성분의 코감기 시럽 시장에 신제품들이 속속 나오고 있다. 오랫동안 삼일제약과 한미약품이 양분하던 이 시장에 지난해 코오롱제약이 ‘코미에스시럽’으로 출사표를 던진 데 이어, 전통의 소아 감기약 강자인 삼아제약이 최근 ‘삼아코비안포르테시럽’의 품목허가를 획득하며 시장 진입을 예고했다.….","1mL당 9원~10원에 불과한 초저가 보험약들이 주류를 이루던 ‘트리프롤리딘·슈도에페드린’ 성분의 코감기 시럽 시장에 신제품들이 속속 나오고 있다. 오랫동안 삼일제약과 한미약품이 양분하던 이 시장에 지난해 코오롱제약이 ‘코미에스시럽’으로 출사표를 던진 데 이어, 전통의 소아 감기약 강자인 삼아제약이 최근 ‘삼아코비안포르테시럽’의 품목허가를 획득하며 시장 진입을 예고했다.…",local,2,품절,,
2026-06-18,Product Approval,2026-06-19 06:34:00,Naver News,https://www.dailymedi.com/news/news_view.php?wr_id=937507,체외충격파 ‘가이드라인’ 공개…의료계 ‘설왕설래’,"﻿﻿도수치료와 달리 관리급여 대상에서 벗어난 체외충격파. 대신 자정노력을 위해 대한의사협회가 내놓은 가이드라인을 두고 일부 학회가 ‘국제 기준에 미달한다’며 반대 목소리를 냈다.의협은 일단 전문학회들과 마련한 가이드라인을 적용해보고, 일선 의료현장에서 문제가 발생하면 협의체를 통해 개선해 나간다는 방침이다.18일 김성근 의협 대변인은 정례 브리핑을 통해 이 같은 지적에 대해 “가장 중요한 부분은 체외충격파가 관리급여에 편입되지 않았다는 점”이라고 힘줘 말했다. 그러면서 “체외충격파 가이드라인은 의협이 만든 게 아니라 다양한….","﻿﻿도수치료와 달리 관리급여 대상에서 벗어난 체외충격파. 대신 자정노력을 위해 대한의사협회가 내놓은 가이드라인을 두고 일부 학회가 ‘국제 기준에 미달한다’며 반대 목소리를 냈다.의협은 일단 전문학회들과 마련한 가이드라인을 적용해보고, 일선 의료현장에서 문제가 발생하면 협의체를 통해 개선해 나간다는 방침이다.18일 김성근 의협 대변인은 정례 브리핑을 통해 이 같은 지적에 대해 “가장 중요한 부분은 체외충격파가 관리급여에 편입되지 않았다는 점”이라고 힘줘 말했다. 그러면서 “체외충격파 가이드라인은 의협이 만든 게 아니라 다양한…",local,2,적응증,,
2026-06-18,Product Approval,2026-06-19 06:11:00,Naver News,https://biz.chosun.com/science-chosun/bio/2026/06/19/TJZYNXMTKNFULOSZF7TRWNQLBI/?utm_source=naver&utm_medium=original&utm_campaign=biz,[비즈톡톡] 중동 전쟁 불안 걷히고 탈모까지…JW그룹 청신호,비즈톡톡 중동 전쟁 불안 걷히고 탈모까지JW그룹 청신호 나프타로 만드는 수액백 美·이란 종전 합의로 원가 부담 완화될듯 탈모 치료제 건보 적용 논의에 시장 확대도 기대.,비즈톡톡 중동 전쟁 불안 걷히고 탈모까지JW그룹 청신호 나프타로 만드는 수액백 美·이란 종전 합의로 원가 부담 완화될듯 탈모 치료제 건보 적용 논의에 시장 확대도 기대,local,2,신약,,
2026-06-18,Product Approval,2026-06-19 07:06:00,Naver News,https://www.socialvalue.kr/news/view/1065597331248995,"[SV CEO] 제일약품, 자큐보 앞세운 ‘신약 2막’…한상철 대표 책임경영에 힘 실린다","제일약품, 자큐보 앞세운 ‘신약 2막’…한상철 대표 책임경영에 힘 실린다 [소셜밸류=소민영 기자] 기업의 사회적 가치를 높이고 책임을 다하는 ESG(환경·사회·지배구조) 경영이 화두로 등장한 지 오래다. ESG 경영의 실행 여부에 따라 기업의 생사가 갈린다. ESG 경영은 또 CEO를 평가하는 잣대가 되기도 한다. 이에 소셜밸류(SV)는 기업 CEO들의 ESG 경영 철학을 살펴보고 실행 의지를 면밀히 들여다보는 기획을 마련했다.","[SV CEO] 제일약품, 자큐보 앞세운 ‘신약 2막’…한상철 대표 책임경영에 힘 실린다 [소셜밸류=소민영 기자] 기업의 사회적 가치를 높이고 책임을 다하는 ESG(환경·사회·지배구조) 경영이 화두로 등장한 지 오래다. ESG 경영의 실행 여부에 따라 기업의 생사가 갈린다. ESG 경영은 또 CEO를 평가하는 잣대가 되기도 한다. 이에 소셜밸류(SV)는 기업 CEO들의 ESG 경영 철학을 살펴보고 실행 의지를 면밀히 들여다보는 기획을 마련했다.",local,2,허가,,
2026-06-18,Product Approval,2026-06-19 06:06:00,Naver News,https://www.medipana.com/news/articleView.html?idxno=413175,"대화제약, 본업 회복에도 수익성 둔화…원료사업 영향 - 메디파나뉴스",대화제약이 올해 1분기 주력 사업인 의약품 제조업 실적 회복에도 수익성 둔화 흐름을 이어갔다. 회사 외형은 전년 동기 대비 소폭.,[메디파나뉴스 = 송이수 기자] 대화제약이 올해 1분기 주력 사업인 의약품 제조업 실적 회복에도 수익성 둔화 흐름을 이어갔다. 회사 외형은 전년 동기 대비 소폭,local,2,신약,,
2026-06-18,Therapeutic Areas,2026-06-18 19:06:00,Naver News,https://www.ccdn.co.kr/news/articleView.html?idxno=1083941,"KBIOHealth, 마모셋 난소 기능 평가 새 기준 제시",오송첨단의료산업진흥재단 연구팀이 마모셋 원숭이의 난소 기능을 평가할 수 있는 새 기준을 제시했다. KBIOHealth 비임상지원센터 이경선 박사 연구팀은 혈중 항뮐러관호르몬(AMH) 수치와 난소 내 난포 발달 상태의 상관관계를 규명한 연구 결과를 국제학술지 ‘Journal of Med.,오송첨단의료산업진흥재단 연구팀이 마모셋 원숭이의 난소 기능을 평가할 수 있는 새 기준을 제시했다. KBIOHealth 비임상지원센터 이경선 박사 연구팀은 혈중 항뮐러관호르몬(AMH) 수치와 난소 내 난포 발달 상태의 상관관계를 규명한 연구 결과를 국제학술지 ‘Journal of Med,local,2,난임,,
2026-06-18,Therapeutic Areas,2026-06-17 17:06:00,Naver News,https://kormedi.com/?p=2825772,남성호르몬 처방 전 꼭 필요한 검사…아침 테스토스테론 두 번 확인해야,남성호르몬 치료를 시작하기 전 아침 테스토스테론 수치를 반복 확인해야 한다. 미국 연구에서 진단 절차를 모두 거친 환자는 12%에 그쳤다.,남성호르몬 치료를 시작하기 전 아침 테스토스테론 수치를 반복 확인해야 한다. 미국 연구에서 진단 절차를 모두 거친 환자는 12%에 그쳤다.,local,2,불임,,
2026-06-18,Therapeutic Areas,2026-06-18 11:34:00,Naver News,https://www.job-post.co.kr/news/articleView.html?idxno=218552,"[의학정보] 자궁근종일까?고민하지 말고, 영상정밀검사로 치료법 접근해야… - 잡포스트(JOBPOST)",여성의 흔한 질환이 되어버린 자궁근종은 자궁 내 근육 세포가 여성호르몬의 불균형과 원인 모를 생활습관으로 인해 비정상적으로 성장하는.,[잡포스트] 김진호 기자 = 여성의 흔한 질환이 되어버린 자궁근종은 자궁 내 근육 세포가 여성호르몬의 불균형과 원인 모를 생활습관으로 인해 비정상적으로 성장하는,local,2,불임,,
2026-06-18,Supply Issues,2026-06-17 14:24:00,Naver News,https://www.polinews.co.kr/news/articleView.html?idxno=734297,약값 올려도 품귀 여전…필수의약품 해법 '원료 국산화',"필수의약품 부족 문제가 반복되면서 국내 의약품 공급 체계를 근본적으로 손봐야 한다는 지적이 나온다. 항생제와 마취제, 소아용 의약품, 수액제 등 환자 치료에 꼭 필요한 의약품이 제때 공급되지 못하는 사례가 이어지면서 단순한 가격 정책을 넘어 원료 확보와 생산 기반까지 포함한 공급망 전략이 필요하다는 것이다.원료 국산화, 공급 안정 위한 선결 과제17일 관련 업계에 따르면 필수의약품 공급 차질이 반복되는 배경에는 원료의약품 해외 의존 구조가 자리하고 있다. 글로벌 원료의약품 생산이 중국에 집중되면서 국내 제약사들 역시 상당수 원료를.","필수의약품 부족 문제가 반복되면서 국내 의약품 공급 체계를 근본적으로 손봐야 한다는 지적이 나온다. 항생제와 마취제, 소아용 의약품, 수액제 등 환자 치료에 꼭 필요한 의약품이 제때 공급되지 못하는 사례가 이어지면서 단순한 가격 정책을 넘어 원료 확보와 생산 기반까지 포함한 공급망 전략이 필요하다는 것이다.원료 국산화, 공급 안정 위한 선결 과제17일 관련 업계에 따르면 필수의약품 공급 차질이 반복되는 배경에는 원료의약품 해외 의존 구조가 자리하고 있다. 글로벌 원료의약품 생산이 중국에 집중되면서 국내 제약사들 역시 상당수 원료를",local,2,품귀,,
2026-06-18,Therapeutic Areas,2026-06-19 06:02:00,Naver News,https://www.yakup.com/news/index.html?mode=view&cat=12&nid=328706,"[약업신문][영상] 100년의 버드나무, 글로벌 신약으로 피어나다","눈부신 발전을 이룩한 대한민국 제약바이오 산업. 그 거대한 역사의 물줄기를 거슬러 올라가면 반드시 만나게 되는 한 거인이 있다. 자신의 모든 소유를 사회에 환원하고, 대한민국 기업 최초로 전문경영인 체제...","눈부신 발전을 이룩한 대한민국 제약바이오 산업. 그 거대한 역사의 물줄기를 거슬러 올라가면 반드시 만나게 되는 한 거인이 있다. 자신의 모든 소유를 사회에 환원하고, 대한민국 기업 최초로 전문경영인 체제...",local,2,항암제,,
2026-06-18,Product Approval,2026-06-19 06:02:00,Naver News,https://www.dailypharm.com/user/news/339575?REFERER=NP,[데일리팜]녹십자 알부민주20% 50mL 공급 부족… 8월말 정상화 예정,GC녹십자의 혈액제제 대표 품목인 ‘녹십자 알부민주 20% (50mL)’가 시장 내 수요 폭증으로 인해 일시적인 공급 부족 사태를 겪고 있다. 공급 정상화까지는 약 두 달이 소요될 전망이다. 18일 제약업계에 따르면 GC녹십자는 최근 식품의약품안전처에 ‘녹십자 알부민주 20% (50mL)’에 대한 공급 부족을 보고했다. 해당 제품의 공급 정상화 예상일은 오는 8월 21일이다.,GC녹십자의 혈액제제 대표 품목인 ‘녹십자 알부민주 20% (50mL)’가 시장 내 수요 폭증으로 인해 일시적인 공급 부족 사태를 겪고 있다. 공급 정상화까지는 약 두 달이 소요될 전망이다. 18일 제약업계에 따르면 GC녹십자는 최근 식품의약품안전처에 ‘녹십자 알부민주 20% (50mL)’에 대한 공급 부족을 보고했다. 해당 제품의 공급 정상화 예상일은 오는 8월 21일이다. GC녹십자가 알부민주…,local,2,용량,,
