date,category,published_date,site_name,url,title,summary,content,region,score_ag,keywords,reward_x,rl_score,lgbm_score,reward_y,score_ag_norm,lgbm_score_norm,final_score,strategic_score,lgbm_component,is_top20
2026-06-11,Distribution,2026-06-12 06:12:00,Naver News,https://www.hitnews.co.kr/news/articleView.html?idxno=76813,"아주약품 300억 효자품목 유로박솜, 23년만에 알보젠 품으로",아주약품이 국내 도입해 20여년간 판매해온 요로감염 치료제 '유로박솜'의 국내 판권을 알보젠코리아에 넘긴다. 지난해 원외처방으로만 연매출 300억원 가까이 기록했던 효자 품목이다. 업계에서는 이번 계약 이전과 함께 향후 이들의 영업을 대신할 새 파트너의 가능성도 언급되고 있다.12일 업계에 따르면 아주약품은 최근 안내문을 통해 유로박솜(성분명 동결건조균체용해물)의 국내 판권을 7월부로 알보젠코리아에 넘긴다고 알렸다.이번 판권 이관은 글로벌 공급사인 스위스 OM팜과 계약 종료에 따른 것으로 7월 알보젠코리아가 유통먼저 담당하다가 11.,아주약품이 국내 도입해 20여년간 판매해온 요로감염 치료제 '유로박솜'의 국내 판권을 알보젠코리아에 넘긴다. 지난해 원외처방으로만 연매출 300억원 가까이 기록했던 효자 품목이다. 업계에서는 이번 계약 이전과 함께 향후 이들의 영업을 대신할 새 파트너의 가능성도 언급되고 있다.12일 업계에 따르면 아주약품은 최근 안내문을 통해 유로박솜(성분명 동결건조균체용해물)의 국내 판권을 7월부로 알보젠코리아에 넘긴다고 알렸다.이번 판권 이관은 글로벌 공급사인 스위스 OM팜과 계약 종료에 따른 것으로 7월 알보젠코리아가 유통먼저 담당하다가 11,local,10,지오영,,,0.9666486652444193,,1.0,0.9666486652444193,11.85992439402656,15.0,9.766540656710934,True
2026-06-11,Distribution,2026-06-12 05:48:00,Naver News,http://www.medisobizanews.com/news/articleView.html?idxno=139369,"글로벌 신약, 국내안착 돕는 ‘커머셜 플랫폼 기업’이 뜬다",글로벌 제약바이오 업계에서 고정비 부담을 줄이고 현지 상업화 효율을 높이려는 흐름이 국내 헬스케어 시장에서도 새로운 비즈니스 모델이 주목받고 있다.글로벌 제약사가 국내에 대규모 법인을 직접 세우지 않더라도 현지 허가ㆍ약가ㆍ마케팅ㆍ유통 역량을 갖춘 외부 전문 기업을 통해 신약을 출시하는 ‘커머셜 플랫폼’ 모델이 하나의 선택지로 자리잡아 가는 모습이다.이런 흐름을 가장 먼저 보여준 업체 중 하나가 스위스에 본부를 둔 메디슨파마(Medison Pharma)다. 메디슨파마는 글로벌 신약 상용화 플랫폼을 표방하며 혁신 바이오텍과 파트너십을.,글로벌 제약바이오 업계에서 고정비 부담을 줄이고 현지 상업화 효율을 높이려는 흐름이 국내 헬스케어 시장에서도 새로운 비즈니스 모델이 주목받고 있다.글로벌 제약사가 국내에 대규모 법인을 직접 세우지 않더라도 현지 허가ㆍ약가ㆍ마케팅ㆍ유통 역량을 갖춘 외부 전문 기업을 통해 신약을 출시하는 ‘커머셜 플랫폼’ 모델이 하나의 선택지로 자리잡아 가는 모습이다.이런 흐름을 가장 먼저 보여준 업체 중 하나가 스위스에 본부를 둔 메디슨파마(Medison Pharma)다. 메디슨파마는 글로벌 신약 상용화 플랫폼을 표방하며 혁신 바이오텍과 파트너십을,local,10,DKSH,,,0.9665411626483196,,1.0,0.9665411626483196,11.059472883122941,13.0,9.765788138538236,True
2026-06-11,BD,2026-06-10 07:20:00,Naver News,https://www.megaeconomy.co.kr/news/newsview.php?ncode=1065539110449220,[자큐보 2년] ＂의약품 유통사→신약개발사 전환＂…신약 하나가 바꾼 제일약품의 미래,"＂의약품 유통사→신약개발사 전환＂…신약 하나가 바꾼 제일약품의 미래 [메가경제=김민준 기자] 대한민국 제37호 신약인 P-CAB 계열 위식도역류질환 치료제 자큐보가 품목허가 2주년, 출시 1년 7개월을 맞았다. 약 2년이라는 짧은 기간 동안 자큐보는 단순한 신제품이 아닌 제일약품의 대표 아이콘으로 부상했다. 자큐보는 제일약품을 기존의 상품·유통 중심 전통 제약사 이미지를 넘어 자체 연구개발(R&D) 역량을 입.","[자큐보 2년] ＂의약품 유통사→신약개발사 전환＂…신약 하나가 바꾼 제일약품의 미래 [메가경제=김민준 기자] 대한민국 제37호 신약인 P-CAB 계열 위식도역류질환 치료제 자큐보가 품목허가 2주년, 출시 1년 7개월을 맞았다. 약 2년이라는 짧은 기간 동안 자큐보는 단순한 신제품이 아닌 제일약품의 대표 아이콘으로 부상했다.     자큐보는 제일약품을 기존의 상품·유통 중심 전통 제약사 이미지를 넘어 자체 연구개발(R&D) 역량을 입",local,10,코프로모션,,,0.9598989612537278,,1.0,0.9598989612537278,11.031575637265655,13.0,9.719292728776093,True
2026-06-11,Distribution,2026-06-10 17:02:00,Naver News,https://www.megaeconomy.co.kr/news/newsview.php?ncode=1065599580198332,"휴메딕스, 바로팜과 ′맞손′…더마 코스메틱 유통망 확대 본격화","휴메딕스, 바로팜과 ′맞손′…더마 코스메틱 유통망 확대 본격화 [메가경제=김민준 기자] 휴메딕스가 약국 플랫폼 기업 바로팜과 손잡고 더마 코스메틱 시장 공략에 나선다. 에스테틱 전문 기술력을 기반으로 개발한 고기능성 화장품 브랜드를 전국 약국 유통망에 공급하며 신규 성장동력 확보에 속도를 낸다는 전략이다. 10일 휴메딕스에 따르면 회사는 최근 바로팜과 ′엘라비에 리투오 이씨엠(Re2O ECM) 코스메틱′의 약국.","휴메딕스, 바로팜과 ′맞손′…더마 코스메틱 유통망 확대 본격화 [메가경제=김민준 기자] 휴메딕스가 약국 플랫폼 기업 바로팜과 손잡고 더마 코스메틱 시장 공략에 나선다. 에스테틱 전문 기술력을 기반으로 개발한 고기능성 화장품 브랜드를 전국 약국 유통망에 공급하며 신규 성장동력 확보에 속도를 낸다는 전략이다.     10일 휴메딕스에 따르면 회사는 최근 바로팜과 ′엘라비에 리투오 이씨엠(Re2O ECM) 코스메틱′의 약국",local,10,바로팜,,,0.95654564852907,,1.0,0.95654564852907,11.017491723822094,13.0,9.69581953970349,True
2026-06-11,Distribution,2026-06-10 06:38:00,Naver News,https://www.yakup.com/news/index.html?mode=view&cat=17&nid=328289,"[약업신문]탑헬스케어, ‘액티브 식염포도당’  누적 판매 8천개 돌파",약국몰 전문 유통 기업 탑헬스케어(주)(대표 조영민)는 알약 형태 식염포도당 제품 ‘액티브 식염포도당’이 누적 판매량 8천 개를 돌파했다고 9일 밝혔다.‘액티브 식염포도당’은 체내 수분과 전해질 균형 유지에 ...,약국몰 전문 유통 기업 탑헬스케어(주)(대표 조영민)는 알약 형태 식염포도당 제품 ‘액티브 식염포도당’이 누적 판매량 8천 개를 돌파했다고 9일 밝혔다.‘액티브 식염포도당’은 체내 수분과 전해질 균형 유지에 ...,local,10,바로팜,,,0.9543565335752479,,1.0,0.9543565335752479,11.00829744101604,13.0,9.680495735026735,False
2026-06-11,BD,2026-06-12 06:02:00,Naver News,https://www.apsk.co.kr/news/articleView.html?idxno=539565,빅파마가 찜한 항암 플랫폼 엔진 '베라사' 나스닥 상륙… K-바이오 주목할 부분은? - 메디팜스투데이,유럽 소재 베라사 바이오텍(VERAXA Biotech AG)이 미국 자본 시장 중심부에 입성한다. 빅파마들의 초대형 기술 도입(L/O) 및 M&A 타깃으로 꼽히던.,유럽 소재 베라사 바이오텍(VERAXA Biotech AG)이 미국 자본 시장 중심부에 입성한다. 빅파마들의 초대형 기술 도입(L/O) 및 M&A 타깃으로 꼽히던,local,10,M&A,,,0.9585601349351324,,1.0,0.9585601349351324,10.625952566727555,12.0,9.709920944545926,True
2026-06-11,BD,2026-06-12 00:01:00,Naver News,https://news.tf.co.kr/read/economy/2331779.htm,'후속 수주' 절실 롯데바이오…박제임스 대표에 쏠린 눈 - 경제 | 기사 - 더팩트,"가동률 급감·적자 확대 속 송도 1공장 준공 코앞대형 장기계약 확보 여부, 수익성·그룹 투자 회수 좌우롯데바이오로직스가 송도 공장 준공을 앞두고 박제임스 대표의 경영 능력이..","가동률 급감·적자 확대 속 송도 1공장 준공 코앞대형 장기계약 확보 여부, 수익성·그룹 투자 회수 좌우롯데바이오로직스가 송도 공장 준공을 앞두고 박제임스 대표의 경영 능력이..",local,10,M&A,,,0.9398352560153127,,1.0,0.9398352560153127,10.547308075264315,12.0,9.57884679210719,True
2026-06-11,BD,2026-06-09 05:00:00,Naver News,https://www.etoday.co.kr/news/view/2591486,"‘한 달 새 6조원’ K바이오, 기술수출·M&A·투자 잇따라","한미약품‧오스코텍‧큐라클, 조 단위 기술수출GC녹십자, 일라이 릴리로 관계사 2조원에 매각올릭스, 파트너사 로레알로부터 1100억원 유치(그래픽=신미.","한미약품‧오스코텍‧큐라클, 조 단위 기술수출GC녹십자, 일라이 릴리로 관계사 2조원에 매각올릭스, 파트너사 로레알로부터 1100억원 유치(그래픽=신미",local,10,로레알,,,0.9339388772696311,,1.0,0.9339388772696311,10.52254328453245,12.0,9.537572140887416,True
2026-06-11,Distribution,2026-06-09 12:18:00,Naver News,http://www.medisobizanews.com/news/articleView.html?idxno=139270,ATTR-CM시장에 ‘아트루비’ 등판 준비… ‘빈다맥스’ 독주 견제구,"DKSH코리아가 ‘아트루비정’으로 국내 트랜스티레틴 아밀로이드성 심근병증(ATTR-CM) 치료제 시장에 도전장을 냈다. 아트루비정은 최근 식품의약품안전처로부터 희귀의약품으로 지정받았다. 회사는 올해 하반기 품목허가를 신청할 계획으로 전해졌다. 타파미디스 성분 중심으로 형성돼 온 국내 ATTR-CM 치료제 시장에 새 변수가 될 전망이다.국내에서는 화이자의 ‘빈다맥스’(타파미디스)가 2025년 3월 1일 건강보험 급여권에 진입, 사실상 시장을 선점해 왔다.여기에 메디슨파마의 RNA 간섭 치료제 ‘암부트라프리필드시린지주’(부트리시란)가.","DKSH코리아가 ‘아트루비정’으로 국내 트랜스티레틴 아밀로이드성 심근병증(ATTR-CM) 치료제 시장에 도전장을 냈다. 아트루비정은 최근 식품의약품안전처로부터 희귀의약품으로 지정받았다. 회사는 올해 하반기 품목허가를 신청할 계획으로 전해졌다. 타파미디스 성분 중심으로 형성돼 온 국내 ATTR-CM 치료제 시장에 새 변수가 될 전망이다.국내에서는 화이자의 ‘빈다맥스’(타파미디스)가 2025년 3월 1일 건강보험 급여권에 진입, 사실상 시장을 선점해 왔다.여기에 메디슨파마의 RNA 간섭 치료제 ‘암부트라프리필드시린지주’(부트리시란)가",local,10,DKSH,,,0.9658884986469493,,1.0,0.9658884986469493,10.256731694317189,11.0,9.761219490528646,False
2026-06-11,Distribution,2026-06-05 06:10:00,Naver News,https://www.hitnews.co.kr/news/articleView.html?idxno=76617,'hATTR-PN' 치료 8년 만에 신약 등장…반응 불충분 환자에 희소식,"한국화이자제약의 '빈다켈(성분 타파미디스 메글루민염)'이 유일한 치료옵션이던 '트랜스티레틴 아밀로이드성 다발신경병증(hATTR-PN)' 치료분야에 신약이 진입하면서 기존 치료제에 반응이 없던 환자들에게 새로운 치료옵션이 생겼다.4일 관련업계에 따르면 메디슨파마의 '암부트라(성분 부트리시란나트륨)'가 지난 4월 '말초 또는 자율신경병증 증상이 있는 hATTR-PN 환자 중 타파미디스메글루민염 투여에도 효과가 불충분하거나 금기 또는 부작용 등으로 투여가 불가능한 1단계 환자, 투여 여부에 관련없이 모든 2단계 환자 치료'에 급여가 적용.","한국화이자제약의 '빈다켈(성분 타파미디스 메글루민염)'이 유일한 치료옵션이던 '트랜스티레틴 아밀로이드성 다발신경병증(hATTR-PN)' 치료분야에 신약이 진입하면서 기존 치료제에 반응이 없던 환자들에게 새로운 치료옵션이 생겼다.4일 관련업계에 따르면 메디슨파마의 '암부트라(성분 부트리시란나트륨)'가 지난 4월 '말초 또는 자율신경병증 증상이 있는 hATTR-PN 환자 중 타파미디스메글루민염 투여에도 효과가 불충분하거나 금기 또는 부작용 등으로 투여가 불가능한 1단계 환자, 투여 여부에 관련없이 모든 2단계 환자 치료'에 급여가 적용",local,10,DKSH,,,0.9389995279217085,,1.0,0.9389995279217085,10.143798017271177,11.0,9.572996695451959,False
2026-06-11,BD,2026-06-11 05:48:00,Naver News,http://www.medisobizanews.com/news/articleView.html?idxno=139336,"“CSO를 춤추게 하라”… 중소제약사, ‘맞춤형 당근’으로 유혹","위탁영업(CSO)을 활용하는 국내 제약사들이 자사 제품의 영업 활성화를 위해 이제는 '병의원 청구프로그램'까지 동원하고 나서는 등 영업 경쟁이 갈수록 치열해지고 있다.11일 관련 업계에 따르면 국내 H제약은 자사 콜린알포세레이트 제제의 매출 신장을 위해 종전의 40% 고수수료 책정과 비급여 품목이라는 강점을 내세우며 대대적인 지원책을 펼치고 있다. 여기에 최근에는 의원급 의료기관에서 널리 쓰이는 병의원 청구프로그램 'Y통합솔루션'을 활용, 자사 제품의 등록 편의성을 안내하며 CSO 영업사원들의 이목을 끌고 있다.그동안 H제약은 자사.","위탁영업(CSO)을 활용하는 국내 제약사들이 자사 제품의 영업 활성화를 위해 이제는 '병의원 청구프로그램'까지 동원하고 나서는 등 영업 경쟁이 갈수록 치열해지고 있다.11일 관련 업계에 따르면 국내 H제약은 자사 콜린알포세레이트 제제의 매출 신장을 위해 종전의 40% 고수수료 책정과 비급여 품목이라는 강점을 내세우며 대대적인 지원책을 펼치고 있다. 여기에 최근에는 의원급 의료기관에서 널리 쓰이는 병의원 청구프로그램 'Y통합솔루션'을 활용, 자사 제품의 등록 편의성을 안내하며 CSO 영업사원들의 이목을 끌고 있다.그동안 H제약은 자사",local,10,CSO,,,0.9728614909621478,,1.0,0.9728614909621478,9.88601826204102,10.0,9.810030436735033,True
2026-06-11,Client,2026-06-11 09:36:00,Naver News,https://www.bizwork.co.kr/news/articleView.html?idxno=416403,"마운자로·위고비, 국내 비만약 시장 장악 - 비즈워크",국내 비만치료제 시장이 마운자로와 위고비 중심의 양강 구도로 빠르게 재편되고 있다.마운자로는 출시 이후 단기간에 분기 매출 3000억원을 넘어서며 시장 선두에 올.,국내 비만치료제 시장이 마운자로와 위고비 중심의 양강 구도로 빠르게 재편되고 있다.마운자로는 출시 이후 단기간에 분기 매출 3000억원을 넘어서며 시장 선두에 올,local,10,마운자로,,,0.9727231855112961,,1.0,0.9727231855112961,9.885437379147444,10.0,9.809062298579072,True
2026-06-11,BD,2026-06-11 16:36:00,Naver News,http://www.press9.kr/news/articleView.html?idxno=77787,"삼일제약, 포모사 안과 신약 베트남 독점 판권 확보…동남아 시장 확장","삼일제약이 대만 제약사 포모사(Formosa)의 안과 수술 후 염증·통증 치료제 'APP13007'에 대한 베트남 시장 독점 유통·판매 권한을 확보했다고 11일 밝혔다. 삼일제약 베트남 법인이 계약 당사자로, 올해 1월 국내 독점 계약에 이어 반년 만에 동남아 거점으로 파트너십을 넓힌 것이다. 계약에는 계약금, 규제 승인 관련 마일스톤, 계약 기간 중 로열티 지급이 포함되며 구체적인 금액은 양사 합의에 따라 비공개다.베트남은 연간 백내장 수술 건수가 30만 건에 달하고 안과용 코르티코스테로이드 시장 매출이 연간 426.","[프레스나인] 삼일제약이 대만 제약사 포모사(Formosa)의 안과 수술 후 염증·통증 치료제 'APP13007'에 대한 베트남 시장 독점 유통·판매 권한을 확보했다고 11일 밝혔다. 삼일제약 베트남 법인이 계약 당사자로, 올해 1월 국내 독점 계약에 이어 반년 만에 동남아 거점으로 파트너십을 넓힌 것이다. 계약에는 계약금, 규제 승인 관련 마일스톤, 계약 기간 중 로열티 지급이 포함되며 구체적인 금액은 양사 합의에 따라 비공개다.베트남은 연간 백내장 수술 건수가 30만 건에 달하고 안과용 코르티코스테로이드 시장 매출이 연간 426",local,10,판권,,,0.9725618151876638,,1.0,0.9725618151876638,9.884759623788188,10.0,9.807932706313647,True
2026-06-11,Client,2026-06-10 09:52:00,Naver News,https://www.youthdaily.co.kr/news/article.html?no=220600,"[청년일보] 비만 치료제 '마운자로', 고용량 출시…효과 큰 만큼 오남용 우려도","국내 비만 치료제 시장이 뜨거워질 전망이다. 한국릴리는 당뇨병·비만 치료제인 '마운자로(성분명 터제파타이드)'의 고용량 제품이 10일부터 국내에 출시된다고 전날 밝혔다. 이날 제약업계에 따르면 기존에 판매되던 마운자로 일회용 프리필드펜 용량은 2.5㎎, 5㎎, 7.5㎎, 10㎎이었다. 초기 4주간 2.5㎎ 저용량을 사용한 뒤 5㎎ 이상 고용.","【 청년일보 】 국내 비만 치료제 시장이 뜨거워질 전망이다. 한국릴리는 당뇨병·비만 치료제인 '마운자로(성분명 터제파타이드)'의 고용량 제품이 10일부터 국내에 출시된다고 전날 밝혔다. 이날 제약업계에 따르면 기존에 판매되던 마운자로 일회용 프리필드펜 용량은 2.5㎎, 5㎎, 7.5㎎, 10㎎이었다. 초기 4주간 2.5㎎ 저용량을 사용한 뒤 5㎎ 이상 고용",local,10,품귀,,,0.9702618077982105,,1.0,0.9702618077982105,9.875099592752484,10.0,9.791832654587473,True
2026-06-11,BD,2026-06-08 17:27:00,Naver News,https://www.bloter.net/news/articleView.html?idxno=664765,"[관가 모니터] 복지부, CSO 고수수료ㆍ재위탁 점검…중소제약 긴장",제약업계의 의약품 판촉영업대행사(CSO) 활용 방식이 시험대에 올랐다. 보건복지부가 CSO 위탁계약 실태 파악에 나서면서 품목별 수수료율과 재위탁 구조가 주요 확인 대상으로 떠올랐다. 제네릭 약가 인하로 품목당 수익성이 낮아지는 가운데 평균 30%대 후반으로 거론되는 CSO 수수료율까.,제약업계의 의약품 판촉영업대행사(CSO) 활용 방식이 시험대에 올랐다. 보건복지부가 CSO 위탁계약 실태 파악에 나서면서 품목별 수수료율과 재위탁 구조가 주요 확인 대상으로 떠올랐다. 제네릭 약가 인하로 품목당 수익성이 낮아지는 가운데 평균 30%대 후반으로 거론되는 CSO 수수료율까,local,10,특허만료,,,0.9692922927249058,,1.0,0.9692922927249058,9.871027629444603,10.0,9.785046049074339,True
2026-06-11,BD,2026-06-12 07:30:00,Naver News,https://www.dailypharm.com/user/news/339355?REFERER=NP,[데일리팜]반복되는 의약품 품절…해법은 '안전·투명 유통망' 구축,"의약품 품절이 반복되고 있다. 코로나19 팬데믹 이후 원료의약품 수급 불안과 글로벌 물류 차질, 국가별 수출 제한 등이 이어지면서 의약품 공급 안정성이 보건의료 현장의 핵심 과제로 떠올랐다. 여기에 초고령화에 따른 의료 수요 증가까지 겹치면서 의약품 공급망을 안정적으로 관리해야 한다는 목소리가 커지고 있다. 특히 반복되는 품절 사태는 의약품 유통의 역할과 평가 기준까지….","의약품 품절이 반복되고 있다. 코로나19 팬데믹 이후 원료의약품 수급 불안과 글로벌 물류 차질, 국가별 수출 제한 등이 이어지면서 의약품 공급 안정성이 보건의료 현장의 핵심 과제로 떠올랐다. 여기에 초고령화에 따른 의료 수요 증가까지 겹치면서 의약품 공급망을 안정적으로 관리해야 한다는 목소리가 커지고 있다. 특히 반복되는 품절 사태는 의약품 유통의 역할과 평가 기준까지…",local,10,콜드체인,,,0.9679976071381534,,1.0,0.9679976071381534,9.865589949980244,10.0,9.775983249967073,True
2026-06-11,BD,2026-06-11 16:26:00,Naver News,https://new.dailypharm.com/user/news/339365?REFERER=NP,"[데일리팜]삼일제약, 포모사와 베트남 APP13007 독점 판매 계약",삼일제약이 대만 제약사 포모사와 안과 수술 후 염증·통증 치료제 APP13007의 베트남 상용화를 위한 독점 라이선스 계약을 체결했다. 삼일제약은 베트남 법인을 통해 포모사(Formosa Pharmaceuticals)와 클로베타솔 프로피오네이트 점안 현탁액 0.05%(개발명 APP13007)의 베트남 시장 독점 유통·판매 계약을 맺었다고 11일 밝혔다. 이번 계약은 올해 1월 APP13007의 국내 독점 유통·판매….,삼일제약이 대만 제약사 포모사와 안과 수술 후 염증·통증 치료제 APP13007의 베트남 상용화를 위한 독점 라이선스 계약을 체결했다. 삼일제약은 베트남 법인을 통해 포모사(Formosa Pharmaceuticals)와 클로베타솔 프로피오네이트 점안 현탁액 0.05%(개발명 APP13007)의 베트남 시장 독점 유통·판매 계약을 맺었다고 11일 밝혔다. 이번 계약은 올해 1월 APP13007의 국내 독점 유통·판매…,local,10,애브비,,,0.9657464548332514,,1.0,0.9657464548332514,9.856135110299654,10.0,9.760225183832759,False
2026-06-11,BD,2026-06-11 09:52:00,Naver News,http://www.press9.kr/news/articleView.html?idxno=77735,"[Generic Trend]보령, 내년 상반기 '입렌스' 제네릭 시장 뛰어든다","항암제 라인업을 꾸준히 확대해가는 보령이 화이자의 유방암 치료제 '입랜스(성분명 팔보시클립)'의 제네릭 시장에 동참할 예정이다.식품의약품안전처에 따르면 지난달 팔보시클립헤미아디프산염 성분 제제 3품목의 허가신청이 접수됐다. 오리지널인 입랜스와 유효성분은 동일하지만, 염을 변경한 품목으로 허가를 받으려는 것이다.허가를 신청한 제약사는 보령으로 확인됐다.보령은 입랜스의 제네릭을 조기에 출시하기 위해 지난 2022년 입랜스의 결정형 특허에 대해 특허심판을 청구, 보령이 개발하려 한 제네릭 품목이 오리지널의 권리를 침해하지.","[프레스나인] 항암제 라인업을 꾸준히 확대해가는 보령이 화이자의 유방암 치료제 '입랜스(성분명 팔보시클립)'의 제네릭 시장에 동참할 예정이다.식품의약품안전처에 따르면 지난달 팔보시클립헤미아디프산염 성분 제제 3품목의 허가신청이 접수됐다. 오리지널인 입랜스와 유효성분은 동일하지만, 염을 변경한 품목으로 허가를 받으려는 것이다.허가를 신청한 제약사는 보령으로 확인됐다.보령은 입랜스의 제네릭을 조기에 출시하기 위해 지난 2022년 입랜스의 결정형 특허에 대해 특허심판을 청구, 보령이 개발하려 한 제네릭 품목이 오리지널의 권리를 침해하지",local,10,화이자,,,0.9654035409515938,,1.0,0.9654035409515938,9.854694871996694,10.0,9.757824786661157,False
2026-06-11,Client,2026-06-09 06:02:00,Naver News,https://www.yakup.com/news/index.html?mode=view&cat=16&nid=328231,"[약업신문]영국 NICE, 애브비 ‘엘라히어’ 난소암 급여 권고","영국 정부 산하의 의약품 비용효용성 심사기구인 NICE가 애브비社의 난소암 치료제 ‘엘라히어’(Elahere: 미르베툭시맙 소라브탄신)를 엽산 수용체 알파(FRα) 양성, 백금착제 항암제 저항성 상피성 난소암, ...","영국 정부 산하의 의약품 비용효용성 심사기구인 NICE가 애브비社의 난소암 치료제 ‘엘라히어’(Elahere: 미르베툭시맙 소라브탄신)를 엽산 수용체 알파(FRα) 양성, 백금착제 항암제 저항성 상피성 난소암, ...",local,10,애브비,,,0.963812141753599,,1.0,0.963812141753599,9.848010995365115,10.0,9.746684992275192,True
2026-06-11,BD,2026-06-10 17:08:00,Naver News,https://www.sisajournal-e.com/news/articleView.html?idxno=421636,"제일약품, ‘베오바’ 약가협상 곧 착수···타결시 300원대 초중반 - 시사저널e",제일약품의 과민성방광염 치료제 ‘베오바정’이 조만간 본격 약가협상에 착수할 전망이다. 향후 약가협상 타결로 베오바정이 급여등재되.,[시사저널e=이상구 의약전문기자] 제일약품의 과민성방광염 치료제 ‘베오바정’이 조만간 본격 약가협상에 착수할 전망이다. 향후 약가협상 타결로 베오바정이 급여등재되,local,10,아스텔라스,,,0.9615603163377185,,1.0,0.9615603163377185,9.838553328618417,10.0,9.730922214364028,False
2026-06-11,BD,2026-06-10 17:58:00,Naver News,https://www.asiatoday.co.kr/kn/view.php?key=20260611010003695,‘자큐보 효과’ 누린 동아에스티… 자체 신약에 지속성장 달렸다,동아에스티가 ‘자큐보’ ‘디페렐린’ 등 도입 품목 효과를 톡톡히 보고 있다. 1년새 이들 품목의 매출이 급증하며 실적을 견인하는 핵심 축으로 자리 잡았다. 다만 원가 부담이 높은 도입 품목의 특성상 수익성 개선 효과는 제한적인 상황이다. 이에 늘어난 매출..,동아에스티가 ‘자큐보’ ‘디페렐린’ 등 도입 품목 효과를 톡톡히 보고 있다. 1년새 이들 품목의 매출이 급증하며 실적을 견인하는 핵심 축으로 자리 잡았다. 다만 원가 부담이 높은 도입 품목의 특성상 수익성 개선 효과는 제한적인 상황이다. 이에 늘어난 매출..,local,10,입센,,,0.9609496272858433,,1.0,0.9609496272858433,9.83598843460054,10.0,9.726647391000903,False
2026-06-11,BD,2026-06-11 14:40:00,Naver News,https://www.biospectator.com/view/news_view.php?varAtcId=29018,"온코닉, P-CAB '자큐보' 인도네시아 판권 L/O",제일약품(Jeil Pharmaceutical)의 신약개발부문 자회사 온코닉테라퓨틱스(Onconic Therapeutics)는 인도네시아 선도 제약기업인 ‘덱사 메디카(Dexa Medica)’와 위식도역류질환 치료제.,제일약품(Jeil Pharmaceutical)의 신약개발부문 자회사 온코닉테라퓨틱스(Onconic Therapeutics)는 인도네시아 선도 제약기업인 ‘덱사 메디카(Dexa Medica)’와 위식도역류질환 치료제,local,10,판권,,,0.9600941196104401,,1.0,0.9600941196104401,9.83239530236385,10.0,9.720658837273081,False
2026-06-11,Client,2026-06-11 16:30:00,Naver News,http://www.newsmp.com/news/articleView.html?idxno=254514,"노바티스, 오리오니스와 분자 접착제 개발 협력 체결","스위스 제약사 노바티스가 미국 생명과학 기업 오리오니스 바이오사이언스(Orionis Biosciences)와 분자 접착제 신약 개발을 위해 협력을 강화한다.오리오니스는 노바티스와 다양한 질환 분야에서 치료제 개발이 어려운 표적을 겨냥한 분자 접착제를 발굴 및 설계하기 위한 다년간의 협력 계약을 체결했다고 10일 발표했다.이번 협력은 양사 간 기존 협력 관계를 확대하는 것으로, 신약 개발에서 유도 근접 접근법의 잠재력을 최대한 실현하려는 공동의 의지가 반영됐다.앞서 노바티스와 오리오니스는 2020년 다양한 치료 분야에 걸.","[의약뉴스] 스위스 제약사 노바티스가 미국 생명과학 기업 오리오니스 바이오사이언스(Orionis Biosciences)와 분자 접착제 신약 개발을 위해 협력을 강화한다.오리오니스는 노바티스와 다양한 질환 분야에서 치료제 개발이 어려운 표적을 겨냥한 분자 접착제를 발굴 및 설계하기 위한 다년간의 협력 계약을 체결했다고 10일 발표했다.이번 협력은 양사 간 기존 협력 관계를 확대하는 것으로, 신약 개발에서 유도 근접 접근법의 잠재력을 최대한 실현하려는 공동의 의지가 반영됐다.앞서 노바티스와 오리오니스는 2020년 다양한 치료 분야에 걸",local,10,노바티스,,,0.9558795851102309,,1.0,0.9558795851102309,9.814694257462968,10.0,9.691157095771615,True
2026-06-11,BD,2026-06-11 07:02:00,Naver News,https://www.thebell.co.kr/free/content/ArticleView.asp?key=202606091407572520107096,"[더벨]NVC파트너스, 템프체인에 30억 베팅",NVC파트너스가 바이오의약품 콜드체인 솔루션 기업 템프체인에 30억원을 투자했다. 바이오의약품 시장 성장과 함께 장거리 운송 과정에서 품질을 유지할 수 있는 패시브 콜드체인 기술의 성장성을 높게 평가한 것으로... ,NVC파트너스가 바이오의약품 콜드체인 솔루션 기업 템프체인에 30억원을 투자했다. 바이오의약품 시장 성장과 함께 장거리 운송 과정에서 품질을 유지할 수 있는 패시브 콜드체인 기술의 성장성을 높게 평가한 것으로... ,local,10,콜드체인,,,0.9545538697035849,,1.0,0.9545538697035849,9.809126252755057,10.0,9.681877087925093,False
2026-06-11,BD,2026-06-12 07:02:00,Naver News,https://www.thebell.co.kr/free/content/ArticleView.asp?key=202606100923177200109016,"[더벨][상폐 기로에 선 상장사] 체질개선 단행한 풍전약품, 투심 회복 관...",적극적인 합병에 나선 결과 바이오 신약 개발 기업으로서의 성격이 흐려지고 의약품 유통 및 화장품 제조 중심 기업으로 사업 구조가 재편된 모양새다. 실제 회사 내부 연구·개발(R&D) 인력은 지난 2024년 말 40명에서... ,적극적인 합병에 나선 결과 바이오 신약 개발 기업으로서의 성격이 흐려지고 의약품 유통 및 화장품 제조 중심 기업으로 사업 구조가 재편된 모양새다. 실제 회사 내부 연구·개발(R&D) 인력은 지난 2024년 말 40명에서... ,local,10,신약,,,0.9537263130154885,,1.0,0.9537263130154885,9.80565051466505,10.0,9.67608419110842,False
2026-06-11,BD,2026-06-11 17:08:00,Naver News,https://www.newsway.co.kr/news/view?ud=2026061115162890955,"도입 신약도 기술수출처럼···동아에스티, 재라이선스 전략 눈길 - 뉴스웨이","동아에스티가 SK바이오팜에서 도입한 뇌전증 치료제 세노바메이트로 호주·뉴질랜드 지역 첫 해외 라이선스 아웃을 추진한다. 아로텍스와 협력해 현지 허가·상업화는 아로텍스가, 완제품 생산·공급은 동아에스티가 담당한다. 이번 계약으로 동아에스티는 글로벌 사업 모델 다변화와 안정적 수익 확보를 모색한다.","동아에스티가 SK바이오팜에서 도입한 뇌전증 치료제 세노바메이트로 호주·뉴질랜드 지역 첫 해외 라이선스 아웃을 추진한다. 아로텍스와 협력해 현지 허가·상업화는 아로텍스가, 완제품 생산·공급은 동아에스티가 담당한다. 이번 계약으로 동아에스티는 글로벌 사업 모델 다변화와 안정적 수익 확보를 모색한다.",local,10,판권,,,0.953720992772259,,1.0,0.953720992772259,9.805628169643487,10.0,9.676046949405812,False
2026-06-11,Distribution,2026-06-09 10:06:00,Naver News,http://www.choicenews.co.kr/news/articleView.html?idxno=166306,일라이릴리 훈풍...한국증시 비만치료제주 '장중 활짝',"9일 한국증시에서 비만치료제 관련주로 꼽히는 종목들이 장중 강세를 기록 중이다. 지난밤 비만치료제 기업 (미국증시) 일라이릴리의 주가 상승 속에 이 같은 흐름이 나타나고 있다.한국거래소에 따르면 오전 9시 16분 현재 비만치료제 관련주 중 디앤디파마텍은 전일 대비 8.27% 뛰어오른 8만5100원에 거래 중이다.같은 시각 제넥신(+7.39%), 인벤티지랩(+3.99%), 블루엠텍(+5.95%), 일동제약(+4.18%), 나이벡(+4.88%), 샤페론(+4.01%), 한국비엔씨(+3.83%) 등도 급등세로.","[초이스경제 이영란 기자] 9일 한국증시에서 비만치료제 관련주로 꼽히는 종목들이 장중 강세를 기록 중이다. 지난밤 비만치료제 기업 (미국증시) 일라이릴리의 주가 상승 속에 이 같은 흐름이 나타나고 있다.한국거래소에 따르면 오전 9시 16분 현재 비만치료제 관련주 중 디앤디파마텍은 전일 대비 8.27% 뛰어오른 8만5100원에 거래 중이다.같은 시각 제넥신(+7.39%), 인벤티지랩(+3.99%), 블루엠텍(+5.95%), 일동제약(+4.18%), 나이벡(+4.88%), 샤페론(+4.01%), 한국비엔씨(+3.83%) 등도 급등세로",local,10,블루엠텍,,,0.9535097923620244,,1.0,0.9535097923620244,9.804741127920503,10.0,9.674568546534172,False
2026-06-11,Client,2026-06-10 14:56:00,Naver News,http://www.press9.kr/news/articleView.html?idxno=77677,"[삼천당제약 플랫폼]키트루다·옵디보 SC제형화 도전, 500억달러 면역항암제시장 공략","삼천당제약이 정맥주사(IV) 항체의약품을 피하주사(SC)로 바꾸는 SC 제형화 플랫폼의 상업화에 나섰다. 세계 매출 1위 면역항암제 키트루다(성분명 펨브롤리주맙)와 옵디보(니볼루맙)의 SC 제형 바이오시밀러를 개발해 합산 500억달러 규모의 오리지널 시장을 겨냥한다는 구상이다.삼천당제약은 최근 홍콩 IR 행사를 통해 올해 2분기 캐나다 아포텍스, 프레제니우스카비, 인도 닥터레디스 등과 키트루다·옵디보 SC 제품의 글로벌 마케팅 논의를 시작했다고 밝혔다. 하반기 기술이전에 착수하고 2027년 글로벌 파트너십을 추진한다는.","[프레스나인] 삼천당제약이 정맥주사(IV) 항체의약품을 피하주사(SC)로 바꾸는 SC 제형화 플랫폼의 상업화에 나섰다. 세계 매출 1위 면역항암제 키트루다(성분명 펨브롤리주맙)와 옵디보(니볼루맙)의 SC 제형 바이오시밀러를 개발해 합산 500억달러 규모의 오리지널 시장을 겨냥한다는 구상이다.삼천당제약은 최근 홍콩 IR 행사를 통해 올해 2분기 캐나다 아포텍스, 프레제니우스카비, 인도 닥터레디스 등과 키트루다·옵디보 SC 제품의 글로벌 마케팅 논의를 시작했다고 밝혔다. 하반기 기술이전에 착수하고 2027년 글로벌 파트너십을 추진한다는",local,10,BMS,,,0.9505464735938425,,1.0,0.9505464735938425,9.792295189094137,10.0,9.653825315156897,True
2026-06-11,Client,2026-06-12 01:36:00,Naver News,https://www.pointdaily.co.kr/news/articleView.html?idxno=307943,"제약바이오 업계, AX 전환 박차…제조부터 사무까지 'AI' 도입 바람","국내 제약바이오 업계에 인공지능(AI) 기반 디지털 전환(AX)가 가속화되는 모습이다. 기존 신약 개발에 AI를 적용하는 것을 넘어 제조, 품질관리, 사무 등 기업 업무 전반에 AI를 도입하며 조직 운영 효율성과 생산성을 극대화하겠다는 것이다. 바이오 업계에서는 셀트리온이 가장 적극적으로 AX에 나섰다. 최근 셀트리온은 3대﻿ 주요 업무 영역에 AI를 도입했다고 밝혔다.","[포인트데일리 송가영 기자] 국내 제약바이오 업계에 인공지능(AI) 기반 디지털 전환(AX)가 가속화되는 모습이다. 기존 신약 개발에 AI를 적용하는 것을 넘어 제조, 품질관리, 사무 등 기업 업무 전반에 AI를 도입하며 조직 운영 효율성과 생산성을 극대화하겠다는 것이다. 바이오 업계에서는 셀트리온이 가장 적극적으로 AX에 나섰다. 최근 셀트리온은 3대﻿ 주요 업무 영역에 AI를 도입했다고 밝혔다. AI가 도입된 업무 영역은 △신약 개발 △제조 △사무 등이다. 신약 개발 부문에 전담 조직을 신설하고 생물정보학(BI)과 AI 기술을",local,10,릴리,,,0.9505094650952534,,1.0,0.9505094650952534,9.792139753400065,10.0,9.653566255666775,True
2026-06-11,BD,2026-06-12 05:00:00,Naver News,https://www.etoday.co.kr/news/view/2592211,‘K블록버스터’ 등장 언제쯤…국산 신약 해외 시장 확장 박차,국내 제약바이오 기업들이 자체 기술로 개발한 이른바 ‘국산신약’의 영토 확장에 속도가 붙었다. 그동안 내수 시장을 중.,(그래픽=손미경 기자 sssmk@)국내 제약바이오 기업들이 자체 기술로 개발한 이른바 ‘국산신약’의 영토 확장에 속도가 붙었다. 그동안 내수 시장을 중,local,10,파트너십,,,0.9500061700578164,,1.0,0.9500061700578164,9.790025914242829,10.0,9.650043190404716,False
2026-06-11,Distribution,2026-06-08 08:12:00,Naver News,https://www.edaily.co.kr/news/newspath.asp?newsid=01994246645479752,올해 영업흑자 전환 유력한 K헬스케어 삼총사는?,"미국과 이란의 종전 협상이 진척을 보이지 못하며 글로벌 경제 불확실성이 이어지고 있다. 이런 가운데 국내 의료기기를 비롯한 헬스케어기업들은 기술 경쟁력 등을 앞세워 올해 흑자 전환을 노리고 있다. 특히 블루엠텍(439580)과 넥스트바이오메디컬(389650), 디알텍...","미국과 이란의 종전 협상이 진척을 보이지 못하며 글로벌 경제 불확실성이 이어지고 있다. 이런 가운데 국내 의료기기를 비롯한 헬스케어기업들은 기술 경쟁력 등을 앞세워 올해 흑자 전환을 노리고 있다. 특히 블루엠텍(439580)과 넥스트바이오메디컬(389650), 디알텍...",local,10,블루엠텍,,,0.9498751251016762,,1.0,0.9498751251016762,9.78947552542704,10.0,9.649125875711732,False
2026-06-11,Zuellig,2026-06-11 11:58:00,Naver News,https://www.thepublic.kr/news/articleView.html?idxno=307348,"""예방 넘어 치료로""…항암 치료 패러다임 바꾸는 '맞춤형 암 백신'","코로나19 백신에 적용됐던 기술이 '환자 맞춤형 암 백신'으로 진화하고 있다. 미국과 유럽 선진국은 물론 중국과 한국의 바이오 기업들까지 치료용 암 백신 개발 경쟁에 가세하며 시장 선점을 향한 속도전이 치열해지는 양상이다.11일 보도에 따르면, 글로벌 제약사.","[더퍼블릭=유수진 기자] 코로나19 백신에 적용됐던 기술이 '환자 맞춤형 암 백신'으로 진화하고 있다. 미국과 유럽 선진국은 물론 중국과 한국의 바이오 기업들까지 치료용 암 백신 개발 경쟁에 가세하며 시장 선점을 향한 속도전이 치열해지는 양상이다.11일 보도에 따르면, 글로벌 제약사",local,10,리브타요,,,0.9483894082285262,,1.0,0.9483894082285262,9.78323551455981,10.0,9.638725857599685,False
2026-06-11,BD,2026-06-12 07:40:00,Naver News,https://www.gasnews.com/news/articleView.html?idxno=125515,"유틸리티, 한국서 최초로 오프가스-수소 배치 검토","가스월드에 따르면 미국에 본사를 둔 유틸리티 글로벌은 한국 산업 제조 회사 삼진이앤아이와의 새로운 파트너십을 통해 오프가스-수소 기술의 첫 상업적 배치를 목표로 하고 있다.이 계약에 따라 두 회사는 모빌리티, 발전 및 산업용 수소를 생산하기 위해 대전에 유틸리티의 H2Gen 반응기를 설치할 계획이다.이전에 발표된 계획을 바탕으로 혐기성 소화 바이오가스를 사용하여 성남 폐수 시설에서 기술을 시연할 것으로 예상된다.공장의 용량은 아직 공개되지 않았지만, 두 회사는 지난 2월 1억 달러 규모의 자금 조달 라운.","[가스신문 = 양인범 기자] 가스월드에 따르면 미국에 본사를 둔 유틸리티 글로벌은 한국 산업 제조 회사 삼진이앤아이와의 새로운 파트너십을 통해 오프가스-수소 기술의 첫 상업적 배치를 목표로 하고 있다.이 계약에 따라 두 회사는 모빌리티, 발전 및 산업용 수소를 생산하기 위해 대전에 유틸리티의 H2Gen 반응기를 설치할 계획이다.이전에 발표된 계획을 바탕으로 혐기성 소화 바이오가스를 사용하여 성남 폐수 시설에서 기술을 시연할 것으로 예상된다.공장의 용량은 아직 공개되지 않았지만, 두 회사는 지난 2월 1억 달러 규모의 자금 조달 라운",local,10,계약,,,0.9452665769330879,,1.0,0.9452665769330879,9.770119623118969,10.0,9.616866038531615,False
2026-06-11,Client,2026-06-11 15:48:00,Naver News,https://www.financialpost.co.kr/news/articleView.html?idxno=262297,"""여성 폐경기 관련 치료 확장""…대원제약, 학술 심포지엄 개최","대원제약이 학술 심포지엄을 열고 여성 폐경기 치료와 관련해 전문가들과 의견을 공유하는 자리를 마련, 좋은 반응을 얻고 있다.대원제약은 이 같은 내용의 학술 심포지엄을 지난 6~7일 성황리에 개최했다고 11일 공개했다. 국내 독점 유통 중인 바이엘 코리아의 폐경기 호르몬 치료제 '안젤릭.","대원제약이 학술 심포지엄을 열고 여성 폐경기 치료와 관련해 전문가들과 의견을 공유하는 자리를 마련, 좋은 반응을 얻고 있다.대원제약은 이 같은 내용의 학술 심포지엄을 지난 6~7일 성황리에 개최했다고 11일 공개했다. 국내 독점 유통 중인 바이엘 코리아의 폐경기 호르몬 치료제 '안젤릭",local,10,바이엘,,,0.9435545762343303,,1.0,0.9435545762343303,9.762929220184187,10.0,9.604882033640312,True
2026-06-11,Client,2026-06-12 06:02:00,Naver News,https://www.dailypharm.com/user/news/339369?REFERER=NP,"[데일리팜]JAK억제제 '올루미언트', 청소년 원형탈모 적응증 확대",JAK억제제 올루미언트를 청소년 원형탈모 환자에도 사용할 수 있게 됐다. 관련 업계에 따르면 한국릴리의 JAK억제제 올루미언트(바리시티닙)는 최근 12세 이상 청소년 중증 원형 탈모증 적응증을 추가 승인 받았다. 릴리는 앞서 올루미언트의 성인 대상 원형 탈모에 대한 보험급여 확대를 위한 국민건강보험공단과 약가협상을 타결한 바 있다. 중증 원형 탈모증은 두피의 50% 이상에서 탈….,JAK억제제 올루미언트를 청소년 원형탈모 환자에도 사용할 수 있게 됐다. 관련 업계에 따르면 한국릴리의 JAK억제제 올루미언트(바리시티닙)는 최근 12세 이상 청소년 중증 원형 탈모증 적응증을 추가 승인 받았다. 릴리는 앞서 올루미언트의 성인 대상 원형 탈모에 대한 보험급여 확대를 위한 국민건강보험공단과 약가협상을 타결한 바 있다. 중증 원형 탈모증은 두피의 50% 이상에서 탈…,local,10,적응증,,,0.9426164415848346,,1.0,0.9426164415848346,9.758989054656304,10.0,9.598315091093841,True
2026-06-11,BD,2026-06-12 07:32:00,Naver News,https://www.thebell.co.kr/free/content/ArticleView.asp?key=202606111059045280107242,"[더벨][thebell interview] 아스텔라스 전 CSO가 본 K-바이오 ""혁신기술 ...","중심으로 파트너십 가능성을 보고 있다""고 말했다. 그는 아스텔라스에서 약 30년간 근무한 신약개발 전문가다. 2021년부터 2025년까지 아스텔라스 CSO를 맡아 글로벌 연구조직을 총괄했다. 올해 리얼라이즈엣지 파트너스를... ","중심으로 파트너십 가능성을 보고 있다""고 말했다. 그는 아스텔라스에서 약 30년간 근무한 신약개발 전문가다. 2021년부터 2025년까지 아스텔라스 CSO를 맡아 글로벌 연구조직을 총괄했다. 올해 리얼라이즈엣지 파트너스를... ",local,10,파트너십,,,0.939786026985906,,1.0,0.939786026985906,9.747101313340805,10.0,9.578502188901341,False
2026-06-11,Client,2026-06-10 11:02:00,Naver News,https://www.medicopharma.co.kr/news/articleView.html?idxno=68345,"임델트라, 급여 논의 지연…소세포폐암 환자들 '발만 동동'",30여 년 만에 등장한 소세포폐암 신약 임델트라(성분명 탈라타맙)가 허가 후 1년이 지나도록 건강보험 급여 문턱을 넘지 못하고 있다. 기대여명이 길지 않은 확장기 소세포폐암 환자들에게는 급여 심의 지연이 곧 치료 공백으로 이어질 수 있다는 우려가 나온다.,[메디코파마뉴스=이호빈 기자] 30여 년 만에 등장한 소세포폐암 신약 임델트라(성분명 탈라타맙)가 허가 후 1년이 지나도록 건강보험 급여 문턱을 넘지 못하고 있다. 기대여명이 길지 않은 확장기 소세포폐암 환자들에게는 급여 심의 지연이 곧 치료 공백으로 이어질 수 있다는 우려가 나온다.,local,10,암젠,,,0.9384052291992587,,1.0,0.9384052291992587,9.741301962636886,10.0,9.56883660439481,False
2026-06-11,BD,2026-06-12 07:26:00,Naver News,https://www.medigatenews.com/news/2328496233,"MEDI:GATE NEWS 대한병원의학회, 제2회 하계학술대회 성료...팀 기반 진료, 한국형 입원의학의 새로운 표준으로","대한병원의학회가 지난 6일 서울 중앙대학교병원 4층 송봉홀에서 개최한 ‘제2회 하계 학술대회’를 성공적으로 마무리했다고 11일 밝혔다. '함께 만드는 병원의학의 미래'를 대주제로 열린 이번 학술대회는 국내 병원의학 도입 10년을 돌아보고, 최근 겪고 있는 입원전담전문의 인력 이탈 위기를 다직종 협력 기반의 ‘팀 기반 진료 체계(Team-Based Care Model)’ 구축 및 정부의 제도적 지원을 통해 돌파하기 위한 다각적인 해법을 제시했다. 특히 이날 현장에는 보건복지부 곽순헌 보건의료정책관이 방문하여 축사하였고, 학회가 제시한 팀 기반 진료 방향성에 공감을 표하며 정부 지원 대책을 고려하겠다고 했다.","대한병원의학회가 지난 6일 서울 중앙대학교병원 4층 송봉홀에서 개최한 ‘제2회 하계 학술대회’를 성공적으로 마무리했다고 11일 밝혔다. '함께 만드는 병원의학의 미래'를 대주제로 열린 이번 학술대회는 국내 병원의학 도입 10년을 돌아보고, 최근 겪고 있는 입원전담전문의 인력 이탈 위기를 다직종 협력 기반의 ‘팀 기반 진료 체계(Team-Based Care Model)’ 구축 및 정부의 제도적 지원을 통해 돌파하기 위한 다각적인 해법을 제시했다. 특히 이날 현장에는 보건복지부 곽순헌 보건의료정책관이 방문하여 축사하였고, 학회가 제시한 팀 기반 진료 방향성에 공감을 표하며 정부 지원 대책을 고려하겠다고 했다. 학술대회의 첫 번째 세션에서는 학회 창립의 기반이 된 지난 10년의 성과를 공유하고, 단순한 인력 충원을 넘어 진료 시스템의 고도화를 지향하는 중장기 로드맵이 다뤄졌다. 신동호 대한병원의학회 회장(연세의대)은 주제 발표를 통해",local,10,합병,,,0.9381830045048044,,1.0,0.9381830045048044,9.74036861892018,10.0,9.56728103153363,False
2026-06-11,BD,2026-06-12 06:02:00,Naver News,https://www.apsk.co.kr/news/articleView.html?idxno=539563,특허만료 보름 앞두고 '엑스탄디 캡슐제형' 퇴장 수순…제네릭 경쟁 본격화 - 메디팜스투데이,아스텔라스의 전립선암 치료제 '엑스탄디(성분명 엔잘루타마이드)' 물질특허 만료가 보름 앞으로 다가온 가운데 오리지널 캡슐제형이 국내 시장에서 철수를 예고했다.,아스텔라스의 전립선암 치료제 '엑스탄디(성분명 엔잘루타마이드)' 물질특허 만료가 보름 앞으로 다가온 가운데 오리지널 캡슐제형이 국내 시장에서 철수를 예고했다. 특,local,10,제네릭,,,0.9744596604656438,,1.0,0.9744596604656438,9.492730573955704,9.0,9.821217623259507,False
2026-06-11,Client,2026-06-11 06:02:00,Naver News,https://new.dailypharm.com/user/news/339323?REFERER=NP,"[데일리팜]마운자로·위고비, 3개월 매출 4천억…상반된 고용량 점유율",새로운 비만치료제 마운자로와 위고비가 국내 시장을 평정했다. 마운자로는 3개월 매출이 3000억원을 돌파하며 돌풍을 일으켰고 위고비는 4분기 연속 1000억원을 넘어섰다. 마운자로는 저용량 선호도가 높았고 위고비는 상대적으로 고용량 제품 점유율이 컸다. 한때 비만약 시장을 주도했던 삭센다는 영향력이 미미한 수준으로 떨어졌다. 11일 의약품 조사 기관 아이큐비아에 따르면 지난….,새로운 비만치료제 마운자로와 위고비가 국내 시장을 평정했다. 마운자로는 3개월 매출이 3000억원을 돌파하며 돌풍을 일으켰고 위고비는 4분기 연속 1000억원을 넘어섰다. 마운자로는 저용량 선호도가 높았고 위고비는 상대적으로 고용량 제품 점유율이 컸다. 한때 비만약 시장을 주도했던 삭센다는 영향력이 미미한 수준으로 떨어졌다. 11일 의약품 조사 기관 아이큐비아에 따르면 지난…,local,10,노보노디스크,,,0.9734956136989514,,1.0,0.9734956136989514,9.488681577535596,9.0,9.814469295892659,False
2026-06-11,BD,2026-06-12 07:00:00,Naver News,https://www.ceoscoredaily.com/page/view/2026061116144622672,"윤인호 동화약품 대표, 실적 반등 이끌었지만…중선파마 수익성 개선은 숙제",동화약품이 올해 1분기 실적 반등에 성공했다. 주력 일반의약품(OTC) 브랜드의 안정적인 성장에 힘입어 수익성이 크게 개선됐다. 다만 윤인호 대표에게는 베트남 자회사 중선파마의 수...,동화약품이 올해 1분기 실적 반등에 성공했다. 주력 일반의약품(OTC) 브랜드의 안정적인 성장에 힘입어 수익성이 크게 개선됐다. 다만 윤인호 대표에게는 베트남 자회사 중선파마의 수...,local,10,인수,,,0.9672879699487407,,1.0,0.9672879699487407,9.462609473784712,9.0,9.771015789641185,False
2026-06-11,BD,2026-06-10 10:24:00,Naver News,https://kormedi.com/?p=2823400,"GSK, 누발렌트 16조 원 인수…폐암 표적항암제 2종 확보",GSK가 미국 바이오기업 누발렌트를 106억 달러(약 16조1000억 원)에 인수한다. FDA 허가를 앞둔 ROS1·ALK 표적항암제 2종을 확보해 로슈·화이자와 폐암 치료제 시장 경쟁에 나선다.,GSK가 미국 바이오기업 누발렌트를 106억 달러(약 16조1000억 원)에 인수한다. FDA 허가를 앞둔 ROS1·ALK 표적항암제 2종을 확보해 로슈·화이자와 폐암 치료제 시장 경쟁에 나선다.,local,10,특허만료,,,0.9614167963999531,,1.0,0.9614167963999531,9.437950544879802,9.0,9.729917574799671,False
2026-06-11,BD,2026-06-11 15:12:00,Naver News,http://www.fnnews.com/news/202606111347428108,2조달러 시대 연 글로벌 제약시장...신약 경쟁 넘어 '플랫폼 경쟁'으로,"글로벌 제약시장이 올해 처음으로 2조달러를 돌파할 것으로 전망되는 가운데 업계는 이를 단순한 시장 확대 이상의 변화로 해석하고 있다.AI 기반 신약개발과 ADC, 세포·유전자치료제, 디지털 헬스케어 등이 융합되면서 단일 기술만으로는 경쟁 우위를 유지하기 어려워….","글로벌 제약시장이 올해 처음으로 2조달러를 돌파할 것으로 전망되는 가운데 업계는 이를 단순한 시장 확대 이상의 변화로 해석하고 있다.AI 기반 신약개발과 ADC, 세포·유전자치료제, 디지털 헬스케어 등이 융합되면서 단일 기술만으로는 경쟁 우위를 유지하기 어려워…",local,10,M&A,,,0.9594852308374493,,1.0,0.9594852308374493,9.429837969517287,9.0,9.716396615862145,False
2026-06-11,BD,2026-06-08 06:01:00,Naver News,https://www.newsis.com/view/NISX20260605_0003657943,특허만료 앞둔 빅파마…콕 찍은 미래먹거리 '이것',"블록버스터 의약품의 특허 만료를 앞둔 빅파마들의 차세대 먹거리 투자가 암, 유전자, 의료 AI 등 다양한 분야로 확산하고 있다. 8일 제약바이오업계에 따르면 로슈는 최근 AI 기반 진단 역량을 강화하기 위해 디지털 병리 기업 패스AI를 최대 10억5000만 달러(약 1조6000억원)에 인수하기로 했다. 이번 인수로 로슈는 패스..","[서울=뉴시스]송연주 기자 = 블록버스터 의약품의 특허 만료를 앞둔 빅파마들의 차세대 먹거리 투자가 암, 유전자, 의료 AI 등 다양한 분야로 확산하고 있다. 8일 제약바이오업계에 따르면 로슈는 최근 AI 기반 진단 역량을 강화하기 위해 디지털 병리 기업 패스AI를 최대 10억5000만 달러(약 1조6000억원)에 인수하기로 했다. 이번 인수로 로슈는 패스..",local,10,특허만료,,,0.9591770900040604,,1.0,0.9591770900040604,9.428543778017055,9.0,9.714239630028423,False
2026-06-11,BD,2026-06-12 07:24:00,Naver News,https://www.dailypharm.com/user/news/339375?REFERER=NP,"[데일리팜]샤페론, 니즈테크 인수 승부수…신약개발 투자여력 강화",샤페론이 뷰티 디바이스 전문기업 니즈테크를 인수하며 신약개발 중심 사업 구조에 안정적인 수익 기반을 더한다. 연구개발(R&D) 투자 확대와 사업 포트폴리오 다각화를 동시에 추진하며 바이오 기업의 새로운 성장 모델 구축에 나선 모습이다. 샤페론은 니즈테크 지분 60%(6만주)를 37억20만원에 인수하기로 결정했다고 12일 밝혔다. 취득 예정일은 7월 1일이다. 이번 거래로 샤페론은….,샤페론이 뷰티 디바이스 전문기업 니즈테크를 인수하며 신약개발 중심 사업 구조에 안정적인 수익 기반을 더한다. 연구개발(R&D) 투자 확대와 사업 포트폴리오 다각화를 동시에 추진하며 바이오 기업의 새로운 성장 모델 구축에 나선 모습이다. 샤페론은 니즈테크 지분 60%(6만주)를 37억20만원에 인수하기로 결정했다고 12일 밝혔다. 취득 예정일은 7월 1일이다. 이번 거래로 샤페론은…,local,10,인수,,,0.9508520526491865,,1.0,0.9508520526491865,9.393578621126583,9.0,9.655964368544304,False
2026-06-11,BD,2026-06-11 06:38:00,Naver News,https://www.biospectator.com/view/news_view.php?varAtcId=29002,"KASBP ""빅파마 M&A 경험 공유"" 등 9人 '봄 심포지엄'","재미한인제약인협회(KASBP)가 오는 19일에서 20일(현지시간) 미국 서부 캘리포니아주 샌디에고에서 처음으로 ‘KASBP 봄 심포지엄’을 개최한다. KASBP가 지난 2001년 미국 동부지역에서 출범한 이후, 지난.","재미한인제약인협회(KASBP)가 오는 19일에서 20일(현지시간) 미국 서부 캘리포니아주 샌디에고에서 처음으로 ‘KASBP 봄 심포지엄’을 개최한다. KASBP가 지난 2001년 미국 동부지역에서 출범한 이후, 지난",local,10,BMS,,,0.9425518201364194,,1.0,0.9425518201364194,9.35871764457296,9.0,9.597862740954934,False
2026-06-11,BD,2026-06-12 07:02:00,Naver News,https://dealsite.co.kr/articles/163349,[핀셋+] [부광약품] '적응증 확장·신제품 발굴' 투트랙 승부수,③조현병약 '라투다' 추가 질환 3상 승인…블록버스터 제네릭 '부광브리필' 출시 부광약품이 국내 20위권... 치료제 '브리비액트' 제네릭(복제약) 시장에도 뛰어들었다. 브리비액트는 지난해 글로벌 매출 7억5800만유로... ,③조현병약 '라투다' 추가 질환 3상 승인…블록버스터 제네릭 '부광브리필' 출시 부광약품이 국내 20위권... 치료제 '브리비액트' 제네릭(복제약) 시장에도 뛰어들었다. 브리비액트는 지난해 글로벌 매출 7억5800만유로... ,local,10,제네릭,,,0.9666193482626817,,1.0,0.9666193482626817,9.059801262703264,8.0,9.766335437838771,False
2026-06-11,BD,2026-06-10 05:30:00,Naver News,https://www.medicaltimes.com/Main/News/NewsView.html?ID=1169160&ref=naverpc,"[메디칼타임즈] 신약 급여에도 활용 한계, 중증 천식 생물학적제제 이면은?","최근 중증 아토피나 건선 등 피부과 영역의 생물학적제제 활용은 급여 등 제도 개선이 점진적으로나마 이뤄지며 환자들의 치료 접근성이 개선되고 있다. 반면, 중증 천식 분야는 잇따른 신약 급여 진입에도 불구하고 엄격한 건강보험 급여 기준에 가로막혀 임상 현장의 한숨이 깊어지고 있다. 글로벌 가이드라인과 비교해 급여 문턱이 상대적으로 높다는 이유에서다.최근 주요 중증 천식을 대상으로 한 생물학적제제가 급여로 적용되면서 임상현장의서의 환자 접근성 개선이 화두로 제시되고 있다.10일 제약업계에 따르면, 현재 보건복지부 고시로 규정된 국내 중증 천식 생물학적제제(듀피젠트, 누칼라, 파센라, 싱케어 등)의 급여 기준은 고용량 흡입 스테로이드(ICS-LABA)에 추가로 장기 지속형 무스카린 길항제(LAMA)를 병용 투여했음에도 적절하게 조절되지 않는 환자를 대상으로 하고 있다.","[메디칼타임즈=문성호 기자]최근 중증 아토피나 건선 등 피부과 영역의 생물학적제제 활용은 급여 등 제도 개선이 점진적으로나마 이뤄지며 환자들의 치료 접근성이 개선되고 있다. 반면, 중증 천식 분야는 잇따른 신약 급여 진입에도 불구하고 엄격한 건강보험 급여 기준에 가로막혀 임상 현장의 한숨이 깊어지고 있다. 글로벌 가이드라인과 비교해 급여 문턱이 상대적으로 높다는 이유에서다.최근 주요 중증 천식을 대상으로 한 생물학적제제가 급여로 적용되면서 임상현장의서의 환자 접근성 개선이 화두로 제시되고 있다.10일 제약업계에 따르면, 현재 보건복지부 고시로 규정된 국내 중증 천식 생물학적제제(듀피젠트, 누칼라, 파센라, 싱케어 등)의 급여 기준은 고용량 흡입 스테로이드(ICS-LABA)에 추가로 장기 지속형 무스카린 길항제(LAMA)를 병용 투여했음에도 적절하게 조절되지 않는 환자를 대상으로 하고 있다. 여기에 투여 시작 전 12개월 이내에 전신 코르티코스테로이드가 요구되는 천식 급성 악화가 약제에 따라 연간 3회 혹은 4회 이상 발생하거나, 일정 용량 이상의 경구용 코르티코스테로이드를 6개월 이상 지속 투여한 경우에 한해 건강보험이 적용된다. 하지만 이를 두고 임상 현장에서는 글로벌 가이드라인과 비교해 차이가 크다는 평가를 내놓고 있다. 사실상 글로벌 흐름과 비교해 지나치게 엄격해, 신약들이 급여로 적용됐음에도 실제 임상 현장에서 활용 가능한 환자가 극히 제한적이라는 뜻이다.건국대병원 문지용 교수(호흡기-알레르기내과)는",local,10,생물학적제제,,,0.9663736237673715,,1.0,0.9663736237673715,9.05876921982296,8.0,9.764615366371599,False
2026-06-11,Client,2026-06-10 11:58:00,Naver News,https://www.dailypharm.com/user/news/339286?REFERER=NP,[데일리팜][기자의 눈] 오픈 이노베이션 선순환의 열쇠,"최근 글로벌 제약사와 국내 바이오기업 간 협력은 단순 기술도입을 넘어 공동 연구개발과 플랫폼, 초기 자산 발굴 단계까지 확대되고 있다. 과거 어느 정도 검증이 끝난 후기 임상 자산 중심이었던 협력 방식이 점차 다양해지고 있는 점이 특징이다. 일라이릴리는 최근 한미약품의 GLP-2 기반 신약 후보물질을 도입했다. 이 회사는 지난해에도 에이비엘바이오, 알지노믹스, 올릭스 등 국….","최근 글로벌 제약사와 국내 바이오기업 간 협력은 단순 기술도입을 넘어 공동 연구개발과 플랫폼, 초기 자산 발굴 단계까지 확대되고 있다. 과거 어느 정도 검증이 끝난 후기 임상 자산 중심이었던 협력 방식이 점차 다양해지고 있는 점이 특징이다. 일라이릴리는 최근 한미약품의 GLP-2 기반 신약 후보물질을 도입했다. 이 회사는 지난해에도 에이비엘바이오, 알지노믹스, 올릭스 등 국…",local,10,암젠,,,0.9559484741515495,,1.0,0.9559484741515495,9.014983591436508,8.0,9.691639319060847,False
2026-06-11,BD,2026-06-12 05:30:00,Naver News,https://www.medicaltimes.com/Main/News/NewsView.html?ID=1169205&ref=naverpc,[메디칼타임즈] 주말에만 엽니다 비만 치료 신약이 바꾼 개원가 풍속도,"GLP-1 계열 비만치료제 '위고비(세마글루타이드, 노보노디스크)'와 '마운자로(터제파타이드, 일라이 릴리)'가 국내 임상 현장에 안착하면서 처방의 대부분을 차지하는 의원급 의료기관의 지형도를 통째로 뒤흔들고 있다.비만 치료가 비급여 시장의 확실한 '캐시카우(수익창출원)'로 자리 잡자, 전통적인 '평일 진료'나 '365일 진료'의 패러다임을 넘어 주말에만 집중적으로 운영하는 이른바 '주말 특화 의원'까지 등장하는 등 개원 트렌드가 급변하는 모습이다. 반면, 겉잡을 수 없이 커지는 비만약 시장을 향한 정부의 규제 칼날도 동시에 매서워지고 있다.마운자로 고용량 가세…식약처 '오남용 우려약' 지정 초읽기11일 제약업계에 따르면, 국내 비만치료제 시장은 마운자로의 최고 용량 라인업인 12.5mg과 15mg 물량까지 본격적으로 임상 현장에 공급되기 시작하면서 새로운 국면을 맞이했다.마운자로가 국내에 도입된 지 1년이 가까워지면서 환자들의 투약 용량 단계가 점차 높아졌고, 이에 맞춰 공급이 시작된 고용량 제품의 공급 단가가 '67만 5000원' 수준으로 확정되면서 시장의 이목이 집중되고 있다. 기존의 초기 용량인 2.5mg(약 28만원 선)이나 5mg(약 37만원 선)에 비해 한층 높아진 단가로 인해 임상 현장에서 형성될 실제 비급여 처방 '가격 저항선'이 새로운 변수로 떠오른 셈이다.식약처는 '오·남용우려의약품 지정에 관한 규정' 일부개정 고시안을 행정예고하며 비만 치료제의 오‧남용우려의약품 지정을 예고했다.실제 공급가를 고려했을 때 현재 임상 현장에서 환자가 부담해야 하는 금액은 이보다 높다.","[메디칼타임즈=문성호 기자]GLP-1 계열 비만치료제 '위고비(세마글루타이드, 노보노디스크)'와 '마운자로(터제파타이드, 일라이 릴리)'가 국내 임상 현장에 안착하면서 처방의 대부분을 차지하는 의원급 의료기관의 지형도를 통째로 뒤흔들고 있다.비만 치료가 비급여 시장의 확실한 '캐시카우(수익창출원)'로 자리 잡자, 전통적인 '평일 진료'나 '365일 진료'의 패러다임을 넘어 주말에만 집중적으로 운영하는 이른바 '주말 특화 의원'까지 등장하는 등 개원 트렌드가 급변하는 모습이다. 반면, 겉잡을 수 없이 커지는 비만약 시장을 향한 정부의 규제 칼날도 동시에 매서워지고 있다.마운자로 고용량 가세…식약처 '오남용 우려약' 지정 초읽기11일 제약업계에 따르면, 국내 비만치료제 시장은 마운자로의 최고 용량 라인업인 12.5mg과 15mg 물량까지 본격적으로 임상 현장에 공급되기 시작하면서 새로운 국면을 맞이했다.마운자로가 국내에 도입된 지 1년이 가까워지면서 환자들의 투약 용량 단계가 점차 높아졌고, 이에 맞춰 공급이 시작된 고용량 제품의 공급 단가가 '67만 5000원' 수준으로 확정되면서 시장의 이목이 집중되고 있다. 기존의 초기 용량인 2.5mg(약 28만원 선)이나 5mg(약 37만원 선)에 비해 한층 높아진 단가로 인해 임상 현장에서 형성될 실제 비급여 처방 '가격 저항선'이 새로운 변수로 떠오른 셈이다.식약처는 '오·남용우려의약품 지정에 관한 규정' 일부개정 고시안을 행정예고하며 비만 치료제의 오‧남용우려의약품 지정을 예고했다.실제 공급가를 고려했을 때 현재 임상 현장에서 환자가 부담해야 하는 금액은 이보다 높다. 초기 용량인 2.5mg은 최저 약 30만원, 5mg은 최저 약 39만원 선으로 분포되어 있으며, 고용량의 경우 환자 부담액이 더 커질 전망이다.그럼에도 불구하고 높은 체중 감량 효과를 확인한 환자들의 수요가 폭발적으로 늘면서 비만치료제 처방 규모는 연일 최고치를 경신하고 있다.실제로 의약품조사기관 아이큐비아(IQVIA) 보고서에 따르면, 지난해 글로벌 비만 치료제 시장 규모는 460억 7300만 달러로 2024년(252억 9700만 달러)보다 82% 증가했다. 이 중 우리나라 시장 규모는 3억 7700만 달러(약 5700억원)로 미국, 브라질, 캐나다, 호주에 이어 세계 5위를 차지했다. 전년 대비 137% 증가해 상위 10개국 중 성장률이 가장 높았다. 위고비, 마운자로의 국내 도입에 따른 임상 현장 활용 증가분이 그대로 반영된 결과다.하지만 시장이 급성장하는 만큼 그림자도 짙어지고 있다. 미용 목적의 무분별한 비대면 처방과 오남용 사례가 사회적 문제로 대두되자 정부가 직접 제동을 걸고 나섰기 때문이다.식품의약품안전처는 최근 중앙약사심의위원회 심의를 거쳐 위고비, 마운자로 등 GLP-1 계열 비만치료제를 '오·남용우려의약품'으로 지정하는 규제 절차를 밟고 있다. 구체적으로 식약처는 '오·남용우려의약품 지정에 관한 규정' 일부개정 고시안을 행정예고하며 비만 치료제의 오‧남용우려의약품 지정을 초읽기에 돌려놓았다. 지정이 완료되면 향후 비대면 진료를 통한 처방 제한 등 전방위적인 관리·감독이 한층 강화될 전망이다.대한가정의학과의사회 임원이기도 한 A가정의학과 원장은",local,10,백신,,,0.9492536253998789,,1.0,0.9492536253998789,8.986865226679491,8.0,9.644775377799153,False
2026-06-11,BD,2026-06-12 05:56:00,Naver News,https://www.kpanews.co.kr/news/articleView.html?idxno=536563,"국산 신약 43개 시대…K-신약, 양적 성장 넘어 질적 도약 - 약사공론",국내 제약·바이오산업이 지난 25년간 축적한 R&D 역량에 비해 글로벌 시장에서의 독자적인 상업적 성과 창출은 여전히 지연되고 있다는 분석이 나왔다.후보물질 발굴.,국내 제약·바이오산업이 지난 25년간 축적한 R&D 역량에 비해 글로벌 시장에서의 독자적인 상업적 성과 창출은 여전히 지연되고 있다는 분석이 나왔다.후보물질 발굴,local,10,파트너십,,,0.9480849681024142,,1.0,0.9480849681024142,8.981956866030139,8.0,9.636594776716898,False
2026-06-11,BD,2026-06-12 06:06:00,Naver News,https://www.medipana.com/news/articleView.html?idxno=412772,EHA 2026서 혈액암 데이터 공개…바이젠셀·한미 자산 주목 - 메디파나뉴스,유럽혈액학회 연례학술대회 'EHA 2026'을 앞두고 국내 제약·바이오 기업과 연결된 혈액암 파이프라인 발표가 주목된다.,[메디파나뉴스 = 최인환 기자] 유럽혈액학회 연례학술대회 'EHA 2026'을 앞두고 국내 제약·바이오 기업과 연결된 혈액암 파이프라인 발표가 주목된다. 국내 기,local,10,파트너십,,,0.9447561387837581,,1.0,0.9447561387837581,8.967975782891784,8.0,9.613292971486306,False
2026-06-11,BD,2026-06-09 06:02:00,Naver News,https://www.apsk.co.kr/news/articleView.html?idxno=539537,기술수출 20조 시대인데 왜 블록버스터 없나…국산 신약 '임상 3상' 절벽 - 메디팜스투데이,국내 제약바이오 산업이 지난해 20조원의 기술수출 계약을 체결하며 외형적으로 전성기를 맞았다. 하지만 글로벌 시장을 뒤흔드는 블록버스터 신약은 좀처럼 탄생하지 못.,국내 제약바이오 산업이 지난해 20조원의 기술수출 계약을 체결하며 외형적으로 전성기를 맞았다. 하지만 글로벌 시장을 뒤흔드는 블록버스터 신약은 좀처럼 탄생하지 못,local,10,얀센,,,0.9401378109304918,,1.0,0.9401378109304918,8.948578805908065,8.0,9.580964676513442,False
2026-06-11,BD,2026-06-12 06:02:00,Naver News,https://www.dailypharm.com/user/news/339371?REFERER=NP,"[데일리팜]펠루비 제네릭 쏟아진다…동구바이오, 품목허가 획득","대원제약의 블록버스터 소염진통제 펠루비정(성분명 펠루비프로펜)의 제네릭의약품이 본격적으로 시장에 나올 채비를 하고 있다. 현재 3개사만 제네릭 시장에 참여하고 있는 가운데 특허 리스크가 해소되면서 후발업체들의 제네릭 허가도 이어질 전망이다. 식품의약품안전처는 11일 동구바이오제약의 ‘펠비펜정30mg(펠루비프로펜)’을 품목 허가했다. 이번 허가는 작년(2025년) 5월, 영진….","대원제약의 블록버스터 소염진통제 펠루비정(성분명 펠루비프로펜)의 제네릭의약품이 본격적으로 시장에 나올 채비를 하고 있다. 현재 3개사만 제네릭 시장에 참여하고 있는 가운데 특허 리스크가 해소되면서 후발업체들의 제네릭 허가도 이어질 전망이다. 식품의약품안전처는 11일 동구바이오제약의 ‘펠비펜정30mg(펠루비프로펜)’을 품목 허가했다. 이번 허가는 작년(2025년) 5월, 영진…",local,10,제네릭,,,0.9748662341439037,,1.0,0.9748662341439037,8.694438183404394,7.0,9.824063639007324,False
2026-06-11,Client,2026-06-10 14:52:00,Naver News,https://www.asiatime.co.kr/article/20260610500303,사용량 약가 연동제에 약가 개편까지…제약사 수익성 '비상',최대 약가 인하율 15% 확대⋯건보 재정 건전성 확보 약가제도 개편 8월 시행 예정⋯수익성 악화 우려 커져 원료비·물류비·인건비 상승⋯각 사 선택과 집중 나서야 [아시아타임즈=김지수 기자] 약가제도 개편과 사용량-약가 연동제 강화가 맞물리면서 제약업계 긴장감이 커지고.,최대 약가 인하율 15% 확대⋯건보 재정 건전성 확보 약가제도 개편 8월 시행 예정⋯수익성 악화 우려 커져 원료비·물류비·인건비 상승⋯각 사 선택과 집중 나서야 [아시아타임즈=김지수 기자] 약가제도 개편과 사용량-약가 연동제 강화가 맞물리면서 제약업계 긴장감이 커지고,local,10,오가논,,,0.9715732869386448,,1.0,0.9715732869386448,8.680607805142309,7.0,9.801013008570514,False
2026-06-11,Client,2026-06-10 12:14:00,Naver News,http://www.medisobizanews.com/news/articleView.html?idxno=139309,MASH 치료제 ‘노다지 레이스’ … 한미ㆍ유한 ‘고속기어’ 장착,대사이상 관련 지방간염(MASH) 치료제 시장이 급성장함에 따라 국내 제약ㆍ바이오 기업들의 글로벌 신약 개발 경쟁이 본격적인 검증 단계에 돌입했다. 글로벌 MASH 치료제 시장은 오는 2030년 약 44조원 규모에 이를 것으로 전망된다. 현재 허가된 치료제가 극소수에 불과해 미충족 수요가 여전히 크다.MASH 치료제로 첫 포문을 연 제품은 마드리갈 '레즈디프라'로 지난 2024년 3월 세계 최초로 FDA 승인을 획득했다.,대사이상 관련 지방간염(MASH) 치료제 시장이 급성장함에 따라 국내 제약ㆍ바이오 기업들의 글로벌 신약 개발 경쟁이 본격적인 검증 단계에 돌입했다. 글로벌 MASH 치료제 시장은 오는 2030년 약 44조원 규모에 이를 것으로 전망된다. 현재 허가된 치료제가 극소수에 불과해 미충족 수요가 여전히 크다.MASH 치료제로 첫 포문을 연 제품은 마드리갈 '레즈디프라'로 지난 2024년 3월 세계 최초로 FDA 승인을 획득했다. 다만 조직생검 임상에서 나타난 유효성이 압도적이지는 않아 후발 주자들의 추격 여지가 있다.그 뒤를 이어 노보노디,local,10,베링거인겔하임,,,0.9711117494594382,,1.0,0.9711117494594382,8.67866934772964,7.0,9.797782246216068,False
2026-06-11,Client,2026-06-11 10:00:00,Naver News,https://www.smartbizn.com/news/articleView.html?idxno=145931,"물 없이 녹이고, 씹어 먹고···먹기 쉽게 바뀌는 약들 - 스마트비즈","제약사들이 복용 편의성을 높이기 위한 제형 개발을 이어가고 있다. 고령층과 만성질환 환자, 소아 환자 등 장기간 약을 복용해야.","| 스마트비즈 = 신동현 기자 | 제약사들이 복용 편의성을 높이기 위한 제형 개발을 이어가고 있다. 고령층과 만성질환 환자, 소아 환자 등 장기간 약을 복용해야",local,10,로슈,,,0.9699130359214458,,1.0,0.9699130359214458,8.673634750870072,7.0,9.78939125145012,False
2026-06-11,BD,2026-06-05 09:42:00,Naver News,http://www.iminju.net/news/articleView.html?idxno=164676,"업계 정체 속 선전…동아제약, 얼박사·OTC 다각화 '적중'","민주신문=조환흠 기자｜제약업계 전반이 수익성 개선에 어려움을 겪는 가운데, 동아제약이 '얼박사' 시리즈 판매 호조와 OTC(일반의약품) 다각화를 앞세워 고성장을 이어가고 있다. 특히 OTC 확대 기조와 함께 얼박사 신규 라인업 성과가 맞물리며 실적을 견인했다.동아제약에 따르면 지난 3.","민주신문=조환흠 기자｜제약업계 전반이 수익성 개선에 어려움을 겪는 가운데, 동아제약이 '얼박사' 시리즈 판매 호조와 OTC(일반의약품) 다각화를 앞세워 고성장을 이어가고 있다. 특히 OTC 확대 기조와 함께 얼박사 신규 라인업 성과가 맞물리며 실적을 견인했다.동아제약에 따르면 지난 3",local,10,오펠라,,,0.968449687189461,,1.0,0.968449687189461,8.667488686195735,7.0,9.779147810326226,False
2026-06-11,Client,2026-06-11 06:02:00,Naver News,https://www.yakup.com/news/index.html?mode=view&cat=12&nid=328343,[약업신문]반복되는 링크드인 논란…아스트라제네카 디지털 홍보 관리 시험대,아스트라제네카(AstraZeneca)가 직원들의 링크드인(LinkedIn) 활동과 관련해 또다시 영국 의약품 마케팅 규제당국의 제재를 받았다.영국 의약품처방의약품규약위원회(PMCPA)는 최근 아스트라제네카 직원들이 링크...,아스트라제네카(AstraZeneca)가 직원들의 링크드인(LinkedIn) 활동과 관련해 또다시 영국 의약품 마케팅 규제당국의 제재를 받았다.영국 의약품처방의약품규약위원회(PMCPA)는 최근 아스트라제네카 직원들이 링크...,local,10,아스트라제네카,,,0.9669774642181441,,1.0,0.9669774642181441,8.661305349716205,7.0,9.768842249527008,False
2026-06-11,BD,2026-06-10 06:02:00,Naver News,https://www.yakup.com/news/index.html?mode=view&cat=12&nid=328297,"[약업신문]“중증 천식 치료, 증상 조절 넘어 예방의 시대로”",알베르토 파피 교수가 약업닷컴과의 인터뷰를 통해 중증 천식 치료 패러다임의 변화에 대해 이야기하고 있다. © 약업신문 = 최윤수 기자중증 천식 치료 패러다임이 빠르게 변화하고 있다. 과거에는 반복되는 천식...,알베르토 파피 교수가 약업닷컴과의 인터뷰를 통해 중증 천식 치료 패러다임의 변화에 대해 이야기하고 있다. © 약업신문 = 최윤수 기자중증 천식 치료 패러다임이 빠르게 변화하고 있다. 과거에는 반복되는 천식...,local,10,생물학적제제,,,0.9667474587698446,,1.0,0.9667474587698446,8.660339326833347,7.0,9.767232211388912,False
2026-06-11,Client,2026-06-11 18:04:00,Naver News,https://www.tokenpost.kr/news/tech/368209,"로슈, ‘MMR 동반진단’ EU 승인…암 치료 정밀의학 경쟁 우위","특히 이 진단은 머크(Merck & Co., Inc.)의 키트루다(KEYTRUDA), 아스트라제네카(AstraZeneca)의 임핀지(IMFINZI) 및 린파자(LYNPARZA), GSK의 젬펄리(JEMPERLI) 등 주요 면역항암제 및 표적치료제와 연계된 동반진단으로 활용된다.... ","특히 이 진단은 머크(Merck & Co., Inc.)의 키트루다(KEYTRUDA), 아스트라제네카(AstraZeneca)의 임핀지(IMFINZI) 및 린파자(LYNPARZA), GSK의 젬펄리(JEMPERLI) 등 주요 면역항암제 및 표적치료제와 연계된 동반진단으로 활용된다.... ",local,10,GSK,,,0.9663220997459906,,1.0,0.9663220997459906,8.65855281893316,7.0,9.764254698221933,False
2026-06-11,Client,2026-06-09 12:12:00,Naver News,https://www.kpanews.co.kr/news/articleView.html?idxno=536391,"로슈, 7억달러 선급금으로 BTK 분해제 확보 - 약사공론",로슈(Roche)가 누릭스 테라퓨틱스(Nurix Therapeutics)에 선급금 7억달러를 지급하고 BTK 분해제(BTK degrader) 벡소브루티데그(bex.,로슈(Roche)가 누릭스 테라퓨틱스(Nurix Therapeutics)에 선급금 7억달러를 지급하고 BTK 분해제(BTK degrader) 벡소브루티데그(bex,local,10,애브비,,,0.9657281837026181,,1.0,0.9657281837026181,8.656058371550996,7.0,9.760097285918327,False
2026-06-11,BD,2026-06-12 06:26:00,Naver News,https://www.bosa.co.kr/news/articleView.html?idxno=3006101,“소아 환자 살릴 기기ㆍ약 사라진다”…필수의료 공급망 위기 - 의학신문,소아 필수의료 위기가 인력 부족을 넘어 의료기기와 의약품 공급망 문제로 확산되고 있다. 사용량은 적지만 대체재가 없는 소아 심장.,[의학신문·일간보사=유은제 기자]소아 필수의료 위기가 인력 부족을 넘어 의료기기와 의약품 공급망 문제로 확산되고 있다. 사용량은 적지만 대체재가 없는 소아 심장,local,10,합병,,,0.9653913974212488,,1.0,0.9653913974212488,8.654643869169245,7.0,9.757739781948741,False
2026-06-11,Client,2026-06-11 16:36:00,Naver News,https://www.sisajournal-e.com/news/articleView.html?idxno=421666,"비보존제약, 1Q 6억 매출 ‘어나프라주’ 150억 목표 달성할까 - 시사저널e",비보존제약이 올 1분기 6억원 매출을 기록한 비마약성 진통제 ‘어나프라주’의 올해 150억원 매출 목표를 달성할지 주목된다.,[시사저널e=이상구 의약전문기자] 비보존제약이 올 1분기 6억원 매출을 기록한 비마약성 진통제 ‘어나프라주’의 올해 150억원 매출 목표를 달성할지 주목된다. 국,local,10,다이이찌산쿄,,,0.9643555853799438,,1.0,0.9643555853799438,8.650293458595764,7.0,9.750489097659607,False
2026-06-11,Client,2026-06-09 16:36:00,Naver News,http://www.medisobizanews.com/news/articleView.html?idxno=139308,"대웅 '펙수클루' 등 국내외 제약, 서울대병원 처방 안착","대웅제약의 '펙수클루'를 비롯해 삼일제약의 '엘라프리' 등이 서울대병원 처방목록에 올랐다. 서울대병원 약제부는 최근 이같은 내용의 '5월 신약정보'를 공유했다. 먼저 국내 제약사의 경우 원외등록약으로 위식도역류질환치료제 '펙수클루정'과 삼일제약의 안압강하제 '엘라프리점안현탁액', 광동제약의 레베르시신경병증으로 인한 시각장애 치료제 '락손필름코팅정'이 포함됐다. 또한 어린이병원만 원외처방약으로 등록된 삼성바이오에피스의 소아 특발성 관절염치료제 '에톨로체'와 SK케미칼의 골관절증개선제 '조인스'를 대신해 '조인스-에프' 등이 환자 처방.","대웅제약의 '펙수클루'를 비롯해 삼일제약의 '엘라프리' 등이 서울대병원 처방목록에 올랐다. 서울대병원 약제부는 최근 이같은 내용의 '5월 신약정보'를 공유했다. 먼저 국내 제약사의 경우 원외등록약으로 위식도역류질환치료제 '펙수클루정'과 삼일제약의 안압강하제 '엘라프리점안현탁액', 광동제약의 레베르시신경병증으로 인한 시각장애 치료제 '락손필름코팅정'이 포함됐다. 또한 어린이병원만 원외처방약으로 등록된 삼성바이오에피스의 소아 특발성 관절염치료제 '에톨로체'와 SK케미칼의 골관절증개선제 '조인스'를 대신해 '조인스-에프' 등이 환자 처방",local,10,아스텔라스,,,0.9638197125693735,,1.0,0.9638197125693735,8.648042792791369,7.0,9.746737987985615,False
2026-06-11,BD,2026-06-12 06:00:00,Naver News,https://www.pharmnews.com/news/articleView.html?idxno=304147,위고비만으론 부족...노보 VS 릴리 비만치료 차세대 패권 경쟁 본격화 - 팜뉴스,노보 노디스크가 위고비(세마글루타이드) 이후를 어떻게 준비하고 있는지를 보여주는 데이터들이 속속 공개됐다.최근 비만 치료 시장은 이미 단일.,[팜뉴스=김민건 기자] 노보 노디스크가 위고비(세마글루타이드) 이후를 어떻게 준비하고 있는지를 보여주는 데이터들이 속속 공개됐다.최근 비만 치료 시장은 이미 단일,local,10,제네릭,,,0.9636744070445425,,1.0,0.9636744070445425,8.647432509587079,7.0,9.745720849311798,False
2026-06-11,Client,2026-06-11 06:12:00,Naver News,https://www.hitnews.co.kr/news/articleView.html?idxno=76767,제약사 거버넌스도 '빈부격차'... '스펙넘어 진짜 점수 채우기' 뚜렷,환경·사회·거버넌스(ESG) 경영은 한 두해 트렌드가 아니지만 국내 제약업계에서 ESG의 필요성을 모르는 기업도 여전히 많다. 이런 가운데 지난해부터 이어진 '상법' 개정과 거버넌스 확충 기조는 업계의 일대 변혁을 예고하고 있다. 기업지배구조 보고서를 통해 업계 거버넌스 경영의 현 위치를 살펴본다.국내 주요 제약업계의 거버넌스 경영 점수가 규모에 따라 양극화 현상을 나타냈다.,환경·사회·거버넌스(ESG) 경영은 한 두해 트렌드가 아니지만 국내 제약업계에서 ESG의 필요성을 모르는 기업도 여전히 많다. 이런 가운데 지난해부터 이어진 '상법' 개정과 거버넌스 확충 기조는 업계의 일대 변혁을 예고하고 있다. 기업지배구조 보고서를 통해 업계 거버넌스 경영의 현 위치를 살펴본다.국내 주요 제약업계의 거버넌스 경영 점수가 규모에 따라 양극화 현상을 나타냈다. 당국의 거버넌스 관련 지표를 충실히 채우고 있는 곳이 있는 반면 큰 덩치에도 거버넌스 부문에서 아쉬운 결과를 받아든 곳도 있었다. 다만 단순 '스펙'으로 지표,local,10,한독,,,0.96363691486784,,1.0,0.96363691486784,8.647275042444928,7.0,9.74545840407488,False
2026-06-11,Client,2026-06-10 16:36:00,Naver News,https://www.womaneconomy.co.kr/news/articleView.html?idxno=254919,담즙성 담관염 희귀 질환 치료 3파전···환자 고통 덜까,담즙성 담관염(PBC) 치료제 시장에 새로운 방식의 신약이 잇따라 등장하며 세계 제약사 간 경쟁이 다시 뜨거워지고 있다. 기존 한정된 치료 방법을 넘어 환자가 가장 괴로워하는 증상인 가려움증을 잡는 신약까지 나오면서 치료법이 더욱 다양해질 것으로 보인다.10일 제약 업계에 따르면 미국 식품의약국(FDA)은 영국 GSK가 만든 리나보이(성분명 리네릭시바트)를 PBC 환자의 담즙정체성 소양증(가려움증) 치료제로 승인했다. GSK는 세계 판매 권리를 이탈리아 제약사 알파시그마에 넘긴 상태다.리나보이는 장에서 담즙산이 다시 흡수되는 것을.,담즙성 담관염(PBC) 치료제 시장에 새로운 방식의 신약이 잇따라 등장하며 세계 제약사 간 경쟁이 다시 뜨거워지고 있다. 기존 한정된 치료 방법을 넘어 환자가 가장 괴로워하는 증상인 가려움증을 잡는 신약까지 나오면서 치료법이 더욱 다양해질 것으로 보인다.10일 제약 업계에 따르면 미국 식품의약국(FDA)은 영국 GSK가 만든 리나보이(성분명 리네릭시바트)를 PBC 환자의 담즙정체성 소양증(가려움증) 치료제로 승인했다. GSK는 세계 판매 권리를 이탈리아 제약사 알파시그마에 넘긴 상태다.리나보이는 장에서 담즙산이 다시 흡수되는 것을,local,10,입센,,,0.9632060018778458,,1.0,0.9632060018778458,8.645465207886952,7.0,9.74244201314492,False
2026-06-11,Client,2026-06-09 07:02:00,Naver News,https://www.thebell.co.kr/free/content/ArticleView.asp?key=202606041643443080103130,"[더벨][thebell interview] 이성욱 알지노믹스 대표 ""RMAT, TSR 플랫폼 평...",올해 4월 미국 리제네론 파마슈티컬스가 개발한 '오타르메니'가 세계 최초의 유전성 난청 유전자치료제로 FDA 승인을 받았다. OTOF 유전자의 이중 대립유전자 변이로 인한 중증·심도 난청이 대상이며 정상 유전자를... ,올해 4월 미국 리제네론 파마슈티컬스가 개발한 '오타르메니'가 세계 최초의 유전성 난청 유전자치료제로 FDA 승인을 받았다. OTOF 유전자의 이중 대립유전자 변이로 인한 중증·심도 난청이 대상이며 정상 유전자를... ,local,10,리제네론,,,0.9629287009937353,,1.0,0.9629287009937353,8.644300544173689,7.0,9.740500906956147,False
2026-06-11,BD,2026-06-10 13:28:00,Naver News,https://www.e-science.co.kr/news/articleView.html?idxno=130432,"네이처셀, FDA 허가 가속화…조인트스템 앞세워 미국 재생의학 시장 공략 - 이코노미사이언스","재생의학 기업 네이처셀이 미국 주요 도시를 순회하며 자사의 성체줄기세포 치료제 기술과 글로벌 사업 전략을 공개하고, 미국 시장.","| 이코노미사이언스 김연옥 기자 | 재생의학 기업 네이처셀이 미국 주요 도시를 순회하며 자사의 성체줄기세포 치료제 기술과 글로벌 사업 전략을 공개하고, 미국 시장",local,10,생물학적제제,,,0.961552382945762,,1.0,0.961552382945762,8.638520008372199,7.0,9.730866680620332,False
2026-06-11,BD,2026-06-12 01:04:00,Naver News,https://www.sedaily.com/article/20054827?ref=naver,“휴가철 무조건 먹는건데 괜찮을까? …삼겹살·소시지 제조 1000곳 들여다 보니,"식품의약품안전처가 여름 휴가철 소비가 늘어나는 삼겹살, 소시지 등 축산물의 안전관리를 위해 집중 점검에 나선다. 식약처는 10일 삼겹살·소시지 등을 제조·판매하는 업체와 최근 부적합 이력이 있는 소규모 축산물 생산업체 등 총 1060곳을 대상으로 17개 지방정부와 함께.","식품의약품안전처가 여름 휴가철 소비가 늘어나는 삼겹살, 소시지 등 축산물의 안전관리를 위해 집중 점검에 나선다. 식약처는 10일 삼겹살·소시지 등을 제조·판매하는 업체와 최근 부적합 이력이 있는 소규모 축산물 생산업체 등 총 1060곳을 대상으로 17개 지방정부와 함께",local,10,콜드체인,,,0.9614986130513731,,1.0,0.9614986130513731,8.638294174815767,7.0,9.730490291359612,False
2026-06-11,BD,2026-06-12 00:58:00,Naver News,http://www.thefirstmedia.net/news/articleView.html?idxno=201166,"일동제약, 웰트와 전략적 MOU…복약 순응도 높이는 AI 의약품 개발",일동제약이 디지털 헬스케어 전문기업 웰트(WELT)와 손잡고 AI 기반 디지털 융합의약품 개발과 사업화에 나선다. 의약품과 인공지능(AI) 플랫폼을 결합해 복약 순응도를 높이고 치료 성과를 개선하는 새로운 헬스케어 모델 구축이 목표다.일동제약은 웰트와 AI 기반 디지털 융합의약품 공동 개발 및 사업화를 위한 업무협약(MOU)을 체결했다고 11일 밝혔다.이번 협약은 일동제약의 의약품 및 건강기능식품 포트폴리오와 웰트의 AI 에이전트 플랫폼 'DrugOS™'를 결합해 환자의 복약 지속성과 치료 효과를 높이는 디.,일동제약이 디지털 헬스케어 전문기업 웰트(WELT)와 손잡고 AI 기반 디지털 융합의약품 개발과 사업화에 나선다. 의약품과 인공지능(AI) 플랫폼을 결합해 복약 순응도를 높이고 치료 성과를 개선하는 새로운 헬스케어 모델 구축이 목표다.일동제약은 웰트와 AI 기반 디지털 융합의약품 공동 개발 및 사업화를 위한 업무협약(MOU)을 체결했다고 11일 밝혔다.이번 협약은 일동제약의 의약품 및 건강기능식품 포트폴리오와 웰트의 AI 에이전트 플랫폼 &#39;DrugOS&trade;&#39;를 결합해 환자의 복약 지속성과 치료 효과를 높이는 디,local,10,라이선스,,,0.9610973243457939,,1.0,0.9610973243457939,8.636608762252333,7.0,9.727681270420556,False
2026-06-11,Client,2026-06-11 13:43:00,Naver News,https://biz.heraldcorp.com/article/10769644?ref=naver,“인슐린 억제제 써봤더니” 놀라운 효능…치매 환자 염증↓인지기능↑,"국내 치매 환자 약 100만명, 65세 이상 치매환자 관리비용 연 20조8000억원. 흔히 ‘신이 내린 가장 가혹한 형벌’이라고 불리는 치매.","[헤럴드경제=구본혁 기자] 국내 치매 환자 약 100만명, 65세 이상 치매환자 관리비용 연 20조8000억원. 흔히 ‘신이 내린 가장 가혹한 형벌’이라고 불리는 치매. 인간의",local,10,BMS,,,0.960174978263386,,1.0,0.960174978263386,8.63273490870622,7.0,9.7212248478437,False
2026-06-11,Client,2026-06-12 05:52:00,Naver News,https://www.kpanews.co.kr/news/articleView.html?idxno=536566,독일 약가개혁에 글로벌 빅파마 ‘경고등’…화이자도 투자 재검토 - 약사공론,"독일 정부의 새 보건의료 개혁안이 글로벌 제약사의 투자 계획에 잇따라 영향을 미치고 있다.노바티스(Novartis), 일라이릴리(Eli Lilly), 베링거인겔하.","독일 정부의 새 보건의료 개혁안이 글로벌 제약사의 투자 계획에 잇따라 영향을 미치고 있다.노바티스(Novartis), 일라이릴리(Eli Lilly), 베링거인겔하",local,10,약가,,,0.9597188713231424,,1.0,0.9597188713231424,8.630819259557198,7.0,9.718032099261997,False
2026-06-11,Client,2026-06-10 17:05:00,Naver News,https://www.mt.co.kr/thebio/2026/06/10/2026061015434520994,"다음 비만약은 '아밀린'? 효과 보니…""위고비보다 더 좋다"" - 머니투데이",비만·당뇨 치료제 시장의 강자인 노보 노디스크가 '위고비'(세마글루티드)를 이을 차세대 무기로 '아밀린' 기전 비만약을 전면에 내세웠다. 카그리세마는 장기 작용 아밀린 유사체인 카그릴린타이드와 위고비 성분인 글루카곤 유사 펩타이드-1(GLP-1) 수용체 작용제 세마글루티드를 결합한 주 1회 피하주사 복합 신약이다.,비만·당뇨 치료제 시장의 강자인 노보 노디스크가 '위고비'(세마글루티드)를 이을 차세대 무기로 '아밀린' 기전 비만약을 전면에 내세웠다. 카그리세마는 장기 작용 아밀린 유사체인 카그릴린타이드와 위고비 성분인 글루카곤 유사 펩타이드-1(GLP-1) 수용체 작용제 세마글루티드를 결합한 주 1회 피하주사 복합 신약이다.,local,10,로슈,,,0.9592530956931563,,1.0,0.9592530956931563,8.628863001911256,7.0,9.714771669852095,False
2026-06-11,Client,2026-06-11 10:46:00,Naver News,https://www.mk.co.kr/article/12071388,“비만주사 맞는데 먹는 것도 줄여야지”…英 식품비 지출 1조6000억원 감소 - 매일경제,"심층 분석: 이 뉴스는 왜 나왔나? 비만 치료제, 특히 GLP-1 계열 약물(위고비, 마운자로 등)의 폭발적인 인기가 영국을 비롯한 전 세계 소비자들의 식료품 지출 패턴에 큰 변화를 가져오고 있어요. 📊 이는 단순히 개인의 건강 관리를 넘어, 국가 경제와 소비 시장 전반에 걸쳐 의미 있는 영향을 미치고 있다는 것을 보여주는 중요한 신호탄이라고 할 수 있죠. 🚀 주된 배경은 GLP-1 약물이 식욕을 억제하고 포만감을 지속시켜 자연스럽게 음식 섭취량을 줄여준다는 점이에요.","2. 심층 분석: 이 뉴스는 왜 나왔나?
비만 치료제, 특히 GLP-1 계열 약물(위고비, 마운자로 등)의 폭발적인 인기가 영국을 비롯한 전 세계 소비자들의 식료품 지출 패턴에 큰 변화를 가져오고 있어요. 📊 이는 단순히 개인의 건강 관리를 넘어, 국가 경제와 소비 시장 전반에 걸쳐 의미 있는 영향을 미치고 있다는 것을 보여주는 중요한 신호탄이라고 할 수 있죠. 🚀
주된 배경은 GLP-1 약물이 식욕을 억제하고 포만감을 지속시켜 자연스럽게 음식 섭취량을 줄여준다는 점이에요. 🍎👖 영국에서는 이미 약 190만 명의 성인이 이러한 비만 치료제를 사용하고 있으며, 이는 전체 가구의 6.3%에 해당하는 수치랍니다. 2년 전 2.3%에 비해 약 3배나 증가한 셈이죠. 📈 이로 인해 비만 치료제 사용자 가구는 비사용 가구보다 연간 약 418파운드(약 85만원)를 식료품 구매에 덜 지출하고 있어요. 특히 초콜릿, 과자, 감자칩 등 간식류 소비가 눈에 띄게 줄어든 것이 특징이에요. 🍫🍪
이러한 소비 패턴의 변화는 단순히 식료품 지출 감소에 그치지 않고, 관련 산업에까지 파급 효과를 미치고 있어요. 🥤🦷 과자나 초콜릿 같은 간식류 소비가 급감하는 반면, 약물 부작용으로 나타날 수 있는 구강 건조나 입 냄새 문제를 해결하기 위한 가글이나 껌 같은 구강 관리 제품 판매는 오히려 늘고 있다는 점이 흥미롭습니다. 마치 '오젬픽 마우스'라는 신조어가 생길 정도로, 예상치 못한 분야에서의 수요 변화를 보여주는 좋은 예시라고 할 수 있죠. 😮
더 나아가, 이 현상은 장기적으로 소비재 시장 전반에 걸쳐 더욱 큰 변화를 예고하고 있어요. 🌎 (관련 기사 1, 2, 4 참조) 식품 및 외식 업계는 이미 매출 감소와 메뉴 변화에 대한 압박을 느끼고 있으며, 의류, 피트니스, 심지어 항공 산업까지도 잠재적인 영향을 받을 것으로 예상되고 있답니다. ✈️ 의류 업계에서는 사이즈 변화에 따른 옷장 교체 수요가 증가할 것으로 보이며, 패스트푸드보다는 건강하고 소량의 고단백 식품에 대한 수요가 늘어날 것으로 전망하고 있어요. 💪
다만, 높은 약값은 여전히 많은 사람들이 비만 치료제 사용을 망설이게 하는 주요 장벽으로 작용하고 있어요. 💰 하지만 전문가들은 비만 치료제 시장의 성장이 당분간 지속될 것으로 예상하며, 이로 인해 영국 소비 시장 전반에 미치는 영향은 더욱 커질 것으로 보고 있답니다. 🌐 따라서 앞으로도 비만 치료제 확산이 가져올 경제적, 사회적 파장을 주의 깊게 지켜볼 필요가 있어요. 👀",local,10,위고비,,,0.9573762886492452,,1.0,0.9573762886492452,8.62098041232683,7.0,9.701634020544716,False
2026-06-11,BD,2026-06-12 07:39:00,Naver News,http://www.newstown.co.kr/news/articleView.html?idxno=705946,"박셀바이오, ‘CPHI China 2026’ 참가","박셀바이오(대표 이제중)는 오는 6월 16일부터 18일까지 중국 상하이에서 개최되는 아시아 최대 규모의 제약·바이오 산업 전시회 ‘CPHI China 2026’에 참가해 항체 기반 신약개발 기술과 의약품 제제 기술을 글로벌 시장에 소개한다고 11일 밝혔다.CPHI China는 전 세계 120여 개국의 제약·바이오 기업과 업계 전문가들이 참가하는 아시아 최대 규모의 산업 전시회로, 글로벌 제약산업의 최신 기술과 사업 협력 기회를 공유하는 대표적인 행사로 꼽힌다.박셀바이오는 이번 행사에 대한무역투자진흥공사(KOTRA)와 함께 참가해 ▲.","박셀바이오(대표 이제중)는 오는 6월 16일부터 18일까지 중국 상하이에서 개최되는 아시아 최대 규모의 제약·바이오 산업 전시회 ‘CPHI China 2026’에 참가해 항체 기반 신약개발 기술과 의약품 제제 기술을 글로벌 시장에 소개한다고 11일 밝혔다.CPHI China는 전 세계 120여 개국의 제약·바이오 기업과 업계 전문가들이 참가하는 아시아 최대 규모의 산업 전시회로, 글로벌 제약산업의 최신 기술과 사업 협력 기회를 공유하는 대표적인 행사로 꼽힌다.박셀바이오는 이번 행사에 대한무역투자진흥공사(KOTRA)와 함께 참가해 ▲",local,10,라이선스,,,0.9570757622266146,,1.0,0.9570757622266146,8.619718201351782,7.0,9.699530335586303,False
2026-06-11,Client,2026-06-11 14:26:00,Naver News,http://www.wikileaks-kr.org/news/articleView.html?idxno=188427,“‘마운자로’ 위해..”..국내 비만 환자 日 비행기 타는 이유,"""일본에서 3개월 치 ‘마운자로’를 처방받아 오면 항공료를 뽑고도 남습니다. 우리나라 환자들만 비싼 약값을 감당하는 글로벌 호갱이 된 것 같아 씁쓸하죠.“기적의 비만치료제로 불리는 마운자로의 인기가 천정부지로 치솟는 가운데 비싼 국내 약값을 피해 비행기를 타고 일본 현지 병·의원을 찾는 이른바 ‘비만약 원정족’이 늘고 있다.보건당국이 오남용을 막겠다며 공항 세관 단속을 강화하고 나섰지만, 타국 대비 턱없이 높게 책정된 국내 약가와 수급 불균형이 해결되지 않는 한 원정 직구의 유혹을 끊어내기란 쉽지 않아 보인다. 11일 제약업계에 따.","""일본에서 3개월 치 ‘마운자로’를 처방받아 오면 항공료를 뽑고도 남습니다. 우리나라 환자들만 비싼 약값을 감당하는 글로벌 호갱이 된 것 같아 씁쓸하죠.“기적의 비만치료제로 불리는 마운자로의 인기가 천정부지로 치솟는 가운데 비싼 국내 약값을 피해 비행기를 타고 일본 현지 병·의원을 찾는 이른바 ‘비만약 원정족’이 늘고 있다.보건당국이 오남용을 막겠다며 공항 세관 단속을 강화하고 나섰지만, 타국 대비 턱없이 높게 책정된 국내 약가와 수급 불균형이 해결되지 않는 한 원정 직구의 유혹을 끊어내기란 쉽지 않아 보인다. 11일 제약업계에 따",local,10,약가,,,0.9566425476938402,,1.0,0.9566425476938402,8.617898700314129,7.0,9.696497833856881,False
2026-06-11,Client,2026-06-11 08:38:00,Naver News,https://www.mdtoday.co.kr/news/articleView.html?idxno=600397,"세계 최초 '삼중 작용' 비만 치료제 '레타트루티드', 혁신적인 혈당 강하ㆍ체중 감량 효과 - 메디컬투데이","‘위고비’ 등의 GLP-1 약제가 주도하던 비만 치료 패러다임을 넘어, 세 가지 호르몬 경로를 동시에 표적으로 하는 차세.","[mdtoday = 이승재 의학전문기자] ‘위고비’ 등의 GLP-1 약제가 주도하던 비만 치료 패러다임을 넘어, 세 가지 호르몬 경로를 동시에 표적으로 하는 차세",local,10,마운자로,,,0.9561715016668434,,1.0,0.9561715016668434,8.615920307000742,7.0,9.693200511667904,False
2026-06-11,BD,2026-06-11 16:31:00,Naver News,https://www.etnews.com/20260611000302,한국 의료 AI 기업 만난 게이츠재단…국제 보건 협력 가시화,세계 보건 환경 개선을 이끄는 민간자선단체 게이츠재단이 국내 의료 인공지능(AI) 기업을 만나 협력을 모색한다. 디지털 기술로 의료 상향 평준화를 도모하는 우리 기업과 많은 재원을 보유한 게이츠재단이 만나 세계 보건 사회에 한국 영향력이 확대될 것으로 기대된다. 전자신문 취재를 종합하면 게이츠재단은 11일 서울 모처에서 국내 의료기기·바이오 분야 6개 기업과 미팅을 가졌다.,"세계 보건 환경 개선을 이끄는 민간자선단체 게이츠재단이 국내 의료 인공지능(AI) 기업을 만나 협력을 모색한다. 디지털 기술로 의료 상향 평준화를 도모하는 우리 기업과 많은 재원을 보유한 게이츠재단이 만나 세계 보건 사회에 한국 영향력이 확대될 것으로 기대된다. 전자신문 취재를 종합하면 게이츠재단은 11일 서울 모처에서 국내 의료기기·바이오 분야 6개 기업과 미팅을 가졌다. 참가한 한국 기업은 각자 보유한 기술과 추진 사업을 소개하고, 게이츠재",local,10,백신,,,0.9552087677917009,,1.0,0.9552087677917009,8.611876824725144,7.0,9.686461374541906,False
2026-06-11,BD,2026-06-09 07:24:00,Naver News,https://www.medigatenews.com/news/2234661813,"MEDI:GATE NEWS 듀피젠트, 수포성 유사 천포창·만성 특발성 두드러기 적응증 확대","사진=사노피 [메디게이트뉴스 조운 기자] 사노피의 제2형 염증 표적치료제 듀피젠트가 수포성 유사 천포창과 만성 특발성 두드러기 치료 영역으로 적응증을 확대했다. 이번 허가로 듀피젠트는 국내에서 수포성 유사 천포창 치료제로 허가된 첫 표적치료제가 됐다. 수포성 유사 천포창은 고령층에서 주로 발생하는 희귀 자가면역 수포성 피부질환으로, 기존에는 전신 코르티코스테로이드와 면역억제제 중심으로 치료가 이뤄져 왔다.","사진=사노피 [메디게이트뉴스 조운 기자] 사노피의 제2형 염증 표적치료제 듀피젠트가 수포성 유사 천포창과 만성 특발성 두드러기 치료 영역으로 적응증을 확대했다. 이번 허가로 듀피젠트는 국내에서 수포성 유사 천포창 치료제로 허가된 첫 표적치료제가 됐다. 수포성 유사 천포창은 고령층에서 주로 발생하는 희귀 자가면역 수포성 피부질환으로, 기존에는 전신 코르티코스테로이드와 면역억제제 중심으로 치료가 이뤄져 왔다. 만성 특발성 두드러기에서는 H1-항히스타민제 치료에도 증상이 충분히 조절되지 않는 12세 이상 청소년과 성인 환자에게 사용할 수 있게 되면서, 기존 치료에 반응하지 않는 환자군에서 새로운 치료 선택지가 추가됐다. 8일 사노피 한국법인에 따르면 듀피젠트 프리필드주·프리필드펜은 식품의약품안전처로부터 수포성 유사 천포창(Bullous Pemphigoid, BP)과 만성 특발성 두드러기(Chronic Spontaneous Urticaria, CSU)에 대한 신규 적응증을 허가받았다. 이번 허가로 듀피젠트는 국내에서 수포성 유사 천포창 치료제로 허가된 최초이자 유일한 표적치료제가 됐다. 만성 특발성 두드러기에서는 H1-항히스타민 치료에도 증상이 적절히 조절되지 않는 12세 이상 청소년과 성인 환자에게 사용할 수 있게 됐다. 구체적으로 수포성 유사 천포창 치료에는 18세 이상 성인을 대상으로 듀피젠트 프리필드주 및 프리필드펜 300mg을 사용할 수 있다. 만성 특발성 두드러기 치료에는 18세 이상 성인과 12세 이상 17세 이하 청소년에서 듀피젠트 200mg 또는 300mg 제형을 사용할 수 있다. 듀피젠트는 이번 적응증 확대를 통해 피부질환 영역에서 아토피피부염, 결절성 가려움 발진에 이어 수포성 유사 천포창, 만성 특발성 두드러기까지 총 4개 적응증을 보유하게 됐다. 수포성 유사 천포창은 제2형 염증이 핵심적으로 관여하는 만성 자가면역 수포성 희귀 피부질환이다. 심한 가려움과 피부 수포가 주요 증상이며, 임상 양상이 다양해 다른 피부질환과 감별이 쉽지 않아 진단이 지연될 수 있다. 특히 고령 환자에서 악성종양, 자가면역·염증성 질환, 심혈관질환, 당뇨병, 피부 감염 등 동반질환을 수반하는 경우가 많고, 뇌졸중·치매·파킨슨병 등 신경계 질환 동반 위험도 보고돼 치료 선택 시 신중한 접근이 필요하다. 기존 수포성 유사 천포창 치료는 전신 코르티코스테로이드와 면역억제제에 주로 의존해 왔다. 그러나 장기적인 전신 코르티코스테로이드 사용은 감염 위험 증가와 관련이 있어 고령 환자 치료에서 부담으로 작용해 왔다. 이번 허가는 ADEPT 2/3상 임상연구 결과를 근거로 이뤄졌다. 성인 중등도-중증 수포성 유사 천포창 환자에서 듀피젠트 300mg을 표준치료인 전신 코르티코스테로이드에 병용 투여한 뒤 질환 상태에 따라 코르티코스테로이드를 점진 감량한 결과, 36주 시점에서 코르티코스테로이드 없이 지속적 질환 조절을 달성한 비율은 듀피젠트군 18.2%, 위약군 4.0%로 나타났다. 임상적으로 의미 있는 가려움 감소를 달성한 비율도 듀피젠트군 39.8%, 위약군 10.5%로 확인됐다. 전신 코르티코스테로이드 누적 투여량은 듀피젠트군 4.18g, 위약군 5.12g으로 듀피젠트군에서 낮았다. 안전성 프로파일은 기존 적응증에서 확인된 결과와 일관됐다. 만성 특발성 두드러기는 특별한 원인 없이 두드러기와 혈관부종이 반복적으로 발생하는 만성 피부질환이다. 가려움 외에도 작열감, 두통 등 전신 증상을 동반할 수 있으며, 수면과 일상생활에 영향을 미친다. 원인 불명의 두드러기, 가려움, 부종이 6주 이상 지속되더라도 적절한 진단까지 평균 2~4년이 소요되는 것으로 알려져 있다. 만성 특발성 두드러기 적응증 확대는 H1-항히스타민 치료에도 증상이 지속되는 생물학적제제 미경험 환자를 대상으로 진행된 CUPID 3상 임상연구 결과를 근거로 했다. 연구에서 듀피젠트 투여군은 위약군 대비 24주 시점 가려움 중증도 점수(ISS7)가 유의하게 감소했다. 두드러기 활성도 점수(UAS7)의 기저 대비 감소율은 듀피젠트군 66%, 위약군 48%였다. 24주 시점 증상 완전 또는 부분 조절 달성률 역시 듀피젠트군이 위약군보다 높았고, 이 효과는 36주 추적 관찰까지 유지됐다. 기존 만성 특발성 두드러기 1차 치료에는 2세대 H1-항히스타민을 최대 4배까지 증량해 사용할 수 있지만, 환자의 약 절반은 H1-항히스타민에 충분히 반응하지 않는 것으로 알려져 있다. 2026년 개정 국제 가이드라인에서는 듀피젠트를 H1-항히스타민 불응성 만성 특발성 두드러기의 2차 치료 표적치료제로 오말리주맙과 함께 포함했다. 배경은 사노피 한국법인 대표 겸 한국 및 호주·뉴질랜드 제약 총괄 다국가 리드는 “수포성 유사 천포창은 극심한 가려움과 수포로 환자의 일상을 심각하게 제한할 뿐 아니라 피부질환 중 드물게 사망 위험을 동반하는 질환임에도 그간 치료 대안이 제한적이었다”며 “만성 특발성 두드러기 역시 기존 치료로 조절되지 않는 환자들에게는 선택지가 거의 없었던 영역”이라고 말했다. 그는 “이번 두 적응증 허가는 오랜 시간 치료의 사각지대에 놓여 있던 국내 희귀·난치성 피부질환 환자들에게 과학적 근거에 기반한 새로운 선택지를 제공한다는 점에서 의미가 있다”고 밝혔다.",local,10,생물학적제제,,,0.955001676906328,,1.0,0.955001676906328,8.611007043006577,7.0,9.685011738344295,False
2026-06-11,BD,2026-06-11 20:15:00,Naver News,http://www.fnnews.com/news/202606112013159806,계단만 올라도 숨찬데… 비싼 치료비에 우는 고령 폐질환 환자들 [Weekend 헬스],"만성폐쇄성폐질환은 국내에서 상대적으로 주목받지 못하는 질환이다.전문가들은 COPD를 단순한 폐 질환이 아니라 환자의 생존과 삶의 질, 나아가 국가 의료재정에도 영향을 미치는 대표적인 만성질환으로 보고 있다.11일 영국의 경제 주간지 이코노미스트 산하 연구기관….","만성폐쇄성폐질환은 국내에서 상대적으로 주목받지 못하는 질환이다.전문가들은 COPD를 단순한 폐 질환이 아니라 환자의 생존과 삶의 질, 나아가 국가 의료재정에도 영향을 미치는 대표적인 만성질환으로 보고 있다.11일 영국의 경제 주간지 이코노미스트 산하 연구기관…",local,10,생물학적제제,,,0.9546783438173119,,1.0,0.9546783438173119,8.60964904403271,7.0,9.682748406721183,False
2026-06-11,Client,2026-06-11 11:54:00,Naver News,https://www.monews.co.kr/news/articleView.html?idxno=411774,"임델트라, 국민동의청원 5만명 극적 성원···복지위 심사로 - 메디칼업저버",확장기 소세포폐암 환자의 3차 치료제로 국내 처음 허가된 암젠코리아 임델트라(성분명 탈라타맙)가 국민동의청원 5만명 성원을 채우면서.,[메디칼업저버 문윤희 기자] 확장기 소세포폐암 환자의 3차 치료제로 국내 처음 허가된 암젠코리아 임델트라(성분명 탈라타맙)가 국민동의청원 5만명 성원을 채우면서,local,10,암젠,,,0.953969347946481,,1.0,0.953969347946481,8.60667126137522,7.0,9.677785435625367,False
2026-06-11,BD,2026-06-12 07:06:00,Naver News,https://www.newsway.co.kr/news/view?ud=2026061114035423733,웰니스 열풍에 자가검사 트렌드 안착···체외진단 기업 눈길 - 뉴스웨이,"웰니스 산업 성장과 의료관광 확대에 힘입어 제약·바이오 진단기업들이 STI·HPV 등 성 건강 검사 시장으로 빠르게 이동하고 있다. 정책 변화와 감염 사례 급증, 자가채취 검사 허용 등으로 진단시장 접근성이 강화되면서 씨젠, 바이오다인 등 진단기업의 성장세가 기대된다.","웰니스 산업 성장과 의료관광 확대에 힘입어 제약·바이오 진단기업들이 STI·HPV 등 성 건강 검사 시장으로 빠르게 이동하고 있다. 정책 변화와 감염 사례 급증, 자가채취 검사 허용 등으로 진단시장 접근성이 강화되면서 씨젠, 바이오다인 등 진단기업의 성장세가 기대된다.",local,10,백신,,,0.9539381516530218,,1.0,0.9539381516530218,8.606540236942692,7.0,9.677567061571153,False
2026-06-11,Client,2026-06-11 10:38:00,Naver News,http://www.newsprime.co.kr/news/article.html?no=736393,근육 늘리고 지방 줄이고…ADA 2026 달군 비만신약 경쟁,"지난 5~8일(현지시간) 미국당뇨병학회(ADA) 연례학술대회가 열린 미국 뉴올리언스에서 국내외 제약·바이오 기업들이 차세대 비만·대사질환 치료제 개발 성과를 공개하며 경쟁력을 과시했다. 비만치료제 시장이 단순 체중 감량을 넘어 근육 유지, 혈당 조절, 지방간 개선 등 복합 대사질환 관리 영역으로 확..","[프라임경제] 지난 5~8일(현지시간) 미국당뇨병학회(ADA) 연례학술대회가 열린 미국 뉴올리언스에서 국내외 제약·바이오 기업들이 차세대 비만·대사질환 치료제 개발 성과를 공개하며 경쟁력을 과시했다. 비만치료제 시장이 단순 체중 감량을 넘어 근육 유지, 혈당 조절, 지방간 개선 등 복합 대사질환 관리 영역으로 확..",local,10,화이자,,,0.9536994641473044,,1.0,0.9536994641473044,8.605537749418678,7.0,9.67589624903113,False
2026-06-11,Client,2026-06-11 08:32:00,Naver News,https://www.edaily.co.kr/news/newspath.asp?newsid=02794566645480736,'270조 특허 절벽’ 카운트다운…속도·틈새로 빅파마 영토 노리는 K바이오,글로벌 제약·바이오시장에 최대 규모의 특허 절벽이 다가오고 있다. 연간 수조원에서 수십조원의 매출을 올리던 글로벌 메가 블록버스터 의약품들의 독점권 만료 시점이 올해를 기점으로 대거 도래했기 때문이다. 이에 철옹성을 지키려는 글로벌 빅파마와 이를 침탈해 새로운 캐시카...,글로벌 제약·바이오시장에 최대 규모의 특허 절벽이 다가오고 있다. 연간 수조원에서 수십조원의 매출을 올리던 글로벌 메가 블록버스터 의약품들의 독점권 만료 시점이 올해를 기점으로 대거 도래했기 때문이다. 이에 철옹성을 지키려는 글로벌 빅파마와 이를 침탈해 새로운 캐시카...,local,10,MSD,,,0.9523429203320773,,1.0,0.9523429203320773,8.599840265394725,7.0,9.66640044232454,False
2026-06-11,Client,2026-06-11 06:12:00,Naver News,https://www.hitnews.co.kr/news/articleView.html?idxno=76775,국내 19개 제약 'ADC·TPD·이중항체' 등 차세대 먹거리 '목말라',"국내 주요 제약사들이 바이오 스타트업과의 협업을 위해 공개한 기술 수요를 분석한 결과 항체약물접합체(ADC), 표적단백질분해(TPD), 이중항체 등에 대한 관심이 집중된 것으로 나타났다.중소벤처기업부가 지난 10일 공개한 '2026년 모두의 챌린지 바이오' 수요기술 과제를 보면 유한양행, GC녹십자, 종근당, 한미약품, 동아ST, HK이노엔 등 19개 제약사가 총 36개 협업 과제를 제시했다.19개 제약회사 별 36개 협업 과제는 동아ST(2개 과제) 대원제약(1) 휴온스(2) 유한양행(2) 삼진제약(3) 마더스제약(2) 현대약품(.","국내 주요 제약사들이 바이오 스타트업과의 협업을 위해 공개한 기술 수요를 분석한 결과 항체약물접합체(ADC), 표적단백질분해(TPD), 이중항체 등에 대한 관심이 집중된 것으로 나타났다.중소벤처기업부가 지난 10일 공개한 '2026년 모두의 챌린지 바이오' 수요기술 과제를 보면 유한양행, GC녹십자, 종근당, 한미약품, 동아ST, HK이노엔 등 19개 제약사가 총 36개 협업 과제를 제시했다.19개 제약회사 별 36개 협업 과제는 동아ST(2개 과제) 대원제약(1) 휴온스(2) 유한양행(2) 삼진제약(3) 마더스제약(2) 현대약품(",local,10,현대약품,,,0.9522125629371165,,1.0,0.9522125629371165,8.599292764335889,7.0,9.665487940559816,False
2026-06-11,Client,2026-06-11 11:35:00,Naver News,https://www.newsis.com/view/NISX20260611_0003665306,"""기술 수출로 이익↑""…K-제약바이오, 가치 재창출","국내 제약바이오 기업들이 신약 물질을 개발하는 것에 멈추지 않고 가치를 높여 글로벌 빅파마에 기술을 수출하는 등 가치 재창출에 나서면서 이익을 끌어올리고 있다.11일 제약바이오업계에 따르면 유한양행, 아델, 동아에스티 등 국내 기업들은 관련 기업으로부터 기술을 사들이거나 협력해 가치를 키운 후 글로벌 빅파마에 기술을 수출해 이..","[서울=뉴시스]이소헌 기자 = 국내 제약바이오 기업들이 신약 물질을 개발하는 것에 멈추지 않고 가치를 높여 글로벌 빅파마에 기술을 수출하는 등 가치 재창출에 나서면서 이익을 끌어올리고 있다.11일 제약바이오업계에 따르면 유한양행, 아델, 동아에스티 등 국내 기업들은 관련 기업으로부터 기술을 사들이거나 협력해 가치를 키운 후 글로벌 빅파마에 기술을 수출해 이..",local,10,얀센,,,0.9520403620374874,,1.0,0.9520403620374874,8.598569520557447,7.0,9.664282534262412,False
2026-06-11,Client,2026-06-11 10:40:00,Naver News,https://www.bizhankook.com/bk/article/32503,[유럽스타트업열전] 베를린 '바이오캡'에 온 한국 바이오·헬스케어 스타트업,"메디아이플러스, 메디허브, 아이넥스코퍼레이션, 나인바이오웨어, 마이크로트 등 유럽 진출 '도전'.","메디아이플러스, 메디허브, 아이넥스코퍼레이션, 나인바이오웨어, 마이크로트 등 유럽 진출 '도전'",local,10,화이자,,,0.9516707669465534,,1.0,0.9516707669465534,8.597017221175525,7.0,9.661695368625875,False
2026-06-11,Client,2026-06-08 17:34:00,Naver News,https://www.ajunews.com/view/20260604143535323,27조원 듀피젠트 잡아라…바이오시밀러 선점 경쟁 | 아주경제,글로벌 연매출 178억달러(약 27조원)에 달하는 블록버스터 의약품 듀피젠트(성분명 두필루맙)를 둘러싼 국내 제약·바이오 업계의 경쟁이 본격화되고 있...,글로벌 연매출 178억달러(약 27조원)에 달하는 블록버스터 의약품 듀피젠트(성분명 두필루맙)를 둘러싼 국내 제약·바이오 업계의 경쟁이 본격화되고 있...,local,10,리제네론,,,0.9499393785016214,,1.0,0.9499393785016214,8.58974538970681,7.0,9.649575649511348,False
2026-06-11,Client,2026-06-10 15:41:00,Naver News,https://www.greened.kr/news/articleView.html?idxno=342282,[데이터 뉴스룸] 제약業 50곳 올 1분기 매출 10%대 추락…셀트리온·삼성바이오로직스는 2000억 넘게 매출 외형 증가,"국내 주요 제약 업체들의 올 1분기 매출 성적은 작년 동기간 대비 10% 정도 추락한 것으로 나타났다. 조사 대상 50개 제약 업체의 매출은 1년 새 8000억 원 가까이 증발했다. 다만 개별 기업으로 살펴보면 50곳 중 30곳 이상이 매출이 증가한 것으로 나타났다. 조사 대상 업체 중에서는 셀트리온과 삼성바이오로직스가 1년 새 1분기 매출이 2000억 원 이상 가장 많이 늘었는데, 이중 셀트리온은 별도 기준 매출 증가율이 40%대로 업계 중 가장 높은 것으로 나타났다.이 같은 결과는 본지가 ‘국내.","[녹색경제신문 = 한익재 기자] 국내 주요 제약 업체들의 올 1분기 매출 성적은 작년 동기간 대비 10% 정도 추락한 것으로 나타났다. 조사 대상 50개 제약 업체의 매출은 1년 새 8000억 원 가까이 증발했다. 다만 개별 기업으로 살펴보면 50곳 중 30곳 이상이 매출이 증가한 것으로 나타났다. 조사 대상 업체 중에서는 셀트리온과 삼성바이오로직스가 1년 새 1분기 매출이 2000억 원 이상 가장 많이 늘었는데, 이중 셀트리온은 별도 기준 매출 증가율이 40%대로 업계 중 가장 높은 것으로 나타났다.이 같은 결과는 본지가 ‘국내",local,10,한독,,,0.94902282485919,,1.0,0.94902282485919,8.585895864408597,7.0,9.643159774014329,False
2026-06-11,BD,2026-06-11 11:36:00,Naver News,https://www.newsworks.co.kr/news/articleView.html?idxno=843575,"광동제약, 사내 '윤리데이' 제정… ""공정·청렴 문화 일상화""","광동제약은 사내 '윤리데이' 제정과 컴플라이언스 위원 조직 격상을 통해 준법경영 체계 고도화에 나선다.광동제약은 사내 윤리데이 제정에 맞춰 지난 2일 자율준수관리자 임명식 및 '컴플라이언스위원회' 사령장 수여식을 진행했다. 이어 위원회를 대상으로 사내 자율준수 문화 정착을 위한 CP(Compliance Program) 교육과 내부심사원 기초 교육이 차례로 실시됐다.회사는 이번 윤리데이 제정을 계기로 기존 부패방지 내부심사 조직인 '부패방지소위원회'를 '컴플라이언스위원회'로 격상하고, 내부 감시 조직의 위상과.","[뉴스웍스=김상우 기자] 광동제약은 사내 '윤리데이' 제정과 컴플라이언스 위원 조직 격상을 통해 준법경영 체계 고도화에 나선다.광동제약은 사내 윤리데이 제정에 맞춰 지난 2일 자율준수관리자 임명식 및 '컴플라이언스위원회' 사령장 수여식을 진행했다. 이어 위원회를 대상으로 사내 자율준수 문화 정착을 위한 CP(Compliance Program) 교육과 내부심사원 기초 교육이 차례로 실시됐다.회사는 이번 윤리데이 제정을 계기로 기존 부패방지 내부심사 조직인 '부패방지소위원회'를 '컴플라이언스위원회'로 격상하고, 내부 감시 조직의 위상과",local,10,CSO,,,0.948685393364802,,1.0,0.948685393364802,8.584478652132168,7.0,9.640797753553613,False
2026-06-11,BD,2026-06-12 06:12:00,Naver News,https://www.hitnews.co.kr/news/articleView.html?idxno=76812,"주인 찾은 '바이오 공약'…송도·오송·안동, 무엇부터 움직이나","6·3 지방선거 이후 바이오산업 육성을 핵심 공약으로 내세운 주요 광역단체장 당선인이 확정되면서 지역별 바이오 공약의 후속 추진 방향에도 관심이 모인다. 앞선 지방선거에서는 인천 송도와 충북 오송, 경북 안동 등을 중심으로 바이오 클러스터 확대와 연구개발(R&D), 백신·의료 인프라 강화 공약이 제시됐다.12일 중앙선거관리위원회 선거통계시스템에 따르면 관련 지역 광역단체장 선거에서는 △인천 박찬대(더불어민주당) △충북 신용한(더불어민주당) △경북 이철우(국민의힘) △경기 추미애(더불어민주당) △대전 허태정(더불어민주당) 후보가 각각.","6·3 지방선거 이후 바이오산업 육성을 핵심 공약으로 내세운 주요 광역단체장 당선인이 확정되면서 지역별 바이오 공약의 후속 추진 방향에도 관심이 모인다. 앞선 지방선거에서는 인천 송도와 충북 오송, 경북 안동 등을 중심으로 바이오 클러스터 확대와 연구개발(R&D), 백신·의료 인프라 강화 공약이 제시됐다.12일 중앙선거관리위원회 선거통계시스템에 따르면 관련 지역 광역단체장 선거에서는 △인천 박찬대(더불어민주당) △충북 신용한(더불어민주당) △경북 이철우(국민의힘) △경기 추미애(더불어민주당) △대전 허태정(더불어민주당) 후보가 각각",local,10,백신,,,0.9478249363474504,,1.0,0.9478249363474504,8.580864732659292,7.0,9.634774554432152,False
2026-06-11,Client,2026-06-08 07:02:00,Naver News,https://www.edaily.co.kr/news/newspath.asp?newsid=01836806645479752,"파로스아이바이오, 일라이릴리 '튠랩' 전격 합류…엔비디아 AI 플랫폼 쓴다[only 이데일리]",국내 인공지능(AI) 신약개발 전문기업 파로스아이바이오(388870)가 글로벌 빅파마 일라이릴리(Eli Lilly)와 손을 맞잡았다. 파로스아이바이오는 AI 신약개발 연합학습...,이 기사는 2026년06월07일 08시10분에 팜이데일리 프리미엄 콘텐츠로 선공개 되었습니다. 국내 인공지능(AI) 신약개발 전문기업 파로스아이바이오(388870)가 글로벌 빅파마 일라이릴리(Eli Lilly)와 손을 맞잡았다. 파로스아이바이오는 AI 신약개발 연합학습...,local,10,아스텔라스,,,0.9473929535984877,,1.0,0.9473929535984877,8.579050405113648,7.0,9.631750675189414,False
2026-06-11,Client,2026-06-09 17:14:00,Naver News,http://www.whitepaper.co.kr/news/articleView.html?idxno=263358,셀트리온 등 K-제약 미국시장 공략…'바이오USA 2026'에 250여 곳 참가,"셀트리온, 삼성바이오로직스, 롯데바이오로직스 등 국내 대표 제약·바이오 기업들이 오는 22일부터 25일까지 미국 샌디에이고에서 열리는 바이오산업 행사인 바이오 인터내셔널 컨벤션(BIO USA 2026)에 참가해 글로벌 시장 공략에 나선다.9일 제약업계에 따르면 세계 최대 글로벌 제약·바이오 비즈니스 행사인 'BIO USA 2026'에는 국내 기업 250여 곳이 참가한다. 이는 주최국인 미국에 이어 두 번째로 큰 규모다.세계 최대 바이오 행사를 앞두고 국내 기업들은 글로벌 빅파마를 대상으로.","[화이트페이퍼=김성지 기자] 셀트리온, 삼성바이오로직스, 롯데바이오로직스 등 국내 대표 제약·바이오 기업들이 오는 22일부터 25일까지 미국 샌디에이고에서 열리는 바이오산업 행사인 바이오 인터내셔널 컨벤션(BIO USA 2026)에 참가해 글로벌 시장 공략에 나선다.9일 제약업계에 따르면 세계 최대 글로벌 제약·바이오 비즈니스 행사인 &#39;BIO USA 2026&#39;에는 국내 기업 250여 곳이 참가한다. 이는 주최국인 미국에 이어 두 번째로 큰 규모다.세계 최대 바이오 행사를 앞두고 국내 기업들은 글로벌 빅파마를 대상으로",local,10,애브비,,,0.9465726368982862,,1.0,0.9465726368982862,8.5756050749728,7.0,9.626008458288002,False
2026-06-11,Client,2026-06-11 15:52:00,Naver News,https://www.businesspost.co.kr/BP?command=article_view&num=439770,"전태연 알테오젠 면역항암제 키트루다SC '후속타' 시험대, 제형변경 플...","알테오젠은 세계적 제약사 MSD의 글로벌 매출 1위 면역항암제인 '키트루다'의 피하주사 제형 '키트루다...  알테오젠은 박순재 회장 체제에서 MSD, 아스트라제네카, GSK, 다이이찌산쿄 등 글로벌 제약사와 ALT-B4... ","알테오젠은 세계적 제약사 MSD의 글로벌 매출 1위 면역항암제인 '키트루다'의 피하주사 제형 '키트루다... <알테오젠> 알테오젠은 박순재 회장 체제에서 MSD, 아스트라제네카, GSK, 다이이찌산쿄 등 글로벌 제약사와 ALT-B4... ",local,10,MSD,,,0.9460640519735567,,1.0,0.9460640519735567,8.573469018288938,7.0,9.622448363814897,False
2026-06-11,Client,2026-06-12 06:00:00,Naver News,https://www.joongang.co.kr/article/25436158,"“카프리는 괜찮아, 스키니진만 빼고”…돌아온 카프리 팬츠에 떠는 사...",최근 패션 업계 안팎에서는 위고비·마운자로 등 비만 치료제로 체중을 감량한 이들이 슬림핏 아이템을 적극적으로 찾기 시작했다는 이야기가 심심찮게 들려온다. 몸을 가리기보다 변화된 체형을 드러내는 스타일에 대한... ,최근 패션 업계 안팎에서는 위고비·마운자로 등 비만 치료제로 체중을 감량한 이들이 슬림핏 아이템을 적극적으로 찾기 시작했다는 이야기가 심심찮게 들려온다. 몸을 가리기보다 변화된 체형을 드러내는 스타일에 대한... ,local,10,위고비,,,0.9456090152464116,,1.0,0.9456090152464116,8.571557864034927,7.0,9.61926310672488,False
2026-06-11,Client,2026-06-11 09:13:00,Naver News,https://www.etnews.com/20260610000441,“살 빠졌는데 귀가 늙었다?”…비만치료제로 살 뺀 뒤 몰리는 '귓볼 성형',"오젬픽과 마운자로 같은 GLP-1 계열 비만치료제로 살을 뺀 사람들 사이에서 늘어진 귓볼을 개선하기 위한 미용 시술이 새로운 트렌드로 떠오르고 있다. 9일(현지시간) 뉴욕포스트에 따르면 최근 GLP-1 의약품 사용이 확산되면서 단기간에 체중이 크게 줄어들고, 얼굴뿐 아니라 귓볼의 지방까지 감소해 외형 변화가 나타나는 사례가 늘고 있다. 실제로 오젬픽을 통해 약 20㎏을 감량한 한 이용자는 “귀걸이를 착용하려다 귓볼이 아래로 처진 것을 보고 적잖.","오젬픽과 마운자로 같은 GLP-1 계열 비만치료제로 살을 뺀 사람들 사이에서 늘어진 귓볼을 개선하기 위한 미용 시술이 새로운 트렌드로 떠오르고 있다. 9일(현지시간) 뉴욕포스트에 따르면 최근 GLP-1 의약품 사용이 확산되면서 단기간에 체중이 크게 줄어들고, 얼굴뿐 아니라 귓볼의 지방까지 감소해 외형 변화가 나타나는 사례가 늘고 있다. 실제로 오젬픽을 통해 약 20㎏을 감량한 한 이용자는 “귀걸이를 착용하려다 귓볼이 아래로 처진 것을 보고 적잖",local,10,마운자로,,,0.9455362124974851,,1.0,0.9455362124974851,8.571252092489438,7.0,9.618753487482396,False
2026-06-11,Client,2026-06-11 12:00:00,Naver News,https://www.apsk.co.kr/news/articleView.html?idxno=539562,"베링거인겔하임, '자디앙' 심부전 예방 용도특허 확보 최종 실패 - 메디팜스투데이",베링거인겔하임이 SGLT-2 억제제 계열 당뇨병 치료제 '자디앙(성분명 엠파글리플로진)'의 심부전 예방 효과를 근거로 추진한 국내 용도특허 확보에 최종적으로 실패.,베링거인겔하임이 SGLT-2 억제제 계열 당뇨병 치료제 '자디앙(성분명 엠파글리플로진)'의 심부전 예방 효과를 근거로 추진한 국내 용도특허 확보에 최종적으로 실패,local,10,베링거인겔하임,,,0.9447224279651811,,1.0,0.9447224279651811,8.56783419745376,7.0,9.613056995756267,False
2026-06-11,BD,2026-06-11 17:14:00,Naver News,http://digitalchosun.dizzo.com/site/data/html_dir/2026/06/11/2026061180156.html,"뉴로엑스티, 하버드 BIDMC와 알츠하이머 AI 영상 바이오마커 후속 연구",뉴로엑스티는 MRI(자기공명영상)를 기반으로 알츠하이머병 관련 병리를 예측하는 AI 영상 바이오마커 기술을 개발하고 있다. 회사에 따르면 이 기술은 기존에 아밀로이드 PET 또는 타우 PET 검사를 통해 확인하는 아밀로이드 베타와 타우 단백질의 양성 여부를 MRI 영상만으로 예측하는 것을 목표로 한다. 또 예측된 타우 단백질의 영역별 정보를 활용해 알츠하이머병 치료제인 레켐비와 키선라의 치료 적합성을 평가하는 연구도 진행 중이다.,"뉴로엑스티는 MRI(자기공명영상)를 기반으로 알츠하이머병 관련 병리를 예측하는 AI 영상 바이오마커 기술을 개발하고 있다. 회사에 따르면 이 기술은 기존에 아밀로이드 PET 또는 타우 PET 검사를 통해 확인하는 아밀로이드 베타와 타우 단백질의 양성 여부를 MRI 영상만으로 예측하는 것을 목표로 한다.
또 예측된 타우 단백질의 영역별 정보를 활용해 알츠하이머병 치료제인 레켐비와 키선라의 치료 적합성을 평가하는 연구도 진행 중이다. 회사는 치료에 반응할 가능성이 높은 환자를 선별하는 데 활용할 수 있는지 확인하기 위한 목적이라고 설명했다.
이번 후속 연구에서는 BIDMC에서 1년 이상 알츠하이머병 치료를 받은 환자 데이터를 활용해 AI 영상 바이오마커 기술의 임상적 유용성과 적용 가능성을 추가 검증할 계획이다. 연구는 BIDMC 인지신경학(Cognitive Neurology Unit) 책임자인 다니엘 프레스(Daniel Press) 교수와 인지신경학 부문 의료 책임자인 림 천(Chun Lim) 교수 연구팀이 참여한다.
다만 회사는 기존 공동연구를 통해 기술의 유효성을 확인했다고 밝혔지만, 구체적인 성능 지표나 관련 논문은 아직 공개하지 않았다. 뉴로엑스티는 현재 내부 연구 결과를 바탕으로 논문을 작성 중이라고 설명했다.
성준경 뉴로엑스티 대표는 “BIDMC와의 지속적인 협력은 AI 기술 혁신을 실제 임상 현장에서 활용 가능한 솔루션으로 발전시키기 위한 중요한 이정표”라며 “알츠하이머병 환자 개개인에게 더욱 적합한 치료 전략을 제시할 수 있는 정밀의료 기반을 마련해 나가겠다”고 말했다.",local,10,제휴,,,0.9437114348945324,,1.0,0.9437114348945324,8.563588026557037,7.0,9.605980044261727,False
2026-06-11,BD,2026-06-12 07:36:00,Naver News,https://www.cstimes.com/news/articleView.html?idxno=709464,"건보공단, 성인 독감 진료 분석…의원급 소화제 처방률 80% 육박",컨슈머타임스=안성렬 기자 | 국민건강보험공단(건보공단)이 2023년 7월부터 2024년 6월까지 의원급 의료기관에서 진료받은 성인 독감 환자 140만여 명의 처방 데이터를 분석한 결과 항생제와 소화기계용 약제의 관행적 과잉 처방 실태가 확인됐다고 12일 밝혔다.분석 데이터에 따르면 성인 독감 환자에 대한 소화기계용 약제 처방률은 평균 77.2%(중앙값 91.4%)에 달했다. 이는 독감 진료 시 소화제를 기본으로 함께 처방하는 의료계의 관행적 처방 양상이 반영된 결과로 풀이된다.항생제 처방 역시 합병증이 없는 단순 독감 환자(저위험.,컨슈머타임스=안성렬 기자 | 국민건강보험공단(건보공단)이 2023년 7월부터 2024년 6월까지 의원급 의료기관에서 진료받은 성인 독감 환자 140만여 명의 처방 데이터를 분석한 결과 항생제와 소화기계용 약제의 관행적 과잉 처방 실태가 확인됐다고 12일 밝혔다.분석 데이터에 따르면 성인 독감 환자에 대한 소화기계용 약제 처방률은 평균 77.2%(중앙값 91.4%)에 달했다. 이는 독감 진료 시 소화제를 기본으로 함께 처방하는 의료계의 관행적 처방 양상이 반영된 결과로 풀이된다.항생제 처방 역시 합병증이 없는 단순 독감 환자(저위험,local,10,합병,,,0.941183614086247,,1.0,0.941183614086247,8.552971179162238,7.0,9.58828529860373,False
2026-06-11,Client,2026-06-11 11:45:00,Naver News,https://kormedi.com/?p=2823845,"노바티스 렉비오, 심근경색·협심증 환자서 LDL 목표 도달률 향상",.심근경색이나 불안정성 협심증을 겪은 고위험 환자에서 RNA 치료제 렉비오가 LDL 콜레스테롤 목표 도달률을 높인 것으로 나타났다. 연구에서 목표 수치 달성률은 표준치료 대비 2.4배 높았다.,.심근경색이나 불안정성 협심증을 겪은 고위험 환자에서 RNA 치료제 렉비오가 LDL 콜레스테롤 목표 도달률을 높인 것으로 나타났다. 연구에서 목표 수치 달성률은 표준치료 대비 2.4배 높았다.,local,10,노바티스,,,0.9411140418926411,,1.0,0.9411140418926411,8.552678975949092,7.0,9.587798293248488,False
2026-06-11,Client,2026-06-11 09:56:00,Naver News,https://www.rapportian.com/news/articleView.html?idxno=236942,"한국오가논, 최신 치료 전략 다루는 학술 심포지엄 ‘오가논 위크’ 개최","한국오가논이 심혈관질환, 호흡기질환, 여성·남성질환, 신경계질환 등 주요 치료 영역의 최신 치료 지견을 공유하는 학술 심포지엄 '2026 오가논위크(Organon W.","[라포르시안] 한국오가논이 심혈관질환, 호흡기질환, 여성·남성질환, 신경계질환 등 주요 치료 영역의 최신 치료 지견을 공유하는 학술 심포지엄 '2026 오가논위크(Organon W",local,10,오가논,,,0.9402589960743511,,1.0,0.9402589960743511,8.549087783512276,7.0,9.581812972520458,False
2026-06-11,BD,2026-06-11 07:36:00,Naver News,https://www.medicopharma.co.kr/news/articleView.html?idxno=68352,"제약바이오, 악재 겹친 상반기…“하반기 모멘텀 보유 종목 주목”","제약바이오 섹터가 상반기 높은 변동성을 겪은 가운데, 하반기에는 펀더멘털 훼손이 제한적인 종목을 중심으로 점진적인 비중 확대 전략이 유효하다는 분석이다. 개별 기업 이슈와 수급 불안이 섹터 전반의 투자심리를 눌렀지만, 기술거래 재개와 밸류에이션 하락을 감.","[메디코파마뉴스=최원석 기자] 제약바이오 섹터가 상반기 높은 변동성을 겪은 가운데, 하반기에는 펀더멘털 훼손이 제한적인 종목을 중심으로 점진적인 비중 확대 전략이 유효하다는 분석이다. 개별 기업 이슈와 수급 불안이 섹터 전반의 투자심리를 눌렀지만, 기술거래 재개와 밸류에이션 하락을 감",local,10,로레알,,,0.9397709446210393,,1.0,0.9397709446210393,8.547037967408365,7.0,9.578396612347273,False
2026-06-11,BD,2026-06-11 12:22:00,Naver News,https://www.pinpointnews.co.kr/news/articleView.html?idxno=459349,미·중 고래싸움에 첨단바이오 생태계 '흔들',"글로벌 바이오의약품 시장을 둘러싼 미국과 중국의 패권 경쟁이 규제전 양상으로 치닫고 있다. 중국이 첨단 기술의 해외 유출을 막으려는 시도에 나선 가운데 미국은 중국 기업에 대한 제재 강도를 높이며 맞불을 놓고 있다. 양국의 공세가 격화되면서 글로벌 사업개발(BD) 시장의 불확실성도 커지고 있다.中, 4대 첨단기술 수출 규제 검토11일 업계에 따르면 중국 상무부는 항체 기술, 저분자 표적치료제 기술, 소형 핵산 치료제 기술, 세포·유전자 치료 기술 등 4개 분야를 '중국 수출 금지 및 제한 기술 목록'에 추가하는 방안을 검토 중이다.","글로벌 바이오의약품 시장을 둘러싼 미국과 중국의 패권 경쟁이 규제전 양상으로 치닫고 있다. 중국이 첨단 기술의 해외 유출을 막으려는 시도에 나선 가운데 미국은 중국 기업에 대한 제재 강도를 높이며 맞불을 놓고 있다. 양국의 공세가 격화되면서 글로벌 사업개발(BD) 시장의 불확실성도 커지고 있다.中, 4대 첨단기술 수출 규제 검토11일 업계에 따르면 중국 상무부는 항체 기술, 저분자 표적치료제 기술, 소형 핵산 치료제 기술, 세포·유전자 치료 기술 등 4개 분야를 '중국 수출 금지 및 제한 기술 목록'에 추가하는 방안을 검토 중이다.",local,10,BMS,,,0.9394140354099377,,1.0,0.9394140354099377,8.545538948721738,7.0,9.575898247869564,False
2026-06-11,Client,2026-06-12 07:01:00,Naver News,https://www.hankyung.com/article/2026061114691,"""8㎏ 뺐는데 10년 더 늙어보여""…뜻밖의 특수 누리는 곳이","""8㎏ 뺐는데 10년 더 늙어보여""…뜻밖의 특수 누리는 곳이, 비만치료제가 바꾼 대한민국 소비 지도 슬림핏 패션·피부 리프팅…'마운자로 이코노미' 뜬다 급격히 뺀 살에 ""10년 늙어보여"" 볼륨 채우려 리프팅·필러 시술 헐렁해진 옷 '올 체인지' 소비도 ""술 생각 안나"" 맥주판매 12% 뚝.","""8㎏ 뺐는데 10년 더 늙어보여""…뜻밖의 특수 누리는 곳이, 비만치료제가 바꾼 대한민국 소비 지도 슬림핏 패션&middot;피부 리프팅&hellip;'마운자로 이코노미' 뜬다 급격히 뺀 살에 ""10년 늙어보여"" 볼륨 채우려 리프팅&middot;필러 시술 헐렁해진 옷 '올 체인지' 소비도 ""술 생각 안나"" 맥주판매 12% 뚝",local,10,위고비,,,0.9388669125277708,,1.0,0.9388669125277708,8.543241032616637,7.0,9.572068387694395,False
2026-06-11,BD,2026-06-09 07:02:00,Naver News,https://www.sedaily.com/article/20053110?ref=naver,"K바이오, 기술수출 벌써 13조 돌파…하반기엔 ADC가 이끈다",올 상반기 국내 제약·바이오 기업의 기술수출 규모가 13조 원을 넘어서며 빠른 속도로 증가하고 있다. 글로벌 제약사들이 항체약물접합체(ADC)와 플랫폼 기술 확보에 속도를 내고 있는 만큼 하반기에는 K바이오 기업들이 ADC를 중심으로 기술이전 성과를 낼 것이라는 기대감.,올 상반기 국내 제약·바이오 기업의 기술수출 규모가 13조 원을 넘어서며 빠른 속도로 증가하고 있다. 글로벌 제약사들이 항체약물접합체(ADC)와 플랫폼 기술 확보에 속도를 내고 있는 만큼 하반기에는 K바이오 기업들이 ADC를 중심으로 기술이전 성과를 낼 것이라는 기대감,local,10,얀센,,,0.9369256386227153,,1.0,0.9369256386227153,8.535087682215405,7.0,9.558479470359007,False
2026-06-11,BD,2026-06-11 17:14:00,Naver News,https://kormedi.com/?p=2823999,블랙록·릴리는 왜 투자했나…외국 자금 몰린 제약·바이오 기업들,"제약·바이오 업종 투자심리가 위축된 가운데 HLB, 유한양행, 종근당, 올릭스, 에이비엘바이오에는 해외 자금이 유입되고 있다. FDA 허가 이벤트, 상업화 성과, 플랫폼 기술이 공통 투자 포인트로 꼽힌다.","제약·바이오 업종 투자심리가 위축된 가운데 HLB, 유한양행, 종근당, 올릭스, 에이비엘바이오에는 해외 자금이 유입되고 있다. FDA 허가 이벤트, 상업화 성과, 플랫폼 기술이 공통 투자 포인트로 꼽힌다.",local,10,릴리,,,0.9343204621418959,,1.0,0.9343204621418959,8.524145940995963,7.0,9.540243234993271,False
2026-06-11,Client,2026-06-11 15:08:00,Naver News,https://www.kpanews.co.kr/news/articleView.html?idxno=536550,"렉비오, 급성관상동맥증후군 환자서 LDL-C 조절 가능성 입증 - 약사공론",국내 최초 siRNA 기반 LDL 콜레스테롤 저하제인 렉비오(성분명 인클리시란나트륨)가 급성 관상동맥 증후군(ACS) 환자에서 조기 투여 시 LDL 콜레스테롤(L.,국내 최초 siRNA 기반 LDL 콜레스테롤 저하제인 렉비오(성분명 인클리시란나트륨)가 급성 관상동맥 증후군(ACS) 환자에서 조기 투여 시 LDL 콜레스테롤(L,local,10,노바티스,,,0.9341987135071893,,1.0,0.9341987135071893,8.523634596730194,7.0,9.539390994550324,False
2026-06-11,Client,2026-06-11 10:56:00,Naver News,https://www.medipana.com/news/articleView.html?idxno=412731,'오젬픽' 증량 vs '마운자로' 전환…RWE서 체중감량 우위 확인 - 메디파나뉴스,제2형 당뇨병 환자에서 '오젬픽.,"[메디파나뉴스 = 조해진 기자] 제2형 당뇨병 환자에서 '오젬픽(세마글루티드)' 1mg 투여 후 치료 목표를 충분히 달성하지 못한 경우, '마운자로(터제파타이드)",local,10,마운자로,,,0.9340221422201448,,1.0,0.9340221422201448,8.522892997324607,7.0,9.538154995541014,False
2026-06-11,Client,2026-06-12 06:12:00,Naver News,https://www.hitnews.co.kr/news/articleView.html?idxno=76803,500조 비만약 시장의 결투… 릴리·노보·화이자 '다음 노림수'는,"글로벌 비만 치료제 시장이 제형 다변화와 적응증 확대를 무기로 2라운드 경쟁에 돌입했다.지난 5일부터 나흘간 미국 뉴올리언스에서 열린 2026 미국당뇨병학회(ADA)에서 일라이 릴리와 노보 노디스크는 경구제 시장 선점과 심혈관·신장 질환 등 동반질환 관리 전략을 전면에 내세웠다. 여기에 후발주자인 화이자가 월 1회 투여 제형을 앞세워 차별화를 시도하면서, 글로벌 시장의 경쟁 축이 장기적인 대사질환 관리 영역으로 이동하는 모습이다. 릴리 '파운다요' vs 노보 '위고비 알약'릴리는 이번 ADA에서 경구 GLP-1 계열 치료제 파운다요.","글로벌 비만 치료제 시장이 제형 다변화와 적응증 확대를 무기로 2라운드 경쟁에 돌입했다.지난 5일부터 나흘간 미국 뉴올리언스에서 열린 2026 미국당뇨병학회(ADA)에서 일라이 릴리와 노보 노디스크는 경구제 시장 선점과 심혈관·신장 질환 등 동반질환 관리 전략을 전면에 내세웠다. 여기에 후발주자인 화이자가 월 1회 투여 제형을 앞세워 차별화를 시도하면서, 글로벌 시장의 경쟁 축이 장기적인 대사질환 관리 영역으로 이동하는 모습이다. 릴리 '파운다요' vs 노보 '위고비 알약'릴리는 이번 ADA에서 경구 GLP-1 계열 치료제 파운다요",local,10,적응증,,,0.9668972887243887,,1.0,0.9668972887243887,7.460968612642432,4.0,9.76828102107072,False
2026-06-11,Supply Issues,2026-06-11 14:44:00,Naver News,https://www.etnews.com/20260611000329,디지털 시대 의약품 유통은 '공백'…3500개로 파편화,신선식품·음식 배달 등에서 실시간 배송 추적이 보편화한 것과 달리 국민 건강과 직결되는 의약품 유통 정보는 여전히 제한적이다. 디지털 기반 유통망 관리가 필요하다는 지적이 나온다. 11일 제약업계에 따르면 현재 약국·약사·제약사·환자는 주문한 의약품 이동 경로와 운송 과정 중 적정 조건 유지 여부를 실시간으로 확인하기 어려운 실정이다. 먹거리 안전성을 위해 물류 추적과 콜드체인 인프라 투자를 확대하는 유통업계와 대조적이다.,신선식품·음식 배달 등에서 실시간 배송 추적이 보편화한 것과 달리 국민 건강과 직결되는 의약품 유통 정보는 여전히 제한적이다. 디지털 기반 유통망 관리가 필요하다는 지적이 나온다. 11일 제약업계에 따르면 현재 약국·약사·제약사·환자는 주문한 의약품 이동 경로와 운송 과정 중 적정 조건 유지 여부를 실시간으로 확인하기 어려운 실정이다. 먹거리 안전성을 위해 물류 추적과 콜드체인 인프라 투자를 확대하는 유통업계와 대조적이다. 한 업계 관계자는 “,local,2,품절,,,0.631698616928628,,0.2,0.631698616928628,6.213134191100238,8.0,5.021890318500396,False
2026-06-11,Reimbursement,2026-06-12 06:20:00,Naver News,https://www.newspim.com/news/view/20260611001096,도수치료 관리급여 시행…체외충격파·비급여 주사 '우회 진료' 우려,도수치료 관리급여 시행을 앞두고 체외충격파나 비급여 주사치료 등 다른 비급여 항목으로 수요가 옮겨갈 수 있다는 우려가 벌써부터 나온다. 도수치료 회당 가격이 4만3850원으로 고정되고 이용 횟수도 제한돼 실손의료보험 손해율 개선 기대는.,[서울=뉴스핌] 이윤애 기자 = 도수치료 관리급여 시행을 앞두고 체외충격파나 비급여 주사치료 등 다른 비급여 항목으로 수요가 옮겨갈 수 있다는 우려가 벌써부터 나온다. 도수치료 회당 가격이 4만3850원으로 고정되고 이용 횟수도 제한돼 실손의료보험 손해율 개선 기대는,local,2,급여,,,0.5130302732984595,,0.2,0.5130302732984595,6.11472714785353,9.0,4.191211913089216,False
2026-06-11,Distribution,2026-06-12 06:00:00,Naver News,https://www.bosa.co.kr/news/articleView.html?idxno=3006068,보훈병원 의약품 입찰 시장 '엠제이팜' 독주 - 의학신문,올해 보훈병원 의약품 입찰 시장에서 엠제이팜이 압도적인 낙찰률을 기록하며 독주 체제를 굳혔다.의약품유통업계 및 나라장터에 따르면.,[의학신문·일간보사=김상일 기자]올해 보훈병원 의약품 입찰 시장에서 엠제이팜이 압도적인 낙찰률을 기록하며 독주 체제를 굳혔다.의약품유통업계 및 나라장터에 따르면,local,10,의약품유통,,,0.9709233099016369,,1.0,0.9709233099016369,5.877877901586875,0.0,9.796463169311458,False
2026-06-11,BD,2026-06-09 05:32:00,Naver News,https://www.medicaltimes.com/Main/News/NewsView.html?ID=1169137&ref=naverpc,[메디칼타임즈] 정부 규제가 몰고온 CSO 바람…제약 영업 새 축 급부상,"정부가 제약산업 CP규정 강화 등 정책적 변화가 의약품 판촉영업자 다시말해 CSO 시장 확대로 이어지는 모양새다. 과거 '음지'나 '불법'이라는 부정적 인식에 갇혀 있던 CSO 업계가 보건복지부의 관리·감독 강화와 지출보고서 제출 의무화 등 제도권 안으로 편입되면서의 변화다. 과거와 달리 법인 규모의 대형 CSO업체가 자리를 잡았는가 하면, 국내 전통 제약사도 장기적인 미래 먹거리이자 새로운 비즈니스 모델로 낙점하고 시장 진입에 속도를 내기 시작했다.8일 업계에 따르면 정부의 불법 CSO 근절 의지와 더불어 지출보고서 실태 조사와 공정경쟁규약 개정 등이 맞물리면서 제약업계는 CSO를 제약 영업의 한축으로 자리매김 하는 분위기다.정부의 제약산업 규정 강화로 CSO 가 제약영업의 새로운 축으로 자리매김하는 모양새다.","[메디칼타임즈=이지현 기자] 정부가 제약산업 CP규정 강화 등 정책적 변화가 의약품 판촉영업자 다시말해 CSO 시장 확대로 이어지는 모양새다. 과거 '음지'나 '불법'이라는 부정적 인식에 갇혀 있던 CSO 업계가 보건복지부의 관리·감독 강화와 지출보고서 제출 의무화 등 제도권 안으로 편입되면서의 변화다. 과거와 달리 법인 규모의 대형 CSO업체가 자리를 잡았는가 하면, 국내 전통 제약사도 장기적인 미래 먹거리이자 새로운 비즈니스 모델로 낙점하고 시장 진입에 속도를 내기 시작했다.8일 업계에 따르면 정부의 불법 CSO 근절 의지와 더불어 지출보고서 실태 조사와 공정경쟁규약 개정 등이 맞물리면서 제약업계는 CSO를 제약 영업의 한축으로 자리매김 하는 분위기다.정부의 제약산업 규정 강화로 CSO 가 제약영업의 새로운 축으로 자리매김하는 모양새다. (그래픽: AI 생성 이미지)제약사들이 모든 진료과와 병·의원을 커버하는 것은 영업 효율성 측면에서 한계가 명확하기 때문이다. 가령, 산부인과가 특정 지역에 강력한 네트워크를 가진 전문 CSO업체가 있다면 이를 활용하는 것이 비용 절감과 전문성 강화 측면에서 훨씬 유리하다는 게 일선 제약사 관계자의 설명이다.제약업계 관계자는",local,10,판촉영업자,,,0.9708241621973552,,1.0,0.9708241621973552,5.877461481228893,0.0,9.795769135381487,False
2026-06-11,Client,2026-06-11 19:17:00,Naver News,https://www.dt.co.kr/article/12067209?ref=naver,치료제 없는 ‘선천성 고인슐린혈증’…한독·한미 혁신신약 도전,"의료계의 오랜 난제로 남아있던 선천성 고인슐린혈증 분야에 대한 임상 레이스가 본격화하고 있다. 특히 한독 관계사 레졸루트가 선천성 고인슐린혈증 치료제 임상 3상을 끝내고 미국 식품의약국(FDA)과 추가 임상을 진행할지, 아니면 상업화 과정 절차를 밟을지 논의하고 있어.","의료계의 오랜 난제로 남아있던 선천성 고인슐린혈증 분야에 대한 임상 레이스가 본격화하고 있다. 특히 한독 관계사 레졸루트가 선천성 고인슐린혈증 치료제 임상 3상을 끝내고 미국 식품의약국(FDA)과 추가 임상을 진행할지, 아니면 상업화 과정 절차를 밟을지 논의하고 있어",local,10,제형,,,0.9683959863820435,,1.0,0.9683959863820435,5.867263142804583,0.0,9.778771904674304,False
2026-06-11,BD,2026-06-11 12:06:00,Naver News,https://www.medicaltimes.com/Main/News/NewsView.html?ID=1169199&ref=naverpc,[메디칼타임즈] 엑스탄디 제네릭 진입 전 스위칭…캡슐제형 공급 중단 결정,한국아스텔라스제약의 전립선암 치료제 '엑스탄디'가 특허 만료를 앞두고 정제로의 스위칭을 사실상 완료했다.이는 캡슐제형의 제네릭들의 진입을 앞두고 오리지널 캡슐제형을 중단하면서 정제에 집중하겠다는 전략으로 풀이된다.정제 전환에 따라 공급중단이 결정된 엑스탄디캡슐 제품사진. 11일 식품의약품안전처 공급 중단·부족 보고 현황에 따르면 최근 한국아스텔라스제약은 '엑스탄디연질캡슐'의 공급 중단 결정을 보고했다.이번 공급중단과 관련해 회사 측은.,[메디칼타임즈=허성규 기자] 한국아스텔라스제약의 전립선암 치료제 '엑스탄디'가 특허 만료를 앞두고 정제로의 스위칭을 사실상 완료했다.이는 캡슐제형의 제네릭들의 진입을 앞두고 오리지널 캡슐제형을 중단하면서 정제에 집중하겠다는 전략으로 풀이된다.정제 전환에 따라 공급중단이 결정된 엑스탄디캡슐 제품사진.  11일 식품의약품안전처 공급 중단·부족 보고 현황에 따르면 최근 한국아스텔라스제약은 '엑스탄디연질캡슐'의 공급 중단 결정을 보고했다.이번 공급중단과 관련해 회사 측은,local,10,아스텔라스,,,0.9683865715821455,,1.0,0.9683865715821455,5.867223600645011,0.0,9.778706001075019,False
2026-06-11,Client,2026-06-08 16:36:00,Naver News,https://www.koreahealthlog.com/news/articleView.html?idxno=57511,“FDA 블랙박스 삭제로 호르몬 치료 이점 주목…환자 맞춤형 접근 필요”,"미국 식품의약국(FDA)의 블랙박스 경고 삭제 등 변화하는 글로벌 규제 환경 속에서 최신 폐경 치료 전략과 듀아비브의 임상적 가치를 공유하기 위한 자리가 마련됐다. 한독은 지난 6월 7일 건국대병원에서 열린 대한노인여성의학회 제37차 춘계학술대회 및 연수강좌에서 폐경 호르몬 치료제 ‘듀아비브’ 심포지엄을 성황리에 개최했다고 8일 밝혔다.이번 심포지엄에서 최신 폐경 치료 전략과 듀아비브의 임상적 가치를 공유하기 위해 연자로 나선 해운대백병원 산부인과 전성욱 교수는 최근 폐경 호르몬 치료를 둘러싼 규제 및 가이드라인 변화를 짚으며, 실.","미국 식품의약국(FDA)의 블랙박스 경고 삭제 등 변화하는 글로벌 규제 환경 속에서 최신 폐경 치료 전략과 듀아비브의 임상적 가치를 공유하기 위한 자리가 마련됐다. 한독은 지난 6월 7일 건국대병원에서 열린 대한노인여성의학회 제37차 춘계학술대회 및 연수강좌에서 폐경 호르몬 치료제 ‘듀아비브’ 심포지엄을 성황리에 개최했다고 8일 밝혔다.이번 심포지엄에서 최신 폐경 치료 전략과 듀아비브의 임상적 가치를 공유하기 위해 연자로 나선 해운대백병원 산부인과 전성욱 교수는 최근 폐경 호르몬 치료를 둘러싼 규제 및 가이드라인 변화를 짚으며, 실",local,10,한독,,,0.9666788685598682,,1.0,0.9666788685598682,5.8600512479514455,0.0,9.766752079919076,False
2026-06-11,Client,2026-06-12 06:02:00,Naver News,https://new.dailypharm.com/user/news/339368?REFERER=NP,[데일리팜]글로벌 3상 잇단 진입…GLP-1 후발주자 추격 가속화,"노보노디스크와 일라이릴리가 주도하는 비만치료제 시장에 후발 주자들의 추격이 본격화되고 있다. 경구 GLP-1 수용체 작용제와 아밀린(amylin) 기반 치료제들이 잇따라 후기 임상 단계에 진입하면서 비만 치료제 경쟁 구도도 다변화되는 모습이다. 체중 감량 효과뿐 아니라 복약 편의성과 내약성, 심대사질환 관리까지 새로운 차별화 요소로 부상하고 있다는 평가다. 12일 관련 업계에….","노보노디스크와 일라이릴리가 주도하는 비만치료제 시장에 후발 주자들의 추격이 본격화되고 있다. 경구 GLP-1 수용체 작용제와 아밀린(amylin) 기반 치료제들이 잇따라 후기 임상 단계에 진입하면서 비만 치료제 경쟁 구도도 다변화되는 모습이다. 체중 감량 효과뿐 아니라 복약 편의성과 내약성, 심대사질환 관리까지 새로운 차별화 요소로 부상하고 있다는 평가다. 12일 관련 업계에…",local,10,적응증,,,0.9656603721206328,,1.0,0.9656603721206328,5.855773562906658,0.0,9.75962260484443,False
2026-06-11,BD,2026-06-10 07:16:00,Naver News,https://www.medicopharma.co.kr/news/articleView.html?idxno=68336,"노보, 아밀린 기반 비만 신약 잇단 성과…'포스트 GLP-1' 시대 연다",GLP-1 수용체 작용제(GLP-1 RA)가 주도해온 비만·당뇨병 치료제 시장 경쟁이 새 국면을 맞고 있다. 아밀린(amylin) 기전을 결합한 차세대 치료제들이 잇따라 임상 성과를 발표하면서 '포스트 GLP-1' 시대를 둘러싼 경쟁이 본격화되는 양상이다.,[메디코파마뉴스=이호빈 기자]GLP-1 수용체 작용제(GLP-1 RA)가 주도해온 비만·당뇨병 치료제 시장 경쟁이 새 국면을 맞고 있다. 아밀린(amylin) 기전을 결합한 차세대 치료제들이 잇따라 임상 성과를 발표하면서 '포스트 GLP-1' 시대를 둘러싼 경쟁이 본격화되는 양상이다.,local,10,CSO,,,0.9647040897630703,,1.0,0.9647040897630703,5.851757177004894,0.0,9.752928628341492,False
2026-06-11,Client,2026-06-11 12:28:00,Naver News,https://www.kpanews.co.kr/news/articleView.html?idxno=536537,트로델비 또 폐암 1차 실패…TROP2 ADC 주도권은 머크·AZ로? - 약사공론,길리어드 사이언스(Gilead Sciences)의 TROP2 항체약물접합체(ADC) 트로델비(Trodelvy)가 1차 비소세포폐암(NSCLC) 임상에서 또다시 고.,길리어드 사이언스(Gilead Sciences)의 TROP2 항체약물접합체(ADC) 트로델비(Trodelvy)가 1차 비소세포폐암(NSCLC) 임상에서 또다시 고,local,10,머크,,,0.9634921309221411,,1.0,0.9634921309221411,5.846666949872993,0.0,9.744444916454988,False
2026-06-11,Client,2026-06-11 06:02:00,Naver News,https://www.yakup.com/news/index.html?mode=view&cat=12&nid=328342,[약업신문]HIV 치료의 다음 혁신은 주 1회 알약…머크·길리어드 임상 3상 통과,머크(Merck)와 길리어드 사이언스(Gilead Sciences)가 공동 개발 중인 주 1회 경구 HIV 치료제가 임상 3상에서 성공적인 결과를 확보하며 HIV 치료 패러다임 변화 가능성을 제시했다.최근 공개된 임상 결과에 따...,머크(Merck)와 길리어드 사이언스(Gilead Sciences)가 공동 개발 중인 주 1회 경구 HIV 치료제가 임상 3상에서 성공적인 결과를 확보하며 HIV 치료 패러다임 변화 가능성을 제시했다.최근 공개된 임상 결과에 따...,local,10,머크,,,0.9614578068815135,,1.0,0.9614578068815135,5.838122788902357,0.0,9.730204648170595,False
2026-06-11,BD,2026-06-11 06:02:00,Naver News,https://www.dailypharm.com/user/news/339319?REFERER=NP,"[데일리팜]중증 천식치료제 '테즈파이어', 종합병원 처방권 진입","중증 천식 신약 테즈파이어가 종합병원 처방권에 진입하고 있다. 관련 업계에 따르면 한국아스트라제네카의 항-인간 흉선 기질상 림포포이에틴(TSLP, Thymic stromal lymphopoietin) 중증 천식치료제 테즈파이어(테제펠루맙)는 서울대병원을 비롯해 경상국립대학교병원, 경북대학교병원, 칠곡경북대학교병원, 한림대학교성심병원, 순천향대학교부속서울병원 등 의료기관의 약사위원회(DC,….","중증 천식 신약 테즈파이어가 종합병원 처방권에 진입하고 있다. 관련 업계에 따르면 한국아스트라제네카의 항-인간 흉선 기질상 림포포이에틴(TSLP, Thymic stromal lymphopoietin) 중증 천식치료제 테즈파이어(테제펠루맙)는 서울대병원을 비롯해 경상국립대학교병원, 경북대학교병원, 칠곡경북대학교병원, 한림대학교성심병원, 순천향대학교부속서울병원 등 의료기관의 약사위원회(DC,…",local,10,아스트라제네카,,,0.9609335836700532,,1.0,0.9609335836700532,5.835921051414223,0.0,9.726535085690372,False
2026-06-11,BD,2026-06-11 15:16:00,Naver News,https://www.medicopharma.co.kr/news/articleView.html?idxno=68372,"GSK, 14조에 美 바이오텍 '누발렌트' 인수…폐암 파이프라인 강화","GSK가 미국 바이오텍 누발렌트(Nuvalent)를 106억달러(약 14조 5000억원)에 인수한다. ROS1·ALK 표적 비소세포폐암(NSCLC) 치료제 후보물질을 확보하며 폐암 포트폴리오 강화에 나섰다. 11일 업계에 따르면, GSK는 최근 누발렌트.","[메디코파마뉴스=이호빈 기자] GSK가 미국 바이오텍 누발렌트(Nuvalent)를 106억달러(약 14조 5000억원)에 인수한다. ROS1·ALK 표적 비소세포폐암(NSCLC) 치료제 후보물질을 확보하며 폐암 포트폴리오 강화에 나섰다. 11일 업계에 따르면, GSK는 최근 누발렌트",local,10,GSK,,,0.9606413031339763,,1.0,0.9606413031339763,5.834693473162699,0.0,9.724489121937832,False
2026-06-11,Client,2026-06-11 17:32:00,Naver News,https://www.medipana.com/news/articleView.html?idxno=412753,미당뇨병학회서 '포시가'와 비교임상 발표...동아에스티 '다파프로'는? - 메디파나뉴스,동아에스티가 지난 5~8일 미국당뇨병학회에서 아스트라제네카 '포시가'와 비교임상을 발표한 'DA-2811'은 동아에스티가 오리지널인 '포시가' 성분에 염 변경으로.,동아에스티가 지난 5~8일 미국당뇨병학회에서 아스트라제네카 '포시가'와 비교임상을 발표한 'DA-2811'은 동아에스티가 오리지널인 '포시가' 성분에 염 변경으로,local,10,릴리,,,0.9552122028656796,,1.0,0.9552122028656796,5.811891252035854,0.0,9.686485420059757,False
2026-06-11,Client,2026-06-10 14:26:00,Naver News,https://www.yakup.com/news/index.html?mode=view&cat=16&nid=328329,[약업신문]AZ 엘레코글리프론 2b상서 체중 10.5~11.8% ↓,"체중이 26주차에 10.5%, 36주차에 11.8% ↓아스트라제네카社가 임상 2b상 ‘VISTA 시험’과 ‘SOLSTICE 시험’에서 도출된 경구용 저분자 글루카곤 유사 펩타이드-1(GLP-1) 수용체 작용제 엘레코글리프론(elecog...","체중이 26주차에 10.5%, 36주차에 11.8% ↓아스트라제네카社가 임상 2b상 ‘VISTA 시험’과 ‘SOLSTICE 시험’에서 도출된 경구용 저분자 글루카곤 유사 펩타이드-1(GLP-1) 수용체 작용제 엘레코글리프론(elecog...",local,10,아스트라제네카,,,0.9539901535700767,,1.0,0.9539901535700767,5.806758644994321,0.0,9.677931074990536,False
2026-06-11,Client,2026-06-10 07:04:00,Naver News,https://www.medicopharma.co.kr/news/articleView.html?idxno=68338,"암젠 '임델트라', 유럽서 확장기 소세포폐암 2차 치료제로 승인","암젠의 임델트라(성분명 탈라타맙)가 유럽에서 확장기 소세포폐암(ES-SCLC) 적응증을 추가 획득했다. 3상 임상에서 기존 항암화학요법 대비 생존 개선 효과를 입증하면서 2차 치료 환경 변화 가능성을 제시했다는 평가다.9일 업계에 따르면, 암젠은 최근 유.","[메디코파마뉴스=이호빈 기자] 암젠의 임델트라(성분명 탈라타맙)가 유럽에서 확장기 소세포폐암(ES-SCLC) 적응증을 추가 획득했다. 3상 임상에서 기존 항암화학요법 대비 생존 개선 효과를 입증하면서 2차 치료 환경 변화 가능성을 제시했다는 평가다.9일 업계에 따르면, 암젠은 최근 유",local,10,암젠,,,0.9530100449722946,,1.0,0.9530100449722946,5.802642188883637,0.0,9.671070314806062,False
2026-06-11,Client,2026-06-11 19:04:00,Naver News,https://www.tokenpost.kr/news/international/368227,"로슈, 대장암·유방암 신약 FDA ‘우선심사’ 잇따라…항암 포트폴리오 확대 속도 - TokenPost","로슈(OTCQX:RHHBY)가 미국 식품의약국(FDA)으로부터 핵심 항암 파이프라인 2건에 대해 잇따라 ‘우선심사’를 받았다. 수술 후 재발 억제가 중요한 3기 대장암과 초기 유방암 치료 영역에서 허가 심사가 빨라지면서, 로슈의 항암 포트폴리오...","로슈(OTCQX:RHHBY)가 미국 식품의약국(FDA)으로부터 핵심 항암 파이프라인 2건에 대해 잇따라 ‘우선심사’를 받았다. 수술 후 재발 억제가 중요한 3기 대장암과 초기 유방암 치료 영역에서 허가 심사가 빨라지면서, 로슈의 항암 포트폴리오...",local,10,로슈,,,0.9512534218056332,,1.0,0.9512534218056332,5.795264371583659,0.0,9.658773952639432,False
2026-06-11,Client,2026-06-12 06:40:00,Naver News,https://www.news1.kr/bio/pharmaceutical-bio/6194857,치료제 없는 루이소체 치매 도전장…릴리 '키순라' 국내 2상 개시,"Access Denied You don't have permission to access ""http://www.news1.kr/bio/pharmaceutical-bio/6194857"" on this server. Reference #18.b768c917.1781218396.31d1822b https://errors.edgesuite.net/18.b768c917.1781218396.31d1822b.","Access Denied
You don't have permission to access ""http://www.news1.kr/bio/pharmaceutical-bio/6194857"" on this server.
Reference #18.b768c917.1781218396.31d1822b
https://errors.edgesuite.net/18.b768c917.1781218396.31d1822b",local,10,허가,,,0.9506230094068547,,1.0,0.9506230094068547,5.79261663950879,0.0,9.654361065847983,False
2026-06-11,BD,2026-06-12 07:00:00,Naver News,https://www.medicopharma.co.kr/news/articleView.html?idxno=68370,"위고비, 체중계 밖으로 나왔다…합병증 관리 가능성 확인","비만 치료제 위고비(성분명 세마글루티드)가 체중 감량을 넘어 비만 관련 합병증 관리 영역에서도 존재감을 넓히고 있다. 수면무호흡증(OSA), 천식, 고혈압, 대사이상 관련 지방간염(MASH) 등 다양한 질환에서 임상 성과가 잇따라 공개되면서 비만 치료제.","[메디코파마뉴스=이호빈 기자] 비만 치료제 위고비(성분명 세마글루티드)가 체중 감량을 넘어 비만 관련 합병증 관리 영역에서도 존재감을 넓히고 있다. 수면무호흡증(OSA), 천식, 고혈압, 대사이상 관련 지방간염(MASH) 등 다양한 질환에서 임상 성과가 잇따라 공개되면서 비만 치료제",local,10,합병,,,0.9504883376773423,,1.0,0.9504883376773423,5.792051018244837,0.0,9.653418363741395,False
2026-06-11,Client,2026-06-10 14:36:00,Naver News,https://m.skyedaily.com/news_view.html?ID=305622,"파라빌리스, 바이오텍 IPO 신기록…1조원 규모 공모",미국의 임상개발단계 바이오텍 파라빌리스 메디슨스(Parabilis Medicines)가 6억7000만달러 규모의 기업공개 규모를 확�...,미국의 임상개발단계 바이오텍 파라빌리스 메디슨스(Parabilis Medicines)가 6억7000만달러 규모의 기업공개 규모를 확�...,local,10,리제네론,,,0.949434602125016,,1.0,0.949434602125016,5.787625328925066,0.0,9.646042214875111,False
2026-06-11,BD,2026-06-11 11:02:00,Naver News,https://www.kukinews.com/article/view/kuk202606110044,"지투지바이오, 비만·치매·통증 파이프라인 가시화…장기지속형 제형 ...","Why have I been blocked? This website is using a security service to protect itself from online attacks. The action you just performed triggered the security solution. There are several actions that could trigger this block including submitting a certain word or phrase, a SQL command or malformed data.","Why have I been blocked?
This website is using a security service to protect itself from online attacks. The action you just performed triggered the security solution. There are several actions that could trigger this block including submitting a certain word or phrase, a SQL command or malformed data.",local,10,베링거인겔하임,,,0.949047234292816,,1.0,0.949047234292816,5.785998384029827,0.0,9.643330640049712,False
2026-06-11,Client,2026-06-09 09:34:00,Naver News,http://www.press9.kr/news/articleView.html?idxno=77571,[Pipeline Review][리가켐바이오]④CLDN18.2 ADC ‘블루오션’ 향해,"클라우딘18.2(CLDN18.2) 타깃 항체약물접합체(ADC) 분야는 아직 허가받은 신약이 한 종도 없는 분야다. 리가켐바이오사이언스는 자체개발 후보물질 LCB02A를 앞세워 뛰어들었다. 같은 표적을 노린 ADC 가운데 허가에 가장 근접한 약물조차 중국에서 개발돼 자국 규제당국 심사를 받는 단계여서, 리가켐바이오의 기술수출 등 사업화 기회는 여전히 풍부한 것으로 분석된다.업계에서는 이르면 올 3분기 안에 LCB02A의 임상 투여가 시작될 것이라는 전망이 나온다.임상은 표준치료에 듣지 않았거나 마땅한 치료옵션이 없는 C.","[프레스나인] 클라우딘18.2(CLDN18.2) 타깃 항체약물접합체(ADC) 분야는 아직 허가받은 신약이 한 종도 없는 분야다. 리가켐바이오사이언스는 자체개발 후보물질 LCB02A를 앞세워 뛰어들었다. 같은 표적을 노린 ADC 가운데 허가에 가장 근접한 약물조차 중국에서 개발돼 자국 규제당국 심사를 받는 단계여서, 리가켐바이오의 기술수출 등 사업화 기회는 여전히 풍부한 것으로 분석된다.업계에서는 이르면 올 3분기 안에 LCB02A의 임상 투여가 시작될 것이라는 전망이 나온다.임상은 표준치료에 듣지 않았거나 마땅한 치료옵션이 없는 C",local,10,아스텔라스,,,0.9479503143778021,,1.0,0.9479503143778021,5.781391320386768,0.0,9.635652200644614,False
2026-06-11,Client,2026-06-11 06:00:00,Naver News,https://www.pharmnews.com/news/articleView.html?idxno=304104,"오비누투주맙, 일차성 막성 신병증 3상서 타크로리무스 앞서 - 팜뉴스",성인 신장 질환인 일차성 막성 신병증 치료에서 오비누투주맙(Obinutuzumab) 정맥주사가 기존 타크로리무스(Tacrolimus) 경구.,[팜뉴스=우정민 기자] 성인 신장 질환인 일차성 막성 신병증 치료에서 오비누투주맙(Obinutuzumab) 정맥주사가 기존 타크로리무스(Tacrolimus) 경구,local,10,로슈,,,0.9472431246822887,,1.0,0.9472431246822887,5.778421123665611,0.0,9.630701872776019,False
2026-06-11,Client,2026-06-10 17:45:00,Naver News,https://www.hankyung.com/article/2026061090081,"""차세대 '유도탄 항암제' 내년 글로벌 임상""","""차세대 '유도탄 항암제' 내년 글로벌 임상"", 혈액암 '주소표' CD20·CD22 동시 공략해 내성 극복한 신약 ADC 기업 최초 글로벌 임상 ""혁신 치료제로 글로벌 톱 도약"".","""차세대 '유도탄 항암제' 내년 글로벌 임상"", 혈액암 '주소표' CD20&middot;CD22 동시 공략해 내성 극복한 신약 ADC 기업 최초 글로벌 임상 ""혁신 치료제로 글로벌 톱 도약""",local,10,아스트라제네카,,,0.9470526937106043,,1.0,0.9470526937106043,5.777621313584539,0.0,9.629368855974231,False
2026-06-11,BD,2026-06-10 17:17:00,Naver News,https://www.mt.co.kr/thebio/2026/06/10/2026061016495925659,"""K-ADC, 차별화 역량 충분…글로벌 허브 도약 열쇠는 자체 임상"" - 머니투데이","국내 대표 항체-약물 접합체(ADC) 개발 기업들이 한국이 글로벌 ADC 허브로 도약하려면 임상 개발 단계에 진입해야 한다는 데 입을 모았다. 페이로드로는 주로 톡신(독소)이 사용되는데, 다수의 국내 바이오텍이 케미컬(화학)에 기반을 두고 있다는 점에서 차별화된 ADC 생태계가 형성될 수 있었다.","국내 대표 항체-약물 접합체(ADC) 개발 기업들이 한국이 글로벌 ADC 허브로 도약하려면 임상 개발 단계에 진입해야 한다는 데 입을 모았다. 페이로드로는 주로 톡신(독소)이 사용되는데, 다수의 국내 바이오텍이 케미컬(화학)에 기반을 두고 있다는 점에서 차별화된 ADC 생태계가 형성될 수 있었다.",local,10,암젠,,,0.9451362965674269,,1.0,0.9451362965674269,5.769572445583193,0.0,9.615954075971988,False
2026-06-11,BD,2026-06-12 00:04:00,Naver News,https://m.skyedaily.com/news_view.html?ID=305664,"[스카이 View] 신약전쟁, 1조 모은 나스닥… K바이오 걸음마 뗄까",미국 임상개발단계 바이오텍 파라빌리스 메디슨스(Parabilis Medicines)가 1조원을 넘는 투자를 유치하며 나스닥에 상�...,미국 임상개발단계 바이오텍 파라빌리스 메디슨스(Parabilis Medicines)가 1조원을 넘는 투자를 유치하며 나스닥에 상�...,local,10,백신,,,0.9443414508310379,,1.0,0.9443414508310379,5.766234093490359,0.0,9.610390155817266,False
2026-06-11,Client,2026-06-11 16:47:00,Naver News,https://www.topdaily.kr/articles/110495,"동아에스티, 비만치료제 승부수 통할까",이중작용 기전에 대사질환 전반으로 영역 확대 임상 초기 단계인만큼 기술 수출 등 가능성 주목.,"이중작용 기전에 대사질환 전반으로 영역 확대
임상 초기 단계인만큼 기술 수출 등 가능성 주목",local,10,노보노디스크,,,0.9441014171348592,,1.0,0.9441014171348592,5.765225951966408,0.0,9.608709919944014,False
2026-06-11,Client,2026-06-11 06:04:00,Naver News,http://www.newsmp.com/news/articleView.html?idxno=254506,"GLP-1 RA, 노화 관련 다양한 안질환 위험 감소","GLP-1 RA가 노화와 관련된 안질환에도 긍정적인 영향을 주었다는 연구 결과가 보고됐다.8일, Diabetes, Obesity and Metabolism에는 TriNetX Research Network 데이터를 토대로 당뇨병이 없는 과체중, 또는 비만한 고령층을 대상으로 GLP-1 RA 투약 여부에 따른 안질환 발생률을 비교한 후향적 연구 결과가 보고됐다.연구에서는 삭센다(성분명 리라글루티드)나 위고비(성분명 세마글루티드, 노보노디스크) 등 GLP-1 RA를 투약한 환자와 다른 계열의 비만 치료제를 투약한 환자를 성향.","[의약뉴스] GLP-1 RA가 노화와 관련된 안질환에도 긍정적인 영향을 주었다는 연구 결과가 보고됐다.8일, Diabetes, Obesity and Metabolism에는 TriNetX Research Network 데이터를 토대로 당뇨병이 없는 과체중, 또는 비만한 고령층을 대상으로 GLP-1 RA 투약 여부에 따른 안질환 발생률을 비교한 후향적 연구 결과가 보고됐다.연구에서는 삭센다(성분명 리라글루티드)나 위고비(성분명 세마글루티드, 노보노디스크) 등 GLP-1 RA를 투약한 환자와 다른 계열의 비만 치료제를 투약한 환자를 성향",local,10,노보노디스크,,,0.9435243880267487,,1.0,0.9435243880267487,5.762802429712344,0.0,9.60467071618724,False
2026-06-11,Client,2026-06-11 10:32:00,Naver News,http://www.press9.kr/news/articleView.html?idxno=77748,"킵스파마, 하반기 이데트렉세드 유럽 단독 2상 신청…신약개발 가치 부각","킵스바이오파마(킵스파마)가 조만간 항암신약 이데트렉세드의 유럽 임상 2상에 진입할 전망이다.킵스파마는 최근 기업설명회(IR)를 통해 유럽 단독 2상은 3분기 신청을 목표로 한다.고 밝혔다.해당 임상은 고등급 장액성 난소암(HGSOC) 환자 50명을 대상으로 객관적 반응률(ORR)과 반응지속기간(DOR), 무진행생존기간(PFS), 전체생존기간(OS)을 평가하며, 적응증을 삼중음성유방암(TNBC)과 자궁내막암(EC)으로 넓히는 것을 목표로 한다. 아스트라제네카·MSD의 PARP 억제제 린파자(성분명 올라파립)와 병용하는.","[프레스나인] 킵스바이오파마(킵스파마)가 조만간 항암신약 이데트렉세드의 유럽 임상 2상에 진입할 전망이다.킵스파마는 최근 기업설명회(IR)를 통해 유럽 단독 2상은 3분기 신청을 목표로 한다.고 밝혔다.해당 임상은 고등급 장액성 난소암(HGSOC) 환자 50명을 대상으로 객관적 반응률(ORR)과 반응지속기간(DOR), 무진행생존기간(PFS), 전체생존기간(OS)을 평가하며, 적응증을 삼중음성유방암(TNBC)과 자궁내막암(EC)으로 넓히는 것을 목표로 한다. 아스트라제네카·MSD의 PARP 억제제 린파자(성분명 올라파립)와 병용하는",local,10,MSD,,,0.9435182495712919,,1.0,0.9435182495712919,5.762776648199425,0.0,9.604627746999043,False
2026-06-11,Client,2026-06-12 07:02:00,Naver News,https://www.thebell.co.kr/free/content/ArticleView.asp?key=202606111535374080102260,"[더벨][thebell interview] 다이이찌산쿄 ""최적조합 어려운 ADC, 비용 효율...","◇""ADC 경쟁력은 기술 아닌 환자 효능"" 마인하르트 부사장은 하버드 의대·다나파버 암연구소 연구원, 바이엘 글로벌 임상개발 리더 등을 거친 항암제 개발 전문가다. 2020년 다이이찌산쿄에 합류한 이후 엔허투의 글로벌... ","◇""ADC 경쟁력은 기술 아닌 환자 효능"" 마인하르트 부사장은 하버드 의대·다나파버 암연구소 연구원, 바이엘 글로벌 임상개발 리더 등을 거친 항암제 개발 전문가다. 2020년 다이이찌산쿄에 합류한 이후 엔허투의 글로벌... ",local,10,바이엘,,,0.9428970546482401,,1.0,0.9428970546482401,5.760167629522609,0.0,9.600279382537682,False
2026-06-11,Client,2026-06-11 14:22:00,Naver News,https://www.getnews.co.kr/news/articleView.html?idxno=872157,"[BIO톡]에이비엘바이오, 그랩바디-T 파이프라인 효능·안전성 임상성과 공개 外 박셀바이오·아델",이중항체 전문기업 에이비엘바이오는 6월 9일부터 11일까지 마곡에서 열린 '월드 이중항체 & T 세포 인게이저 서밋 코리아(World Bispecific & T-.,이중항체 전문기업 에이비엘바이오는 6월 9일부터 11일까지 마곡에서 열린 '월드 이중항체 & T 세포 인게이저 서밋 코리아(World Bispecific & T-,local,10,사노피,,,0.9410602322970465,,1.0,0.9410602322970465,5.7524529756475955,0.0,9.587421626079326,False
2026-06-11,Client,2026-06-11 16:30:00,Naver News,https://www.mt.co.kr/thebio/2026/06/11/2026061115380032037,"DXVX, 'OVM-200' 임상 데이터 확보…""기술이전 협상력 극대화"" - 머니투데이",인체 데이터를 통해 강한 면역원성과 초기 임상 활성이 확인된 데다 상대적으로 높은 범용성과 저비용 구조로 글로벌 경쟁력을 확보했단 평가다. 11일 업계에 따르면 OVM는 지난달 30일 미국임상종양학회(ASCO)에서 재조합 중첩 펩타이드(ROP) 기반 항암 면역치료제 'OVM-200'의 임상 1b상 결과를 공개했다.,인체 데이터를 통해 강한 면역원성과 초기 임상 활성이 확인된 데다 상대적으로 높은 범용성과 저비용 구조로 글로벌 경쟁력을 확보했단 평가다. 11일 업계에 따르면 OVM는 지난달 30일 미국임상종양학회(ASCO)에서 재조합 중첩 펩타이드(ROP) 기반 항암 면역치료제 'OVM-200'의 임상 1b상 결과를 공개했다.,local,10,머크,,,0.9409096916114817,,1.0,0.9409096916114817,5.751820704768222,0.0,9.58636784128037,False
2026-06-11,BD,2026-06-10 13:34:00,Naver News,https://www.newsis.com/view/NISX20260610_0003663798,"바이오 '타깃 M&A' 계속…신약개발, 선택·집중 필요","국내외 바이오 업계가 활발한 M&A(인수합병)를 이어가고 있는 가운데, 앞으로의 M&A도 '타깃형'이 주를 이룰 것으로 전망된다.10일 글로벌 회계·컨설팅 그룹인 어니스트앤영(EY)이 지난 9일 발간한 '2026 Biotech Beyond Borders' 보고서에 따르면, 파이프라인을 중심으로 한 M&A가 지속적으로 이어질 전..","[서울=뉴시스]황재희 기자 = 국내외 바이오 업계가 활발한 M&A(인수합병)를 이어가고 있는 가운데, 앞으로의 M&A도 '타깃형'이 주를 이룰 것으로 전망된다.10일 글로벌 회계·컨설팅 그룹인 어니스트앤영(EY)이 지난 9일 발간한 '2026 Biotech Beyond Borders' 보고서에 따르면, 파이프라인을 중심으로 한 M&A가 지속적으로 이어질 전..",local,10,특허만료,,,0.939754843883738,,1.0,0.939754843883738,5.746970344311699,0.0,9.578283907186165,False
2026-06-11,Client,2026-06-12 06:12:00,Naver News,http://www.newsmp.com/news/articleView.html?idxno=254574,"[EHA 2026] 엡킨리, 연령ㆍ동반 질환ㆍ치료 이력 무관 여포성 림프종 진행 억제","애브비의 CD3xCD20 이중특이항체 엡킨리(성분명 엡코리타맙)가 여포성 림프종 환자의 연령이나 동반질환, 치료 이력 등에 상관없이 일관된 효능을 보였다는 연구 결과가 보고됐다.11일(현지시간) 개막한 유럽혈액학회 연례학술회의(EHA 2026)에서는 재발/불응성 여포성 림프종 환자를 대상으로 엡킨리와 레날리도마이드, 리툭시맙 병용요법을 레날리도마이드, 리투시맙 병용요법과 비교하고 있는 3상 임상, EPCORE FL-1 연구의 하위분석 결과가 공개됐다.앞서 이 연구에서는 엡킨리군의 전체반응률(Overall Response.","[의약뉴스] 애브비의 CD3xCD20 이중특이항체 엡킨리(성분명 엡코리타맙)가 여포성 림프종 환자의 연령이나 동반질환, 치료 이력 등에 상관없이 일관된 효능을 보였다는 연구 결과가 보고됐다.11일(현지시간) 개막한 유럽혈액학회 연례학술회의(EHA 2026)에서는 재발/불응성 여포성 림프종 환자를 대상으로 엡킨리와 레날리도마이드, 리툭시맙 병용요법을 레날리도마이드, 리투시맙 병용요법과 비교하고 있는 3상 임상, EPCORE FL-1 연구의 하위분석 결과가 공개됐다.앞서 이 연구에서는 엡킨리군의 전체반응률(Overall Response",local,10,애브비,,,0.9395441227837186,,1.0,0.9395441227837186,5.746085315691617,0.0,9.576808859486029,False
2026-06-11,Client,2026-06-11 06:04:00,Naver News,http://www.newsmp.com/news/articleView.html?idxno=254508,"사노피, 희귀 신경질환 치료제 임상 3상 중단","프랑스 제약사 사노피가 희귀 신경계 질환 치료제 후보물질의 임상 3상 시험을 무용성 판단에 따라 중단하기로 했다.사노피는 표준 치료에 반응하지 않는 만성 염증성 탈수초성 다발신경병증(CIDP) 환자를 대상으로 진행 중인 릴리프루바트(riliprubart)의 MOBILIZE 임상 3상 시험을 중단하기로 결정했다고 10일 발표했다.이번 결정은 독립적인 데이터모니터링위원회가 수행한 중간 분석 결과에 따른 것으로, 위원회는 MOBILIZE 연구가 충분한 유효성을 입증할 가능성이 낮다고 판단했다.중간 분석에서 릴리프루바트와 관련.","[의약뉴스] 프랑스 제약사 사노피가 희귀 신경계 질환 치료제 후보물질의 임상 3상 시험을 무용성 판단에 따라 중단하기로 했다.사노피는 표준 치료에 반응하지 않는 만성 염증성 탈수초성 다발신경병증(CIDP) 환자를 대상으로 진행 중인 릴리프루바트(riliprubart)의 MOBILIZE 임상 3상 시험을 중단하기로 결정했다고 10일 발표했다.이번 결정은 독립적인 데이터모니터링위원회가 수행한 중간 분석 결과에 따른 것으로, 위원회는 MOBILIZE 연구가 충분한 유효성을 입증할 가능성이 낮다고 판단했다.중간 분석에서 릴리프루바트와 관련",local,10,머크,,,0.9393522209983326,,1.0,0.9393522209983326,5.745279328192996,0.0,9.575465546988328,False
2026-06-11,Client,2026-06-11 17:56:00,Naver News,http://www.docdocdoc.co.kr/news/articleView.html?idxno=3039975,"에이비엘바이오, 글로벌 이중항체 서밋서 ‘그랩바디-T’ 성과 발표",에이비엘바이오가 글로벌 이중항체 행사에서 4-1BB 기반 이중항체 플랫폼 ‘그랩바디-T(Grabody-T)’의 임상 개발 성과를 소개했다.에이비엘바이오는 지난 9일부터 11일까지 서울 마곡에서 열린 ‘월드 이중항체 & T 세포 인게이저 서밋 코리아(World Bispecific & T-Cell Engager Summit South Korea)’에서 그랩바디-T를 발표했다고 11일 밝혔다.이번 행사는 고형암 분야 미충족 의료 수요를 해결할 차세대 치료 전략으로 주목받는 이중항체와 T 세포 인게이저 개발 동향을 공유하기 위해 마련됐다.,에이비엘바이오가 글로벌 이중항체 행사에서 4-1BB 기반 이중항체 플랫폼 ‘그랩바디-T(Grabody-T)’의 임상 개발 성과를 소개했다.에이비엘바이오는 지난 9일부터 11일까지 서울 마곡에서 열린 ‘월드 이중항체 & T 세포 인게이저 서밋 코리아(World Bispecific & T-Cell Engager Summit South Korea)’에서 그랩바디-T를 발표했다고 11일 밝혔다.이번 행사는 고형암 분야 미충족 의료 수요를 해결할 차세대 치료 전략으로 주목받는 이중항체와 T 세포 인게이저 개발 동향을 공유하기 위해 마련됐다.,local,10,사노피,,,0.9374397494591412,,1.0,0.9374397494591412,5.7372469477283925,0.0,9.562078246213987,False
2026-06-11,Client,2026-06-11 15:49:00,Naver News,http://www.inews24.com/view/1975819,"대원제약, 안젤릭 앞세워 산부인과 시장 공략",심포지엄 개최⋯임상 활용 사례 공유 대원제약이 산부인과 시장 공략을 강화하고 있다. 대원제약은 최근 자사의 주요 품목 최신 임상 지견을 공유하는 학술 심포지엄을 열었다고 11일 밝혔다. 심포지엄에선 △안젤릭정 △펠루비CR정(소염 진통제) △에스코텐정(위염 치료제) 임상 활용 사례가 다뤄졌다. 안젤릭정은 바이엘코리아의 폐경기 호르몬 치료제다.,심포지엄 개최⋯임상 활용 사례 공유 대원제약이 산부인과 시장 공략을 강화하고 있다. 대원제약은 최근 자사의 주요 품목 최신 임상 지견을 공유하는 학술 심포지엄을 열었다고 11일 밝혔다. 심포지엄에선 △안젤릭정 △펠루비CR정(소염 진통제) △에스코텐정(위염 치료제) 임상 활용 사례가 다뤄졌다. 안젤릭정은 바이엘코리아의 폐경기 호르몬 치료제다.,local,10,바이엘,,,0.9362102919810342,,1.0,0.9362102919810342,5.732083226320342,0.0,9.553472043867238,False
2026-06-11,BD,2026-06-11 16:22:00,Naver News,http://www.docdocdoc.co.kr/news/articleView.html?idxno=3039967,"GC녹십자, 코로나 mRNA 백신 비임상 연구 결과 공개",GC녹십자는 코로나19 백신으로 개발 중인 후보물질이 비임상 연구에서 안전성과 유효성을 보였다고 11일 밝혔다. GC녹십자는 이같은 연구 결과를 지난 10일 열린 'Seoul Pandemic X Summit 2026(서울 팬데믹 X 서밋 2026)'에서 발표했다. GC녹십자의 코로나19 mRNA 백신 후보물질은 mRNA-LNP 플랫폼을 기반으로 개발되고 있다. mRNA-LNP 플랫폼은 '코돈 최적화 소프트웨어(Codon Optimization Software)'로 단백질 발현 효율을 높인 mRNA 서열 설계 역량이 있는 기술이다.,GC녹십자는 코로나19 백신으로 개발 중인 후보물질이 비임상 연구에서 안전성과 유효성을 보였다고 11일 밝혔다. GC녹십자는 이같은 연구 결과를 지난 10일 열린 'Seoul Pandemic X Summit 2026(서울 팬데믹 X 서밋 2026)'에서 발표했다. GC녹십자의 코로나19 mRNA 백신 후보물질은 mRNA-LNP 플랫폼을 기반으로 개발되고 있다. mRNA-LNP 플랫폼은 '코돈 최적화 소프트웨어(Codon Optimization Software)'로 단백질 발현 효율을 높인 mRNA 서열 설계 역량이 있는 기술이다.,local,10,백신,,,0.933726398595101,,1.0,0.933726398595101,5.721650874099423,0.0,9.536084790165706,False
2026-06-11,Client,2026-06-10 07:02:00,Naver News,https://www.thebell.co.kr/free/content/ArticleView.asp?key=202606091345304120106875,[더벨]국민성장펀드 3번째 바이오 리가켐바이오? 신약 확장 촉각,글로벌 빅파마 얀센에 기술수출한 TROP2 표적 ADC 물질 'LCB84'가 임상 1상을 순항 중이다. 올해 상반기 중 임상 1상을 마무리하고 곧장 임상 2상을 진행할 계획이다. 한편 올해 초 본격 가동한 국민성장펀드는 인공지능(AI)... ,글로벌 빅파마 얀센에 기술수출한 TROP2 표적 ADC 물질 'LCB84'가 임상 1상을 순항 중이다. 올해 상반기 중 임상 1상을 마무리하고 곧장 임상 2상을 진행할 계획이다. 한편 올해 초 본격 가동한 국민성장펀드는 인공지능(AI)... ,local,10,얀센,,,0.9329296912660119,,1.0,0.9329296912660119,5.718304703317249,0.0,9.530507838862082,False
2026-06-11,Reimbursement,2026-06-12 06:02:00,Naver News,https://www.dailypharm.com/user/news/339362?REFERER=NP,[데일리팜]프롤리아 시밀러 점유율 23%…재정절감과 새 성장동력 순기능,"국내 제약바이오기업들이 연간 1500억원 규모의 골다공증치료제 프롤리아 시장에서 영향력을 빠르게 확대하고 있다. 셀트리온과 삼성바이오에피스가 발매 1년 만에 점유율 23%를 합작했다. 대웅제약, 한미약품 등 영업력에 강점을 갖는 대형 전통제약사들의 가세로 빠른 속도로 시장에 침투하는 모습이다. 바이오시밀러 발매로 오리지널 의약품의 약가도 떨어지면서 건강보험 재정 절감….","국내 제약바이오기업들이 연간 1500억원 규모의 골다공증치료제 프롤리아 시장에서 영향력을 빠르게 확대하고 있다. 셀트리온과 삼성바이오에피스가 발매 1년 만에 점유율 23%를 합작했다. 대웅제약, 한미약품 등 영업력에 강점을 갖는 대형 전통제약사들의 가세로 빠른 속도로 시장에 침투하는 모습이다. 바이오시밀러 발매로 오리지널 의약품의 약가도 떨어지면서 건강보험 재정 절감…",local,2,급여,,,0.22727472149696853,,0.2,0.22727472149696853,5.714553830287268,11.0,2.1909230504787796,False
2026-06-11,Client,2026-06-12 07:32:00,Naver News,https://www.thebell.co.kr/free/content/ArticleView.asp?key=202606110804062740109513,"[더벨][인제니아테라퓨틱스 IPO] 7700억 몸값 도전, MSD 주도 안과 3상에...",미국 매사추세츠주에 본사를 둔 신약개발기업 인제니아테라퓨틱스가 한국예탁증권(KDR) 방식으로... 항체신약 개발기업이다. 카이스트·기초과학연구원으로부터 전용실시권을 확보한 TIE2 활성화 항체 기술 'TIE... ,미국 매사추세츠주에 본사를 둔 신약개발기업 인제니아테라퓨틱스가 한국예탁증권(KDR) 방식으로... 항체신약 개발기업이다. 카이스트·기초과학연구원으로부터 전용실시권을 확보한 TIE2 활성화 항체 기술 'TIE... ,local,10,신약,,,0.931742231089194,,1.0,0.931742231089194,5.713317370574615,0.0,9.522195617624359,False
2026-06-11,Reimbursement,2026-06-12 06:12:00,Naver News,https://www.hitnews.co.kr/news/articleView.html?idxno=76804,"RWE 가이드라인에 업계 ""희귀·항암제 현실 반영 부족"" 우려","약제성과평가를 위한 실제근거(RWE) 생성 가이드라인이 공개된 가운데 제약업계에서는 희귀질환 치료제와 항암제의 실제 연구 환경을 고려한 보완이 필요하다는 지적이 나온다.실제자료(RWD)를 활용한 성과평가 체계 마련 필요성에는 공감하지만, 환자 수가 적고 대조군 설정이 어려운 약제에 일반적인 연구 품질관리 기준이 적용될 경우 제약사의 자료 생성 부담이 커질 수 있다는 우려다.건강보험심사평가원은 11일 건강보험 등재 약제의 성과평가에 활용할 RWE 생성 가이드라인을 제정 및 공개했다. 가이드라인은 실제자료와 실제근거의 정의, 연구계획.","약제성과평가를 위한 실제근거(RWE) 생성 가이드라인이 공개된 가운데 제약업계에서는 희귀질환 치료제와 항암제의 실제 연구 환경을 고려한 보완이 필요하다는 지적이 나온다.실제자료(RWD)를 활용한 성과평가 체계 마련 필요성에는 공감하지만, 환자 수가 적고 대조군 설정이 어려운 약제에 일반적인 연구 품질관리 기준이 적용될 경우 제약사의 자료 생성 부담이 커질 수 있다는 우려다.건강보험심사평가원은 11일 건강보험 등재 약제의 성과평가에 활용할 RWE 생성 가이드라인을 제정 및 공개했다. 가이드라인은 실제자료와 실제근거의 정의, 연구계획",local,2,급여,,,0.31357016686430694,,0.2,0.31357016686430694,5.276994700830089,9.0,2.7949911680501485,False
2026-06-11,Supply Issues,2026-06-10 09:02:00,Naver News,https://view.asiae.co.kr/article/2026061009024883710,[산업의 맥]의약품 품절 사태가 던진 역설,다래끼 치료에 필요한 안연고 하나를 약국에서 구하지 못한다면 어떨까. 어린이 해열제나 항생제가 전국적으로 품귀를 빚는다면 어떨까.,다래끼 치료에 필요한 안연고 하나를 약국에서 구하지 못한다면 어떨까.  어린이 해열제나 항생제가 전국적으로 품귀를 빚는다면 어떨까.,local,2,품귀,,,0.6233057043722804,,0.2,0.6233057043722804,4.977883958363577,5.0,4.963139930605962,False
2026-06-11,Product Approval,2026-06-12 05:38:00,Naver News,http://www.bizwnews.com/news/articleView.html?idxno=138500,"[헬스 이모저모] 시지바이오, 광동제약, 휴온스그룹 등","◆시지바이오, ‘이지에프 MD 스프레이’ 출시시지바이오(대표 유현승)가 상처 관리 분야 포트폴리오를 확대하며 관련 시장 공략에 나섰다.외래 처치 증가와 재택 관리 수요 확대에 따라 비접촉형 상처 보호 제품에 대한 관심이 커지는 가운데 스프레이형 피부보호 의료기기를 새롭게 선보이면서다.시지바이오는 ‘이지에프 MD 스프레이(Easyef MD Spray)’를 출시했다고 12일 밝혔다.회사에 따르면 이는 대웅제약이 개발한 고활성 상피세포성장인자 ‘DW-EGF’와 나노클레이 기반 제형을 적용한 스프레이형 피부보호 의료기기다.구강.","[비즈월드] ◆시지바이오, ‘이지에프 MD 스프레이’ 출시시지바이오(대표 유현승)가 상처 관리 분야 포트폴리오를 확대하며 관련 시장 공략에 나섰다.외래 처치 증가와 재택 관리 수요 확대에 따라 비접촉형 상처 보호 제품에 대한 관심이 커지는 가운데 스프레이형 피부보호 의료기기를 새롭게 선보이면서다.시지바이오는 ‘이지에프 MD 스프레이(Easyef MD Spray)’를 출시했다고 12일 밝혔다.회사에 따르면 이는 대웅제약이 개발한 고활성 상피세포성장인자 ‘DW-EGF’와 나노클레이 기반 제형을 적용한 스프레이형 피부보호 의료기기다.구강",local,2,제형,,,0.13623000441422445,,0.2,0.13623000441422445,4.932166018539743,10.0,1.5536100308995708,False
2026-06-11,Reimbursement,2026-06-12 06:02:00,Naver News,https://www.dailypharm.com/user/news/339374?REFERER=NP,"[데일리팜]탈모약 급여화, 국민이 직접 논의…7월 첫 공론화 토론회",사회적 찬반 논쟁이 뜨거운 탈모치료제 건강보험 급여 적용 이슈에 대해 정부가 국민들과 함께하는 첫 공식 숙의·공론화의 장을 마련한다. 행정안전부(장관 윤호중)는 국민적 관심도가 높고 사회적 공감대 형성이 필요한 생활 속 정책 문제를 국민이 직접 토론하고 해결 방안을 모색하는 국민참여형 공론장인 모두의 토론회를 연중 운영한다고 11일 밝혔다. 이번 토론회의 첫 의제로 보건….,사회적 찬반 논쟁이 뜨거운 탈모치료제 건강보험 급여 적용 이슈에 대해 정부가 국민들과 함께하는 첫 공식 숙의·공론화의 장을 마련한다. 행정안전부(장관 윤호중)는 국민적 관심도가 높고 사회적 공감대 형성이 필요한 생활 속 정책 문제를 국민이 직접 토론하고 해결 방안을 모색하는 국민참여형 공론장인 모두의 토론회를 연중 운영한다고 11일 밝혔다. 이번 토론회의 첫 의제로 보건…,local,2,급여,,,0.18632678860593596,,0.2,0.18632678860593596,4.742572512144931,9.0,1.9042875202415517,False
2026-06-11,Product Approval,2026-06-12 01:18:00,Naver News,http://www.thefirstmedia.net/news/articleView.html?idxno=201172,"시지바이오, DW-EGF 적용 '이지에프 MD 스프레이' 선봬…""상처 보호 솔루션 확대""","바이오 재생의료 전문기업 시지바이오가 스프레이형 피부보호 의료기기 '이지에프 MD 스프레이(Easyef MD Spray)'를 출시하며 상처 관리 제품군 확대에 나섰다고 12일 밝혔다.이지에프 MD 스프레이는 대웅제약이 개발한 고활성 상피세포성장인자(DW-EGF)와 나노클레이 기반 제형 기술을 적용한 제품으로, 구강점막과 외과적 상처 부위에 분사해 물리적 보호막을 형성하는 스프레이형 의료기기다. 이를 통해 외부 자극과 오염물질로부터 상처 부위를 보호하고 적절한 습윤 환경 유지에 도움을 줄 수 있도록 설계됐다.최근 외래.","바이오 재생의료 전문기업 시지바이오가 스프레이형 피부보호 의료기기 &#39;이지에프 MD 스프레이(Easyef MD Spray)&#39;를 출시하며 상처 관리 제품군 확대에 나섰다고 12일 밝혔다.이지에프 MD 스프레이는 대웅제약이 개발한 고활성 상피세포성장인자(DW-EGF)와 나노클레이 기반 제형 기술을 적용한 제품으로, 구강점막과 외과적 상처 부위에 분사해 물리적 보호막을 형성하는 스프레이형 의료기기다. 이를 통해 외부 자극과 오염물질로부터 상처 부위를 보호하고 적절한 습윤 환경 유지에 도움을 줄 수 있도록 설계됐다.최근 외래",local,2,신제품,,,0.083872167946807,,0.2,0.083872167946807,4.712263105376589,10.0,1.187105175627649,False
2026-06-11,Product Approval,2026-06-12 07:30:00,Naver News,https://news.hidoc.co.kr/news/articleView.html?idxno=63254,“혈압약 평생 먹어야 하나요?”… 고혈압 환자가 꼭 알아야 할 관리법 - 하이닥,"""건강검진에서 혈압이 조금 높게 나왔는데, 약은 한 번 먹기 시작하면 평생 끊을 수 없다니 당장 먹기가 너무 망설여진다""고혈압 전 단계나 초기 진단을 받은 사람들.","""건강검진에서 혈압이 조금 높게 나왔는데, 약은 한 번 먹기 시작하면 평생 끊을 수 없다니 당장 먹기가 너무 망설여진다""고혈압 전 단계나 초기 진단을 받은 사람들",local,2,용량,,,0.36716810234992886,,0.2,0.36716810234992886,4.702106029869702,7.0,3.170176716449502,False
2026-06-11,Reimbursement,2026-06-12 07:10:00,Naver News,https://www.cbci.co.kr/news/articleView.html?idxno=581381,"행안부, 국민 참여 공론장 ‘모두의 토론회’ 연중 운영","행정안전부는 국민이 정책 형성 과정에 직접 참여하는 공론장 ‘모두의 토론회’를 연중 운영한다고 11일 밝혔다.‘모두의 토론회’는 현장에서 전문가 발제를 듣고 국민이 숙의하는 오프라인 토론회와, 국민 참여 플랫폼을 통한 온라인 토론회로 구성된다. 온라인 토론회는 상시 참여가 가능하며, 오프라인 토론회는 올해 3∼4회 열릴 예정이다.첫 오프라인 토론회는 다음 달 4일 서울에서 ‘탈모치료제의 건강보험 급여 적용’을 주제로 개최된다.참여를 희망하는 국민은 오는 19일까지 소통24와 행정안전부 누리집을 통해 신청할 수 있다.","[CBC뉴스] 행정안전부는 국민이 정책 형성 과정에 직접 참여하는 공론장 ‘모두의 토론회’를 연중 운영한다고 11일 밝혔다.‘모두의 토론회’는 현장에서 전문가 발제를 듣고 국민이 숙의하는 오프라인 토론회와, 국민 참여 플랫폼을 통한 온라인 토론회로 구성된다. 온라인 토론회는 상시 참여가 가능하며, 오프라인 토론회는 올해 3∼4회 열릴 예정이다.첫 오프라인 토론회는 다음 달 4일 서울에서 ‘탈모치료제의 건강보험 급여 적용’을 주제로 개최된다.참여를 희망하는 국민은 오는 19일까지 소통24와 행정안전부 누리집을 통해 신청할 수 있다.",local,2,급여,,,0.169008941631371,,0.2,0.169008941631371,4.6698375548517586,9.0,1.783062591419597,False
2026-06-11,Product Approval,2026-06-12 06:36:00,Naver News,http://www.docdocdoc.co.kr/news/articleView.html?idxno=3039980,ADA 휩쓴 GLP-1 경쟁…국내 기업은 '월 1회 DDS'로 틈새 공략,"올해 열린 미국당뇨병학회(ADA) 학술대회에서 비만·당뇨 치료제 경쟁의 무게중심이 다시 한 번 확인됐다.이달 5~8일(현지시간)까지 미국 뉴올리언스에서 열린 ADA 2026의 핵심 화두는 단순한 혈당 강하나 체중 감량을 넘어섰다. 글로벌 제약사들은 GLP-1 기반 치료제를 다중작용제, 경구제, MASH·MASLD 등 동반 대사질환 영역으로 확장하며 차세대 대사질환 치료제의 기준을 새로 제시했다.반면 국내 제약바이오 기업들은 동일한 효능 경쟁에 정면으로 뛰어들기보다는 약물전달시스템(DDS), 장기지속형 주사제, 고함량 펩타이드 탑재.","올해 열린 미국당뇨병학회(ADA) 학술대회에서 비만·당뇨 치료제 경쟁의 무게중심이 다시 한 번 확인됐다.이달 5~8일(현지시간)까지 미국 뉴올리언스에서 열린 ADA 2026의 핵심 화두는 단순한 혈당 강하나 체중 감량을 넘어섰다. 글로벌 제약사들은 GLP-1 기반 치료제를 다중작용제, 경구제, MASH·MASLD 등 동반 대사질환 영역으로 확장하며 차세대 대사질환 치료제의 기준을 새로 제시했다.반면 국내 제약바이오 기업들은 동일한 효능 경쟁에 정면으로 뛰어들기보다는 약물전달시스템(DDS), 장기지속형 주사제, 고함량 펩타이드 탑재",local,2,적응증,,,0.26473091658606446,,0.2,0.26473091658606446,4.271869849661471,7.0,2.4531164161024512,False
2026-06-11,Product Approval,2026-06-11 21:50:00,Naver News,https://www.mediafine.co.kr/news/articleView.html?idxno=80755,"LG화학, 15년 축적한 저신장증 치료 데이터 공개로 유트로핀 신뢰도 높인다",LG화학이 성장호르몬 치료제 ‘유트로핀’의 장기 안전성과 효과를 입증하는 연구 데이터를 바탕으로 저신장증 치료 분야에서의 신뢰 강화에 나섰다.,LG화학이 성장호르몬 치료제 ‘유트로핀’의 장기 안전성과 효과를 입증하는 연구 데이터를 바탕으로 저신장증 치료 분야에서의 신뢰 강화에 나섰다.,local,2,신제품,,,0.24629148301276388,,0.2,0.24629148301276388,4.194424228653609,7.0,2.324040381089347,False
2026-06-11,Product Approval,2026-06-12 05:58:00,Naver News,https://www.monews.co.kr/news/articleView.html?idxno=411789,"GLP-1 기반 MASH 치료···""환자 선별·장기 유지치료가 관건"" - 메디칼업저버",대사이상지방간염(MASH) 환자에서 GLP-1 수용체 작용제(이하 GLP-1 제제)가 새로운 치료옵션으로 자리 잡으면서 실제 진료 현.,[메디칼업저버 이지현 기자] 대사이상지방간염(MASH) 환자에서 GLP-1 수용체 작용제(이하 GLP-1 제제)가 새로운 치료옵션으로 자리 잡으면서 실제 진료 현,local,2,용량,,,0.20627067316919592,,0.2,0.20627067316919592,4.026336827310623,7.0,2.0438947121843714,False
2026-06-11,Supply Issues,2026-06-11 13:36:00,Naver News,https://ilyo.co.kr/?ac=article_view&entry_id=511365,"태풍에도 대기행렬, 온라인 예약사이트 마비…일본 뒤흔든 도넛의 정체",태풍도 이 도넛의 인기를 막지는 못했다. 일본에 태풍 ‘장미’가 상륙한 지난 6월 3일. 비바람 속에서도 미스터도넛 매장 앞에는 긴 대기 행렬이 이어...,[일요신문] 태풍도 이 도넛의 인기를 막지는 못했다. 일본에 태풍 ‘장미’가 상륙한 지난 6월 3일. 비바람 속에서도 미스터도넛 매장 앞에는 긴 대기 행렬이 이어...,local,2,품절,,,0.3623313597964692,,0.2,0.3623313597964692,3.8817917111451705,5.0,3.1363195185752843,False
2026-06-11,Product Approval,2026-06-12 07:30:00,Naver News,https://www.sisaon.co.kr/news/articleView.html?idxno=201793,해외 탄력 받은 센텔리안24…동국제약 1조 달성 이끌까 - 시사오늘(시사ON),=조현호 기자]동국제약이 올해 1분기 실적 성장세를 이어가며 연 매출 1조 원 달성 기대감을 키우고 있다. 더마 코스메틱 브랜드 ‘센텔리안24.,[시사오늘(시사ON)=조현호 기자]동국제약이 올해 1분기 실적 성장세를 이어가며 연 매출 1조 원 달성 기대감을 키우고 있다. 더마 코스메틱 브랜드 ‘센텔리안24,local,2,신제품,,,0.16787584177803117,,0.2,0.16787584177803117,3.865078535467731,7.0,1.7751308924462181,False
2026-06-11,Product Approval,2026-06-12 05:56:00,Naver News,https://www.pharmnews.com/news/articleView.html?idxno=304131,"숨은 수요 깨운 일본 여성질환 시장, 2030년 11조원 넘어 - 팜뉴스",일본의 의료용 및 일반용(OTC) 여성 질환 치료제 시장이 2025년 965억 엔(약 8조9700억원)에서 2026년 1010억 엔(약 9.,[팜뉴스=우정민 기자] 일본의 의료용 및 일반용(OTC) 여성 질환 치료제 시장이 2025년 965억 엔(약 8조9700억원)에서 2026년 1010억 엔(약 9,local,2,용량,,,0.161457020437625,,0.2,0.161457020437625,3.8381194858380248,7.0,1.7301991430633747,False
2026-06-11,Reimbursement,2026-06-12 06:00:00,Naver News,https://www.bosa.co.kr/news/articleView.html?idxno=3006095,펠루비프로펜 제제 시장에 동구바이오 가세 - 의학신문,비스테로이드성 소염진통제 펠루비프로펜 제제 시장에 동구바이오제약이 가세한다. 이에 따라 펠루비 패밀리와 후발약 간 경쟁이 한층.,[의학신문·일간보사=김정일 기자] 비스테로이드성 소염진통제 펠루비프로펜 제제 시장에 동구바이오제약이 가세한다. 이에 따라 펠루비 패밀리와 후발약 간 경쟁이 한층,local,2,약가,,,0.2462125937008511,,0.2,0.2462125937008511,3.794092893543575,6.0,2.3234881559059577,False
2026-06-11,Product Approval,2026-06-12 06:26:00,Naver News,https://www.bosa.co.kr/news/articleView.html?idxno=3006100,우주 바이오의약 추격…‘연속 실증·국가 컨소시엄’ 필요 - 의학신문,한국이 우주 바이오의약 분야에서 선진국과의 기술격차를 좁히기 위해서는 단발성 우주 실험을 넘어 연속적인 탑재 실증 체계를 구축하.,[의학신문·일간보사=정광성 기자] 한국이 우주 바이오의약 분야에서 선진국과의 기술격차를 좁히기 위해서는 단발성 우주 실험을 넘어 연속적인 탑재 실증 체계를 구축하,local,2,제형,,,0.13402313479068803,,0.2,0.13402313479068803,3.72289716612089,7.0,1.5381619435348162,False
2026-06-11,Product Approval,2026-06-12 06:02:00,Naver News,https://bravo.etoday.co.kr/view/atc_view/19294,노인의학 권위자가 말하는 ‘잘 늙는 법’,"윤종률 한림대학교병원 명예교수, 현 돌봄의원 재택의료센터 의사(스민스튜디오)의사도 환자도 ‘수치’를 믿고, 그 숫자로 상태를 판단하며, 숫자를 정.","윤종률 한림대학교병원 명예교수, 현 돌봄의원 재택의료센터 의사(스민스튜디오)의사도 환자도 ‘수치’를 믿고, 그 숫자로 상태를 판단하며, 숫자를 정",local,2,용량,,,0.11021322824914781,,0.2,0.11021322824914781,3.622895558646421,7.0,1.3714925977440346,False
2026-06-11,Product Approval,2026-06-12 07:16:00,Naver News,https://www.koreadaily.com/article/20260611151554092,"FDA, 한국산 선크림 성분 승인…미국 선크림 시장 바뀌나 | 미주중앙일보","ABOUT ADVERTISING SUBSCRIPTION PRIVACY POLICY TERMS OF SERVICE HELP & CONTACT 690 Wilshire Place Los Angeles, CA 90005 TEL. (213) 368-2500 FAX. (213) 389-6196 © Joongangilbo USA. All Rights Reserved.","ABOUT
ADVERTISING
SUBSCRIPTION
PRIVACY POLICY
TERMS OF SERVICE
HELP & CONTACT
윤리경영
고객센터
690 Wilshire Place Los Angeles, CA 90005
TEL. (213) 368-2500 FAX. (213) 389-6196
© Joongangilbo USA. All Rights Reserved.",local,2,허가,,,0.09825047172234605,,0.2,0.09825047172234605,3.5726519812338537,7.0,1.2877533020564222,False
2026-06-11,Product Approval,2026-06-12 06:46:00,Naver News,https://www.dailymedi.com/news/news_view.php?wr_id=937292,"종근당, 2조원 투자 ‘배곧 프로젝트’ 본격화","﻿﻿﻿﻿﻿﻿종근당 바이오의약품 복합연구개발단지 조감도. 시흥시종근당이 경기 시흥 배곧지구 바이오복합연구단지 조성을 위한 대규모 시설투자를 확정했다. 2조2000억원 규모 투자양해각서가 단순 중장기 구상에 그치지 않고, 토지 확보, 시설투자 결정으로 이어지면서 종근당 중심 바이오의약품 연구개발 거점 구축이 실행 단계에 들어섰다.이번 투자는 종근당이 합성의약품 중심 사업 기반을 넘어 바이오의약품, 차세대 신약, 유전자치료제 등 미래 성장동력 확보를 위한 연구개발 인프라 선제 구축 차원에서 의미가 크다.","﻿﻿﻿﻿﻿﻿종근당 바이오의약품 복합연구개발단지 조감도. 시흥시종근당이 경기 시흥 배곧지구 바이오복합연구단지 조성을 위한 대규모 시설투자를 확정했다. 2조2000억원 규모 투자양해각서가 단순 중장기 구상에 그치지 않고, 토지 확보, 시설투자 결정으로 이어지면서 종근당 중심 바이오의약품 연구개발 거점 구축이 실행 단계에 들어섰다.이번 투자는 종근당이 합성의약품 중심 사업 기반을 넘어 바이오의약품, 차세대 신약, 유전자치료제 등 미래 성장동력 확보를 위한 연구개발 인프라 선제 구축 차원에서 의미가 크다. 종근당은 11일…",local,2,신약,,,0.08714859772997947,,0.2,0.08714859772997947,3.5260241104659142,7.0,1.2100401841098563,False
2026-06-11,Product Approval,2026-06-12 07:48:00,Naver News,https://www.hdhy.co.kr/news/articleView.html?idxno=34630,"(재)전남바이오진흥원 해양바이오본부, 완도서 키우는  해양바이오의 미래","국내 해조류와 전복 생산의 중심지인 전라남도, 그중에서도 풍부한 해양수산 자원을 보유한 완도군에 지역 해양바이오 산업의 고도화를 이끄는 핵심 거점이 있다. 바로 (재)전남바이오진흥원 해양바이오본부다.해양바이오본부는 지난 2007년 11월, 단순 가공 수준에 머물러 있던 지.","[현대해양] 국내 해조류와 전복 생산의 중심지인 전라남도, 그중에서도 풍부한 해양수산 자원을 보유한 완도군에 지역 해양바이오 산업의 고도화를 이끄는 핵심 거점이 있다. 바로 (재)전남바이오진흥원 해양바이오본부다.해양바이오본부는 지난 2007년 11월, 단순 가공 수준에 머물러 있던 지",local,2,제형,,,0.06111927898264775,,0.2,0.06111927898264775,3.4167009717271206,7.0,1.0278349528785342,False
2026-06-11,Therapeutic Areas,2026-06-11 16:40:00,Naver News,https://www.dailymedi.com/news/news_view.php?wr_id=937283,"“정계정맥류, 남성 난임 주요 원인”",﻿﻿﻿평소 조금만 무리해도 고환 부위가 묵직하거나 당기는 듯한 불편함이 느껴진다면 이를 단순한 피로로 넘겨서는 안된다. 이런 증상은 성인 남성 10명 중 1~2명이 경험할 만큼 흔하게 나타난다. 하지만 제때 치료하지 않고 방치할 경우 난임으로 이어질 가능성이 있는 정계정맥류 신호일 수 있기 때문이다.정계정맥류는 고환에서 심장으로 올라가는 정맥 내 판막이 손상되면서 혈액이 역류하는 질환이다.,"﻿﻿﻿평소 조금만 무리해도 고환 부위가 묵직하거나 당기는 듯한 불편함이 느껴진다면 이를 단순한 피로로 넘겨서는 안된다. 이런 증상은 성인 남성 10명 중 1~2명이 경험할 만큼 흔하게 나타난다. 하지만 제때 치료하지 않고 방치할 경우 난임으로 이어질 가능성이 있는 정계정맥류 신호일 수 있기 때문이다.정계정맥류는 고환에서 심장으로 올라가는 정맥 내 판막이 손상되면서 혈액이 역류하는 질환이다. 순환되지 못한 혈액이 고환 주변 정맥에 고여 혈관이 비정상적으로 확장되며, 심한 경우 외관상 울퉁불퉁하게 돌출되기도 한다. 이 질환이 위협적인 …",local,2,난임,,,0.22412562039299008,,0.2,0.22412562039299008,3.301327605650558,5.0,2.1688793427509303,False
2026-06-11,Reimbursement,2026-06-11 16:16:00,Naver News,https://www.dailian.co.kr/news/view/1655015/?sc=Naver,"[현장] ""소아 환자는 작은 어른 아니다""…인력난·의약품 수급난에 흔들리는 소아의료","“소아 환자는 ‘작은 어른’이 아닙니다. 진단 난이도 자체가 본질적으로 다릅니다.”송한섭 김·장 법률사무소 변호사는 11일 서울대어린이병원 CJ홀에서 열린 대한소아청소년과학회 정책심포지엄에서 소아의료의 특수성을 강조하며 법적·제도적 개선 필요성을 제기했다.대한소아청소년과학회가 ’소아 의료에 대한 제도와 법적인 위기, 이대로 좋은가?’를 주제로 개최한 이번.","“소아 환자는 ‘작은 어른’이 아닙니다. 진단 난이도 자체가 본질적으로 다릅니다.”송한섭 김·장 법률사무소 변호사는 11일 서울대어린이병원 CJ홀에서 열린 대한소아청소년과학회 정책심포지엄에서 소아의료의 특수성을 강조하며 법적·제도적 개선 필요성을 제기했다.대한소아청소년과학회가 ’소아 의료에 대한 제도와 법적인 위기, 이대로 좋은가?’를 주제로 개최한 이번",local,2,약가,,,0.11167793385931064,,0.2,0.11167793385931064,3.229047322209105,6.0,1.3817455370151746,False
2026-06-11,Supply Issues,2026-06-11 10:04:00,Naver News,https://www.sedaily.com/article/20054431?ref=naver,"금값 폭등에 암 환자들 발 동동…“약국에 전화 불티난다” 인도 항암제 대란, 이유는",#간암을 앓고 있는 70세 어머니를 돌보는 인도 동부 비하르주의 은행원 쿠마르 아지트(52)는 최근 일주일 동안 수십 곳의 약국에 전화를 걸어야 했다. 치료에 필요한 항암제 시스플라틴(Cisplatin)을 구하기 위해서였다. 결국 그는 수도 뉴델리의 한 약국에서 약을.,#간암을 앓고 있는 70세 어머니를 돌보는 인도 동부 비하르주의 은행원 쿠마르 아지트(52)는 최근 일주일 동안 수십 곳의 약국에 전화를 걸어야 했다. 치료에 필요한 항암제 시스플라틴(Cisplatin)을 구하기 위해서였다. 결국 그는 수도 뉴델리의 한 약국에서 약을,local,2,품귀,,,0.20377500122036482,,0.2,0.20377500122036482,3.2158550051255324,5.0,2.0264250085425535,False
2026-06-11,Therapeutic Areas,2026-06-11 15:08:00,Naver News,https://sports.donga.com/life/article/all/20260611/134092612/1,“왜 임신이 안 될까…난임 치료는 추측이 아닌 진단에서 시작된다”,"-39년차 난임전문의 조정현 사랑아이여성의원 원장 인터뷰  [스포츠동아 정정욱 기자] 정자와 난자가 몸 밖에서 만나 수정되고, 배양 과정을 거쳐 자궁에 이식되는 시험관아기 시술(IVF)은 이제 더 이상 특별한 치료가 아니다. 국내에서 매년 약 16만~17만 건의 IV….","-39년차 난임전문의 조정현 사랑아이여성의원 원장 인터뷰  [스포츠동아 정정욱 기자] 정자와 난자가 몸 밖에서 만나 수정되고, 배양 과정을 거쳐 자궁에 이식되는 시험관아기 시술(IVF)은 이제 더 이상 특별한 치료가 아니다. 국내에서 매년 약 16만~17만 건의 IV…",local,2,불임,,,0.1905429501178959,,0.2,0.1905429501178959,3.1602803904951626,5.0,1.9338006508252712,False
2026-06-11,Supply Issues,2026-06-12 03:00:00,Naver News,https://www.jnilbo.com/news/articleView.html?idxno=90000041670,'에스파' 지젤 고백에 관심 집중…성인 ADHD 환자 4년 새 5배 증가 - 전남일보,최근 걸그룹 에스파 멤버 지젤이 성인 ADHD(주의력결핍 과잉행동장애) 증상을 앓고 있다고 고백하면서 해당 질환에 대한 사회적 관심이 높아지고 있다.대중의 주목을.,최근 걸그룹 에스파 멤버 지젤이 성인 ADHD(주의력결핍 과잉행동장애) 증상을 앓고 있다고 고백하면서 해당 질환에 대한 사회적 관심이 높아지고 있다.대중의 주목을,local,2,품귀,,,0.16526045796819214,,0.2,0.16526045796819214,3.054093923466407,5.0,1.7568232057773447,False
2026-06-11,Supply Issues,2026-06-10 15:33:00,Naver News,https://www.yna.co.kr/view/AKR20260610120600009?input=1195m,"인도, 백금 기반 항암제 품귀 현상 심각…암 환자들 발만 동동 | 연합뉴스",인도 동부 비하르주에 사는 은행원 쿠마르 아지트(52)는 백금 기반 항암제인 시스플라틴을 구하느라 애를 먹었다...,(서울=연합뉴스) 유창엽 기자 = 인도 동부 비하르주에 사는 은행원 쿠마르 아지트(52)는 백금 기반 항암제인 시스플라틴을 구하느라 애를 먹었다...,local,2,품귀,,,0.16208185827531152,,0.2,0.16208185827531152,3.0407438047563082,5.0,1.7345730079271804,False
2026-06-11,Therapeutic Areas,2026-06-12 06:00:00,Naver News,https://www.bosa.co.kr/news/articleView.html?idxno=3006031,日 여성질환 관련 치료제 시장 2030년 1200억엔 돌파 - 의학신문,후지경제 예측[의학신문·일간보사=정우용 기자] 일본의 여성질환 관련 치료제 시장이 2026년 1000억엔대를 기록하고 오는 2030년에는 1200억엔을 돌파할 것.,후지경제 예측[의학신문·일간보사=정우용 기자] 일본의 여성질환 관련 치료제 시장이 2026년 1000억엔대를 기록하고 오는 2030년에는 1200억엔을 돌파할 것,local,2,불임,,,0.14071336351687835,,0.2,0.14071336351687835,2.950996126770889,5.0,1.5849935446181482,False
2026-06-11,Therapeutic Areas,2026-06-11 18:48:00,Naver News,https://www.betanews.net/article/view/beta202606110087,"'신약 허가 240일 시대' 첫 점검, 세계 최단 속도의 한국 신약 허가","식품의약품안전처가 신약과 바이오시밀러, 신기술 의료기기의 허가·심사 기간을 종전 420일에서 240일로 단축하는 '의료제품 허가·심사 혁신.","식품의약품안전처가 신약과 바이오시밀러, 신기술 의료기기의 허가·심사 기간을 종전 420일에서 240일로 단축하는 '의료제품 허가·심사 혁신",local,2,항암제,,,0.10656835223305633,,0.2,0.10656835223305633,2.8075870793788362,5.0,1.345978465631394,False
2026-06-11,Therapeutic Areas,2026-06-11 20:15:00,Naver News,http://www.fnnews.com/news/202606112013116830,"항암제, 주사 대신 코로 넣어 뇌종양 치료한다",국내 연구진이 주사나 수술 없이 코를 통해 투여한 항암제를 자기장으로 뇌종양 부위까지 유도하는 새로운 치료 기술을 개발하며 난치성 뇌종양 치료의 가능성을 제시했다.기존 용량의 18분의 1만 사용했음에도 유의미한 치료 효과를 나타내며 부작용 감소 가능성을 보….,국내 연구진이 주사나 수술 없이 코를 통해 투여한 항암제를 자기장으로 뇌종양 부위까지 유도하는 새로운 치료 기술을 개발하며 난치성 뇌종양 치료의 가능성을 제시했다.기존 용량의 18분의 1만 사용했음에도 유의미한 치료 효과를 나타내며 부작용 감소 가능성을 보…,local,2,항암제,,,0.07426912552625783,,0.2,0.07426912552625783,2.671930327210283,5.0,1.1198838786838048,False
2026-06-11,Therapeutic Areas,2026-06-11 16:20:00,Naver News,https://www.gukjenews.com/news/articleView.html?idxno=3606142,"부산시의회 ""난임 신혼부부 주거 지원 문턱 낮춘다""","난임치료를 받는 신혼부부의 주거 지원 사각지대를 줄이기 위한 제도 개선안이 부산시의회 상임위원회를 통과했다.부산시의회 복지환경위원회는 11일 열린 제336회 정례회에서 이준호 의원(금정구2, 국민의힘)이 발의한 '부산시 신혼부부 주택 융자 및 대출이자 지원에 관한 조례 일부개정 조례안'을 심의·의결했다.이번 개정안은 난임치료를 받고 있는 신혼부부가 보다 실질적인 주거지원을 받을 수 있도록 지원기간 연장 요건을 완화하는 내용을 담고 있다.","'신혼부부 주택 융자·대출이자 지원 조례 일부개정안' 상임위 통과(부산=국제뉴스) 김옥빈 기자 = 난임치료를 받는 신혼부부의 주거 지원 사각지대를 줄이기 위한 제도 개선안이 부산시의회 상임위원회를 통과했다.부산시의회 복지환경위원회는 11일 열린 제336회 정례회에서 이준호 의원(금정구2, 국민의힘)이 발의한 '부산시 신혼부부 주택 융자 및 대출이자 지원에 관한 조례 일부개정 조례안'을 심의·의결했다.이번 개정안은 난임치료를 받고 있는 신혼부부가 보다 실질적인 주거지원을 받을 수 있도록 지원기간 연장 요건을 완화하는 내용을 담고 있다",local,2,난임,,,0.06419000251384446,,0.2,0.06419000251384446,2.629598010558147,5.0,1.0493300175969111,False
2026-06-11,Product Approval,2026-06-12 06:12:00,Naver News,http://www.newsmp.com/news/articleView.html?idxno=254575,"다케다 ‘TYK2 억제제’ 자소시티닙, 소틱투 대비 우월성 입증","일본 다케다제약의 경구용 TYK2(티로신 키나아제 2) 억제제 계열 건선 치료제가 임상 3상 시험에서 브리스톨마이어스스퀴브(BMS)의 소틱투(성분명 듀크라바시티닙)보다 우월한 것으로 나타났다.다케다는 중등도에서 중증의 판상 건선 성인 환자를 대상으로 자소시티닙(zasocitinib, TAK-279)과 듀크라바시티닙을 비교 평가한 임상 3상, 무작위 배정, 다기관, 이중맹검 연구의 긍정적인 톱라인 결과를 11일 발표했다.자소시티닙은 차세대 고선택성ㆍ고효능 경구용 TYK2 억제제로, 인터루킨-23(IL-23)과 함께 질환.","[의약뉴스] 일본 다케다제약의 경구용 TYK2(티로신 키나아제 2) 억제제 계열 건선 치료제가 임상 3상 시험에서 브리스톨마이어스스퀴브(BMS)의 소틱투(성분명 듀크라바시티닙)보다 우월한 것으로 나타났다.다케다는 중등도에서 중증의 판상 건선 성인 환자를 대상으로 자소시티닙(zasocitinib, TAK-279)과 듀크라바시티닙을 비교 평가한 임상 3상, 무작위 배정, 다기관, 이중맹검 연구의 긍정적인 톱라인 결과를 11일 발표했다.자소시티닙은 차세대 고선택성ㆍ고효능 경구용 TYK2 억제제로, 인터루킨-23(IL-23)과 함께 질환",local,2,허가,,,0.2274232453227717,,0.2,0.2274232453227717,1.315177630355641,0.0,2.191962717259402,False
2026-06-11,Therapeutic Areas,2026-06-11 16:30:00,Naver News,https://www.businessplus.kr/news/articleView.html?idxno=112769,[K제약바이오·K브랜드]'글로벌 시장 정조준' GC녹십자…국민 제약사 넘어 신약 혁신 기업으로,"국내 제약업계가 축적된 연구개발(R&D) 역량을 바탕으로 새로운 시장 개척에 속도를 내고 있다. 단순 복제약 중심의 성장 전략에서 벗어나 혁신 신약과 바이오 기술, 글로벌 시장 진출을 통해 새로운 성장동력을 확보하려는 움직임이 활발하다. 특히 희귀질환 치료제와 항암제, 디지털 헬스케어 등 고부가가치 분야를 중심으로 경쟁력 강화에 나서고 있다. 국내 기업들은 기술수출과 해외 임상 확대를 통해 글로벌 제약사와 어깨를 나란히 하는 성과도 만들어내고 있다.","국내 제약업계가 축적된 연구개발(R&D) 역량을 바탕으로 새로운 시장 개척에 속도를 내고 있다. 단순 복제약 중심의 성장 전략에서 벗어나 혁신 신약과 바이오 기술, 글로벌 시장 진출을 통해 새로운 성장동력을 확보하려는 움직임이 활발하다. 특히 희귀질환 치료제와 항암제, 디지털 헬스케어 등 고부가가치 분야를 중심으로 경쟁력 강화에 나서고 있다. 국내 기업들은 기술수출과 해외 임상 확대를 통해 글로벌 제약사와 어깨를 나란히 하는 성과도 만들어내고 있다. 국내 제약사들의 신시장 개척 전략과 성과 그리고 앞으로의 과제를 살펴본다.[편집자주",local,2,항암제,,,0.14786676861017692,,0.2,0.14786676861017692,0.981040428162743,0.0,1.6350673802712383,False
2026-06-11,Product Approval,2026-06-12 07:28:00,Naver News,https://www.bosa.co.kr/news/articleView.html?idxno=3006104,"경북대병원, 지방간염 발병 기전 규명·신약 후보물질 효과 입증 - 의학신문","대사이상 관련 지방간염(MASH)의 새로운 발병 기전이 규명되고, 이를 치료할 수 있는 신약 후보물질의 효과가 국내 연구진에 의.","[의학신문·일간보사=박재영 기자] 대사이상 관련 지방간염(MASH)의 새로운 발병 기전이 규명되고, 이를 치료할 수 있는 신약 후보물질의 효과가 국내 연구진에 의",local,2,신약,,,0.04935100453698637,,0.2,0.04935100453698637,0.5672742190553427,0.0,0.9454570317589046,False
