date,category,published_date,site_name,url,title,summary,content,region,score_ag,keywords,reward_x,rl_score,lgbm_score,reward_y,strategic_score,lgbm_component,strategic_score_norm,final_score,is_top20
2026-07-24,Distribution,2026-07-18 13:01:00,Naver News,https://www.sedaily.com/article/20068937?ref=naver,“디바이스 넘어 더마까지”…약국 문 두드리는 K-뷰티,K-뷰티의 성장세가 뷰티 디바이스에 이어 더마 코스메틱으로도 확산하고 있다. 기능성 화장품을 앞세워 약국을 새로운 유통 채널로 육성하려는 움직임도 활발해지는 모습이다. 18일 업계에 따르면 앳홈은 약국을 핵심 유통 채널로 육성하며 사업 영역을 넓히고 있다.,K-뷰티의 성장세가 뷰티 디바이스에 이어 더마 코스메틱으로도 확산하고 있다. 기능성 화장품을 앞세워 약국을 새로운 유통 채널로 육성하려는 움직임도 활발해지는 모습이다. 18일 업계에 따르면 앳홈은 약국을 핵심 유통 채널로 육성하며 사업 영역을 넓히고 있다. 앳홈의 프라,local,10,바로팜,,,0.8930227641096168,,13.0,8.930227641096169,5.909090909090909,7.721772948294065,True
2026-07-24,Distribution,2026-07-24 07:08:00,Naver News,https://www.yakup.com/news/index.html?mode=view&cat=12&nid=330157,[약업신문]한국의약품유통협회 대웅과 협상 결렬…강경 대응 예고,한국의약품유통협회 회관. ©약업신문=전하연 기자한국의약품유통협회가 대웅제약의 거점도매 운영을 둘러싼 갈등과 관련해 협상이 사실상 결렬됐다고 판단하고 다음 달부터 강경 대응에 나서기로 했다.협회는 거...,한국의약품유통협회 회관. ©약업신문=전하연 기자한국의약품유통협회가 대웅제약의 거점도매 운영을 둘러싼 갈등과 관련해 협상이 사실상 결렬됐다고 판단하고 다음 달부터 강경 대응에 나서기로 했다.협회는 거...,local,10,의약품유통,,,0.8737445910568893,,13.0,8.737445910568892,5.909090909090909,7.6061039099776995,True
2026-07-24,BD,2026-07-24 06:06:00,Naver News,https://www.monews.co.kr/news/articleView.html?idxno=412804,"마운자로 효과에 릴리 '유통 1위'···비만치료제, 지질강하제 제쳐 - 메디칼업저버",한국릴리 마운자로(성분명 세마글루티드)가 국내 시장에서 빠르게 점유율을 확대하고 있다.국내 전체 전문의약품(ETC) 유통 규모의 7.2%를 차지하며 단일 브랜드.,한국릴리 마운자로(성분명 세마글루티드)가 국내 시장에서 빠르게 점유율을 확대하고 있다.국내 전체 전문의약품(ETC) 유통 규모의 7.2%를 차지하며 단일 브랜드,local,10,CSO,,,0.8699415387427842,,12.0,8.699415387427843,5.454545454545454,7.4014674142748875,True
2026-07-24,BD,2026-07-22 08:28:00,Naver News,http://www.press9.kr/news/articleView.html?idxno=79775,"공급 끊어진 릴리 '심발타'·'푸로작', 결국 국내 시장 철수","한국릴리의 우울증·당뇨병성 신경병증성 통증 치료제 '심발타(성분명 둘록세틴)'와 항우울제 '푸로작(성분명 플루옥세틴)'이 국내 시장에서 철수한다.식품의약품안전처에 따르면 한국릴리는 지난 21일 심발타캡슐 30mg·60mg과 푸로작캡슐의 품목허가를 자진 취하했다. 심발타는 세로토닌과 노르에피네프린의 재흡수를 함께 억제하는 선택적 세로토닌·노르에피네프린 재흡수 억제제(SNRI)다. 국내에서는 주요 우울장애와 범불안장애 같은 불안 관련 증상, 당뇨병성 말초신경병증 통증 등 신경병성 통증 등에 사용할 수 있도록 2007년 허.","[프레스나인] 한국릴리의 우울증·당뇨병성 신경병증성 통증 치료제 '심발타(성분명 둘록세틴)'와 항우울제 '푸로작(성분명 플루옥세틴)'이 국내 시장에서 철수한다.식품의약품안전처에 따르면 한국릴리는 지난 21일 심발타캡슐 30mg·60mg과 푸로작캡슐의 품목허가를 자진 취하했다. 심발타는 세로토닌과 노르에피네프린의 재흡수를 함께 억제하는 선택적 세로토닌·노르에피네프린 재흡수 억제제(SNRI)다. 국내에서는 주요 우울장애와 범불안장애 같은 불안 관련 증상, 당뇨병성 말초신경병증 통증 등 신경병성 통증 등에 사용할 수 있도록 2007년 허",local,10,코프로모션,,,0.778879442320079,,15.0,7.78879442320079,6.8181818181818175,7.400549381193201,True
2026-07-24,BD,2026-07-24 11:52:00,Naver News,https://www.dailypharm.com/user/news/340736?REFERER=NP,"[데일리팜]노바티스·베링거, 대형 품목 판권 재편설…업계 '촉각'","노바티스와 베링거인겔하임이 국내 주요 품목의 판매권을 국내 제약사로 넘기거나 회사를 변경하는 방향의 사업 재편을 추진 중이라는 관측이 제기되면서 의약품 유통업계가 촉각을 곤두세우고 있다. 일부 품목은 이미 새로운 판매사가 사실상 결정됐거나 협의가 막바지에 접어든 것으로 알려졌으며, 계약 종료 시점에 맞춰 순차적으로 판권이 이동할 것이라는 전망도 나온다.","노바티스와 베링거인겔하임이 국내 주요 품목의 판매권을 국내 제약사로 넘기거나 회사를 변경하는 방향의 사업 재편을 추진 중이라는 관측이 제기되면서 의약품 유통업계가 촉각을 곤두세우고 있다. 일부 품목은 이미 새로운 판매사가 사실상 결정됐거나 협의가 막바지에 접어든 것으로 알려졌으며, 계약 종료 시점에 맞춰 순차적으로 판권이 이동할 것이라는 전망도 나온다. 다만 회사…",local,10,공동판매,,,0.8328416660082726,,13.0,8.328416660082725,5.909090909090909,7.3606863596859995,True
2026-07-24,Distribution,2026-07-24 06:00:00,Naver News,https://www.apsk.co.kr/news/articleView.html?idxno=539917,뇌졸중 혈전용해제 세대교체 바람부나…베링거 '메탈라제' 급여기준 신설 - 메디팜스투데이,오는 8월부터 국내 급성 허혈성 뇌졸중 치료제 시장에 변화가 예상된다.보건복지부가 23일 공개한 '요양급여의 적용기준 및 방법에 관한 세부사항' 일부개정안에 따르.,오는 8월부터 국내 급성 허혈성 뇌졸중 치료제 시장에 변화가 예상된다.보건복지부가 23일 공개한 '요양급여의 적용기준 및 방법에 관한 세부사항' 일부개정안에 따르,local,10,DKSH,,,0.8307247135848543,,13.0,8.307247135848543,5.909090909090909,7.347984645145489,True
2026-07-24,Distribution,2026-07-24 10:02:00,Naver News,http://www.whosaeng.com/172353,"≪후생신보≫ 대웅제약, ‘나보타 정품 유통망’ 관리 강화",대웅제약(대표 박성수∙이창재)은 보툴리눔 톡신 ‘나보타’의 불법 유통을 차단하고 환자 안전을 보호하기 위해 정품 유통 관리 체계를.,【후생신보】대웅제약(대표 박성수∙이창재)은 보툴리눔 톡신 ‘나보타’의 불법 유통을 차단하고 환자 안전을 보호하기 위해 정품 유통 관리 체계를,local,10,의약품유통,,,0.8232431582494366,,13.0,8.232431582494366,5.909090909090909,7.303095313132983,False
2026-07-24,Distribution,2026-07-21 06:22:00,Naver News,https://www.bosa.co.kr/news/articleView.html?idxno=3008481,"베링거인겔하임, 쥴릭파마로 의약품 유통 이관 '촉각' - 의학신문",한국베링거인겔하임이 자사 의약품 유통 공급권을 쥴릭파마코리아로 전격 이관한다. 이에 따라 기존에 베링거인겔하임과 직접 거래하던 국.,[의학신문·일간보사=김상일 기자]한국베링거인겔하임이 자사 의약품 유통 공급권을 쥴릭파마코리아로 전격 이관한다. 이에 따라 기존에 베링거인겔하임과 직접 거래하던 국,local,10,쥴릭,,,0.8207290010840371,,13.0,8.20729001084037,5.909090909090909,7.2880103701405865,False
2026-07-24,BD,2026-07-23 19:16:00,Naver News,https://www.donga.com/news/Health/article/all/20260723/134354537/1,"나보타 매출 1조 넘자 불법 유통도 급증… 대웅제약, AI 모니터링·유통 통제 강화",대웅제약은 보툴리눔 톡신 제품 ‘나보타’의 비정상적인 유통 경로를 추적하고 환자 안전을 확보하기 위해 정품 유통 관리망을 확대했다고 23일 밝혔다.올해 1월부터 대웅제약은 불법 유통이 확인된 거래처와는 거래를 영구 중단하는 제도를 시행하고 있다. 국내 병·의원에 관련….,대웅제약은 보툴리눔 톡신 제품 ‘나보타’의 비정상적인 유통 경로를 추적하고 환자 안전을 확보하기 위해 정품 유통 관리망을 확대했다고 23일 밝혔다.올해 1월부터 대웅제약은 불법 유통이 확인된 거래처와는 거래를 영구 중단하는 제도를 시행하고 있다. 국내 병·의원에 관련…,local,10,콜드체인,,,0.902201174187791,,10.0,9.02201174187791,4.545454545454545,7.231388863308564,True
2026-07-24,Client,2026-07-21 06:00:00,Naver News,https://www.monews.co.kr/news/articleView.html?idxno=412719,타사 신약 병용 첫 급여 '파드셉+키트루다'…급여 협상 기일 넘겨 - 메디칼업저버,국내 첫 타사 혁신 신약 병용요법 모델이 될 한국아스텔라스 파드셉(성분명 엔포투맙 베도틴)과 한국MSD 키트루다(펨브롤리주맙) 약가 협상이 장기화될 전망이다.이달.,국내 첫 타사 혁신 신약 병용요법 모델이 될 한국아스텔라스 파드셉(성분명 엔포투맙 베도틴)과 한국MSD 키트루다(펨브롤리주맙) 약가 협상이 장기화될 전망이다.이달,local,10,아스텔라스,,,0.8680582641070382,,10.0,8.680582641070382,4.545454545454545,7.026531402824047,True
2026-07-24,BD,2026-07-24 12:22:00,Naver News,https://www.apsk.co.kr/news/articleView.html?idxno=539925,"대웅제약, 자카비 첫 제네릭 허가·우판권 선점…'GVHD' 제외는 변수 - 메디팜스투데이",대웅제약이 노바티스의 골수섬유증 치료제 '자카비정(성분명 룩소리티닙)'의 국내 첫 제네릭 허가를 획득하며 우선판매품목허가권(이하 우판권)까지 확보했다.다만 최근.,대웅제약이 노바티스의 골수섬유증 치료제 '자카비정(성분명 룩소리티닙)'의 국내 첫 제네릭 허가를 획득하며 우선판매품목허가권(이하 우판권)까지 확보했다.다만 최근,local,10,제네릭,,,0.8632033943912751,,10.0,8.632033943912752,4.545454545454545,6.997402184529469,True
2026-07-24,Distribution,2026-07-21 11:58:00,Naver News,http://www.newsmp.com/news/articleView.html?idxno=256452,"휴메딕스, 필러 중심서 통합 에스테틱으로 '병용 시술ㆍ사후관리 연결'","히알루론산(HA) 필러를 주력으로 성장해온 휴온스그룹 휴메딕스가 스킨부스터와 콜라겐 생성 촉진제, 화장품, 의료기기 등을 아우르는 통합 에스테틱 사업으로 포트폴리오를 확대하고 있다.필러 매출과 영업이익률이 낮아진 가운데 자체 개발과 외부 제품 도입을 병행하는 한편, 여러 제품을 환자와 시술 부위에 따라 적용하는 통합 시술 체계 ‘HITS’ 구축에 나서며 시술과 사후관리 제품을 연결하는 방향으로 사업 범위를 넓히는 모습이다.휴메딕스는 올해 1분기 개별 기준 매출 405억원과 영업이익 89억원을 기록했다.","[의약뉴스] 히알루론산(HA) 필러를 주력으로 성장해온 휴온스그룹 휴메딕스가 스킨부스터와 콜라겐 생성 촉진제, 화장품, 의료기기 등을 아우르는 통합 에스테틱 사업으로 포트폴리오를 확대하고 있다.필러 매출과 영업이익률이 낮아진 가운데 자체 개발과 외부 제품 도입을 병행하는 한편, 여러 제품을 환자와 시술 부위에 따라 적용하는 통합 시술 체계 ‘HITS’ 구축에 나서며 시술과 사후관리 제품을 연결하는 방향으로 사업 범위를 넓히는 모습이다.휴메딕스는 올해 1분기 개별 기준 매출 405억원과 영업이익 89억원을 기록했다. 매출은 전년 동기",local,10,바로팜,,,0.7688095501002387,,13.0,7.688095501002387,5.909090909090909,6.976493664237795,False
2026-07-24,BD,2026-07-24 15:22:00,Naver News,http://www.newsprime.co.kr/news/article.html?no=741486,부광약품 상반기 '성장과 부담'…CNS 호조에도 이익 감소,"중추신경계(CNS) 치료제 시장이 성장하면서 부광약품(003000)도 관련 품목을 앞세워 외형 확대를 이어가고 있다. 다만 연구개발 투자와 생산시설 확대, 신제품 출시 비용이 동시에 늘면서 실적은 매출 성장과 수익성 둔화가 엇갈리는 모습이다.부광약품의 올해 상반기 실적은 성장보다 투자에 무게를 둔 전략..","[프라임경제] 중추신경계(CNS) 치료제 시장이 성장하면서 부광약품(003000)도 관련 품목을 앞세워 외형 확대를 이어가고 있다. 다만 연구개발 투자와 생산시설 확대, 신제품 출시 비용이 동시에 늘면서 실적은 매출 성장과 수익성 둔화가 엇갈리는 모습이다.부광약품의 올해 상반기 실적은 성장보다 투자에 무게를 둔 전략..",local,10,공동판매,,,0.7492397584187469,,13.0,7.492397584187469,5.909090909090909,6.859074914148845,True
2026-07-24,BD,2026-07-24 05:56:00,Naver News,https://www.kpanews.co.kr/news/articleView.html?idxno=539077,[창간특집] 대체조제 활성화와 제네릭 천국 대한민국의 역설 - 약사공론,들어가며약사회는 의약품 품절이 계속해서 확산되고 있는 상황에서 환자 불편 해소와 회원 고충 절감을 위해 사후통보 원활화 등 대체조제 활성화 정책을 지속 추진해 나.,들어가며약사회는 의약품 품절이 계속해서 확산되고 있는 상황에서 환자 불편 해소와 회원 고충 절감을 위해 사후통보 원활화 등 대체조제 활성화 정책을 지속 추진해 나,local,10,특허만료,,,0.9061182121571193,,7.0,9.061182121571193,3.1818181818181817,6.709436545669988,True
2026-07-24,Client,2026-07-24 05:30:00,Naver News,https://www.medicaltimes.com/Main/News/NewsView.html?ID=1169888&ref=naverpc,[메디칼타임즈] 임상 근거와 현장력 결합 디페렐린 입증한 치료 접근성,"국내 제약산업에서 다국적 제약사와 국내 제약사의 공동 마케팅(Co-promotion)은 보편적인 영업·마케팅 전략으로 자리 잡아 왔다. 하지만 신약 출시나 적응증 확대라는 모멘텀 없이, 오랫동안 현장에 안착해 온 전통 치료제를 중심으로 확실한 상호 시너지를 내는 사례는 찾아보기 드물다. 이 가운데 풍부한 임상 근거를 바탕으로 현장에서 꾸준히 신뢰받아 온 입센의 중추성 성조숙증(CPP, Central Precocious Puberty)  및 전립선암 치료제 '디페렐린(트립토렐린)'의 공동 마케팅 사례가 주목을 받고 있다.","[메디칼타임즈=문성호 기자]국내 제약산업에서 다국적 제약사와 국내 제약사의 공동 마케팅(Co-promotion)은 보편적인 영업·마케팅 전략으로 자리 잡아 왔다. 하지만 신약 출시나 적응증 확대라는 모멘텀 없이, 오랫동안 현장에 안착해 온 전통 치료제를 중심으로 확실한 상호 시너지를 내는 사례는 찾아보기 드물다.  이 가운데 풍부한 임상 근거를 바탕으로 현장에서 꾸준히 신뢰받아 온 입센의 중추성 성조숙증(CPP, Central Precocious Puberty)  및 전립선암 치료제 '디페렐린(트립토렐린)'의 공동 마케팅 사례가 주목을 받고 있다.  입센코리아와 동아에스티가 디페렐린의 공동 마케팅 협약을 맺고 공동 전선에 나선 지 1년. 양사는 주요 종합병원 공동 대응과 함께 전국 17개 지점을 아우르는 동아에스티의 영업 네트워크를 접목해 병·의원 시장까지 치료 접근성을 대폭 확장했다.  입센코리아 지세현 전무(왼쪽)와 동아에스티 김윤경 영업본부장이 디페렐린 공동 마케팅 1년의 성과와 치료 접근성 개선 의미에 대해 설명하고 있다.24일 입센코리아 지세현 전무와 동아에스티 김윤경 영업본부장을 만나, 지난 1년간의 파트너십 성과와 임상 현장에서 디페렐린이 지닌 차별화된 임상적 가치를 들어봤다.",local,10,입센,,,0.777620446013186,,11.0,7.7762044601318605,5.0,6.665722676079116,True
2026-07-24,BD,2026-07-24 10:30:00,Naver News,https://www.megaeconomy.co.kr/news/newsview.php?ncode=1065576321859725,"＂AI로 불법유통 막는다＂…대웅제약, ′나보타′ 방어막 가동","＂AI로 불법유통 막는다＂…대웅제약, ′나보타′ 방어막 가동 [메가경제=김민준 기자] 대웅제약이 보툴리눔 톡신 ′나보타′의 정품 유통 관리 체계를 한층 강화한다. 인공지능(AI) 기반 모니터링과 콜드체인 관리로 비정상 유통을 차단하고, 환자 안전을 최우선으로 하는 공급망 관리에 속도를 낸다는 방침이다. 24일 대웅제약에 따르면 회사는 나보타의 국내외 유통 전 과정을 관리하는 정품 유통 시스템을 운영하고 있으며, 올해.","＂AI로 불법유통 막는다＂…대웅제약, ′나보타′ 방어막 가동 [메가경제=김민준 기자] 대웅제약이 보툴리눔 톡신 ′나보타′의 정품 유통 관리 체계를 한층 강화한다. 인공지능(AI) 기반 모니터링과 콜드체인 관리로 비정상 유통을 차단하고, 환자 안전을 최우선으로 하는 공급망 관리에 속도를 낸다는 방침이다. 24일 대웅제약에 따르면 회사는 나보타의 국내외 유통 전 과정을 관리하는 정품 유통 시스템을 운영하고 있으며, 올해",local,10,콜드체인,,,0.7994136133613118,,10.0,7.994136133613118,4.545454545454545,6.614663498349689,True
2026-07-24,BD,2026-07-23 12:10:00,Naver News,https://www.hitnews.co.kr/news/articleView.html?idxno=77859,스멕타이트에서 '소아 적응증 삭제'되자 유산균 제제가 꿈틀,'스멕타이트 제제'의 소아 급성 설사 적응증이 적용이 불가능해진 가운데 제약업계 에서 유산균 계열의 정장제가 꿈틀대고 있다. 하이르라섹 등을 비롯한 일부 제제 외 완전한 대체가 어렵지만 소아 사용 가능을 이유로 제품 판매를 타진하고 있다.업계에 따르면 국내 중소제약 H사는 자사 영업사원과 CSO 대상으로 회사 보유 바실리쿠스 관련 제제의 영업을 독려했다. 이 회사는 8월부터 약가의 절반 이상을 수수료로 책정한 상황이다.또다른 중견제약 K사도 자사 정장제를 처방 대안으로 자사 영업사원에 알리고 CSO 측에는 처방 의료기관에 소위 '2.,'스멕타이트 제제'의 소아 급성 설사 적응증이 적용이 불가능해진 가운데 제약업계 에서 유산균 계열의 정장제가 꿈틀대고 있다. 하이르라섹 등을 비롯한 일부 제제 외 완전한 대체가 어렵지만 소아 사용 가능을 이유로 제품 판매를 타진하고 있다.업계에 따르면 국내 중소제약 H사는 자사 영업사원과 CSO 대상으로 회사 보유 바실리쿠스 관련 제제의 영업을 독려했다. 이 회사는 8월부터 약가의 절반 이상을 수수료로 책정한 상황이다.또다른 중견제약 K사도 자사 정장제를 처방 대안으로 자사 영업사원에 알리고 CSO 측에는 처방 의료기관에 소위 '2,local,10,CSO,,,0.8880937082919499,,7.0,8.880937082919498,3.1818181818181817,6.601289522478972,False
2026-07-24,BD,2026-07-22 13:20:00,Naver News,https://www.fntoday.co.kr/news/articleView.html?idxno=388611,"트럼프 ""수입 제네릭의약품 2년간 무관세…이후 최대 200% 관세""","도널드 트럼프 미국 대통령이 수입 제네릭(복제약) 의약품에 대해 향후 2년간 무관세를 적용한 뒤 최대 200%의 고율 관세를 부과하겠다고 밝혔다. 의약품 생산기지를 미국으로 이전하도록 유도하기 위한 조치로, 글로벌 제약업계의 공급망 재편이 가속화될 가능성이 제기된다.트럼프 대통령은 21일(현지시간) 자신의 소셜미디어 플랫폼 트루스소셜(Truth Social)을 통해 ""오는 8월 1일부터 미국으로 수입되는 모든 제네릭 의약품에 대해 2년간 0% 관세를 유지한다""고 발표했다.그는 이어 ""2년의 유예기간이 끝나면 1년 동안 100%의 관.","도널드 트럼프 미국 대통령이 수입 제네릭(복제약) 의약품에 대해 향후 2년간 무관세를 적용한 뒤 최대 200%의 고율 관세를 부과하겠다고 밝혔다. 의약품 생산기지를 미국으로 이전하도록 유도하기 위한 조치로, 글로벌 제약업계의 공급망 재편이 가속화될 가능성이 제기된다.트럼프 대통령은 21일(현지시간) 자신의 소셜미디어 플랫폼 트루스소셜(Truth Social)을 통해 ""오는 8월 1일부터 미국으로 수입되는 모든 제네릭 의약품에 대해 2년간 0% 관세를 유지한다""고 발표했다.그는 이어 ""2년의 유예기간이 끝나면 1년 동안 100%의 관",local,10,머크,,,0.8825077288786715,,7.0,8.825077288786714,3.1818181818181817,6.567773645999301,False
2026-07-24,Client,2026-07-21 07:14:00,Naver News,https://www.medigatenews.com/news/788113670,MEDI:GATE NEWS 파드셉·키트루다 병용요법 약가협상 60일 넘기나…급여 기다리는 환자 부담 지속,사진=게티이미지뱅크 [메디게이트뉴스 조운 기자] 전이성 요로상피암 1차 치료에 사용되는 파드셉과 키트루다 병용요법의 약가협상이 최대 협상기한인 60일에 이르렀지만 아직 결과가 공개되지 않으면서 급여 적용을 기다리는 환자들의 부담이 이어지고 있다. 이번 협상은 서로 다른 제약사가 보유한 혁신 신약의 병용요법을 급여화하는 첫 사례다. 국민건강보험공단이 파드셉 제조사인 한국아스텔라스와 키트루다 제조사인 한국MSD를 상대로 각각 협상을 진행하고 있어 두 회사의 협상이 모두 타결돼야 최종 급여 적용이 가능하다.,"사진=게티이미지뱅크 [메디게이트뉴스 조운 기자] 전이성 요로상피암 1차 치료에 사용되는 파드셉과 키트루다 병용요법의 약가협상이 최대 협상기한인 60일에 이르렀지만 아직 결과가 공개되지 않으면서 급여 적용을 기다리는 환자들의 부담이 이어지고 있다. 이번 협상은 서로 다른 제약사가 보유한 혁신 신약의 병용요법을 급여화하는 첫 사례다. 국민건강보험공단이 파드셉 제조사인 한국아스텔라스와 키트루다 제조사인 한국MSD를 상대로 각각 협상을 진행하고 있어 두 회사의 협상이 모두 타결돼야 최종 급여 적용이 가능하다. 한국아스텔라스는 20일 “건보공단과 파드셉의 약가협상과 관련 논의에 성실하게 임하고 있으며 필요한 자료도 모두 신속하게 제출했다”며 “타사 간 혁신 신약 병용요법 특성상 각 회사의 협상이 모두 합의에 이르러야 환자들이 병용요법으로 급여 혜택을 받을 수 있다”고 밝혔다. 파드셉은 엔포투맙베도틴 성분의 항체약물접합체로, 면역항암제 키트루다와의 병용요법이 2024년 7월 전이성 요로상피암 1차 치료로 국내 허가됐다. 한국아스텔라스는 같은 해 11월 해당 병용요법에 대한 급여 결정을 신청했다. 이후 2025년 10월 건강보험심사평가원 중증질환심의위원회에서 급여기준이 설정됐고, 2026년 4월 약제급여평가위원회에서 급여 적정성을 인정받았다. 한국아스텔라스는 4월 평가 결과를 수용했으며 한국MSD도 5월 후속 협상 참여 의사를 전달했다. 최대 협상기한 도래했지만 결과 공개 안 돼 복지부는 지난 5월 한국아스텔라스와 한국MSD에 각각 협상명령을 내렸고, 건보공단은 양사를 상대로 별도의 약가협상을 진행해 왔다. 약가협상은 복지부의 협상명령일로부터 최대 60일 이내 진행하는 것이 원칙이다. 하지만 협상 고시가 공개된 5월 중순을 기준으로 보면 최대 협상기한이 도래했거나 임박한 7월 20일까지도 결과가 공개되지 않아 협상 연장 가능성이 커진 상태다. 파드셉과 키트루다 병용요법은 두 약제의 협상이 모두 합의에 도달해야 최종 급여 고시가 가능하다. 어느 한쪽의 협상만 늦어져도 병용요법 전체의 급여 적용 시점이 미뤄지는 구조다. 협상이 장기화하면 환자들은 급여 고시 전까지 고액의 치료비를 직접 부담해야 한다. 경제적 여건에 따라 치료를 시작하거나 지속할 수 있을지 고민해야 하는 상황도 이어질 수 있다. 한국아스텔라스는 “파드셉 1차 병용요법의 보험급여 적용을 기다리는 환자들이 감당하는 경제적 부담과 치료 접근성의 어려움이 하루빨리 완화되기를 바란다”며 “환자들의 기다림이 더 길어지지 않도록 협상이 원만하게 마무리될 때까지 최선을 다하겠다”고 밝혔다. 타사 신약 병용요법 첫 협상…향후 제도적 선례 주목 이번 협상은 서로 다른 회사가 보유한 혁신 신약 간 병용요법의 급여화를 추진하는 첫 사례라는 점에서도 주목된다. 기존 약가협상은 개별 약제와 해당 제약사를 중심으로 진행돼 왔지만, 이번에는 하나의 치료법을 구성하는 두 약제가 각각 다른 회사에 속해 있어 협상 구조가 복잡하다. 두 회사와 건보공단의 협상이 모두 타결돼야 병용요법으로서 급여 적용이 가능하기 때문에, 단일 약제 중심의 기존 평가·협상체계가 타사 간 병용요법의 임상적 가치를 충분히 반영할 수 있는지도 과제로 꼽힌다. 이번 협상 결과는 향후 서로 다른 제약사가 개발한 신약 병용요법의 급여 평가와 약가협상 방식을 결정하는 선례가 될 가능성이 있다. 파드셉·키트루다 병용요법은 2024년 11월 급여 신청 이후 중증질환심의위원회와 약제급여평가위원회 심의를 거쳐 현재 최종 약가협상 단계에 있다. 급여 신청 이후 약 1년8개월, 국내 허가 이후 약 2년이 지난 만큼 환자 접근성 확보를 위해 협상을 조속히 마무리해야 한다는 요구가 커질 것으로 보인다.",local,10,아스텔라스,,,0.7852388044616165,,10.0,7.852388044616165,4.545454545454545,6.5296146449515176,True
2026-07-24,BD,2026-07-22 08:46:00,Naver News,https://www.bizwork.co.kr/news/articleView.html?idxno=417488,약가인하 ‘기준가격’ 공방…제약업계 “깎인 약값 또 깎나” - 비즈워크,제네릭 의약품 약가제도 개편 시행이 임박한 가운데 기등재 의약품의 인하 폭을 결정할 ‘기준가격’을 놓고 정부와 제약업계 간 신경전이 거세지고 있다.정부는 약가 조.,제네릭 의약품 약가제도 개편 시행이 임박한 가운데 기등재 의약품의 인하 폭을 결정할 ‘기준가격’을 놓고 정부와 제약업계 간 신경전이 거세지고 있다.정부는 약가 조,local,10,특허만료,,,0.8681274898436381,,7.0,8.681274898436381,3.1818181818181817,6.481492211789101,False
2026-07-24,Reimbursement,2026-07-24 12:18:00,Naver News,https://www.kpanews.co.kr/news/articleView.html?idxno=539188,뇌졸중 신약 메탈라제주사25mg 내달 등재…약가 97만원대 형성 - 약사공론,성인 급성 허혈성 뇌졸중 치료 신약으로 허가받은 메탈라제주사25mg(테넥테플라제)이 내달 급여권에 입성할 것으로 보여 주목된다. 24일 업계에 따르면 업체 측은.,성인 급성 허혈성 뇌졸중 치료 신약으로 허가받은 메탈라제주사25mg(테넥테플라제)이 내달 급여권에 입성할 것으로 보여 주목된다. 24일 업계에 따르면 업체 측은,local,2,약가,,,0.8067684493960003,,9.0,8.067684493960003,4.090909090909091,6.476974332739639,True
2026-07-24,Client,2026-07-24 12:10:00,Naver News,https://www.monews.co.kr/news/articleView.html?idxno=412776,"파드셉∙키트루다, '신약+사용량' 복잡한 셈법 영향···협상기한 8월로 - 메디칼업저버",전이성 요로상피암 1차 치료제인 한국아스텔라스 파드셉(성분명 엔포투맙베도틴)과 한국MSD 키트루다(펨브롤리주맙) 병용요법 급여 협상이 당초 기한을 넘겨 8월로 연.,전이성 요로상피암 1차 치료제인 한국아스텔라스 파드셉(성분명 엔포투맙베도틴)과 한국MSD 키트루다(펨브롤리주맙) 병용요법 급여 협상이 당초 기한을 넘겨 8월로 연,local,10,약가,,,0.765657930514456,,10.0,7.656579305144559,4.545454545454545,6.412129401268554,True
2026-07-24,Client,2026-07-24 12:16:00,Naver News,https://www.kpanews.co.kr/news/articleView.html?idxno=539187,약처럼 보여도 '일반식품'…잘못 팔면 징역 5년 - 약사공론,약국에 들어오는 제품의 범위가 넓어지고 다양화되면서 약사들의 주의도 요구되고 있다. 외형이나 제형이 의약품·건강기능식품과 비슷하더라도 실제 분류가 일반식품이라면.,약국에 들어오는 제품의 범위가 넓어지고 다양화되면서 약사들의 주의도 요구되고 있다. 외형이나 제형이 의약품·건강기능식품과 비슷하더라도 실제 분류가 일반식품이라면,local,10,위고비,,,0.8563179749337341,,7.0,8.56317974933734,3.1818181818181817,6.410635122329676,True
2026-07-24,BD,2026-07-23 12:02:00,Naver News,http://www.whitepaper.co.kr/news/articleView.html?idxno=264871,200조 비만약 시장…'한국형 신약' 승부수 띄운 삼성·한미·유한,"국내 제약바이오기업들이 비만치료제 개발과 생산에 뛰어들며 ‘한국형 비만신약’ 승부수를 띄웠다. 비만치료제에 대한 지속적인 수요와 함께 '마운자로', '위고비' 등의 높은 수익성이 입증되면서 시장이 빠르게 커지고 있기 때문이다.23일 의약품 시장조사기관 아이큐비아 집계에 따르면 작년 국내 비만치료제 시장은 8195억 원으로 2024년 2426억 원보다 3배 이상 확대됐다. 위고비가 4833억 원으로 시장의 59%, 마운자로가 2209억 원으로 27%를 차지했다.마운자로의 제형.","[화이트페이퍼=김성지 기자] 국내 제약바이오기업들이 비만치료제 개발과 생산에 뛰어들며 ‘한국형 비만신약’ 승부수를 띄웠다. 비만치료제에 대한 지속적인 수요와 함께 &#39;마운자로&#39;, &#39;위고비&#39; 등의 높은 수익성이 입증되면서 시장이 빠르게 커지고 있기 때문이다.23일 의약품 시장조사기관 아이큐비아 집계에 따르면 작년 국내 비만치료제 시장은 8195억 원으로 2024년 2426억 원보다 3배 이상 확대됐다. 위고비가 4833억 원으로 시장의 59%, 마운자로가 2209억 원으로 27%를 차지했다.마운자로의 제형",local,10,특허만료,,,0.8464890555573736,,7.0,8.464890555573737,3.1818181818181817,6.351661606071515,False
2026-07-24,Supply Issues,2026-07-24 06:02:00,Naver News,https://www.dailypharm.com/user/news/340787?REFERER=NP,[데일리팜]약국·도매·병원에 수급불안 필수약 자료 제출 의무 부여,"국가필수의약품 등의 수급 불안정 현상을 해소하고 안정적인 공급망을 확보하기 위해 정부가 약국, 의약품 도매상, 의료기관을 대상으로 유통개선 협조 및 관련 자료 제출을 요청할 수 있는 법적 근거가 마련된다. 보건복지부는 이 같은 내용의 약사법 시행령 일부개정령(안) 을 입법예고하고 세부 절차 정비에 나섰다. 이번 개정안은 오는 11월 12일 시행되는 개정 약사법(법률 제21109….","국가필수의약품 등의 수급 불안정 현상을 해소하고 안정적인 공급망을 확보하기 위해 정부가 약국, 의약품 도매상, 의료기관을 대상으로 유통개선 협조 및 관련 자료 제출을 요청할 수 있는 법적 근거가 마련된다. 보건복지부는 이 같은 내용의 약사법 시행령 일부개정령(안) 을 입법예고하고 세부 절차 정비에 나섰다. 이번 개정안은 오는 11월 12일 시행되는 개정 약사법(법률 제21109…",local,2,품귀,,,0.8140446332073477,,8.0,8.140446332073477,3.6363636363636367,6.338813253789541,True
2026-07-24,Distribution,2026-07-21 06:00:00,Naver News,https://www.pharmnews.com/news/articleView.html?idxno=305012,"K-제약, 대규모 M&A로 체질 개선...수익·투명성 두 마리 토끼 잡나 - 팜뉴스",국내 제약과 의약 분야에서 대규모 인수합병과 지배구조 개편이 잇따르고 있다. 최근 삼성바이오로직스는 스위스 위탁개발생산 전문 기업 인수를.,[팜뉴스=우정민 기자] 국내 제약과 의약 분야에서 대규모 인수합병과 지배구조 개편이 잇따르고 있다. 최근 삼성바이오로직스는 스위스 위탁개발생산 전문 기업 인수를,local,10,지오영,,,0.6924104179313931,,12.0,6.9241041793139315,5.454545454545454,6.33628068940654,False
2026-07-24,Client,2026-07-22 05:58:00,Naver News,https://www.monews.co.kr/news/articleView.html?idxno=412730,[창간 25주년] 2026 하반기 FDA 허가 릴레이 시작 -① - 메디칼업저버,2026년 하반기 미국식품의약국(FDA) 허가 심사 약제의 키워드는 ‘타깃 세분화’다. 더 다양한 기전의 약제와 정교하게 구분된 환자.,[메디칼업저버 정연주 기자] 2026년 하반기 미국식품의약국(FDA) 허가 심사 약제의 키워드는 ‘타깃 세분화’다. 더 다양한 기전의 약제와 정교하게 구분된 환자,local,10,얀센,,,0.8365273106601112,,7.0,8.365273106601112,3.1818181818181817,6.29189113668794,True
2026-07-24,Distribution,2026-07-23 08:51:00,Naver News,https://www.hankyung.com/article/202607220118r,병원 물류 지각 변동…전국 수십 개 간납사 M&A 매물로,한국경제신문 대표번호: 02-3604-114 사업자등록번호: 110-81-07390 통신판매업신고번호: 중구 02559 콘텐츠구입 개인정보처리방침 청소년보호정책 서울시 중구 청파로 한국경제신문사 대표번호: 02-3277-9900 사업자등록번호: 104-81-47984 통신판매업신고번호: 중구 00606 인터넷신문등록번호: 서울 아 01035 등록(발행)일자: 2009.11.23 발행·편집인: 박수진 본지는 한국신문윤리위원회의 서약사로서 신문윤리강령을 준수합니다. Copyright 1999-2026. All rights reserved.,"한국경제신문
회사소개
구독신청
고충처리
광고안내
블루애드
대표번호:
02-3604-114
사업자등록번호:
110-81-07390
통신판매업신고번호: 중구
02559
한경닷컴
회사소개
제휴
/
콘텐츠구입
광고안내
사이트맵
고객센터
RSS
이용약관
개인정보처리방침
청소년보호정책(책임자: 이지연)
서울시 중구 청파로
463
한국경제신문사
대표번호:
02-3277-9900
사업자등록번호:
104-81-47984
통신판매업신고번호: 중구
00606
인터넷신문등록번호: 서울 아
01035
등록(발행)일자:
2009.11.23
발행·편집인: 박수진
본지는 한국신문윤리위원회의 서약사로서 신문윤리강령을 준수합니다.
Copyright 1999-2026.
한경닷컴
All rights reserved.",local,10,지오영,,,0.6849230284295944,,12.0,6.849230284295944,5.454545454545454,6.291356352395748,False
2026-07-24,Client,2026-07-22 16:30:00,Naver News,https://www.yna.co.kr/view/AKR20260722142100017?input=1195m,"[바이오스냅] 동국제약, '마데카 선쉴드 패드' 출시 | 연합뉴스",동국제약[086450]이 여름철을 맞아 간편하게 사용할 수 있는 자외선 차단제 '마데카 선쉴드 패드'를 시장에...,(서울=연합뉴스) 박상현 기자 = 동국제약[086450]이 여름철을 맞아 간편하게 사용할 수 있는 자외선 차단제 '마데카 선쉴드 패드'를 시장에...,local,10,한독,,,0.743283149134842,,10.0,7.43283149134842,4.545454545454545,6.2778807129908705,True
2026-07-24,Client,2026-07-23 13:30:00,Naver News,https://www.biotimes.co.kr/news/articleView.html?idxno=33350,위고비·마운자로 양강 흔드는 한미…비만약 '3파전' 승부처는 - 바이오타임즈,국내 비만치료제 시장이 새로운 경쟁 국면에 접어들고 있다. 노보노디스크의 '위고비'와 일라이 릴리의 '마운자로'가 주도해온 시장에서 마운자로가 출.,[바이오타임즈] 국내 비만치료제 시장이 새로운 경쟁 국면에 접어들고 있다. 노보노디스크의 '위고비'와 일라이 릴리의 '마운자로'가 주도해온 시장에서 마운자로가 출,local,10,노보노디스크,,,0.8339530173161961,,7.0,8.339530173161961,3.1818181818181817,6.276445376624449,False
2026-07-24,Supply Issues,2026-07-23 14:38:00,Naver News,https://www.k-health.com/news/articleView.html?idxno=100217,이 약 없으면 안 되는데…안 만든다고? - 헬스경향,정부가 필수의약품 생산중단을 막기 위해 2000년 도입한 ‘퇴장방지의약품’제도가 흔들리고 있다. 최근 경련이 멈추지 않는 응급소아환자에게 투여되는 로라제팜성분의.,정부가 필수의약품 생산중단을 막기 위해 2000년 도입한 ‘퇴장방지의약품’제도가 흔들리고 있다. 최근 경련이 멈추지 않는 응급소아환자에게 투여되는 로라제팜성분의,local,2,품절,,,0.8012085828816388,,8.0,8.012085828816387,3.6363636363636367,6.261796951835287,False
2026-07-24,Client,2026-07-21 12:10:00,Naver News,https://www.hitnews.co.kr/news/articleView.html?idxno=77783,견고한 '로수바' 달리는 '피타바' 석양 깃든 '심바스타틴',"올해 상반기 국내 스타틴 시장은 성분별로 희비가 뚜렷이 갈렸다. 로수바스타틴은 압도적 규모로 시장을 떠받쳤고, 피타바스타틴은 가장 빠르게 몸집을 불렸으며, 심바스타틴은 두 자릿수로 뒷걸음질쳤다.가 동맥경화용제(식약처 분류 기준 218) 분야 제품의 의약품 시장조사기관 유비스트 기준 올해 상반기 원외처방액을 분석한 결과 총 1조8391억원으로 전년 동기 1조6991억원 대비 7.6% 성장했다. 성장의 동력은 단연 복합제였다.","올해 상반기 국내 스타틴 시장은 성분별로 희비가 뚜렷이 갈렸다. 로수바스타틴은 압도적 규모로 시장을 떠받쳤고, 피타바스타틴은 가장 빠르게 몸집을 불렸으며, 심바스타틴은 두 자릿수로 뒷걸음질쳤다.가 동맥경화용제(식약처 분류 기준 218) 분야 제품의 의약품 시장조사기관 유비스트 기준 올해 상반기 원외처방액을 분석한 결과 총 1조8391억원으로 전년 동기 1조6991억원 대비 7.6% 성장했다. 성장의 동력은 단연 복합제였다. 2개 성분 이상 복합제가 8702억원으로 전년 대비 15.5% 뛴 반면 단일제는 9690억원으로 2",local,10,오가논,,,0.8307910632658111,,7.0,8.30791063265811,3.1818181818181817,6.257473652322139,False
2026-07-24,Client,2026-07-23 11:56:00,Naver News,https://www.medipana.com/news/articleView.html?idxno=414885,'블린사이토' 공고요법 급여 초읽기…ALL 치료 선택지 확대 - 메디파나뉴스,암젠코리아의 급성림프모구성백혈병.,[메디파나뉴스 = 조해진 기자] 암젠코리아의 급성림프모구성백혈병(ALL) 치료제 '블린사이토(블리나투모맙)'가 공고요법(Consolidation therapy),local,10,암젠,,,0.7377613029170806,,10.0,7.377613029170806,4.545454545454545,6.244749635684302,False
2026-07-24,BD,2026-07-20 13:26:00,Naver News,https://www.monews.co.kr/news/articleView.html?idxno=412690,[창간 25주년]약가 인하 맞물리며 제약기업·CSO 영업 생태계 재편 예고② - 메디칼업저버,정부가 의약품판촉영업자(CSO) 관리체계 정비에 착수했다. 한국제약바이오협회가 진행 중인 CSO 산업 실태조사가 마무리 단계에 접어든 가운데 보건복지부는 조사 결.,정부가 의약품판촉영업자(CSO) 관리체계 정비에 착수했다. 한국제약바이오협회가 진행 중인 CSO 산업 실태조사가 마무리 단계에 접어든 가운데 보건복지부는 조사 결,local,10,판촉영업자,,,0.8225379164137414,,7.0,8.225379164137415,3.1818181818181817,6.207954771209721,False
2026-07-24,Client,2026-07-20 11:56:00,Naver News,https://www.dailypharm.com/user/news/340582?REFERER=NP,"[데일리팜]MSD, 첫 경구용 PCSK9 억제제 개발…시장 변화 예고","MSD가 전 세계 최초로 경구용 PCSK9 억제제를 선보이면서 이상지질혈증 치료 시장에도 변화가 예상된다. 그동안 주사제의 투약 간격을 늘리는 방향으로 발전해 온 이 시장에 경구제가 등장하면서, 복약 편의성을 둘러싼 경쟁도 본격화 될 전망이다. 관련 업계에 따르면 미국 식품의약국(FDA)은 16일 MSD의 립펜드라(Lipfendra, 에늘리시타이드)를 성인 고콜레스테롤혈증과 이형접합 가족….","MSD가 전 세계 최초로 경구용 PCSK9 억제제를 선보이면서 이상지질혈증 치료 시장에도 변화가 예상된다. 그동안 주사제의 투약 간격을 늘리는 방향으로 발전해 온 이 시장에 경구제가 등장하면서, 복약 편의성을 둘러싼 경쟁도 본격화 될 전망이다. 관련 업계에 따르면 미국 식품의약국(FDA)은 16일 MSD의 립펜드라(Lipfendra, 에늘리시타이드)를 성인 고콜레스테롤혈증과 이형접합 가족…",local,10,암젠,,,0.8199128183580514,,7.0,8.199128183580514,3.1818181818181817,6.192204182875581,False
2026-07-24,Distribution,2026-07-24 11:52:00,Naver News,https://www.dailypharm.com/user/news/340546?REFERER=NP,[데일리팜]명동에서 부산 해운대까지…외국인 타깃 K-약국 '파죽지세',외국인 관광객들이 한국 의료·뷰티 인프라에 쓰는 소비 규모가 올해 상반기 만에 1조원 고지를 돌파하며 역대급 호황을 맞이하고 있습니다. 한국관광공사 관광데이터랩에 따르면 올해 1월부터 5월까지 외국인 의료소비액이 9423억원으로 1조원을 목전에 둔 것으로 나타났습니다. 외국인을 타깃으로 한 K-파마시 역시 K-열풍에 힘 입어 붐처럼 확산되는 모습입니다. 코로나19로 인해 외국….,외국인 관광객들이 한국 의료·뷰티 인프라에 쓰는 소비 규모가 올해 상반기 만에 1조원 고지를 돌파하며 역대급 호황을 맞이하고 있습니다. 한국관광공사 관광데이터랩에 따르면 올해 1월부터 5월까지 외국인 의료소비액이 9423억원으로 1조원을 목전에 둔 것으로 나타났습니다. 외국인을 타깃으로 한 K-파마시 역시 K-열풍에 힘 입어 붐처럼 확산되는 모습입니다. 코로나19로 인해 외국…,local,10,바로팜,,,0.7228424067058647,,10.0,7.228424067058647,4.545454545454545,6.155236258417006,False
2026-07-24,Client,2026-07-23 09:24:00,Naver News,https://www.hitnews.co.kr/news/articleView.html?idxno=77857,피부에서 관절·감기까지… 동아제약 OTC 포트폴리오 통했다,"히트뉴스와 비저너리 데이터 공동 기획 OTC NEXT 15% 히트뉴스와 빅데이터 분석회사 비저너리 데이터는 2024부터 2025년까지 약국경영 관련 원본데이터를 생성한 전국 500곳 패널 약국 데이터를 기반으로, 15% 박스권에 갇힌 일반의약품 시장을 다양한 관점에서 분석한다.◇ 글 싣는 순서(1) 제약회사 순위로 살펴본 약국 일반약(2) 브랜드 순위로 살펴본 약국 일반약 톱20(3) 동아제약 OTC 브랜드는 예상보다 강했다피부·감기·관절…브랜드 포트폴리오가 만든 동아제약 독주동아제약이 피부 외용제와 어린이 일반약, 소화제, 관절.","히트뉴스와 비저너리 데이터 공동 기획 OTC NEXT 15% 히트뉴스와 빅데이터 분석회사 비저너리 데이터는 2024부터 2025년까지 약국경영 관련 원본데이터를 생성한 전국 500곳 패널 약국 데이터를 기반으로, 15% 박스권에 갇힌 일반의약품 시장을 다양한 관점에서 분석한다.◇ 글 싣는 순서(1) 제약회사 순위로 살펴본 약국 일반약(2) 브랜드 순위로 살펴본 약국 일반약 톱20(3) 동아제약 OTC 브랜드는 예상보다 강했다피부·감기·관절…브랜드 포트폴리오가 만든 동아제약 독주동아제약이 피부 외용제와 어린이 일반약, 소화제, 관절",local,10,켄뷰,,,0.8122060689941111,,7.0,8.122060689941112,3.1818181818181817,6.145963686691939,False
2026-07-24,BD,2026-07-23 23:00:00,Naver News,https://www.econovill.com/news/articleView.html?idxno=745970,"삼천당제약, 美 FDA Pre-ANDA 결과 바탕으로 일본 사업 본격화","삼천당제약이 美 FDA 답변서 결과를 바탕으로 경구용 세마글로타이드 제품의 일본시장 공략에 나선다. 삼천당제약(대표이사 전인석)은 미국 FDA로부터 수령한 경구용 세마글루타이드 Pre-ANDA 답변서 결과를 토대로, 일본 판매 파트너사와 계약 조건의 구체화 및 일본 내 허가 진행 방식에 대한 논의에 착수했다고 23일 밝혔다.삼천당제약은 앞서 일본 다이이찌산쿄 에스파(Daiichi Sankyo Espha)와 경구용 세마글루타이드 제네릭(리벨서스 제네릭 3·7·14mg, 위고비 경구용 제네릭 1.5·4·9·25·50mg)의 일본 내 판.","삼천당제약이 美 FDA 답변서 결과를 바탕으로 경구용 세마글로타이드 제품의 일본시장 공략에 나선다. 삼천당제약(대표이사 전인석)은 미국 FDA로부터 수령한 경구용 세마글루타이드 Pre-ANDA 답변서 결과를 토대로, 일본 판매 파트너사와 계약 조건의 구체화 및 일본 내 허가 진행 방식에 대한 논의에 착수했다고 23일 밝혔다.삼천당제약은 앞서 일본 다이이찌산쿄 에스파(Daiichi Sankyo Espha)와 경구용 세마글루타이드 제네릭(리벨서스 제네릭 3·7·14mg, 위고비 경구용 제네릭 1.5·4·9·25·50mg)의 일본 내 판",local,10,다이이찌산쿄,,,0.810635056091943,,7.0,8.106350560919429,3.1818181818181817,6.13653760927893,False
2026-07-24,BD,2026-07-23 19:16:00,Naver News,https://www.mdtoday.co.kr/news/articleView.html?idxno=605978,"노바티스, 국내 RLT 생태계 구축 : 메디컬투데이TV","• 노바티스가 보건복지부와 업무협약을 체결하고, 방사성 리간드 치료제(RLT) 제조시설 건립과 공급망 구축을 위해 약 1,400억 원 규모의 대규모 투자를 단행한.","• 노바티스가 보건복지부와 업무협약을 체결하고, 방사성 리간드 치료제(RLT) 제조시설 건립과 공급망 구축을 위해 약 1,400억 원 규모의 대규모 투자를 단행한",local,10,콜드체인,,,0.7857680889138204,,7.0,7.857680889138204,3.1818181818181817,5.9873358062101945,False
2026-07-24,Client,2026-07-24 10:26:00,Naver News,https://www.bosa.co.kr/news/articleView.html?idxno=3008984,유럽 경구 SERD 유방암 치료제 승인 - 의학신문,"유럽에서 아스트라제네카가 경구 SERD 유방암 치료제 엣카마(Etcamah, camizestrant)의 승인을 받았다고 발표했다.","[의학신문·일간보사=김자연 기자] 유럽에서 아스트라제네카가 경구 SERD 유방암 치료제 엣카마(Etcamah, camizestrant)의 승인을 받았다고 발표했다",local,10,아스트라제네카,,,0.7798411602320888,,7.0,7.798411602320888,3.1818181818181817,5.951774234119805,False
2026-07-24,Reimbursement,2026-07-23 06:02:00,Naver News,https://www.apsk.co.kr/news/articleView.html?idxno=539899,"""해외 표준치료 국내선 못 쓴다""…코리아 패싱에 파킨슨병 환자 치료 어쩌나 - 메디팜스투데이","해외에서 이미 표준치료로 인정받은 약물이 국내에는 들어오지 못하고, 오래된 필수약은 낮은 약가 때문에 시장에서 퇴장하는 상황이 반복되고 있다.치료법이 없는 것이.","해외에서 이미 표준치료로 인정받은 약물이 국내에는 들어오지 못하고, 오래된 필수약은 낮은 약가 때문에 시장에서 퇴장하는 상황이 반복되고 있다.치료법이 없는 것이",local,2,보험등재,,,0.8043726896190746,,6.0,8.043726896190746,2.727272727272727,5.917145228623538,False
2026-07-24,Client,2026-07-24 07:08:00,Naver News,https://www.yakup.com/news/index.html?mode=view&cat=12&nid=330153,"[약업신문]FDA, 사노피 베이포투스 홍보 제동…“RSV 예방 범위 오인 우려”",미국 식품의약국(FDA)이 사노피의 호흡기세포융합바이러스(RSV) 예방 항체 ‘베이포투스(Beyfortus)’ 홍보 이메일이 허가받은 적응증보다 광범위한 예방 효과가 있는 것처럼 오인하게 할 수 있다며 시정을 요구했...,미국 식품의약국(FDA)이 사노피의 호흡기세포융합바이러스(RSV) 예방 항체 ‘베이포투스(Beyfortus)’ 홍보 이메일이 허가받은 적응증보다 광범위한 예방 효과가 있는 것처럼 오인하게 할 수 있다며 시정을 요구했...,local,10,MSD,,,0.7714071904309244,,7.0,7.714071904309244,3.1818181818181817,5.901170415312818,False
2026-07-24,Client,2026-07-23 14:06:00,Naver News,https://www.fntimes.com/html/view.php?ud=202607231113239963923defd0cc_18,삼성바이오 '인프라'·한미 '신약'…판 커지는 비만약 시장 - 한국금융신문,"비만치료제 시장이 성장을 거듭하는 가운데, 국내 제약·바이오 기업들이 각자만의 전략을 앞세워 글로벌 공략에 나서고 있다. 삼성바이오로직스는 인수합병(M&A)을 통해 펩타이드 의약품 ‘생산 인프라’를 확보했고, 한미약품은 독자 기술을 기반으로 비만 신약 상용화와 자체 생산에 집중하.","비만치료제 시장이 성장을 거듭하는 가운데, 국내 제약·바이오 기업들이 각자만의 전략을 앞세워 글로벌 공략에 나서고 있다. 삼성바이오로직스는 인수합병(M&amp;A)을 통해 펩타이드 의약품 ‘생산 인프라’를 확보했고, 한미약품은 독자 기술을 기반으로 비만 신약 상용화와 자체 생산에 집중하",local,10,노보노디스크,,,0.7084191099042245,,9.0,7.084191099042245,4.090909090909091,5.886878295788984,False
2026-07-24,Client,2026-07-20 11:56:00,Naver News,https://www.dailypharm.com/user/news/340567?REFERER=NP,[데일리팜]포타겔·스타빅 빈자리 누가 채우나? 대체제 반사이익 관심,디옥타헤드랄스멕타이트 제제의 소아 적응증 삭제와 관련한 혼란이 정상화 단계에 접어들고 있다. 지역 약국가와 업계에 따르면 포타겔과 스타빅현탁액의 소아·청소년 복용 금지로 수요가 급증했던 대체품목들의 공급 역시 정상화된 것으로 파악됐다. 단시간 내 수요가 급증하며 일시 품절이 빚어졌던 ETC인 하이드라섹산과 OTC인 설멈츄 등의 공급이 원활하게 이뤄지고 있는 것이다.,디옥타헤드랄스멕타이트 제제의 소아 적응증 삭제와 관련한 혼란이 정상화 단계에 접어들고 있다. 지역 약국가와 업계에 따르면 포타겔과 스타빅현탁액의 소아·청소년 복용 금지로 수요가 급증했던 대체품목들의 공급 역시 정상화된 것으로 파악됐다. 단시간 내 수요가 급증하며 일시 품절이 빚어졌던 ETC인 하이드라섹산과 OTC인 설멈츄 등의 공급이 원활하게 이뤄지고 있는 것이다. 한…,local,10,애보트,,,0.7579706165902929,,7.0,7.579706165902929,3.1818181818181817,5.82055097226903,False
2026-07-24,Client,2026-07-20 12:10:00,Naver News,https://www.hitnews.co.kr/news/articleView.html?idxno=77740,프레지스타 등 삼성서울병원 처방 중단 …HIV 치료제 세대교체,단백분해효소 억제제(PIs) 계열의 인체면역결핍바이러스(HIV) 치료제의 처방이 중단되면서 단일정 복합제로 HIV 치료제의 세대교체 흐름이 굳어지고 있다.18일 삼성서울병원 약제부에 따르면 한국얀센의 '프레지스타정(성분 다루나비르)'과 한국애브비의 '노비르정(성분 리토나비르)'이 올해 품목삭제 약물에 포함됐다. 내달 기존 재고 소진을 끝으로 처방이 중지된다.두 치료제는 각각 2010년·2011년에 국내 허가된 HIV 치료제다. 바이러스를 직접 공격하는 프레지스타와 간 분해 효소를 억제함으로써 약물농도를 높여 효과를 지속시키는 노비르.,단백분해효소 억제제(PIs) 계열의 인체면역결핍바이러스(HIV) 치료제의 처방이 중단되면서 단일정 복합제로 HIV 치료제의 세대교체 흐름이 굳어지고 있다.18일 삼성서울병원 약제부에 따르면 한국얀센의 '프레지스타정(성분 다루나비르)'과 한국애브비의 '노비르정(성분 리토나비르)'이 올해 품목삭제 약물에 포함됐다. 내달 기존 재고 소진을 끝으로 처방이 중지된다.두 치료제는 각각 2010년·2011년에 국내 허가된 HIV 치료제다. 바이러스를 직접 공격하는 프레지스타와 간 분해 효소를 억제함으로써 약물농도를 높여 효과를 지속시키는 노비르,local,10,애브비,,,0.7486365048100404,,7.0,7.486365048100404,3.1818181818181817,5.764546301587514,False
2026-07-24,Supply Issues,2026-07-22 14:48:00,Naver News,https://www.etoday.co.kr/news/view/2606175,"트럼프, 리쇼어링 압박…복제약에 2028년 100% 관세 예고",내달부터 2년간은 0% 관세 적용내후년 100% 적용 뒤 2029년 200%로 상향 미국 내 생산시설 이전 압박 목적원가 상승에 가격 상승·품귀 우려▲(이미지=A.,내달부터 2년간은 0% 관세 적용내후년 100% 적용 뒤 2029년 200%로 상향 미국 내 생산시설 이전 압박 목적원가 상승에 가격 상승·품귀 우려▲(이미지=A,local,2,품귀,,,0.8073613613112428,,5.0,8.073613613112428,2.2727272727272725,5.753259076958366,False
2026-07-24,Reimbursement,2026-07-22 16:34:00,Naver News,https://www.bosa.co.kr/news/articleView.html?idxno=3008826,낮은 약가·복잡한 등재 절차에 막힌 신약과 응급약...파킨슨병·뇌전증 치료 공백 - 의학신문,대한신경과학회가 세계 뇌의 날을 맞아 파킨슨병 치료제의 국내 도입 지연과 뇌전증 응급 필수의약품 공급 중단 문제를 환자 치료의.,[의학신문·일간보사=이재원 기자] 대한신경과학회가 세계 뇌의 날을 맞아 파킨슨병 치료제의 국내 도입 지연과 뇌전증 응급 필수의약품 공급 중단 문제를 환자 치료의,local,2,보험등재,,,0.6755728829950695,,9.0,6.755728829950694,4.090909090909091,5.689800934334053,False
2026-07-24,BD,2026-07-22 06:30:00,Naver News,http://www.medisobizanews.com/news/articleView.html?idxno=140395,"식약처, 규제혁신 ‘전진기어’ … 용기 표기 단순화 등 ‘급가속’",식품의약품안전처(이하 식약처)가 제약ㆍ바이오 업계 현장의 목소리를 반영해 수립한 의료제품 분야 규제혁신 과제들을 차질 없이 이행하며 규제 환경 개선에 고삐를 죄고 있다.21일 식약처가 지난해 발표한 '식의약 안심 50대 과제' 중 의료제품 분야는 이르면 올 연말부터 오는 2029년까지 중장기 목표로 설정된 핵심 개혁안들이 순차적으로 추진 중이다. 허가ㆍ심사 문턱을 낮추고 글로벌 규제 조화를 이뤄 R&D 완주율을 높이겠다는 구상이다.일반약 심사 문턱 낮추고 바이오 QC 인프라 구축ㆍ표시재 개선올해 연말까지 완료를 목표로 추진되는 주요.,식품의약품안전처(이하 식약처)가 제약ㆍ바이오 업계 현장의 목소리를 반영해 수립한 의료제품 분야 규제혁신 과제들을 차질 없이 이행하며 규제 환경 개선에 고삐를 죄고 있다.21일 식약처가 지난해 발표한 '식의약 안심 50대 과제' 중 의료제품 분야는 이르면 올 연말부터 오는 2029년까지 중장기 목표로 설정된 핵심 개혁안들이 순차적으로 추진 중이다. 허가ㆍ심사 문턱을 낮추고 글로벌 규제 조화를 이뤄 R&D 완주율을 높이겠다는 구상이다.일반약 심사 문턱 낮추고 바이오 QC 인프라 구축ㆍ표시재 개선올해 연말까지 완료를 목표로 추진되는 주요,local,10,생물학적제제,,,0.7344672256513963,,7.0,7.344672256513963,3.1818181818181817,5.67953062663565,False
2026-07-24,Client,2026-07-23 12:06:00,Naver News,https://www.bosa.co.kr/news/articleView.html?idxno=3008698,미 상반기 신약·의료기 승인 ‘증가’ - 의학신문,미국에서 FDA가 리더십 불확실성 및 인력 감축 등 혼란을 겪는 가운데서도 올해 상반기 신약 및 의료기기의 승인이 전년 동기에.,[의학신문·일간보사=김자연 기자] 미국에서 FDA가 리더십 불확실성 및 인력 감축 등 혼란을 겪는 가운데서도 올해 상반기 신약 및 의료기기의 승인이 전년 동기에,local,10,아스트라제네카,,,0.7321149766397468,,7.0,7.321149766397468,3.1818181818181817,5.665417132565754,False
2026-07-24,Reimbursement,2026-07-24 15:46:00,Naver News,https://www.dailymedi.com/news/news_view.php?wr_id=938725,"서울시醫 “관리급여, 헌법소원심판 청구 지원”","﻿﻿﻿﻿서울특별시의사회는 정부가 시행 중인 ‘관리급여 제도’가 국민 치료선택권과 의료인 소신진료권을 침해할 우려가 크다고 판단하고, 헌법소원심판 청구를 적극 지원한다고 24일 밝혔다. 최근 정부는 ‘국민건강보험법 시행령’ 제18조의4 제1항 제4호를 신설해 ‘사회적 편익 제고를 목적으로 적정한 의료 이용을 위한 관리가 필요한 경우’에도 선별급여를 지정할 수 있도록 했다. 서울의사회는 해당 조항이 모법인 ‘국민건강보험법’이 정한 선별급여 지정 범위를 벗어난 것으로 보고 있다.","﻿﻿﻿﻿서울특별시의사회는 정부가 시행 중인 ‘관리급여 제도’가 국민 치료선택권과 의료인 소신진료권을 침해할 우려가 크다고 판단하고, 헌법소원심판 청구를 적극 지원한다고 24일 밝혔다. 최근 정부는 ‘국민건강보험법 시행령’ 제18조의4 제1항 제4호를 신설해 ‘사회적 편익 제고를 목적으로 적정한 의료 이용을 위한 관리가 필요한 경우’에도 선별급여를 지정할 수 있도록 했다. 서울의사회는 해당 조항이 모법인 ‘국민건강보험법’이 정한 선별급여 지정 범위를 벗어난 것으로 보고 있다. 현행 국민건강보험법은 선별급여를 치료 효…",local,2,급여,,,0.6591473470313323,,9.0,6.591473470313323,4.090909090909091,5.59124771855163,False
2026-07-24,BD,2026-07-21 16:36:00,Naver News,https://www.betanews.net/article/view/beta202607210055,제초제 하나가 160년 독일 대기업을 흔든 이유…바이엘·라운드업,"160년이 넘은 독일 제약·농화학 대기업 바이엘이 제초제 하나 때문에 수년간 흔들렸다. 시작은 미국 몬산토 인수였다. 아스피린의 회사, 몬산토를.","160년이 넘은 독일 제약·농화학 대기업 바이엘이 제초제 하나 때문에 수년간 흔들렸다. 시작은 미국 몬산토 인수였다. 아스피린의 회사, 몬산토를",local,10,바이엘,,,0.6561904779419331,,9.0,6.561904779419331,4.090909090909091,5.573506504015235,False
2026-07-24,BD,2026-07-18 06:12:00,Naver News,https://www.hitnews.co.kr/news/articleView.html?idxno=77720,"허가 행정과 조인트스템, 미프진… 오젬픽 페이스와 에스테틱","조인트스템부터 미프진까지, 이번 주 제약바이오 업계는 허가를 둘러싼 변화가 이어졌습니다. 시장에서는 협업과 신시장 개척, 글로벌 임상을 통해 새로운 성장 동력을 찾으려는 움직임도 빨라지고 있습니다. 히트뉴스 주간 브리핑 시작합니다. 조인트스템 승소…식약처 항소 여부 주목네이처셀이 국내 판매권을 보유한 퇴행성관절염 줄기세포치료제 '조인트스템'의 품목허가 반려 처분을 둘러싼 행정소송에서 1심 승소했다.","조인트스템부터 미프진까지, 이번 주 제약바이오 업계는 허가를 둘러싼 변화가 이어졌습니다. 시장에서는 협업과 신시장 개척, 글로벌 임상을 통해 새로운 성장 동력을 찾으려는 움직임도 빨라지고 있습니다. 히트뉴스 주간 브리핑 시작합니다. 조인트스템 승소…식약처 항소 여부 주목네이처셀이 국내 판매권을 보유한 퇴행성관절염 줄기세포치료제 '조인트스템'의 품목허가 반려 처분을 둘러싼 행정소송에서 1심 승소했다. 이번 소송은 식약처가 2025년 8월 5일 조인트스템 품목허가 신청을 반려한 데 따른 것이다. 조인트스템은 2018년 조건부 품목허가와",local,10,코프로모션,,,0.5891047580610752,,11.0,5.891047580610752,5.0,5.534628548366451,False
2026-07-24,Client,2026-07-24 11:16:00,Naver News,http://www.press9.kr/news/articleView.html?idxno=79997,"미국 상원, 바이오시밀러 소송 특허 20개로 제한…삼성·셀트리온 부담 완화 기대",미국 상원이 바이오시밀러 특허소송에서 오리지널 의약품 제조사가 주장할 수 있는 특허를 최대 20개로 제한하는 법안을 통과시켰다. 삼성바이오에피스와 셀트리온 등 국내 바이오시밀러 기업의 미국 진출 부담은 줄어들 전망이다. 오리지널 의약품 승인 뒤 쌓인 후속 특허를 활용한 대규모 소송 가능성이 줄면 개발사는 소송 비용과 출시 시점을 더 예측 가능하게 관리할 수 있다.24일 한국바이오협회 바이오경제연구센터에 따르면 미국 상원은 지난 21일 '환자를 위한 저렴한 처방의약품 법안(S.1041·Affordable Prescrip.,[프레스나인] 미국 상원이 바이오시밀러 특허소송에서 오리지널 의약품 제조사가 주장할 수 있는 특허를 최대 20개로 제한하는 법안을 통과시켰다. 삼성바이오에피스와 셀트리온 등 국내 바이오시밀러 기업의 미국 진출 부담은 줄어들 전망이다. 오리지널 의약품 승인 뒤 쌓인 후속 특허를 활용한 대규모 소송 가능성이 줄면 개발사는 소송 비용과 출시 시점을 더 예측 가능하게 관리할 수 있다.24일 한국바이오협회 바이오경제연구센터에 따르면 미국 상원은 지난 21일 '환자를 위한 저렴한 처방의약품 법안(S.1041·Affordable Prescrip,local,10,암젠,,,0.6114657210563818,,10.0,6.114657210563817,4.545454545454545,5.486976144520108,False
2026-07-24,Supply Issues,2026-07-23 16:08:00,Naver News,http://www.srtimes.kr/news/articleView.html?idxno=208150,유니온제약 이사회 재편한 부광약품...매출 1000억 넘어 성장 드라이브,"이사회 재편 완료, 유니온제약과 ‘원팀’ 체제 구축기존 공장 가동률 120~130%...CMO 본격화로 품절 해소·공급 안정성 기대라투다·덱시드 등 전략 품목 성장…CP-012 개발 속도[SRT(에스알 타임스) 최진욱 기자] 유니온제약 협업 강화와 새로운 경영진 배치를 통해 전환점을.","이사회 재편 완료, 유니온제약과 ‘원팀’ 체제 구축기존 공장 가동률 120~130%...CMO 본격화로 품절 해소·공급 안정성 기대라투다·덱시드 등 전략 품목 성장…CP-012 개발 속도[SRT(에스알 타임스) 최진욱 기자] 유니온제약 협업 강화와 새로운 경영진 배치를 통해 전환점을",local,2,품절,,,0.759194299109493,,5.0,7.59194299109493,2.2727272727272725,5.464256703747867,False
2026-07-24,BD,2026-07-24 16:18:00,Naver News,https://www.mk.co.kr/article/12106757,"유바이오로직스, 美 FDA 문턱 넘은 면역증강제…글로벌 백신 파트너십 확대 시동 - 매일경제",임상·허가 과정서 활용 가능해져 대상포진·RSV·알츠하이머 백신 개발 면역증강제 원료 공급 사업도 본격화.,임상·허가 과정서 활용 가능해져 대상포진·RSV·알츠하이머 백신 개발 면역증강제 원료 공급 사업도 본격화,local,10,라이선스,,,0.6628860292054646,,8.0,6.628860292054646,3.6363636363636367,5.4318616297782425,False
2026-07-24,Client,2026-07-22 05:52:00,Naver News,https://www.kpanews.co.kr/news/articleView.html?idxno=538918,"릴리 28억달러 베팅…빅파마, 환각제 시장 진입 잇따르나 - 약사공론",일라이 릴리(Eli Lilly)가 최근 아타이베클리(AtaiBeckley)를 선급금 28억달러에 인수하면서 환각제 기반 정신질환 치료제 시장에 추가 동력이 붙을.,일라이 릴리(Eli Lilly)가 최근 아타이베클리(AtaiBeckley)를 선급금 28억달러에 인수하면서 환각제 기반 정신질환 치료제 시장에 추가 동력이 붙을,local,10,애브비,,,0.9010666310776888,,0.0,9.010666310776887,0.0,5.406399786466133,False
2026-07-24,Distribution,2026-07-21 16:56:00,Naver News,https://www.kpanews.co.kr/news/articleView.html?idxno=538965,"지오영, 폭염·장마 속 콜드체인 배송 강화 - 약사공론",지오영(대표이사 조선혜 회장)은 폭염과 장마가 반복되는 여름철을 맞아 전국 물류센터의 의약품 보관·배송 관리 역량을 상향 운영하고 있다고 20일 밝혔다.회사에 따.,지오영(대표이사 조선혜 회장)은 폭염과 장마가 반복되는 여름철을 맞아 전국 물류센터의 의약품 보관·배송 관리 역량을 상향 운영하고 있다고 20일 밝혔다.회사에 따,local,10,지오영,,,0.5364390172356682,,12.0,5.364390172356682,5.454545454545454,5.400452285232191,False
2026-07-24,Client,2026-07-24 06:12:00,Naver News,https://www.hitnews.co.kr/news/articleView.html?idxno=77898,"신약개발도 'AI 팩토리' 시대… BMS, 최신 AI 두뇌 심었다",글로벌 신약개발 분야에서 AI 인프라가 새로운 경쟁축으로 떠오르고 있다. 릴리와 로슈가 엔비디아 '블랙웰' 시스템을 도입한 데 이어 브리스톨 마이어스 스퀴브(BMS)는 한 세대 앞선 '베라 루빈' 슈퍼컴퓨팅 시스템을 신약개발에 적용하며 AI 인프라 경쟁에 합류했다.BMS는 20일(현지시간) 엔비디아의 'DGX 베라 루빈 NVL72' 기반 'DGX 슈퍼팟'을 도입해 자체 AI 컴퓨팅 인프라를 확대한다고 밝혔다. 엔비디아에 따르면 이번에 구축되는 두 번째 DGX 슈퍼팟은 DGX 베라 루빈 NVL72 시스템 8대로 구성된다.,글로벌 신약개발 분야에서 AI 인프라가 새로운 경쟁축으로 떠오르고 있다. 릴리와 로슈가 엔비디아 '블랙웰' 시스템을 도입한 데 이어 브리스톨 마이어스 스퀴브(BMS)는 한 세대 앞선 '베라 루빈' 슈퍼컴퓨팅 시스템을 신약개발에 적용하며 AI 인프라 경쟁에 합류했다.BMS는 20일(현지시간) 엔비디아의 'DGX 베라 루빈 NVL72' 기반 'DGX 슈퍼팟'을 도입해 자체 AI 컴퓨팅 인프라를 확대한다고 밝혔다. 엔비디아에 따르면 이번에 구축되는 두 번째 DGX 슈퍼팟은 DGX 베라 루빈 NVL72 시스템 8대로 구성된다. 생명과학 기,local,10,로슈,,,0.5929180929986666,,10.0,5.929180929986666,4.545454545454545,5.375690376173818,False
2026-07-24,Client,2026-07-21 15:46:00,Naver News,https://www.medicopharma.co.kr/news/articleView.html?idxno=68789,"베링거인겔하임, IPF·PPF 치료제 '자스케이드' 유럽서 허가","베링거인겔하임의 자스케이드(성분명 네란도밀라스트)가 유럽연합(EU)에서 특발성 폐섬유증(IPF)과 진행성 폐섬유증(PPF) 치료제로 허가받았다. IPF에서는 10여 년, PPF에서는 5년여 만에 등장한 새로운 기전의 치료 옵션으로라는 점에서 주목된다.21.","[메디코파마뉴스=이호빈 기자] 베링거인겔하임의 자스케이드(성분명 네란도밀라스트)가 유럽연합(EU)에서 특발성 폐섬유증(IPF)과 진행성 폐섬유증(PPF) 치료제로 허가받았다. IPF에서는 10여 년, PPF에서는 5년여 만에 등장한 새로운 기전의 치료 옵션으로라는 점에서 주목된다.21",local,10,베링거인겔하임,,,0.6765869234736995,,7.0,6.7658692347369955,3.1818181818181817,5.3322488135694694,False
2026-07-24,Client,2026-07-24 06:12:00,Naver News,https://www.hitnews.co.kr/news/articleView.html?idxno=77891,신경섬유종 1형 절반은 총상신경섬유종…성인 접근성 확대 필요,"신경섬유종은 신경계, 피부, 뼈 등에 다발성 종양과 반점이 생기는 유전성 희귀질환이다. 유전자 변이와 증상에 따라 1형(NF1)과 2형으로 분류되고, 1형이 비교적 흔하게 나타난다.NF1 환자 2명 중 1명에서 발생하는 총상신경섬유종은 신경을 따라 불규칙적으로 자라는 딱딱하지 않은 종양이다. 발생 위치에 따라 외형 변화·통증·기능장애를 유발하지만 주변 신경 및 혈관 침범 등의 이유로 수술이 어렵고 수술을 하더라도 재발 가능성이 높다.총상신경섬유종 때문에 발생하는 악성말초신경초종양은 환자의 삶의 질을 저하시키고 생명을 위협하기도 한다.","신경섬유종은 신경계, 피부, 뼈 등에 다발성 종양과 반점이 생기는 유전성 희귀질환이다. 유전자 변이와 증상에 따라 1형(NF1)과 2형으로 분류되고, 1형이 비교적 흔하게 나타난다.NF1 환자 2명 중 1명에서 발생하는 총상신경섬유종은 신경을 따라 불규칙적으로 자라는 딱딱하지 않은 종양이다. 발생 위치에 따라 외형 변화·통증·기능장애를 유발하지만 주변 신경 및 혈관 침범 등의 이유로 수술이 어렵고 수술을 하더라도 재발 가능성이 높다.총상신경섬유종 때문에 발생하는 악성말초신경초종양은 환자의 삶의 질을 저하시키고 생명을 위협하기도 한다",local,10,아스트라제네카,,,0.6752189012017117,,7.0,6.752189012017117,3.1818181818181817,5.324040679937542,False
2026-07-24,Client,2026-07-23 12:02:00,Naver News,https://www.monews.co.kr/news/articleView.html?idxno=412743,"글로벌제약, '신약 포트폴리오 재편' 위해 조직 개편 러시  - 메디칼업저버","글로벌제약사 한국법인이 한여름 구조조정 한파를 맞고 있다. 한국BMS, 한국다케다, 한국MSD, 한국노바티스 등 주요 글로벌제약사가 최근 잇달아 희망퇴직 프로그램.","글로벌제약사 한국법인이 한여름 구조조정 한파를 맞고 있다. 한국BMS, 한국다케다, 한국MSD, 한국노바티스 등 주요 글로벌제약사가 최근 잇달아 희망퇴직 프로그램",local,10,BMS,,,0.662365519098542,,7.0,6.623655190985421,3.1818181818181817,5.246920387318525,False
2026-07-24,BD,2026-07-24 08:32:00,Naver News,https://news.dealsitetv.com/articles/173654,"[소룩스-아리바이오 합병] 2년간 신고서 정정만 14번, '네버엔딩 스토리...","푸싱제약은 중국의 글로벌 헬스케어기업으로, 앞서 아리바이오와 AR1001에 대한 글로벌 독점 판권계약을 진행한 바 있다. 이번 증자는 전략적 지분 투자의 일환으로, 310억원 상당의 2차 지분투자에 대한 옵션이 포함돼... ","푸싱제약은 중국의 글로벌 헬스케어기업으로, 앞서 아리바이오와 AR1001에 대한 글로벌 독점 판권계약을 진행한 바 있다. 이번 증자는 전략적 지분 투자의 일환으로, 310억원 상당의 2차 지분투자에 대한 옵션이 포함돼... ",local,10,판권,,,0.5680677990914302,,10.0,5.680677990914303,4.545454545454545,5.226588612730399,False
2026-07-24,Distribution,2026-07-20 17:10:00,Naver News,https://www.asiatime.co.kr/article/20260720500369,"[제약 뉴스브리핑] 제약바이오협-식약처, GMP규제조화 상담 핫라인 구축",한국제약바이오협회가 식품의약품안전처와 'GMP 규제조화 상담 핫라인'을 운영한다. 휴온스그룹이 중국에서 '휴톡스' 런칭 심포지엄을 진행했다. 메디톡스는 신규 학술교육 프로그램 'MAP'의 첫 행사를 개최했다. 용마로지스가 '용마로지스쿨' 프.,[아시아타임즈=김지수 기자] 한국제약바이오협회가 식품의약품안전처와 'GMP 규제조화 상담 핫라인'을 운영한다. 휴온스그룹이 중국에서 '휴톡스' 런칭 심포지엄을 진행했다. 메디톡스는 신규 학술교육 프로그램 'MAP'의 첫 행사를 개최했다. 용마로지스가 '용마로지스쿨' 프,local,10,용마,,,0.5669228896030806,,10.0,5.6692288960308055,4.545454545454545,5.219719155800301,False
2026-07-24,Client,2026-07-22 06:12:00,Naver News,https://www.hitnews.co.kr/news/articleView.html?idxno=77819,'렉라자 업데이트'… 국내 매출·글로벌 경쟁력 모두 키웠다,"신약개발, 특히 기술수출의 유용성을 실적으로 증명해 보이고 있는 유한양행의 비소세포폐암 신약 '렉라자'의 국내 및 글로벌 성과가 업데이트 됐다. 국내에서 렉라자는 단독요법으로 연간 매출 1000억 원을 넘어 2000억 원을 향한 잰걸음을 보이고 있고, 글로벌에서는 파트너사 J&J의 렉라자-리브리반트 병용요법이 투약편의성을 대폭 개선한 제형변경을 통해 미국을 넘어 유럽, 중국 등 지배력을 확대해 가고 있다. 병용요법은 올해 상반기에만 5억4600만달러(8051억원) 매출을 기록, 지난해 같은 기간 3억2000만달러에 비해 70.6%.","신약개발, 특히 기술수출의 유용성을 실적으로 증명해 보이고 있는 유한양행의 비소세포폐암 신약 '렉라자'의 국내 및 글로벌 성과가 업데이트 됐다. 국내에서 렉라자는 단독요법으로 연간 매출 1000억 원을 넘어 2000억 원을 향한 잰걸음을 보이고 있고, 글로벌에서는 파트너사 J&J의 렉라자-리브리반트 병용요법이 투약편의성을 대폭 개선한 제형변경을 통해 미국을 넘어 유럽, 중국 등 지배력을 확대해 가고 있다. 병용요법은 올해 상반기에만 5억4600만달러(8051억원) 매출을 기록, 지난해 같은 기간 3억2000만달러에 비해 70.6%",local,10,얀센,,,0.561873103695955,,10.0,5.6187310369595505,4.545454545454545,5.189420440357548,False
2026-07-24,Product Approval,2026-07-24 15:56:00,Naver News,http://www.iminju.net/news/articleView.html?idxno=167108,[민주 약국] 동국제약·동아제약·셀트리온,민주신문=조환흠 기자｜동국제약은 피부과 전문의 자문을 바탕으로 병·의원 기반 더마코스메슈티컬 브랜드 '마데카랩스' 개발에 나선다고 24일 밝혔다.마데카랩스는 ▲피부 장벽 ▲민감 피부 ▲시술 후 홈케어 ▲피부 컨디션 관리 등 다양한 피부 고민에 대응하는 고기능성 스킨케어 브랜드다.,민주신문=조환흠 기자｜동국제약은 피부과 전문의 자문을 바탕으로 병·의원 기반 더마코스메슈티컬 브랜드 '마데카랩스' 개발에 나선다고 24일 밝혔다.마데카랩스는 ▲피부 장벽 ▲민감 피부 ▲시술 후 홈케어 ▲피부 컨디션 관리 등 다양한 피부 고민에 대응하는 고기능성 스킨케어 브랜드다. 동국,local,2,허가,,,0.6471459666927121,,7.0,6.471459666927121,3.1818181818181817,5.155603072883545,False
2026-07-24,Client,2026-07-24 13:36:00,Naver News,https://www.getnews.co.kr/news/articleView.html?idxno=875984,"한미약품, AI 플랫폼으로 세계 첫 근육 증가 비만 신약 임상 진입",인공지능(AI)이 신약 개발의 보조 도구를 넘어 실질적인 '연구 파트너'로 자리잡고 있다. 한미약품이 자체 개발한 AI 플랫폼을 통해 세계 최초로 근육을 늘리면서.,인공지능(AI)이 신약 개발의 보조 도구를 넘어 실질적인 '연구 파트너'로 자리잡고 있다. 한미약품이 자체 개발한 AI 플랫폼을 통해 세계 최초로 근육을 늘리면서,local,10,위고비,,,0.6163353009899795,,8.0,6.163353009899795,3.6363636363636367,5.152557260485332,False
2026-07-24,Reimbursement,2026-07-24 15:08:00,Naver News,https://www.k-health.com/news/articleView.html?idxno=100262,군발두통 ‘산소치료’…표준치료인데 집에서 못 쓴다 - 헬스경향,“발작이 시작되면 즉시 산소를 투여하라.” 군발두통 치료의 기본원칙이다. 하지만 국내에서는 환자가 집에서 사용할 재택 고유량 산소치료에 건강보험이 적용되지 않는다.,“발작이 시작되면 즉시 산소를 투여하라.” 군발두통 치료의 기본원칙이다. 하지만 국내에서는 환자가 집에서 사용할 재택 고유량 산소치료에 건강보험이 적용되지 않는다,local,2,급여,,,0.5834701760099156,,9.0,5.834701760099156,4.090909090909091,5.13718469242313,False
2026-07-24,Client,2026-07-24 15:40:00,Naver News,http://www.whosaeng.com/172367,≪후생신보≫ GLP-1 비만치료제 확산…'오젬픽 페이스'·'마운자로 가슴' 관심,GLP-1 계열 비만치료제를 이용한 체중 감량이 대중화되면서 감량 이후 나타나는 외모 변화를 표현하는 신조어가 잇따라 등장하고 있다.,【후생신보】 GLP-1 계열 비만치료제를 이용한 체중 감량이 대중화되면서 감량 이후 나타나는 외모 변화를 표현하는 신조어가 잇따라 등장하고 있다. 얼,local,10,용량,,,0.6336450336910237,,7.0,6.336450336910237,3.1818181818181817,5.074597474873414,False
2026-07-24,BD,2026-07-24 14:56:00,Naver News,https://www.mediapen.com/news/view/1112038,"삼성바이오로직스, 호실적 타고 유럽·비만치료제까지…‘3대 축’ 가속도",삼성바이오로직스가 역대급 2분기 실적을 발판으로 유럽 영업망 확대와 비만치료제 원료 시장 진출을 동시에 추진하며 글로벌 확장 전략에 속도를 내고 있다.,[미디어펜=박재훈 기자]삼성바이오로직스가 역대급 2분기 실적을 발판으로 유럽 영업망 확대와 비만치료제 원료 시장 진출을 동시에 추진하며 글로벌 확장 전략에 속도를 내고 있다. 항체,local,10,M&A,,,0.5699510949326135,,9.0,5.699510949326135,4.090909090909091,5.056070205959317,False
2026-07-24,Client,2026-07-18 10:10:00,Naver News,https://www.news1.kr/bio/pharmaceutical-bio/6230667,"""진단에만 2년, 치료도 쉽지 않다""…'실반트'가 바꾼 캐슬만병 치료[약...","Access Denied You don't have permission to access ""http://www.news1.kr/bio/pharmaceutical-bio/6230667"" on this server. Reference #18.521c2117.1784878089.422b51d1 https://errors.edgesuite.net/18.521c2117.1784878089.422b51d1.","Access Denied
You don't have permission to access ""http://www.news1.kr/bio/pharmaceutical-bio/6230667"" on this server.
Reference #18.521c2117.1784878089.422b51d1
https://errors.edgesuite.net/18.521c2117.1784878089.422b51d1",local,10,레코르다티,,,0.6232481522616329,,7.0,6.232481522616329,3.1818181818181817,5.01221618629707,False
2026-07-24,Client,2026-07-21 13:56:00,Naver News,https://www.medicaltimes.com/Main/News/NewsView.html?ID=1169836&ref=naverpc,[메디칼타임즈] MSD 립펜드라 등장…먹는 PCSK9 시대 열렸다,"기존 피하주사(SC) 제형이 독점하던 PCSK9 억제제 시장에 '1일 1회 먹는 약'이 최초로 등장하며 임상 현장 치료 패러다임 변화를 예고했다.최근 MSD는 FDA로부터 '립펜드라(에늘리시타이드) 20mg'의 품목허가를 획득했다.21일 제약업계에 따르면, 최근 MSD는 미국식품의약국(FDA)으로부터 성인 고콜레스테롤혈증 환자 및 이형합체 가족성 고콜레스테롤혈증 환자의 저밀도 지질단백질 콜레스테롤(LDL-C) 감소를 위한 식이·운동요법 보조제로 '립펜드라(에늘리시타이드) 20mg' 품목허가를 획득했다.립펜드라는 신규 거대고리 펩타이드(Macrocyclic Peptide) 기술을 적용해 PCSK9 단백질과 LDL 수용체 간의 상호작용을 차단하는 기전으로, FDA 허가를 받은 세계 최초이자 유일한 경구용 PCSK9 억제제다.이번 승인은 임상 3상 연구 프로그램인 'CORALreef'의 주요 임상 2건(CORALreef Lipids 및 CORALreef HeFH) 결과를 바탕으로 이뤄졌다.고위험군 이상지질혈증 환자 2904명을 대상으로 진행된 CORALreef Lipids 연구에서 립펜드라 투여군은 24주 차에 위약 대비 LDL-C 수치를 56% 통계적으로 유의하게 감소시켰다(p<0.001). 특히 생물학적으로 불가능한 수치를 제외한 분석에서는 기저치 대비 60%의 감소 폭을 기록했다.또한 이형합체 가족성 고콜레스테롤혈증 환자 303명을 대상으로 한 CORALreef HeFH 연구에서도 립펜드라 투여군은 24주 차에 위약 대비 59%의 LDL-C 강하 효과를 입증했다.두 연구 모두에서 주요 2차 평가변수인 죽상경화성 심혈관질환(ASCVD) 위험과 관련된 타 주요 지질 지표 역시 유의미하게 개선된 것으로 확인됐다.안전성 프로파일 측면에서도 위약군과 유사한 내약성을 보였다. CORALreef HeFH 연구에서 보고된 주요 부작용으로는 설사(립펜드라군 7% vs 위약군 2%) 및 어지러움(립펜드라군 9% vs 위약군 4%) 등이 확인됐다.임상 현장에서는 이번 립펜드라의 FDA 허가가 기존 암젠 '레파타(에볼로쿠맙)'나 노바티스 '렉비오(인클리시란)' 등 주사제 제형이 주도하던 PCSK9 억제제 시장의 접근성을 크게 높일 것으로 기대하고 있다.딘 리(Dean Y.","[메디칼타임즈=문성호 기자]기존 피하주사(SC) 제형이 독점하던 PCSK9 억제제 시장에 '1일 1회 먹는 약'이 최초로 등장하며 임상 현장 치료 패러다임 변화를 예고했다.최근 MSD는 FDA로부터 '립펜드라(에늘리시타이드) 20mg'의 품목허가를 획득했다.21일 제약업계에 따르면, 최근 MSD는 미국식품의약국(FDA)으로부터 성인 고콜레스테롤혈증 환자 및 이형합체 가족성 고콜레스테롤혈증 환자의 저밀도 지질단백질 콜레스테롤(LDL-C) 감소를 위한 식이·운동요법 보조제로 '립펜드라(에늘리시타이드) 20mg' 품목허가를 획득했다.립펜드라는 신규 거대고리 펩타이드(Macrocyclic Peptide) 기술을 적용해 PCSK9 단백질과 LDL 수용체 간의 상호작용을 차단하는 기전으로, FDA 허가를 받은 세계 최초이자 유일한 경구용 PCSK9 억제제다.이번 승인은 임상 3상 연구 프로그램인 'CORALreef'의 주요 임상 2건(CORALreef Lipids 및 CORALreef HeFH) 결과를 바탕으로 이뤄졌다.고위험군 이상지질혈증 환자 2904명을 대상으로 진행된 CORALreef Lipids 연구에서 립펜드라 투여군은 24주 차에 위약 대비 LDL-C 수치를 56% 통계적으로 유의하게 감소시켰다(p<0.001). 특히 생물학적으로 불가능한 수치를 제외한 분석에서는 기저치 대비 60%의 감소 폭을 기록했다.또한 이형합체 가족성 고콜레스테롤혈증 환자 303명을 대상으로 한 CORALreef HeFH 연구에서도 립펜드라 투여군은 24주 차에 위약 대비 59%의 LDL-C 강하 효과를 입증했다.두 연구 모두에서 주요 2차 평가변수인 죽상경화성 심혈관질환(ASCVD) 위험과 관련된 타 주요 지질 지표 역시 유의미하게 개선된 것으로 확인됐다.안전성 프로파일 측면에서도 위약군과 유사한 내약성을 보였다. CORALreef HeFH 연구에서 보고된 주요 부작용으로는 설사(립펜드라군 7% vs 위약군 2%) 및 어지러움(립펜드라군 9% vs 위약군 4%) 등이 확인됐다.임상 현장에서는 이번 립펜드라의 FDA 허가가 기존 암젠 '레파타(에볼로쿠맙)'나 노바티스 '렉비오(인클리시란)' 등 주사제 제형이 주도하던 PCSK9 억제제 시장의 접근성을 크게 높일 것으로 기대하고 있다.딘 리(Dean Y. Li) MSD 연구소장은",local,10,암젠,,,0.8329982229632935,,0.0,8.329982229632936,0.0,4.997989337779761,False
2026-07-24,Client,2026-07-21 06:08:00,Naver News,https://www.yakup.com/news/index.html?mode=view&cat=12&nid=329970,[약업신문]엘러간 미간 주름 개선제 EU서 허가관문 통과,미국의 글로벌 제약기업 애브비(AbbVie)의 자회사인 엘러간 에스테틱스(Allergan Aesthetics)는 중등도에서 고도에 이르는 미간 주름을 일시적으로 개선하는 주름 개선제 ‘보이’(Boey: 트레니보툴리눔 독소...,미국의 글로벌 제약기업 애브비(AbbVie)의 자회사인 엘러간 에스테틱스(Allergan Aesthetics)는 중등도에서 고도에 이르는 미간 주름을 일시적으로 개선하는 주름 개선제 ‘보이’(Boey: 트레니보툴리눔 독소...,local,10,애브비,,,0.6165503696706637,,7.0,6.165503696706637,3.1818181818181817,4.972029490751255,False
2026-07-24,BD,2026-07-20 13:28:00,Naver News,https://www.monews.co.kr/news/articleView.html?idxno=412636,"""이번엔 다르다""···CSO협회, 세 번째 법인화 재도전 - 메디칼업저버",CSO(의약품판촉영업자) 업계가 세 번째 사단법인 설립에 드라이브를 걸고 있다. 두 차례 반려 벽에 부딪혔던 한국의약품판촉영업협회(CSO협회)가 회원 구성 개편과.,CSO(의약품판촉영업자) 업계가 세 번째 사단법인 설립에 드라이브를 걸고 있다. 두 차례 반려 벽에 부딪혔던 한국의약품판촉영업협회(CSO협회)가 회원 구성 개편과,local,10,판촉영업자,,,0.6117162468968839,,7.0,6.117162468968838,3.1818181818181817,4.943024754108576,False
2026-07-24,BD,2026-07-24 08:22:00,Naver News,https://www.edaily.co.kr/news/newspath.asp?newsid=02879846645517800,TG-C 3상 고배에 삼일제약 웃나…‘세계 첫 DMOAD’ 판권 가치 재평가,삼일제약(000520)이 확보한 골관절염 신약 '로어시비빈트'(lorecivivint)의 국내 독점 판권 가치가 재평가받을 전망이다. 코오롱티슈진(950160)의 'TG-C'가 미국 임상 3상 첫 시험에서 통증과 관절 기능을 평가한 공동 1차 평가변수를 모두 충족하지...,삼일제약(000520)이 확보한 골관절염 신약 '로어시비빈트'(lorecivivint)의 국내 독점 판권 가치가 재평가받을 전망이다. 코오롱티슈진(950160)의 'TG-C'가 미국 임상 3상 첫 시험에서 통증과 관절 기능을 평가한 공동 1차 평가변수를 모두 충족하지...,local,10,판권,,,0.5790693080841465,,8.0,5.790693080841464,3.6363636363636367,4.928961303050333,False
2026-07-24,Client,2026-07-24 10:25:00,Naver News,https://www.newsis.com/view/NISX20260724_0003721734,"""살 빼려다 머리 빠지나""…GLP-1, 당뇨약보다 탈모 위험 높다",전 세계적으로 비만·당뇨 치료제로 널리 쓰이는 GLP-1 계열 약물이 다른 당뇨약보다 탈모 위험을 높인다는 연구 결과가 잇따라 나왔다.23일(현지 시간) 미국 뉴욕포스트는 미국 펜실베이니아대 연구진이 발표한 연구를 인용해 위고비·오젬픽·젭바운드·마운자로 등 GLP-1 계열 약물을 복용한 환자의 탈모 위험이 S..,"[서울=뉴시스]김혜경 기자, 강건우 인턴기자 = 전 세계적으로 비만·당뇨 치료제로 널리 쓰이는 GLP-1 계열 약물이 다른 당뇨약보다 탈모 위험을 높인다는 연구 결과가 잇따라 나왔다.23일(현지 시간) 미국 뉴욕포스트는 미국 펜실베이니아대 연구진이 발표한 연구를 인용해 위고비·오젬픽·젭바운드·마운자로 등 GLP-1 계열 약물을 복용한 환자의 탈모 위험이 S..",local,10,마운자로,,,0.8208623499294163,,0.0,8.208623499294163,0.0,4.925174099576497,False
2026-07-24,BD,2026-07-24 15:14:00,Naver News,http://www.finomy.com/news/articleView.html?idxno=257957,"유바이오로직스, 면역증강제 플랫폼 美 인허가 기반 확보","현대경제신문 임이랑 기자 | 유바이오로직스가 면역증강제 플랫폼 'EcML™'의 미국 식품의약국(FDA) 의약품 마스터파일(Drug Master File, DMF) 등록을 완료하며 글로벌 인허가 기반을 마련했다.유바이오로직스는 EcML의 FDA DMF 등록을 완료하고 공식 번호를 부여받.","현대경제신문 임이랑 기자 | 유바이오로직스가 면역증강제 플랫폼 'EcML™'의 미국 식품의약국(FDA) 의약품 마스터파일(Drug Master File, DMF) 등록을 완료하며 글로벌 인허가 기반을 마련했다.유바이오로직스는 EcML의 FDA DMF 등록을 완료하고 공식 번호를 부여받",local,10,제형,,,0.6060905407114536,,7.0,6.060905407114536,3.1818181818181817,4.909270516995994,False
2026-07-24,BD,2026-07-24 06:00:00,Naver News,https://www.apsk.co.kr/news/articleView.html?idxno=539909,"GSK, 15조 규모 '누발런트' 인수 7일 만에 결실…폐암약 FDA 승인 - 메디팜스투데이",GSK가 106억 달러 규모의 누발런트(Nuvalent) 인수를 마무리한 지 7일 만에 첫 허가 성과를 확보했다.인수를 통해 품에 안은 ROS1 표적 폐암 치료제.,GSK가 106억 달러 규모의 누발런트(Nuvalent) 인수를 마무리한 지 7일 만에 첫 허가 성과를 확보했다.인수를 통해 품에 안은 ROS1 표적 폐암 치료제,local,10,로슈,,,0.5431212533510024,,9.0,5.431212533510024,4.090909090909091,4.89509115646965,False
2026-07-24,Supply Issues,2026-07-23 12:30:00,Naver News,https://www.dailymedi.com/news/news_view.php?wr_id=938648,신생아중환자실 운영 위태로운 또 다른 이유,﻿﻿﻿﻿낮은 공급단가로 신생아 치료에 필요한 의약품의 공급 차질이 반복되면서 지역병원 신생아중환자실(NICU) 진료 기반이 흔들리고 있다는 주장이 제기. 이병국 세종충남대병원 신생아과 교수는 7월 22일 대통령 주재 지역·필수·공공의료 간담회에서 “우리나라 신생아 치료 수준은 세계 2~3위지만 서울을 제외한 NICU와 모자의료센터는 절벽에 있는 실정”이라며 신생아 의약품의 안정적인 공급을 위한 국가 차원의 대책을 요청.이 교수는 신생아 의약품 공급 문제와 함께 의료인력 부족 및 법적인 위험도 호소. 세종충남대병원이 세종·충북 지역 ….,﻿﻿﻿﻿낮은 공급단가로 신생아 치료에 필요한 의약품의 공급 차질이 반복되면서 지역병원 신생아중환자실(NICU) 진료 기반이 흔들리고 있다는 주장이 제기. 이병국 세종충남대병원 신생아과 교수는 7월 22일 대통령 주재 지역·필수·공공의료 간담회에서 “우리나라 신생아 치료 수준은 세계 2~3위지만 서울을 제외한 NICU와 모자의료센터는 절벽에 있는 실정”이라며 신생아 의약품의 안정적인 공급을 위한 국가 차원의 대책을 요청.이 교수는 신생아 의약품 공급 문제와 함께 의료인력 부족 및 법적인 위험도 호소. 세종충남대병원이 세종·충북 지역 …,local,2,품절,,,0.6601866438027391,,5.0,6.601866438027391,2.2727272727272725,4.8702107719073435,False
2026-07-24,Client,2026-07-22 10:32:00,Naver News,https://www.kpanews.co.kr/news/articleView.html?idxno=539010,"스포츠약학회, 켄뷰와 함께 '스포츠 통증케어 세미나' 개최  - 약사공론",스포츠약학회와 켄뷰코리아가 오는 8월 9일 서울 강남구 그라운드옥탑에서 약사를 대상으로 '스포츠 통증케어 세미나'를 개최한다.이번 세미나는 '근육통부터 약물 선택.,스포츠약학회와 켄뷰코리아가 오는 8월 9일 서울 강남구 그라운드옥탑에서 약사를 대상으로 '스포츠 통증케어 세미나'를 개최한다.이번 세미나는 '근육통부터 약물 선택,local,10,켄뷰,,,0.5990279373864836,,7.0,5.990279373864836,3.1818181818181817,4.8668948970461745,False
2026-07-24,BD,2026-07-23 12:50:00,Naver News,http://www.medisobizanews.com/news/articleView.html?idxno=140440,"글로벌 폭풍성장 뇌전증 신약 ‘세노바메이트’, 급여 출시 임박","SK바이오팜이 자체 개발한 뇌전증 치료 신약 '세노바메이트(상품명 엑스코프리, 사진)'가 글로벌 성과를 바탕으로 국내 시장 진입의 막바지 단계에 진입했다. 미국과 유럽 등 글로벌 주요 시장에서의 실적 호조에 이어 국내 상업화까지 현실화되면서 국내 뇌전증 시장의 판도 변화와 함께 회사의 실적 모멘텀이 더욱 강화될 것으로 보인다.22일 회사에 따르면 세노바메이트의 국내 판권을 보유한 동아에스티는 지난 2일 건강보험심사평가원 약제급여평가위원회를 통과하면서 국민건강보험공단과의 약가 협상에 시동을 걸었다. 지난해 11월 식품의약품안전처 품목.","SK바이오팜이 자체 개발한 뇌전증 치료 신약 '세노바메이트(상품명 엑스코프리, 사진)'가 글로벌 성과를 바탕으로 국내 시장 진입의 막바지 단계에 진입했다. 미국과 유럽 등 글로벌 주요 시장에서의 실적 호조에 이어 국내 상업화까지 현실화되면서 국내 뇌전증 시장의 판도 변화와 함께 회사의 실적 모멘텀이 더욱 강화될 것으로 보인다.22일 회사에 따르면 세노바메이트의 국내 판권을 보유한 동아에스티는 지난 2일 건강보험심사평가원 약제급여평가위원회를 통과하면서 국민건강보험공단과의 약가 협상에 시동을 걸었다. 지난해 11월 식품의약품안전처 품목",local,10,특허만료,,,0.5657381755485941,,8.0,5.6573817554859405,3.6363636363636367,4.848974507837019,False
2026-07-24,BD,2026-07-23 11:05:00,Naver News,https://www.greened.kr/news/articleView.html?idxno=345745,"한올바이오파마, 中 파트너사 대상 'HL161' 중재 패소…리레이팅 지연될까",한올바이오파마가 중국 파트너사 하버바이오메드(Harbour BioMed)를 대상으로 진행했던 자가면역질환 치료제 'HL161(성분명 바토클리맙)'의 계약 해지 중재 신청에서 패소하면서 직접 판매를 통한 추가 수익 창출 기회를 잃게 됐다. HL161과 함께 계약 파이프라인으로 포함됐던 안구건조증 치료제 'HL036(성분명 탄파너셉트)' 역시 1차 평가 지표를 충족하지 못해 개발이 지연되고 있는만큼 계약 수익성에 대한 의구심이 고개를 드는 분위기다.23일 업계에 따르면 한올바이오파마는 HL161의 중화권.,[녹색경제신문 = 민보영 기자] 한올바이오파마가 중국 파트너사 하버바이오메드(Harbour BioMed)를 대상으로 진행했던 자가면역질환 치료제 'HL161(성분명 바토클리맙)'의 계약 해지 중재 신청에서 패소하면서 직접 판매를 통한 추가 수익 창출 기회를 잃게 됐다. HL161과 함께 계약 파이프라인으로 포함됐던 안구건조증 치료제 'HL036(성분명 탄파너셉트)' 역시 1차 평가 지표를 충족하지 못해 개발이 지연되고 있는만큼 계약 수익성에 대한 의구심이 고개를 드는 분위기다.23일 업계에 따르면 한올바이오파마는 HL161의 중화권,local,10,생물학적제제,,,0.5637619580260026,,8.0,5.637619580260026,3.6363636363636367,4.83711720270147,False
2026-07-24,Product Approval,2026-07-24 15:30:00,Naver News,https://www.womaneconomy.co.kr/news/articleView.html?idxno=256479,"[원격의료] ③ ""입원 4일 전 폐렴 잡아냈다""···시계도 카메라도 필요 없는 '24시간 안방 주치의'",2026년 12월 24일부터 비대면진료의 법적 근거를 담은 의료법 개정안이 시행된다. 1951년 '국민의료법'이 제정된 지 75년 만에 국내에서도 '원격의료' 시대가 본격 개막한다. 경제협력개발기구(OECD) 38개 회원국 거의 대부분은 이미 원격의료를 도입하고 있다. 원격의료가 도입되면 환자와 병의원은 물론이고 요양원이나 실버타운 등 시니어 케어 시설의 운영에도 지각 변동이 불가피하다.,2026년 12월 24일부터 비대면진료의 법적 근거를 담은 의료법 개정안이 시행된다. 1951년 '국민의료법'이 제정된 지 75년 만에 국내에서도 '원격의료' 시대가 본격 개막한다. 경제협력개발기구(OECD) 38개 회원국 거의 대부분은 이미 원격의료를 도입하고 있다. 원격의료가 도입되면 환자와 병의원은 물론이고 요양원이나 실버타운 등 시니어 케어 시설의 운영에도 지각 변동이 불가피하다. 환자와 의료기관을 잇는 데이터 서비스도 새로운 블루오션으로 부상한다. 그러나 아직 국내 의료계나 돌봄시설에선 원격의료에 대한 대비가 미흡한 게 현,local,2,용량,,,0.49422305971945574,,10.0,4.942230597194557,4.545454545454545,4.783520176498552,False
2026-07-24,Product Approval,2026-07-24 12:53:00,Naver News,https://view.asiae.co.kr/article/2026072412531086186,"[클릭 e종목]""킵스파마, 제약·바이오 중심 성장 본격화…신약 가치 확대 기대""",킵스파마가 표적 항암제와 경구용 펩타이드 플랫폼을 앞세워 제약·바이오 중심 사업구조 전환에 속도를 내고 있다는 평가가 나왔다.,킵스파마가 표적 항암제와 경구용 펩타이드 플랫폼을 앞세워 제약·바이오 중심 사업구조 전환에 속도를 내고 있다는 평가가 나왔다.,local,2,적응증,,,0.5842514256446386,,7.0,5.842514256446386,3.1818181818181817,4.778235826595105,False
2026-07-24,Client,2026-07-24 07:26:00,Naver News,https://www.medicopharma.co.kr/news/articleView.html?idxno=68836,[인터뷰]NF1 성인 치료 문 열렸지만…남은 과제는 '환자 접근성',"신경섬유종 1형(Neurofibromatosis type 1, NF1)은 소아기에 주로 진단되지만 성인기까지 지속적인 치료와 관리가 필요한 대표적인 유전성 희귀질환이다. 최근 국내에서는 NF1 치료제 코셀루고(성분명 셀루메티닙)의 적용 대상이 소아에서 성.","[메디코파마뉴스=이호빈 기자] 신경섬유종 1형(Neurofibromatosis type 1, NF1)은 소아기에 주로 진단되지만 성인기까지 지속적인 치료와 관리가 필요한 대표적인 유전성 희귀질환이다. 최근 국내에서는 NF1 치료제 코셀루고(성분명 셀루메티닙)의 적용 대상이 소아에서 성",local,10,아스트라제네카,,,0.5769773961476296,,7.0,5.769773961476296,3.1818181818181817,4.7345916496130505,False
2026-07-24,Client,2026-07-24 10:56:00,Naver News,https://kormedi.com/?p=2837651,체중 22.6% 줄인 릴리 비만 신약…심혈관질환 예방은 물음표 - 코메디닷컴,일라이 릴리의 삼중작용 비만 신약 레타트루타이드가 임상 3상에서 80주 동안 체중을 최대 22.6% 줄였다. 다만 심근경색·뇌졸중 예방 효과는 확인하지 못했다.,일라이 릴리의 삼중작용 비만 신약 레타트루타이드가 임상 3상에서 80주 동안 체중을 최대 22.6% 줄였다. 다만 심근경색·뇌졸중 예방 효과는 확인하지 못했다.,local,10,릴리,,,0.7871374954992616,,0.0,7.871374954992616,0.0,4.72282497299557,False
2026-07-24,Client,2026-07-21 06:20:00,Naver News,https://www.news1.kr/bio/pharmaceutical-bio/6233278,"'피하주사' 전환기술 주목하는 바이오…""편의성 높이고 특허도 연장""","Access Denied You don't have permission to access ""http://www.news1.kr/bio/pharmaceutical-bio/6233278"" on this server. Reference #18.521c2117.1784878086.422b0b43 https://errors.edgesuite.net/18.521c2117.1784878086.422b0b43.","Access Denied
You don't have permission to access ""http://www.news1.kr/bio/pharmaceutical-bio/6233278"" on this server.
Reference #18.521c2117.1784878086.422b0b43
https://errors.edgesuite.net/18.521c2117.1784878086.422b0b43",local,10,얀센,,,0.5635216304075482,,7.0,5.635216304075482,3.1818181818181817,4.653857055172562,False
2026-07-24,Client,2026-07-24 10:30:00,Naver News,http://www.the-biz.co.kr/news/articleView.html?idxno=724947,"[Biz&Law] 삼천당제약, 아일리아 시밀러 자료 놓고 美 법정공방 - THE Biz(더비즈)",THE Biz(더비즈)는 비즈앤로(Biz&Law) 코너를 통해 글로벌 법정 분쟁 이슈를 심도 있는 취재로 독자들에게 알려드리고자 합니다.,[편집자주] THE Biz(더비즈)는 비즈앤로(Biz&Law) 코너를 통해 글로벌 법정 분쟁 이슈를 심도 있는 취재로 독자들에게 알려드리고자 합니다. 생소한 해외,local,10,리제네론,,,0.5511252517123152,,7.0,5.511252517123152,3.1818181818181817,4.579478783001164,False
2026-07-24,BD,2026-07-24 12:00:00,Naver News,https://www.medicaltimes.com/Main/News/NewsView.html?ID=1169897&ref=naverpc,[메디칼타임즈] 고령층 폐렴구균 백신 전환 급물살…화이자·MSD 승부수,"질병관리청이 고령층 국가예방접종(NIP) 대상 폐렴구균 백신을 기존 23가 다당백신(PPSV23)에서 단백접합백신(PCV)으로 전환하는 프로젝트를 검토하기로 하면서 주목을 받고 있다.대한감염학회 등 의학계가 지속적으로 요구해 온 PCV 전환이 정부 차원에서 공식화되면서, 성인 비급여 시장에서 경쟁을 벌이고 있는 한국화이자제약과 한국MSD의 NIP 주도권 싸움이 본격화할 전망이다.왼쪽부터 한국MSD 캡박시브, 한국화이자 프리베나20 제품사진이다. 현재 두 품목이 성인 폐렴구균 백신 시장을 놓고 임상현장 경쟁을 벌이고 있다.24일 제약업계에 따르면, 최근 질병관리청은 최근 대통령 업무보고를 통해 65세 이상 고령층 폐렴구균 NIP 지원 백신을 단백접합백신(PCV)으로 전환하는 방안을 검토 과제로 포함시켰다.현재 고령층 NIP 사업에 쓰이는 한국MSD 프로디악스23 등 23가 다당백신(PPSV23)은 넓은 혈청형을 커버한다는 장점이 있지만, 단백접합백신과 달리 T세포 면역 반응을 유도하지 못해 면역 기억 형성에 한계가 있고 재접종 시 면역원성이 저하된다는 단점이 지적돼 왔다.의료계에서는.","[메디칼타임즈=문성호 기자]질병관리청이 고령층 국가예방접종(NIP) 대상 폐렴구균 백신을 기존 23가 다당백신(PPSV23)에서 단백접합백신(PCV)으로 전환하는 프로젝트를 검토하기로 하면서 주목을 받고 있다.대한감염학회 등 의학계가 지속적으로 요구해 온 PCV 전환이 정부 차원에서 공식화되면서, 성인 비급여 시장에서 경쟁을 벌이고 있는 한국화이자제약과 한국MSD의 NIP 주도권 싸움이 본격화할 전망이다.왼쪽부터 한국MSD 캡박시브, 한국화이자 프리베나20 제품사진이다. 현재 두 품목이 성인 폐렴구균 백신 시장을 놓고 임상현장 경쟁을 벌이고 있다.24일 제약업계에 따르면, 최근 질병관리청은 최근 대통령 업무보고를 통해 65세 이상 고령층 폐렴구균 NIP 지원 백신을 단백접합백신(PCV)으로 전환하는 방안을 검토 과제로 포함시켰다.현재 고령층 NIP 사업에 쓰이는 한국MSD 프로디악스23 등 23가 다당백신(PPSV23)은 넓은 혈청형을 커버한다는 장점이 있지만, 단백접합백신과 달리 T세포 면역 반응을 유도하지 못해 면역 기억 형성에 한계가 있고 재접종 시 면역원성이 저하된다는 단점이 지적돼 왔다.의료계에서는",local,10,MSD,,,0.5150245064517082,,8.0,5.150245064517081,3.6363636363636367,4.544692493255703,False
2026-07-24,Client,2026-07-24 06:22:00,Naver News,https://biz.chosun.com/science-chosun/bio/2026/07/24/CTHPICSPLZFHZMUM23D7QNBYKM/?utm_source=naver&utm_medium=original&utm_campaign=biz,‘간암 신약 허가’ 문 다시 열렸지만…HLB 앞에 남은 네 가지 숙제,간암 신약 허가 문 다시 열렸지만HLB 앞에 남은 네 가지 숙제 세 번째 불발 원인 해소재신청 준비 착수 완제 공장 실사·재신청 시점 놓고 셈법 복잡 자금조달·생산거점 분산 계획도 시험대 늦어진 허가에 후발주자 부담까지 커져.,"간암 신약 허가 문 다시 열렸지만HLB 앞에 남은 네 가지 숙제 세 번째 불발 원인 해소재신청 준비 착수 
완제 공장 실사·재신청 시점 놓고 셈법 복잡 
자금조달·생산거점 분산 계획도 시험대 
늦어진 허가에 후발주자 부담까지 커져",local,10,로슈,,,0.5349109429429056,,7.0,5.349109429429056,3.1818181818181817,4.482192930384707,False
2026-07-24,Product Approval,2026-07-24 14:32:00,Naver News,https://www.gukjenews.com/news/articleView.html?idxno=3645364,"서영석 ""중증 IgA 신병증 치료 사각지대…제도 개선 시급""","더불어민주당 서영석 의원은 지난23일 국회의원회관에서 남인순 국회부의장과 공동으로 '중증 IgA 신병증 환자의 치료 사각지대 해소를 위한 정책토론회'를 개최했다.대한신장학회가 후원한 이번 토론회에서는 학계와 의료계 전문가들이 제도 개선 필요성을 강조했다.양재원 교수(원주세브란스병원 신장내과)는 ""IgA 신병증은 국내 1차성 사구체신염 중 40%를 차지하는 대표 질환으로, 평균 진단 연령이 34세에 불과하다""며 ""중증 환자는 고가 치료제를 비급여로 월 600만 원 이상 부담하고 있다""고 지적했다.그는.","(서울=국제뉴스) 고정화 기자 = 더불어민주당 서영석 의원은 지난23일 국회의원회관에서 남인순 국회부의장과 공동으로 '중증 IgA 신병증 환자의 치료 사각지대 해소를 위한 정책토론회'를 개최했다.대한신장학회가 후원한 이번 토론회에서는 학계와 의료계 전문가들이 제도 개선 필요성을 강조했다.양재원 교수(원주세브란스병원 신장내과)는 ""IgA 신병증은 국내 1차성 사구체신염 중 40%를 차지하는 대표 질환으로, 평균 진단 연령이 34세에 불과하다""며 ""중증 환자는 고가 치료제를 비급여로 월 600만 원 이상 부담하고 있다""고 지적했다.그는",local,2,용량,,,0.4414816529861993,,10.0,4.414816529861993,4.545454545454545,4.4670717360990135,False
2026-07-24,Client,2026-07-24 13:36:00,Naver News,https://www.eroun.net/news/articleView.html?idxno=86193,"윤준병 의원, “정읍을 '방사선(첨단의료·의약품) 산업'의 호남권 중심지로 키우겠다.”","이로운넷 = 곽시형 기자윤준병 국회의원(더불어민주당 정읍·고창)이 정읍을 방사선(첨단의료·의약품) 산업의 호남권 중심지로 육성하기 위해 국가 핵심사업과 기업 유치, 관련 입법을 본격적으로 추진하고 있다고 24일 밝혔다.정읍은 한국원자력연구원 첨단방사선연구소와 제약산업 미래인력양성센터.","이로운넷 = 곽시형 기자윤준병 국회의원(더불어민주당 정읍·고창)이 정읍을 방사선(첨단의료·의약품) 산업의 호남권 중심지로 육성하기 위해 국가 핵심사업과 기업 유치, 관련 입법을 본격적으로 추진하고 있다고 24일 밝혔다.정읍은 한국원자력연구원 첨단방사선연구소와 제약산업 미래인력양성센터",local,10,노바티스,,,0.5245230497530867,,7.0,5.2452304975308675,3.1818181818181817,4.4198655712457935,False
2026-07-24,BD,2026-07-24 15:31:00,Naver News,https://www.news1.kr/bio/pharmaceutical-bio/6238152,"트럼프 '강제노동 관세', 의약품 제외…""K-바이오 영향 제한적""","Access Denied You don't have permission to access ""http://www.news1.kr/bio/pharmaceutical-bio/6238152"" on this server. Reference #18.521c2117.1784878086.422b049c https://errors.edgesuite.net/18.521c2117.1784878086.422b049c.","Access Denied
You don't have permission to access ""http://www.news1.kr/bio/pharmaceutical-bio/6238152"" on this server.
Reference #18.521c2117.1784878086.422b049c
https://errors.edgesuite.net/18.521c2117.1784878086.422b049c",local,10,제네릭,,,0.5239362506644792,,7.0,5.239362506644793,3.1818181818181817,4.416344776714149,False
2026-07-24,BD,2026-07-22 21:36:00,Naver News,https://www.k-health.com/news/articleView.html?idxno=100203,"여름이면 더 괴로운 아토피, 이젠 가려움 참지 않아도 됩니다! - 헬스경향",고온다습한 여름은 아토피피부염(이하 아토피)환자들에게 유독 가혹한 계절이다. 본래 아토피는 팔꿈치 안쪽이나 무릎 뒤편처럼 피부가 접히는 부위에 주로 발생하는데 여.,고온다습한 여름은 아토피피부염(이하 아토피)환자들에게 유독 가혹한 계절이다. 본래 아토피는 팔꿈치 안쪽이나 무릎 뒤편처럼 피부가 접히는 부위에 주로 발생하는데 여,local,10,생물학적제제,,,0.5227156247660647,,7.0,5.227156247660647,3.1818181818181817,4.40902102132366,False
2026-07-24,Reimbursement,2026-07-24 13:56:00,Naver News,https://www.medicopharma.co.kr/news/articleView.html?idxno=68855,"빌로이, 건보 약가협상 돌입…전이성 위암 표적치료 확대 '분수령'",아스텔라스의 위암 치료제 빌로이(성분명)가 건강보험 급여 적용을 위한 약가 협상에 돌입했다. 그간 다른 암종에 비해 표적치료 선택지가 제한적이었던 전이성 위암에서 새로운 바이오마커를 표적하는 치료 옵션이 급여권에 진입할 수 있을지 관심이 모인다.24일 업.,[메디코파마뉴스=이호빈 기자] 아스텔라스의 위암 치료제 빌로이(성분명)가 건강보험 급여 적용을 위한 약가 협상에 돌입했다. 그간 다른 암종에 비해 표적치료 선택지가 제한적이었던 전이성 위암에서 새로운 바이오마커를 표적하는 치료 옵션이 급여권에 진입할 수 있을지 관심이 모인다.24일 업,local,2,급여,,,0.521050448995636,,7.0,5.21050448995636,3.1818181818181817,4.399029966701089,False
2026-07-24,BD,2026-07-24 11:50:00,Naver News,https://www.dailypharm.com/user/news/340806?REFERER=NP,[데일리팜]김선민 과방위 강제 배치 충격파…보건의료 입법 연속성 차질,"의사이자 건강보험심사평가원장 출신으로 22대 국회 전반기 보건복지위원회에서 보건의료, 제약·바이오 산업 전반에 걸쳐 탁월한 전문성과 입법 성과를 낸 김선민 조국혁신당 의원이 후반기 과학기술정보방송통신위원회로 강제 배치되면서 아직 완료되지 못한 굵직한 보건의료 정책·입법 과제들이 갈 길을 잃게 됐다는 우려가 나온다. 제네릭 인하를 축으로 한 약가제도 개편안 이후 후속….","의사이자 건강보험심사평가원장 출신으로 22대 국회 전반기 보건복지위원회에서 보건의료, 제약·바이오 산업 전반에 걸쳐 탁월한 전문성과 입법 성과를 낸 김선민 조국혁신당 의원이 후반기 과학기술정보방송통신위원회로 강제 배치되면서 아직 완료되지 못한 굵직한 보건의료 정책·입법 과제들이 갈 길을 잃게 됐다는 우려가 나온다. 제네릭 인하를 축으로 한 약가제도 개편안 이후 후속…",local,10,CSO,,,0.5035649850898722,,7.0,5.035649850898722,3.1818181818181817,4.294117183266506,False
2026-07-24,Client,2026-07-23 07:02:00,Naver News,https://bravo.etoday.co.kr/view/atc_view/19670,“치매 잡으려면 치료제에 맞춰야” 美서 의료기관 연합 출범,미국 주요 의료기관들이 치매를 보다 이른 단계에서 진단하고 치료로 연결하기 위한 전국 단위 협력체를 출범시켰다.,(어도비스톡)미국 주요 의료기관들이 치매를 보다 이른 단계에서 진단하고 치료로 연결하기 위한 전국 단위 협력체를 출범시켰다. 최근 알츠하이머병,local,10,바이오젠,,,0.4927848207636619,,7.0,4.927848207636619,3.1818181818181817,4.229436197309244,False
2026-07-24,BD,2026-07-24 07:02:00,Naver News,https://www.sedaily.com/article/20071083?ref=naver,임상거점으로 뜬 中…K바이오 ‘협력 러시’,중국이 빠른 임상 진행 속도를 앞세워 국내 바이오 기업들의 전략적 파트너로 부상하고 있다. 중국에서 초기 임상을 진행해 확보한 데이터를 글로벌 기술이전과 후속 개발에 활용하는 방식이 새로운 사업 전략으로 떠오르고 있는 것이다. 이는 글로벌 제약사들이 실제 환자 데이터를.,중국이 빠른 임상 진행 속도를 앞세워 국내 바이오 기업들의 전략적 파트너로 부상하고 있다. 중국에서 초기 임상을 진행해 확보한 데이터를 글로벌 기술이전과 후속 개발에 활용하는 방식이 새로운 사업 전략으로 떠오르고 있는 것이다. 이는 글로벌 제약사들이 실제 환자 데이터를,local,10,화이자,,,0.45565055301356217,,8.0,4.556505530135622,3.6363636363636367,4.188448772626828,False
2026-07-24,BD,2026-07-19 17:16:00,Naver News,https://www.pinpointnews.co.kr/news/articleView.html?idxno=469471,"한미약품, 릴리 계약금 효과…2분기 '깜짝 실적' 예고","한미약품이 글로벌 제약사와 체결한 대형 기술수출 계약 효과에 힘입어 2분기 시장 기대를 뛰어넘는 실적을 기록할 것이라는 전망이 나왔다.교보증권은 최근 보고서에서 미국 제약사 일라이 릴리(Eli Lilly)와 체결한 소네페글루타이드 기술수출 계약금이 일시에 반영되면서 영업이익이 컨센서스를 크게 웃돌 것으로 전망했다.한미약품의 2분기 매출액이 4656억원으로 지난해 같은 기간보다 28.9% 증가하고, 영업이익은 1541억원으로 155.1% 급증할 것으로 예상했다. 영업이익률(OPM)은 33.1%에 달해 수익성이 큰 폭으로 개선될 것으로.","한미약품이 글로벌 제약사와 체결한 대형 기술수출 계약 효과에 힘입어 2분기 시장 기대를 뛰어넘는 실적을 기록할 것이라는 전망이 나왔다.교보증권은 최근 보고서에서 미국 제약사 일라이 릴리(Eli Lilly)와 체결한 소네페글루타이드 기술수출 계약금이 일시에 반영되면서 영업이익이 컨센서스를 크게 웃돌 것으로 전망했다.한미약품의 2분기 매출액이 4656억원으로 지난해 같은 기간보다 28.9% 증가하고, 영업이익은 1541억원으로 155.1% 급증할 것으로 예상했다. 영업이익률(OPM)은 33.1%에 달해 수익성이 큰 폭으로 개선될 것으로",local,10,코프로모션,,,0.302747349989548,,13.0,3.02747349989548,5.909090909090909,4.180120463573652,False
2026-07-24,BD,2026-07-24 16:04:00,Naver News,https://www.techm.kr/news/articleView.html?idxno=153667,"임종룡의 체질개선 통했다…우리금융, CET1 13.7%로 KB 턱밑 추격","우리금융그룹이 취약점으로 꼽혀온 자본 체력을 빠르게 끌어올리며 금융권의 주목을 받고 있다. 한때 4대 금융지주 가운데 가장 낮은 보통주자본(CET1) 비율로 인수·합병(M&A)과 주주환원 확대에 제약을 받았지만, 이제는 KB금융과의 격차를 좁히며 자본 경쟁력을 회복했다는 평가다. 시장에서는 임종룡 회장이 취임 이후 추진해 온 '자본 중심 경영'이 본격적으로 성과를 내기 시작했다는 분석이 나온다.우리금융은 24일 올해 2분기 그룹 CET1 비율이 13.70%를 기록했다고 밝혔다.","우리금융그룹이 취약점으로 꼽혀온 자본 체력을 빠르게 끌어올리며 금융권의 주목을 받고 있다. 한때 4대 금융지주 가운데 가장 낮은 보통주자본(CET1) 비율로 인수·합병(M&A)과 주주환원 확대에 제약을 받았지만, 이제는 KB금융과의 격차를 좁히며 자본 경쟁력을 회복했다는 평가다. 시장에서는 임종룡 회장이 취임 이후 추진해 온 '자본 중심 경영'이 본격적으로 성과를 내기 시작했다는 분석이 나온다.우리금융은 24일 올해 2분기 그룹 CET1 비율이 13.70%를 기록했다고 밝혔다. 전 분기(13.60%)보다 0.10%포인트 상승한 수치",local,10,M&A,,,0.42227966492593205,,9.0,4.222796649259321,4.090909090909091,4.170041625919229,False
2026-07-24,Client,2026-07-21 07:18:00,Naver News,https://www.mt.co.kr/thebio/2026/07/21/2026072016403757178,J&J도 접은 지도모양위축 치료제…카나프 '이중항체' 승부수 통할까 - 머니투데이,존슨앤존슨(J&J)이 지도모양위축(GA) 유전자치료제 개발을 접으면서 지도모양위축 유전자치료제가 임상 2상에서 또다시 고배를 마셨다. 모달리티(치료접근법) 측면의 한계가 드러나고 있다는 평가가 나오는 가운데 카나프테라퓨틱스가 지도모양위축과 습성 황반변성을 동시에 겨냥하는 이중항체 'KNP-301'에 대한 글로벌 기술이전을 추진하고 있어 주목된다.,존슨앤존슨(J&J)이 지도모양위축(GA) 유전자치료제 개발을 접으면서 지도모양위축 유전자치료제가 임상 2상에서 또다시 고배를 마셨다. 모달리티(치료접근법) 측면의 한계가 드러나고 있다는 평가가 나오는 가운데 카나프테라퓨틱스가 지도모양위축과 습성 황반변성을 동시에 겨냥하는 이중항체 'KNP-301'에 대한 글로벌 기술이전을 추진하고 있어 주목된다.,local,10,아스텔라스,,,0.6944088350816212,,0.0,6.944088350816212,0.0,4.166453010489727,False
2026-07-24,BD,2026-07-24 15:41:00,Naver News,https://biz.heraldcorp.com/article/10819436?ref=naver,순천대 “대학본부·의대·병원 재협의해야” 역제안,목포대는 요지부동...전남 동부·서부권 갈등 양상 [헤럴드경제=박대성 기자] 전남권 국립의대 본부와 부속 대학병원 입지를 놓고 통합을 추진 중인 목포대와 순천대학교가.,목포대는 요지부동...전남 동부·서부권 갈등 양상 [헤럴드경제=박대성 기자] 전남권 국립의대 본부와 부속 대학병원 입지를 놓고 통합을 추진 중인 목포대와 순천대학교가,local,10,인수,,,0.4187816480838719,,9.0,4.187816480838719,4.090909090909091,4.149053524866868,False
2026-07-24,Product Approval,2026-07-24 12:14:00,Naver News,https://www.yakup.com/news/index.html?mode=view&cat=16&nid=330193,[약업신문]‘리뎀플로’(플로자시란) 중성지방 79~81%까지 ↓,중성지방 수치가 500mg/dL 이상으로 나타날 경우 중증 고중성지방혈증(sHTG)으로 분류되고 있다.중증 고중성지방혈증 환자들은 급성 췌장염이 발생할 위험성이 크게 높아지는 데다 입원을 거듭하는 등 치명...,중성지방 수치가 500mg/dL 이상으로 나타날 경우 중증 고중성지방혈증(sHTG)으로 분류되고 있다.중증 고중성지방혈증 환자들은 급성 췌장염이 발생할 위험성이 크게 높아지는 데다 입원을 거듭하는 등 치명...,local,2,적응증,,,0.47095717588978936,,7.0,4.709571758897893,3.1818181818181817,4.098470328066009,False
2026-07-24,Client,2026-07-23 16:39:00,Naver News,https://kormedi.com/?p=2837473,집에서 주 1회 맞는 레켐비…14명 중 12명 초기 알츠하이머 상태 유지 - 코메디닷컴,레켐비 정맥주사 치료 뒤 집에서 주 1회 피하주사로 전환한 초기 알츠하이머병 환자 14명 중 12명이 기존 질환 상태를 유지했다. 다만 소규모 중간 분석이며 국내에서는 아직 피하주사제가 허가되지 않았다.,레켐비 정맥주사 치료 뒤 집에서 주 1회 피하주사로 전환한 초기 알츠하이머병 환자 14명 중 12명이 기존 질환 상태를 유지했다. 다만 소규모 중간 분석이며 국내에서는 아직 피하주사제가 허가되지 않았다.,local,10,바이오젠,,,0.4656667054641741,,7.0,4.656667054641741,3.1818181818181817,4.066727505512317,False
2026-07-24,Client,2026-07-24 12:20:00,Naver News,https://www.biotimes.co.kr/news/articleView.html?idxno=33385,지방흡입 증가세 이유는? - 바이오타임즈,365mc는 서울·인천·대전·대구·부산 등 5개 병원급 의료기관의 최근 3개년 부위별 지방흡입 수술 데이터를 분석한 결과를 24일 발표했다.병원.,[바이오타임즈] 365mc는 서울·인천·대전·대구·부산 등 5개 병원급 의료기관의 최근 3개년 부위별 지방흡입 수술 데이터를 분석한 결과를 24일 발표했다.병원,local,10,위고비,,,0.4649741357634743,,7.0,4.649741357634743,3.1818181818181817,4.062572087308118,False
2026-07-24,Client,2026-07-24 06:02:00,Naver News,https://www.dailypharm.com/user/news/340729?REFERER=NP,"[데일리팜]ADC 다발골수종 신약 '브렌랩', 하반기 급여등재 가능할까?","ADC 다발골수종 신약 브렌랩의 보험급여 등재 절차에 진전이 생길지 주목된다. 취재 결과, 한국GSK의 BCMA(B세포 성숙항원)을 표적으로 하는 계열 내 최초의 항-BCMA 항체약물접합체(ADC, Antibody-Drug Conjugate) 브렌랩(벨란타맙 마포도틴)의 다가오는 건가보험심사평가원 암질환심의위원회 상정이 점쳐진다. 브렌랩은 국내 글로벌 혁신제품 신속심사 지원체계(GIFT, Global Innovativ….","ADC 다발골수종 신약 브렌랩의 보험급여 등재 절차에 진전이 생길지 주목된다. 취재 결과, 한국GSK의 BCMA(B세포 성숙항원)을 표적으로 하는 계열 내 최초의 항-BCMA 항체약물접합체(ADC, Antibody-Drug Conjugate) 브렌랩(벨란타맙 마포도틴)의 다가오는 건가보험심사평가원 암질환심의위원회 상정이 점쳐진다. 브렌랩은 국내 글로벌 혁신제품 신속심사 지원체계(GIFT, Global Innovativ…",local,10,GSK,,,0.370845991012077,,10.0,3.70845991012077,4.545454545454545,4.04325776425428,False
2026-07-24,Client,2026-07-24 06:02:00,Naver News,https://www.dailypharm.com/user/news/340768?REFERER=NP,[데일리팜][기자의 눈] 시장이 실망한 건 실패가 아니었다,올해 7월은 제약·바이오 시장의 기대를 한 몸에 받았던 기업들이 잇따라 악재를 내놓으면서 실망감이 극대화된 한 달이었다. 문제는 단순한 임상 실패나 허가 지연에 그치지 않았다. 기대를 키우는 데는 적극적이면서 정작 결과가 예상과 달랐을 때 이를 설명하고 수습하는 방식은 미흡했다는 점이 도마 위에 올랐다. 가장 충격이 컸던 곳은 HLB였다. 간암 신약 리보세라닙은 미국 식품의….,올해 7월은 제약·바이오 시장의 기대를 한 몸에 받았던 기업들이 잇따라 악재를 내놓으면서 실망감이 극대화된 한 달이었다. 문제는 단순한 임상 실패나 허가 지연에 그치지 않았다. 기대를 키우는 데는 적극적이면서 정작 결과가 예상과 달랐을 때 이를 설명하고 수습하는 방식은 미흡했다는 점이 도마 위에 올랐다. 가장 충격이 컸던 곳은 HLB였다. 간암 신약 리보세라닙은 미국 식품의…,local,10,마운자로,,,0.6709740300793927,,0.0,6.709740300793927,0.0,4.025844180476356,False
2026-07-24,BD,2026-07-22 06:12:00,Naver News,https://www.hitnews.co.kr/news/articleView.html?idxno=77816,상반기 거래 총액 87%↑… 중국 AI 바이오텍 손잡는 글로벌 빅파마,"글로벌 제약사와 중국 인공지능(AI) 바이오텍 간의 AI 신약개발 협력 거래가 눈에 띄게 늘고 있다. 주요 의약품의 특허 만료에 대비 중인 빅파마들이 상대적으로 인건비가 저렴하고 임상 진행 속도가 빠른 중국으로 눈을 돌린 결과로 풀이된다.21일 영국 금융그룹 HSBC 보고서에 따르면 올해 1월부터 5월에 중국 바이오텍이 체결한 라이선싱 거래 총액은 약 930억달러(한화 142조)로, 전년 동기 대비 약 87% 증가했다.가장 많은 계약을 체결한 제약사는 아스트라제네카다. 아스트라제네카는 2024년 CSPC와 심혈관질환 후보물질을 대상.","글로벌 제약사와 중국 인공지능(AI) 바이오텍 간의 AI 신약개발 협력 거래가 눈에 띄게 늘고 있다. 주요 의약품의 특허 만료에 대비 중인 빅파마들이 상대적으로 인건비가 저렴하고 임상 진행 속도가 빠른 중국으로 눈을 돌린 결과로 풀이된다.21일 영국 금융그룹 HSBC 보고서에 따르면 올해 1월부터 5월에 중국 바이오텍이 체결한 라이선싱 거래 총액은 약 930억달러(한화 142조)로, 전년 동기 대비 약 87% 증가했다.가장 많은 계약을 체결한 제약사는 아스트라제네카다. 아스트라제네카는 2024년 CSPC와 심혈관질환 후보물질을 대상",local,10,머크,,,0.42739905637331116,,8.0,4.273990563733111,3.6363636363636367,4.018939792785321,False
2026-07-24,Reimbursement,2026-07-22 15:54:00,Naver News,https://www.etoday.co.kr/news/view/2606236,"신경과 전문의들 경고 “낮은 약가에 필수 약 떠나고, 응급실엔 의사 없어”",서대원 대한신경과학회 이사장이 세계 뇌의 날(World Brain Day)을 맞아 22일 서울 강남구 과학기술컨벤션센터에서 기자간담회를 개최하고 발언 중이.,▲서대원 대한신경과학회 이사장이 세계 뇌의 날(World Brain Day)을 맞아 22일 서울 강남구 과학기술컨벤션센터에서 기자간담회를 개최하고 발언 중이,local,2,보험등재,,,0.4806023198191747,,6.0,4.806023198191747,2.727272727272727,3.974523009824139,False
2026-07-24,Client,2026-07-24 10:38:00,Naver News,http://www.fnnews.com/news/202607241033468275,"한국IR협의회 ""킵스파마, 신약 파이프라인·제약 매출 쌍끌이…기업가치 재평가↑ ""","한국IR협의회는 킵스파마가 제약·바이오 중심의 사업구조 전환을 기반으로 신약 파이프라인 경쟁력을 강화하며 중장기 성장 기반을 확보하고 있다고 평가했다.김명선 한국IR협의회 책임연구원은 ""킵스파마는 항암제 개발과 전문의약품 사업을 동시에 추진하는 사업구조..","한국IR협의회는 킵스파마가 제약·바이오 중심의 사업구조 전환을 기반으로 신약 파이프라인 경쟁력을 강화하며 중장기 성장 기반을 확보하고 있다고 평가했다.김명선 한국IR협의회 책임연구원은 ""킵스파마는 항암제 개발과 전문의약품 사업을 동시에 추진하는 사업구조..",local,10,아스트라제네카,,,0.6580885220076831,,0.0,6.580885220076831,0.0,3.9485311320460985,False
2026-07-24,Product Approval,2026-07-24 15:54:00,Naver News,https://www.pinpointnews.co.kr/news/articleView.html?idxno=471302,"""말기신부전으로 진행하는 중증 IgA 신병증 … 골든타임 지킬 제도적 결단 시급""","치료제가 개발됐음에도 제도적 지원이 뒤따르지 않아 치료 기회를 놓치는 중증 IgA(Immunoglobulin A) 신병증 환자들의 현실을 개선하기 위한 정책 논의가 국회에서 진행됐다. 전문가들은 희귀질환 산정특례와 건강보험 적용 확대가 시급하다고 뜻을 모았다.국회 보건복지위원회 소속 서영석 의원(더불어민주당,경기 부천시갑)은 23일 국회의원회관에서 남인순 국회부의장과 공동으로 '중증 IgA 신병증 환자의 치료 사각지대 해소를 위한 정책토론회'를 개최했다고 24일 밝혔다. 이번 행사는 대한신장학회가 후원했다.IgA 신병증은 신장 조직.","치료제가 개발됐음에도 제도적 지원이 뒤따르지 않아 치료 기회를 놓치는 중증 IgA(Immunoglobulin A) 신병증 환자들의 현실을 개선하기 위한 정책 논의가 국회에서 진행됐다. 전문가들은 희귀질환 산정특례와 건강보험 적용 확대가 시급하다고 뜻을 모았다.국회 보건복지위원회 소속 서영석 의원(더불어민주당,경기 부천시갑)은 23일 국회의원회관에서 남인순 국회부의장과 공동으로 '중증 IgA 신병증 환자의 치료 사각지대 해소를 위한 정책토론회'를 개최했다고 24일 밝혔다. 이번 행사는 대한신장학회가 후원했다.IgA 신병증은 신장 조직",local,2,허가,,,0.44561281671865105,,7.0,4.4561281671865105,3.1818181818181817,3.946404173039179,False
2026-07-24,BD,2026-07-20 08:44:00,Naver News,https://www.mt.co.kr/thebio/2026/07/20/2026072008222654393,"바이오니아, HBV·HCV 분자진단키트 유럽 최고등급 인증 획득 - 머니투데이","바이오니아는 콜드체인이 필요 없는 상온 운송과 고속 전자동 검사를 앞세워 글로벌 공공조달시장 공략에 속도를 낼 방침이다. 글로벌 바이럴로드(바이러스 수치) 검사는 치료효과와 약제내성, 질병 진행 상태를 확인하기 위해 반복적으로 시행되는 고부가가치 진단시장이다.","바이오니아는 콜드체인이 필요 없는 상온 운송과 고속 전자동 검사를 앞세워 글로벌 공공조달시장 공략에 속도를 낼 방침이다. 글로벌 바이럴로드(바이러스 수치) 검사는 치료효과와 약제내성, 질병 진행 상태를 확인하기 위해 반복적으로 시행되는 고부가가치 진단시장이다.",local,10,애보트,,,0.44111171011380795,,7.0,4.411117101138079,3.1818181818181817,3.9193975334101205,False
2026-07-24,Client,2026-07-24 06:02:00,Naver News,https://www.dailypharm.com/user/news/340774?REFERER=NP,"[데일리팜]'파발타', IGA신병증 정식승인…노바티스 신질환 경쟁력 강화",노바티스의 IgA신병증(IgAN) 치료제 파발타(입타코판)가 미국 식품의약국(FDA)으로부터 정식승인을 획득했다. 단백뇨 감소를 근거로 받은 가속승인이 실제 신기능 보존 효과를 입증하며 정식 승인으로 전환된 것이다. 노바티스는 이미 IgAN 치료제 반라피아(아트라센탄)를 보유하고 있는 데 이어 후속 신약후보물질 지가키바트도 임상 3상을 진행 중이다. 서로 다른 기전의 치료제를 앞세….,노바티스의 IgA신병증(IgAN) 치료제 파발타(입타코판)가 미국 식품의약국(FDA)으로부터 정식승인을 획득했다. 단백뇨 감소를 근거로 받은 가속승인이 실제 신기능 보존 효과를 입증하며 정식 승인으로 전환된 것이다. 노바티스는 이미 IgAN 치료제 반라피아(아트라센탄)를 보유하고 있는 데 이어 후속 신약후보물질 지가키바트도 임상 3상을 진행 중이다. 서로 다른 기전의 치료제를 앞세…,local,10,노바티스,,,0.6442426874121252,,0.0,6.442426874121252,0.0,3.865456124472751,False
2026-07-24,Client,2026-07-23 06:00:00,Naver News,https://www.pharmnews.com/news/articleView.html?idxno=305075,"데이터 많으면 AI 신약 개발 1등?...흩어진 데이터, 꿰어야 '보배' - 팜뉴스","글로벌 제약바이오 산업 내에서 '데이터 단편화(Fragmentation)' 현상이 AI 혁신의 주된 걸림돌로 떠오른 가운데, 국내 제약업계.","[팜뉴스=김응민 기자] 글로벌 제약바이오 산업 내에서 '데이터 단편화(Fragmentation)' 현상이 AI 혁신의 주된 걸림돌로 떠오른 가운데, 국내 제약업계",local,10,머크,,,0.43178044656292097,,7.0,4.31780446562921,3.1818181818181817,3.8634099521047984,False
2026-07-24,BD,2026-07-24 10:00:00,Naver News,https://www.biotimes.co.kr/news/articleView.html?idxno=33369,"에임드바이오의 가치를 숫자로 읽는다③ - 에임드바이오, ‘최고의 기업’이 될 것인가? - 바이오타임즈","공모가 1만 1,000원, 상장 이틀 만에 시총 3조 원. IPO가 약속이 아니라 근거였음을 1년이 입증했다. 국내 바이오 빅5, 글로벌 빅파마 - 두 목적지를.","공모가 1만 1,000원, 상장 이틀 만에 시총 3조 원. IPO가 약속이 아니라 근거였음을 1년이 입증했다. 국내 바이오 빅5, 글로벌 빅파마 - 두 목적지를",local,10,M&A,,,0.3698169763321172,,9.0,3.6981697633211716,4.090909090909091,3.855265494356339,False
2026-07-24,Distribution,2026-07-18 14:45:00,Naver News,https://www.ytn.co.kr/_ln/0103_202607181445035791,앞차 추돌 후 화재...구리 용마터널 한때 전면통제,오늘(18일) 새벽 6시 50분쯤 경기 구리시 아천동 용마터널에서 승용차가 앞서가던 화물차를 들이받았습니다.이 사고로 승용차를 몰던 30대 남성 A 씨가 다쳐 병원으로 옮...,오늘(18일) 새벽 6시 50분쯤 경기 구리시 아천동 용마터널에서 승용차가 앞서가던 화물차를 들이받았습니다.이 사고로 승용차를 몰던 30대 남성 A 씨가 다쳐 병원으로 옮...,local,10,용마,,,0.3393716769996551,,10.0,3.393716769996551,4.545454545454545,3.8544118801797485,False
2026-07-24,BD,2026-07-24 08:36:00,Naver News,https://www.asiatoday.co.kr/kn/view.php?key=20260724010008791,“많이보다 제대로”…hy ‘50년 균주’ 자산이 만드는 K-프로바이오틱스,"용인/ “프로바이오틱스를 얼마나 많이 넣었느냐보다 ‘어떤 균주를 담았느냐’가 더 중요합니다.”지난 23일 경기 용인시 hy 중앙연구소. 김주연 hy 신소재개발팀 팀장은 취재진을 맞이하며 이렇게 운을 뗐다. ‘수십억 마리’라는 함량 경쟁이 치열한 시장에, hy는 균주 하..","용인/ “프로바이오틱스를 얼마나 많이 넣었느냐보다 ‘어떤 균주를 담았느냐’가 더 중요합니다.”지난 23일 경기 용인시 hy 중앙연구소. 김주연 hy 신소재개발팀 팀장은 취재진을 맞이하며 이렇게 운을 뗐다. ‘수십억 마리’라는 함량 경쟁이 치열한 시장에, hy는 균주 하..",local,10,콜드체인,,,0.4230397497899511,,7.0,4.230397497899511,3.1818181818181817,3.8109657714669796,False
2026-07-24,Product Approval,2026-07-24 16:24:00,Naver News,https://www.asiaa.co.kr/news/articleView.html?idxno=256386,"한미약품, AI 기반 신약개발 기술 확보...비만 혁신신약 개발 가속 - 아시아에이","한미약품은 자체 개발한 인공지능(AI) 플랫폼을 활용해 단백질 서열 변화에 따른 약리 활성을 예측하고, 최적의 후보물질 설계 방향을 제.","[아시아에이=김보람 기자] 한미약품은 자체 개발한 인공지능(AI) 플랫폼을 활용해 단백질 서열 변화에 따른 약리 활성을 예측하고, 최적의 후보물질 설계 방향을 제",local,2,신약,,,0.6334843539480309,,0.0,6.3348435394803095,0.0,3.8009061236881854,False
2026-07-24,Client,2026-07-22 17:14:00,Naver News,https://www.newsway.co.kr/news/view?ud=2026072214323310202,"올릭스, '간외 siRNA' 전면 배치···비만 영장류 데이터·이중장기 플랫폼 띄운다 - 뉴스웨이","올릭스가 siRNA 치료제의 타깃을 간에서 지방조직, 안구, 중추신경계 등으로 확대하며 신규 플랫폼 OASIS-DUO를 공개했다. 비만치료제 OLX501A 영장류 데이터에서 우수한 내장지방 감소 결과를 보여주었고, CNS 및 안구질환, 탈모 치료제 등 다양한 신약 파이프라인을 발표했다. 회사는 약 2000억원의 현금을 바탕으로 후속 임상 및 글로벌 사업개발을 본격화하고 있다.","올릭스가 siRNA 치료제의 타깃을 간에서 지방조직, 안구, 중추신경계 등으로 확대하며 신규 플랫폼 OASIS-DUO를 공개했다. 비만치료제 OLX501A 영장류 데이터에서 우수한 내장지방 감소 결과를 보여주었고, CNS 및 안구질환, 탈모 치료제 등 다양한 신약 파이프라인을 발표했다. 회사는 약 2000억원의 현금을 바탕으로 후속 임상 및 글로벌 사업개발을 본격화하고 있다.",local,10,로레알,,,0.6274633714991902,,0.0,6.274633714991902,0.0,3.764780228995141,False
2026-07-24,Therapeutic Areas,2026-07-24 15:04:00,Naver News,http://www.hemophilia.co.kr/news/articleView.html?idxno=43375,인공수정 시도 전 확인해야 할 난임 원인과 임신 준비 방법 - 헤모필리아라이프,임신을 준비하는 부부가 증가하면서 자연 임신이 쉽지 않을 경우 의료적인 도움을 고려하는 사례도 늘어나고 있다. 특히 난임 검사 이후 비교적 초기 단계 치료로 접근.,임신을 준비하는 부부가 증가하면서 자연 임신이 쉽지 않을 경우 의료적인 도움을 고려하는 사례도 늘어나고 있다. 특히 난임 검사 이후 비교적 초기 단계 치료로 접근,local,2,난임,,,0.4743237907895586,,5.0,4.743237907895586,2.2727272727272725,3.7550336538282605,False
2026-07-24,Client,2026-07-24 09:40:00,Naver News,https://weekly.hankooki.com/news/articleView.html?idxno=7175745,"현대약품 ‘헬씨올리고 팝’, AI 아이돌 스위티즈 모델 발탁","현대약품은 듀얼바이오틱스 탄산음료 브랜드 ‘헬씨올리고 팝’이 인공지능(AI) 아이돌 스위티즈를 모델로 발탁했다고 24일 밝혔다.스위티즈는 AI 오디션 프로젝트 ‘PRODUCE9’의 99명 연습생 중 AI 시스템을 통해 엄선된 5인조 걸그룹이다. 최근에는 디지털 싱글 ‘Line & View'를 공개하며 AI 기반 콘텐츠와 음악, 독창적인 세계관을 앞세워 주목받고 있다.현대약품은 기능성을 담은 차세대 듀얼바이오틱스 탄산음료인 헬씨올리고 팝과 AI 아이돌이라는 새로운 문화를 만들어가는 스위티즈가 ‘새로운 라이프스.","[주간한국 신은주 기자] 현대약품은 듀얼바이오틱스 탄산음료 브랜드 ‘헬씨올리고 팝’이 인공지능(AI) 아이돌 스위티즈를 모델로 발탁했다고 24일 밝혔다.스위티즈는 AI 오디션 프로젝트 ‘PRODUCE9’의 99명 연습생 중 AI 시스템을 통해 엄선된 5인조 걸그룹이다. 최근에는 디지털 싱글 ‘Line & View'를 공개하며 AI 기반 콘텐츠와 음악, 독창적인 세계관을 앞세워 주목받고 있다.현대약품은 기능성을 담은 차세대 듀얼바이오틱스 탄산음료인 헬씨올리고 팝과 AI 아이돌이라는 새로운 문화를 만들어가는 스위티즈가 ‘새로운 라이프스",local,10,현대약품,,,0.41194770878279235,,7.0,4.119477087827923,3.1818181818181817,3.7444135254240267,False
2026-07-24,Product Approval,2026-07-24 14:36:00,Naver News,https://www.dentalnews.or.kr/news/article.html?no=47827,"[치과신문] 덴티스, 웨비나 통해 즉시 식립 노하우 전 세계와 공유",덴티스(대표 심기봉)가 지난 7월 16일 전 세계 치과의사를 대상으로 진행한 ‘DENTIS Global Live Webinar Series - Immediate Placement Master Class’ 1회차를 성공적으로 마쳤다고 최근 밝혔다. 이번 웨비나는 덴티스 프리미엄 임플란트 AXEL(액셀) 개발 자.,[치과신문_전영선 기자 ys@sda.or.kr] 덴티스(대표 심기봉)가 지난 7월 16일 전 세계 치과의사를 대상으로 진행한 ‘DENTIS Global Live Webinar Series - Immediate Placement Master Class’ 1회차를 성공적으로 마쳤다고 최근 밝혔다. 이번 웨비나는 덴티스 프리미엄 임플란트 AXEL(액셀) 개발 자,local,2,적응증,,,0.40951615082874737,,7.0,4.0951615082874735,3.1818181818181817,3.729824177699757,False
2026-07-24,BD,2026-07-24 14:00:00,Naver News,https://biz.chosun.com/science-chosun/bio/2026/07/24/V2Y7DYXE4VAN5GK4C4TF63KFXI/?utm_source=naver&utm_medium=original&utm_campaign=biz,"릴리, 차세대 비만약 임상 또 성공…당뇨·심혈관까지 잡았다",다니엘 스코브론스키 릴리 최고과학책임자(CSO)는 “낮은 용량에서도 기존 비만 치료제의 최고 용량과 비슷한 수준의 효과를 보였다”며 “용량을 여러 단계에 걸쳐 천천히 늘리지 않아도 되는 점도 장점”이라고... ,다니엘 스코브론스키 릴리 최고과학책임자(CSO)는 “낮은 용량에서도 기존 비만 치료제의 최고 용량과 비슷한 수준의 효과를 보였다”며 “용량을 여러 단계에 걸쳐 천천히 늘리지 않아도 되는 점도 장점”이라고... ,local,10,CSO,,,0.6201728093740302,,0.0,6.201728093740302,0.0,3.721036856244181,False
2026-07-24,BD,2026-07-21 10:25:00,Naver News,https://www.sedaily.com/article/20069857?ref=naver,"에임드바이오 기술이전 신약, 임상 1상서 종양 감소 효과 확인",에임드바이오의 글로벌 기술이전 파트너사가 항체약물접합체(ADC) 기반 항암 신약 후보물질의 임상 1상에서 종양 감소 효과를 확인했다. 에임드바이오는 미국 바이오헤이븐에 기술이전한 FGFR3 표적 ADC ‘AMB302(BHV-1530)’의 임상 1상에서 여러 암종의 환자.,에임드바이오의 글로벌 기술이전 파트너사가 항체약물접합체(ADC) 기반 항암 신약 후보물질의 임상 1상에서 종양 감소 효과를 확인했다. 에임드바이오는 미국 바이오헤이븐에 기술이전한 FGFR3 표적 ADC ‘AMB302(BHV-1530)’의 임상 1상에서 여러 암종의 환자,local,10,리제네론,,,0.37693131861182205,,8.0,3.7693131861182207,3.6363636363636367,3.716133366216387,False
2026-07-24,Client,2026-07-23 06:00:00,Naver News,https://www.pharmnews.com/news/articleView.html?idxno=305077,[사설] 유전자재조합 톡신 시대와 국가핵심기술 규제의 역행 - 팜뉴스,"글로벌 바이오산업의 경쟁 질서가 바뀌고 있다. 과거에는 원료 확보와 생산 경험이 산업 경쟁력의 핵심이었다면, 이제는 차세대 제조 플랫폼과 혁신 공정을 누가 선점하.","글로벌 바이오산업의 경쟁 질서가 바뀌고 있다. 과거에는 원료 확보와 생산 경험이 산업 경쟁력의 핵심이었다면, 이제는 차세대 제조 플랫폼과 혁신 공정을 누가 선점하",local,10,입센,,,0.40031094952288515,,7.0,4.003109495228852,3.1818181818181817,3.674592969864584,False
2026-07-24,Product Approval,2026-07-24 15:22:00,Naver News,http://www.techholic.co.kr/news/articleView.html?idxno=222245,"동아제약, ‘듀오버스터 오랄밸런스 구강유산균’ 출시 - 테크홀릭",동아제약(대표이사 사장 백상환)은 구강케어 브랜드 듀오버스터가 국내 구강유산균 최초 이중정 설계를 적용한 신제품 ‘듀오버스터 오랄밸...,[테크홀릭] 동아제약(대표이사 사장 백상환)은 구강케어 브랜드 듀오버스터가 국내 구강유산균 최초 이중정 설계를 적용한 신제품 ‘듀오버스터 오랄밸...,local,2,신제품,,,0.3056997107994842,,10.0,3.0569971079948424,4.545454545454545,3.6523800829787234,False
2026-07-24,BD,2026-07-24 14:16:00,Naver News,https://bravo.etoday.co.kr/view/atc_view/19686,韓·日 포함 아태 고소득 지역 기대수명 84.1세 ‘아시아 최고’,"아시아 34개국 34년간 보건지표 추적…여성 87.1세·남성 81.0세한국 등 고소득 지역, 심혈관질환 치료 발전이 수명 연장 견인고혈압·부적절한 식습관·.","아시아 34개국 34년간 보건지표 추적…여성 87.1세·남성 81.0세한국 등 고소득 지역, 심혈관질환 치료 발전이 수명 연장 견인고혈압·부적절한 식습관·",local,10,백신,,,0.38934448258922827,,7.0,3.8934448258922827,3.1818181818181817,3.6087941682626425,False
2026-07-24,BD,2026-07-21 11:16:00,Naver News,https://biz.newdaily.co.kr/site/data/html/2026/07/21/2026072100073.html,"'윤웅섭-이재준 체제' 일동제약, 수익성 회복 넘어 '신약 사업화' 정조준","일동제약이 하반기 수익성 회복세를 이어가는 동시에 신약 사업화에 박차를 가한다. 기존 사업 포트폴리오 재편과 비용 효율화로 실적 개선이 예상되는 가운데 올해 공동대표로 경영 전면에 나선 이재준 대표가 이를 신약 사업화와 새로운 성장동력 확보로 연결할 수 있을지가 관건이다.21일 에프앤가이드에 따르면 일동제약의 연결 기준 올해 2분기 매출은 1437억원, 영업이익은 112억원을 기록할 것으로 추산됐다.매출의 경우 전년동기 1384억원에 비해 3....","일동제약이 하반기 수익성 회복세를 이어가는 동시에 신약 사업화에 박차를 가한다. 기존 사업 포트폴리오 재편과 비용 효율화로 실적 개선이 예상되는 가운데 올해 공동대표로 경영 전면에 나선 이재준 대표가 이를 신약 사업화와 새로운 성장동력 확보로 연결할 수 있을지가 관건이다.21일 에프앤가이드에 따르면 일동제약의 연결 기준 올해 2분기 매출은 1437억원, 영업이익은 112억원을 기록할 것으로 추산됐다.매출의 경우 전년동기 1384억원에 비해 3....",local,10,바이엘,,,0.3877627697420847,,7.0,3.877627697420847,3.1818181818181817,3.5993038911797806,False
2026-07-24,Product Approval,2026-07-24 13:58:00,Naver News,https://www.ziksir.com/news/articleView.html?idxno=141084,"“2027년 상반기 론칭 목표”···동국제약, 병·의원 브랜드 ‘마데카랩스’ 출사표","동국제약이 제약 기술력과 임상 현장의 노하우를 결합한 신규 브랜드로 병·의원 전문 더마코스메슈티컬 시장 공략에 속도를 낸다.동국제약은 피부과 전문의 자문단과 손잡고 의과학적 근거 바탕의 병·의원 전용 스킨케어 브랜드 ‘마데카랩스’를 개발 중이라고 24일 밝혔다. 론칭 목표는 2027년 상반기다.마데카랩스는 피부 장벽 강화, 민감성 피부 개선, 피부과 시술 후 홈케어, 피부 컨디션 관리 등 다양한 복합 피부 고민에 맞춰 고기능성 라인업으로 구성될 예정이다.개발의 핵심 축을 담당할 자문단은 윤춘식, 박지호, 박.","[직썰 / 안진영 기자] 동국제약이 제약 기술력과 임상 현장의 노하우를 결합한 신규 브랜드로 병·의원 전문 더마코스메슈티컬 시장 공략에 속도를 낸다.동국제약은 피부과 전문의 자문단과 손잡고 의과학적 근거 바탕의 병·의원 전용 스킨케어 브랜드 ‘마데카랩스’를 개발 중이라고 24일 밝혔다. 론칭 목표는 2027년 상반기다.마데카랩스는 피부 장벽 강화, 민감성 피부 개선, 피부과 시술 후 홈케어, 피부 컨디션 관리 등 다양한 복합 피부 고민에 맞춰 고기능성 라인업으로 구성될 예정이다.개발의 핵심 축을 담당할 자문단은 윤춘식, 박지호, 박",local,2,제형,,,0.5950234325453854,,0.0,5.950234325453854,0.0,3.570140595272312,False
2026-07-24,Product Approval,2026-07-24 16:04:00,Naver News,https://www.news1.kr/local/ulsan/6238304,"울주군의회, 군립병원 적기 개원·필수의료 인력 확보 주문","Access Denied You don't have permission to access ""http://www.news1.kr/local/ulsan/6238304"" on this server. Reference #18.481c2117.1784878090.7a735430 https://errors.edgesuite.net/18.481c2117.1784878090.7a735430.","Access Denied
You don't have permission to access ""http://www.news1.kr/local/ulsan/6238304"" on this server.
Reference #18.481c2117.1784878090.7a735430
https://errors.edgesuite.net/18.481c2117.1784878090.7a735430",local,2,허가,,,0.38224393447197136,,7.0,3.8224393447197134,3.1818181818181817,3.566190879559101,False
2026-07-24,Client,2026-07-23 10:30:00,Naver News,https://thetracker.co.kr/View.aspx?No=4158997,"렉라자 누적 3억달러·한미 1.9조 기술수출...제약 5사, 글로벌 매출원이 갈랐다 - 더트래커","더트래커 = 장진 기자국내 주요 제약사의 2분기 성적표가 회사별로 크게 엇갈린다. 희비를 가른 기준은 매출 규모가 아니라 해외에서 돈을 벌어들이는 통로를 가졌느냐다. 기술수출 계약금과 글로벌 판매 로열티를 확보한 곳은 이익이 뛰는 반면, 내수 처방과 도입 품목에 기댄 곳은 외형이 커져도 수익성이 뒷걸음쳤다. 23일 금융정보업체 에프앤가이드에 따르면 유한양행의 2분기 연결 기준 매출 컨센서스는 6380억 원으로 전년 동기 대비 10.2% 늘어날 전망이다.","더트래커 = 장진 기자국내 주요 제약사의 2분기 성적표가 회사별로 크게 엇갈린다. 희비를 가른 기준은 매출 규모가 아니라 해외에서 돈을 벌어들이는 통로를 가졌느냐다. 기술수출 계약금과 글로벌 판매 로열티를 확보한 곳은 이익이 뛰는 반면, 내수 처방과 도입 품목에 기댄 곳은 외형이 커져도 수익성이 뒷걸음쳤다. 23일 금융정보업체 에프앤가이드에 따르면 유한양행의 2분기 연결 기준 매출 컨센서스는 6380억 원으로 전년 동기 대비 10.2% 늘어날 전망이다. 영업이익은 18.7% 증가한 592억 원, 영업이익률은 9.3%로 추정된다. 한",local,10,얀센,,,0.2872384720196471,,10.0,2.8723847201964707,4.545454545454545,3.5416126502997005,False
2026-07-24,Client,2026-07-23 11:00:00,Naver News,https://www.newspim.com/news/view/20260723000492,"알츠하이머 치료제 본격화…제이엘케이, 통합 의료영상 AI 플랫폼 구축","알츠하이머병 치료제가 본격적으로 확산되면서 의료 현장의 진료 방식도 빠르게 변화하고 있다. 치료 전 환자 선별부터 치료 중 안전성 모니터링, 치료 후 효과 평가까지 영상 기반 관리가 필수 과정으로 자리 잡으면서 의료영상 인공지능.","[서울=뉴스핌] 한기진 기자 = 알츠하이머병 치료제가 본격적으로 확산되면서 의료 현장의 진료 방식도 빠르게 변화하고 있다. 치료 전 환자 선별부터 치료 중 안전성 모니터링, 치료 후 효과 평가까지 영상 기반 관리가 필수 과정으로 자리 잡으면서 의료영상 인공지능",local,10,바이오젠,,,0.37551824268364037,,7.0,3.7551824268364036,3.1818181818181817,3.5258367288291144,False
2026-07-24,Client,2026-07-24 11:46:00,Naver News,http://www.newsmp.com/news/articleView.html?idxno=256642,"SGLT-2 억제제, ATTR-CM 환자 사망 위험 56% ↓","SGLT-2 억제제가 치료 옵션이 제한적인 트랜스티레틴 심장 아밀로이드증(ATTR-CM) 환자에서 질병조절제 사용 여부에 상관없이 사망의 위험을 줄였다는 연구 결과가 보고됐다.치료 옵션이 제한적인 가운데 질병조절제마저 쓰기 어려운 환자들에게 큰 도움이 될 것이란 평가다.ATTR-CM은 비정상적인 아밀로이드 단백질이 심장근육에 침범하는 희귀질환으로, 질병이 진행하면서 방실차단, 동기능부전증후군, 심방세동 같은 부정맥을 유발한다.이 가운데 23일, 미국심장학회 학술지 JACC Advances에는 ATTR-CM 환자를 대상으.","[의약뉴스] SGLT-2 억제제가 치료 옵션이 제한적인 트랜스티레틴 심장 아밀로이드증(ATTR-CM) 환자에서 질병조절제 사용 여부에 상관없이 사망의 위험을 줄였다는 연구 결과가 보고됐다.치료 옵션이 제한적인 가운데 질병조절제마저 쓰기 어려운 환자들에게 큰 도움이 될 것이란 평가다.ATTR-CM은 비정상적인 아밀로이드 단백질이 심장근육에 침범하는 희귀질환으로, 질병이 진행하면서 방실차단, 동기능부전증후군, 심방세동 같은 부정맥을 유발한다.이 가운데 23일, 미국심장학회 학술지 JACC Advances에는 ATTR-CM 환자를 대상으",local,10,베링거인겔하임,,,0.584007261488256,,0.0,5.84007261488256,0.0,3.504043568929536,False
2026-07-24,Therapeutic Areas,2026-07-24 15:46:00,Naver News,http://www.whosaeng.com/172369,"≪후생신보≫ 건양대병원, 유산 연구 분야 세계 21위·국내 1위",건양대병원 산부인과가 글로벌 학술 데이터 분석 플랫폼인 '스칼라 지피에스(Scholar GPS)'의 연구 영향력 평가에서 유산(Pregnancy Loss) 연구.,【후생신보】 건양대병원 산부인과가 글로벌 학술 데이터 분석 플랫폼인 '스칼라 지피에스(Scholar GPS)'의 연구 영향력 평가에서 유산(Pregnancy Loss) 연구,local,2,난임,,,0.43086187346017,,5.0,4.3086187346017,2.2727272727272725,3.4942621498519295,False
2026-07-24,BD,2026-07-24 15:24:00,Naver News,https://www.sentv.co.kr/article/view/sentv202607240137,"고려대 안암병원, 국내 최초 심방세동 시술 8000례 돌파",고려대학교 안암병원이 국내 최초로 심방세동 시술 누적 8000례를 달성하며 국내 부정맥 치료 분야의 대기록을 세웠다. 고려대 안암병원 부정맥센터는.,고려대학교 안암병원이 국내 최초로 심방세동 시술 누적 8000례를 달성하며 국내 부정맥 치료 분야의 대기록을 세웠다.  고려대 안암병원 부정맥센터는,local,10,합병,,,0.3697808174991949,,7.0,3.697808174991949,3.1818181818181817,3.4914121777224425,False
2026-07-24,BD,2026-07-21 07:48:00,Naver News,https://www.theguru.co.kr/news/article.html?no=104655,"삼성바이오에피스, 美 ASRS 2026서 '바이우비즈' PMS 중간결과 공개","삼성바이오에피스가 미국 황반변성 치료 시장 공략에 속도를 낸다. 안과 전문 제약사 해로우(Harrow)와 손잡고 습성노인성황반변성(wAMD) 치료제 바이오시밀러 '바이우비즈(BYOOVIZ, 한국명 아멜리부)'를 현지 재출시한 지 2주 만에 대규모 시판 후 안전성 조사(PMS) 중간결과를 공개했다. 치료 경험이 없는 환자에서 기능적·해.","[더구루=김현수 기자] 삼성바이오에피스가 미국 황반변성 치료 시장 공략에 속도를 낸다. 안과 전문 제약사 해로우(Harrow)와 손잡고 습성노인성황반변성(wAMD) 치료제 바이오시밀러 '바이우비즈(BYOOVIZ, 한국명 아멜리부)'를 현지 재출시한 지 2주 만에 대규모 시판 후 안전성 조사(PMS) 중간결과를 공개했다. 치료 경험이 없는 환자에서 기능적·해",local,10,바이오젠,,,0.2725906388682413,,10.0,2.725906388682413,4.545454545454545,3.4537256513912657,False
2026-07-24,BD,2026-07-24 11:00:00,Naver News,https://www.ebn.co.kr/news/articleView.html?idxno=1717633,[K신약 AtoZ⑫] 상업적 성공 못 이뤘지만…JW중외제약 R&D 초석 된 '큐록신' - 이비엔(EBN)뉴스센터,제약·바이오 산업이 글로벌 시장에서 존재감을 빠르게 키우며 신약 개발 경쟁력도 한층 치솟고 있다. 우리 정부도 혁신 의약품 개발을 가속하기 위한 지원.,[편집자주] 제약·바이오 산업이 글로벌 시장에서 존재감을 빠르게 키우며 신약 개발 경쟁력도 한층 치솟고 있다. 우리 정부도 혁신 의약품 개발을 가속하기 위한 지원,local,10,바이엘,,,0.35259578985135565,,7.0,3.5259578985135565,3.1818181818181817,3.388302011835407,False
2026-07-24,Client,2026-07-22 11:19:00,Naver News,https://www.edaily.co.kr/news/newspath.asp?newsid=03798246645517144,"알지노믹스, 릴리 유전성 난청 공동연구비 추가 수령","알지노믹스 로고 (사진=알지노믹스) 알지노믹스(476830)는 일라이 릴리로부터 유전성 난청 치료제 공동연구를 위한 연구비를 추가로 받았다고 22일 밝혔다. 수령 금액은 공개하지 않았다.이번 연구비 수령은 올해 상반기 두 차례에 이어 세 번째다. 회사 측은 ""연구계획에...","알지노믹스 로고 (사진=알지노믹스) 알지노믹스(476830)는 일라이 릴리로부터 유전성 난청 치료제 공동연구를 위한 연구비를 추가로 받았다고 22일 밝혔다. 수령 금액은 공개하지 않았다.이번 연구비 수령은 올해 상반기 두 차례에 이어 세 번째다. 회사 측은 ""연구계획에...",local,10,리제네론,,,0.3507900126584743,,7.0,3.507900126584743,3.1818181818181817,3.3774673486781186,False
2026-07-24,Client,2026-07-21 17:30:00,Naver News,https://www.womaneconomy.co.kr/news/articleView.html?idxno=256361,국회서 PBC 치료 사각지대 토론회···환자 치료 접근성 개선 논의,원발성 담즙성 담관염(PBC)이란 무엇인지A. PBC는 면역체계 이상으로 간 안의 작은 담관이 파괴되어 담즙이 쌓이고 간 손상을 일으키는 만성 진행성 희귀질환을 뜻한다.Q. 이번 정책토론회의 핵심 논의 주제는 무엇인지 A. 기존 치료에 반응하지 않는 중증 PBC 환자들을 위한 후속 치료 접근성 확보와 이를 뒷받침할 건강보험 제도 개선 방안이다.Q. 새로운 PBC 치료제의 임상 결과는 어땠나 A.,"Q&AQ. 원발성 담즙성 담관염(PBC)이란 무엇인지A. PBC는 면역체계 이상으로 간 안의 작은 담관이 파괴되어 담즙이 쌓이고 간 손상을 일으키는 만성 진행성 희귀질환을 뜻한다.Q. 이번 정책토론회의 핵심 논의 주제는 무엇인지 A. 기존 치료에 반응하지 않는 중증 PBC 환자들을 위한 후속 치료 접근성 확보와 이를 뒷받침할 건강보험 제도 개선 방안이다.Q. 새로운 PBC 치료제의 임상 결과는 어땠나 A. 글로벌 제약사 입센의 임상 결과에 따르면, 새로운 치료제(아이커보) 투여 환자의 85%가 간 손상 주요 지표인 ALP 수치 정상",local,10,입센,,,0.5599529520861862,,0.0,5.5995295208618625,0.0,3.3597177125171176,False
2026-07-24,Client,2026-07-23 21:08:00,Naver News,https://www.medicopharma.co.kr/news/articleView.html?idxno=68841,"애브비 '엡킨리', 초고령 DLBCL 환자 1차 치료 새 가능성 확인","엡킨리(성분명 엡코리타맙)가 초고령 미만성 거대 B세포 림프종(DLBCL) 환자의 1차 치료 옵션으로 활용될 가능성이 제시됐다. 23일 업계에 따르면, 국제학술지 The Lancet Haematology에는 새로 진단된 초고령 DLBCL 환자를 대상으로.","[메디코파마뉴스=이호빈 기자] 엡킨리(성분명 엡코리타맙)가 초고령 미만성 거대 B세포 림프종(DLBCL) 환자의 1차 치료 옵션으로 활용될 가능성이 제시됐다. 23일 업계에 따르면, 국제학술지 The Lancet Haematology에는 새로 진단된 초고령 DLBCL 환자를 대상으로",local,10,애브비,,,0.34400398461100756,,7.0,3.440039846110076,3.1818181818181817,3.3367511803933185,False
2026-07-24,Client,2026-07-22 05:00:00,Naver News,https://www.etoday.co.kr/news/view/2605700,레켐비 시대 다음은 ‘타우’…알츠하이머 치료제 경쟁 2막 열린다,타우 치매 치료제 임상서 ARIA 확인 안돼아밀로이드베타 중심 치료제 시장서 새 타깃다양한 알츠하이머 환자 치료제 개발 가능성▲(사진=AI 생성)지금.,타우 치매 치료제 임상서 ARIA 확인 안돼아밀로이드베타 중심 치료제 시장서 새 타깃다양한 알츠하이머 환자 치료제 개발 가능성▲(사진=AI 생성)지금,local,10,바이오젠,,,0.5550661019167573,,0.0,5.550661019167573,0.0,3.330396611500544,False
2026-07-24,Client,2026-07-20 13:12:00,Naver News,https://www.theguru.co.kr/news/article.html?no=104632,"삼성바이오에피스, 美 '오가논'과 바이오시밀러 맞손…호주 영토 넓힌다",삼성바이오에피스가 미국 헬스케어 기업 오가논.,"[더구루=김현수 기자] 삼성바이오에피스가 미국 헬스케어 기업 오가논(Organon)과 손잡고 호주 바이오시밀러 시장 공략에 나선다. 양사는 기존 개발·상업화 협약을 확대하고, 신규 바이오시밀러 제품을 현지 시장에 선보인다. 호주 정부가 바이오시밀러 처방 확대를 추진하는 가운데, 정책 도입에 앞선 현지 시장 선점 전략으로 풀이된다. 오가논은 17일(현지시간)",local,10,오가논,,,0.34221001774337234,,7.0,3.422100177433723,3.1818181818181817,3.3259873791875068,False
2026-07-24,Client,2026-07-24 07:02:00,Naver News,https://www.thebell.co.kr/free/content/ArticleView.asp?key=202607221755193240105371,"[더벨]바토클리맙 중국 권리, 한올바이오와 하버의 동상이몽",오스코텍과 제노스코로부터 레이저티닙을 도입한 유한양행이 이를 얀센에 기술수출한 뒤 임상 프로젝트 관련 논의를 맡은 사례가 대표적이다. 바토클리맙 역시 한올바이오파마와 CSPC 사이에서 하버바이오메드가 매개... ,오스코텍과 제노스코로부터 레이저티닙을 도입한 유한양행이 이를 얀센에 기술수출한 뒤 임상 프로젝트 관련 논의를 맡은 사례가 대표적이다. 바토클리맙 역시 한올바이오파마와 CSPC 사이에서 하버바이오메드가 매개... ,local,10,얀센,,,0.3087524269309959,,8.0,3.0875242693099594,3.6363636363636367,3.3070600161314303,False
2026-07-24,BD,2026-07-24 13:14:00,Naver News,https://www.rapportian.com/news/articleView.html?idxno=238630,"고대안산병원, ‘고위험 산모·신생아 치료’ 최신 지견 공유",고대안산병원 권역모자의료센터(센터장 김호연·산부인과 교수)는 지난 23일 B동 지하 1층 로제타홀 강당에서 '제2회 고려대학교 안산병원 권역모자의료센터 하이브리드 심.,[라포르시안] 고대안산병원 권역모자의료센터(센터장 김호연·산부인과 교수)는 지난 23일 B동 지하 1층 로제타홀 강당에서 '제2회 고려대학교 안산병원 권역모자의료센터 하이브리드 심,local,10,백신,,,0.3353084459238772,,7.0,3.3530844592387723,3.1818181818181817,3.2845779482705364,False
2026-07-24,BD,2026-07-24 11:32:00,Naver News,https://www.ngetnews.com/news/articleView.html?idxno=551806,"팬데믹 대비한다… GC녹십자, mRNA 백신 임상 2상 본격 추진","글로벌 바이오 시장이 mRNA 플랫폼 중심으로 감염병 대응 체계를 구축하며 백신 자급률을 높이기 위한 국내 제약업계의 독자 기술 확보 경쟁이 가열되고 있다. 화이자, 모더나 등 해외 빅파마의 mRNA 백신 시장 독점으로 국내 독자 기술 미확보 시 미래 팬데믹 상황에서 국가 보건 안보가.","글로벌 바이오 시장이 mRNA 플랫폼 중심으로 감염병 대응 체계를 구축하며 백신 자급률을 높이기 위한 국내 제약업계의 독자 기술 확보 경쟁이 가열되고 있다. 화이자, 모더나 등 해외 빅파마의 mRNA 백신 시장 독점으로 국내 독자 기술 미확보 시 미래 팬데믹 상황에서 국가 보건 안보가",local,10,화이자,,,0.5473173165426803,,0.0,5.473173165426804,0.0,3.283903899256082,False
2026-07-24,Therapeutic Areas,2026-07-24 12:30:00,Naver News,http://www.doctorsnews.co.kr/news/articleView.html?idxno=165601,"신생아 5명 중 1명이 난임 시술 ""치료 넘어 가임력 보존으로""",저출생 위기 극복을 위해 기존의 '사후 난임 치료 지원' 중심 정책에서 벗어나 '선제적 가임력 보존과 생식건강 관리'로 국가 책임을 확대해야 한다는 제언이 국회에서 나왔다.이정렬 서울의대 교수(산부인과)는 24일 국회의원회관에서 진행된 '가임력 보존 지원 성공을 위해 무엇을 해야 하나?'를 주제로 한 정책토론회에서 '난임 지원 정책 현황과 개선 방안' 주제 발제를 통해 국가 생식보건 정책의 근본적인 패러다임 전환을 강조했다.해당 토론회는 더불어민주당 서영석 의원(국회 보건복지.,저출생 위기 극복을 위해 기존의 &#39;사후 난임 치료 지원&#39; 중심 정책에서 벗어나 &#39;선제적 가임력 보존과 생식건강 관리&#39;로 국가 책임을 확대해야 한다는 제언이 국회에서 나왔다.이정렬 서울의대 교수(산부인과)는 24일 국회의원회관에서 진행된 &#39;가임력 보존 지원 성공을 위해 무엇을 해야 하나?&#39;를 주제로 한 정책토론회에서 &#39;난임 지원 정책 현황과 개선 방안&#39; 주제 발제를 통해 국가 생식보건 정책의 근본적인 패러다임 전환을 강조했다.해당 토론회는 더불어민주당 서영석 의원(국회 보건복지,local,2,난임,,,0.39293889069248167,,5.0,3.9293889069248165,2.2727272727272725,3.266724253245799,False
2026-07-24,Client,2026-07-24 09:24:00,Naver News,https://www.straightnews.co.kr/news/articleView.html?idxno=307584,"SK네트웍스 발굴 케이론, 실리콘밸리 손잡고 800만달러 투자 유치","AI 신약개발 스타트업 케이론(Cheiron)이 글로벌 투자사와 업계 거물들의 참여 속에 800만 달러 규모 시드 투자 유치에 나선다. SK네트웍스가 발굴·육성한 첫 외부 투자 사례라는 점에서 의미가 크다는 평가다.케이론은 실리콘밸리 벤처캐피털 멘로 벤처스가 이번 시드 라운드의 리드 투자자로 참여한다고 23일 밝혔다. 멘로 벤처스는 앤트로픽, 우버 등에 투자한 대표 VC다.여기에 MIT 로버트 랭어 석좌교수, 프리다 루이스-홀 전 화이자 최고 의학책임자 등 글로벌 바이오·헬스케어 전문가들이 자문단으로 합류했다.","AI 신약개발 스타트업 케이론(Cheiron)이 글로벌 투자사와 업계 거물들의 참여 속에 800만 달러 규모 시드 투자 유치에 나선다. SK네트웍스가 발굴·육성한 첫 외부 투자 사례라는 점에서 의미가 크다는 평가다.케이론은 실리콘밸리 벤처캐피털 멘로 벤처스가 이번 시드 라운드의 리드 투자자로 참여한다고 23일 밝혔다. 멘로 벤처스는 앤트로픽, 우버 등에 투자한 대표 VC다.여기에 MIT 로버트 랭어 석좌교수, 프리다 루이스-홀 전 화이자 최고 의학책임자 등 글로벌 바이오·헬스케어 전문가들이 자문단으로 합류했다. 조시 마이어 차이 디",local,10,화이자,,,0.3260439400096357,,7.0,3.2604394000963572,3.1818181818181817,3.228990912785087,False
2026-07-24,BD,2026-07-23 17:34:00,Naver News,https://www.sentv.co.kr/article/view/sentv202607230167,"이대서울병원, 난소암 치료제 '엘라히어' 아시아 첫 투여",이대서울병원 산부인과 부인암센터 문혜성·주웅·장하균 교수팀이 백금저항성 난소암 치료제 '엘라히어(성분명 미르베툭시맙 소라브탄신)'.,이대서울병원 산부인과 부인암센터 문혜성·주웅·장하균 교수팀이 백금저항성 난소암 치료제 '엘라히어(성분명 미르베툭시맙 소라브탄신)',local,10,애브비,,,0.3205895336200814,,7.0,3.2058953362008142,3.1818181818181817,3.1962644744477613,False
2026-07-24,Product Approval,2026-07-24 15:28:00,Naver News,http://www.whosaeng.com/172366,≪후생신보≫ 국군병원 PACS 해킹 정황…115만 명 의료영상 정보 접근 의혹,국군병원에서 운용 중인 의료영상저장전송시스템(PACS)에 비인가자가 침투해 대규모 의료정보에 접근한 정황이 뒤늦게 확인됐다.,【후생신보】 국군병원에서 운용 중인 의료영상저장전송시스템(PACS)에 비인가자가 침투해 대규모 의료정보에 접근한 정황이 뒤늦게 확인됐다. 당시 시,local,2,용량,,,0.31711466282615325,,7.0,3.1711466282615324,3.1818181818181817,3.175415249684192,False
2026-07-24,Therapeutic Areas,2026-07-24 15:41:00,Naver News,https://www.etnews.com/20260724000287,"파로스아이바이오-케이메디허브, AI 기반 신약개발 협약",이번 협약으로 파로스아이바이오의 AI 신약설계 기술과 케이메디허브의 구조생물학 연구를 연계해 차세대 EGFR 표적항암제 개발을 추진한다. 양 기관은 혁신 신약 타깃 단백질의 구조를 규명하고 이를 활용한 구조 기반... ,이번 협약으로 파로스아이바이오의 AI 신약설계 기술과 케이메디허브의 구조생물학 연구를 연계해 차세대 EGFR 표적항암제 개발을 추진한다. 양 기관은 혁신 신약 타깃 단백질의 구조를 규명하고 이를 활용한 구조 기반... ,local,2,항암제,,,0.3715818365386756,,5.0,3.715818365386756,2.2727272727272725,3.138581928322963,False
2026-07-24,Therapeutic Areas,2026-07-19 22:28:00,Naver News,https://www.munhwa.com/article/11603494?ref=naver,"‘여군도 포함…군인, 남성호르몬 수치 매년 검사한다’…美국방장관 방침에 전문가들 회의론",피트 헤그세스 미국 국방부 장관이 성별을 막론하고 30세 이상 군인의 테스토스테론(남성호르몬) 수치를 매년 검사하겠다는 새 방침을 내놓아 논란이 되고 있다. 18일(현지시간) 로이터통신은 남성의학 전문가인 의사 6명에게 의견을 물어본 결과 그 중 5명이 헤그세스 장관의.,피트 헤그세스 미국 국방부 장관이 성별을 막론하고 30세 이상 군인의 테스토스테론(남성호르몬) 수치를 매년 검사하겠다는 새 방침을 내놓아 논란이 되고 있다. 18일(현지시간) 로이터통신은 남성의학 전문가인 의사 6명에게 의견을 물어본 결과 그 중 5명이 헤그세스 장관의,local,2,불임,,,0.37069255103170323,,5.0,3.706925510317032,2.2727272727272725,3.1332462152811282,False
2026-07-24,Client,2026-07-24 09:12:00,Naver News,http://www.the-biz.co.kr/news/articleView.html?idxno=724941,분기 매출 1조 넘은 삼성바이오·셀트리온⋯ 글로벌 판도 흔들까 - THE Biz(더비즈),"=정윤식 기자] 삼성바이오로직스와 셀트리온이 나란히 분기 매출 1조원을 넘기며, 국내 제약·바이오산업의 외형 성장을 이끈다.","[THE Biz(더비즈)=정윤식 기자] 삼성바이오로직스와 셀트리온이 나란히 분기 매출 1조원을 넘기며, 국내 제약·바이오산업의 외형 성장을 이끈다. 글로벌 빅파마",local,10,노바티스,,,0.2935893374618087,,7.0,2.935893374618087,3.1818181818181817,3.034263297498125,False
2026-07-24,BD,2026-07-24 15:20:00,Naver News,https://www.pinpointnews.co.kr/news/articleView.html?idxno=471275,"로킷헬스케어, 美 20/20 바이오랩스와 AI 질병예측 공동개발","로킷헬스케어는 미국 CLIA 인증 전문기관 20/20 바이오랩스(20/20 BioLabs)와 AI 기반 질병 예측 및 CLIA LDT(Laboratory Developed Test) 공동개발을 위한 전략적 업무협약(MOU)을 체결했다고 24일 밝혔다.20/20 바이오랩스는 존스홉킨스대 출신 전문가들이 설립한 진단 전문기업으로, 임상검사 인프라와 검사 개발 역량을 보유하고 있다.이번 협약은 기존 만성신장질환(CKD) 예측 분야 협력을 확대하는 것이다. 양사는 기존 CKD 예측 및 라이선스 계약에서 나아가 30여 개 질환 AI 알고리즘.","로킷헬스케어는 미국 CLIA 인증 전문기관 20/20 바이오랩스(20/20 BioLabs)와 AI 기반 질병 예측 및 CLIA LDT(Laboratory Developed Test) 공동개발을 위한 전략적 업무협약(MOU)을 체결했다고 24일 밝혔다.20/20 바이오랩스는 존스홉킨스대 출신 전문가들이 설립한 진단 전문기업으로, 임상검사 인프라와 검사 개발 역량을 보유하고 있다.이번 협약은 기존 만성신장질환(CKD) 예측 분야 협력을 확대하는 것이다. 양사는 기존 CKD 예측 및 라이선스 계약에서 나아가 30여 개 질환 AI 알고리즘",local,10,라이선스,,,0.2513832182162818,,8.0,2.513832182162818,3.6363636363636367,2.9628447638431457,False
2026-07-24,BD,2026-07-24 16:22:00,Naver News,https://www.wikitree.co.kr/articles/1148324,"민경선 시장, LIH 방문…고양 AI·바이오 국제협력 확대","글로벌 의료바이오 허브 시동 경기 고양특례시(시장 민경선)가 룩셈부르크 국립보건원(LIH) 한국대표사무소를 거점으로 AI·바이오 분야 국제 공동연구를 확대하며 글로벌 의료·바이오 중심도시 조성에 속도를 내고 있다. 민경선 고양특례시장은 지난 23일 창조혁신캠퍼스 성사에 위치한 룩셈부르크 국립보건원(LIH) 한국대표사무소를 방문해 운영 현황을 점검하고, 국제 건강데이터 공간 구축 이니셔티브(IHDSI) 집행회의에 참석한 국내외 연구기관 관계자들과 국제 공동연구 추진 현황을 공유하며 협력 의지를 밝혔다. 이번 방문은 민 시장 취임 이후 처음 이뤄진 LIH 한국대표사무소 방문으로, AI·바이오 분야 글로벌 협력 기반을 더욱 강화하기 위한 행보다.","글로벌 의료바이오 허브 시동
경기 고양특례시(시장 민경선)가 룩셈부르크 국립보건원(LIH) 한국대표사무소를 거점으로 AI·바이오 분야 국제 공동연구를 확대하며 글로벌 의료·바이오 중심도시 조성에 속도를 내고 있다.
민경선 고양특례시장은 지난 23일 창조혁신캠퍼스 성사에 위치한 룩셈부르크 국립보건원(LIH) 한국대표사무소를 방문해 운영 현황을 점검하고, 국제 건강데이터 공간 구축 이니셔티브(IHDSI) 집행회의에 참석한 국내외 연구기관 관계자들과 국제 공동연구 추진 현황을 공유하며 협력 의지를 밝혔다.
이번 방문은 민 시장 취임 이후 처음 이뤄진 LIH 한국대표사무소 방문으로, AI·바이오 분야 글로벌 협력 기반을 더욱 강화하기 위한 행보다.
이날 행사에는 민경선 시장을 비롯해 울프 네르바스(Ulf Nehrbass) 룩셈부르크 국립보건원장, 제니 헬렌 헤드베리(Jenny Hällen Hedberg) 룩셈부르크 혁신청 국제비즈니스협력부장, 김주한 서울대학교 부총장, 이건국 국립암센터 연구소장, 주한 룩셈부르크대사관 관계자, 대통령 직속 국가인공지능위원회 관계자와 함께 네이버클라우드, 오케스트로, 싸이퍼롬 등 IHDSI 참여기관 관계자들이 참석했다.
민 시장은 ""취임 이후 인수위원회 과정에서 IHDSI 국제공동연구를 처음 접했는데, 불과 3년 만에 의미 있는 국제협력 성과를 거둔 점이 매우 뜻깊다""며 ""국립암센터와 LIH를 비롯한 여러 기관이 함께 만들어 온 협력과 성과에 감사드린다""고 말했다.
이어 ""고양시는 의료·바이오 중심도시를 목표로 국제 공동연구와 협력이 더욱 확대될 수 있도록 적극적인 행정 지원을 이어가겠다""며 ""지금까지의 성과를 바탕으로 더 큰 시너지를 창출하며 새로운 연구 성과를 함께 만들어가길 기대한다""고 강조했다.
올해 3월 창조혁신캠퍼스 성사에 문을 연 LIH 한국대표사무소는 경기도 최초의 바이오 분야 해외 공공연구기관 대표사무소로, 글로벌 건강데이터의 안전한 공유·활용 체계 구축과 국제 공동연구를 추진하는 핵심 거점 역할을 수행하고 있다.
현재 추진 중인 IHDSI(International Health Data Space Initiative)는 국립암센터와 룩셈부ರಾದ်크 국립보건원이 공동 추진하는 국제협력 프로젝트로, 네이버클라우드와 오케스트로, 싸이퍼롬 등이 기술 파트너로 참여하고 있다. AI 기반 건강데이터 분석과 개인정보 보호기술을 활용한 국제 공동연구, 글로벌 임상연구 인프라 구축 등이 핵심 과제다.
고양시는 앞으로도 국립암센터를 비롯한 지역 의료기관과 해외 연구기관 간 협력을 확대하고, LIH 한국대표사무소를 중심으로 AI·바이오 분야 국제 공동연구를 활성화해 글로벌 의료바이오 협력 네트워크를 지속적으로 강화해 나갈 계획이다.
민경선
고양특례시
룩셈부르크
기사제보
copyright
위키트리의 콘텐츠는 출처를 반드시 표기하여 비 상업적인 용도로만 이용할 수 있습니다. 무단 전재·배포·전송은 원칙적으로 금합니다.
위키트리는
뉴스 스토리텔링 가이드라인
을 엄격히 준수합니다.",local,10,인수,,,0.20727882998455985,,9.0,2.0727882998455986,4.090909090909091,2.8800366162709956,False
2026-07-24,Product Approval,2026-07-24 16:14:00,Naver News,https://www.dailian.co.kr/news/view/1670714/?sc=Naver,"삼성바이오에피스, 2분기 실적 '주춤'…""R&D 투자 확대 영향""","삼성바이오에피스가 올해 2분기 연구개발(RD) 투자 확대와 주요 제품 공급 일정 조정 등의 영향으로 매출과 영업이익이 모두 감소했다. 다만 바이오시밀러 사업을 중심으로 상반기 실적은 성장세를 이어갔으며, 하반기에는 글로벌 시장 판매 확대에 따른 실적 개선을 예상했다.삼성에피스홀딩스는 자회사 삼성바이오에피스가 올해 2분기 매출 3922억원, 영업이익 866억.","삼성바이오에피스가 올해 2분기 연구개발(RD) 투자 확대와 주요 제품 공급 일정 조정 등의 영향으로 매출과 영업이익이 모두 감소했다. 다만 바이오시밀러 사업을 중심으로 상반기 실적은 성장세를 이어갔으며, 하반기에는 글로벌 시장 판매 확대에 따른 실적 개선을 예상했다.삼성에피스홀딩스는 자회사 삼성바이오에피스가 올해 2분기 매출 3922억원, 영업이익 866억",local,2,출시,,,0.1688420560353098,,10.0,1.688420560353098,4.545454545454545,2.8312341543936768,False
2026-07-24,BD,2026-07-24 11:56:00,Naver News,https://www.kukinews.com/article/view/kuk202607240066,분기 최대 실적보다 ‘다음’ 내다보는 증권가…삼성바이오 ‘5공장·록...,"Why have I been blocked? This website is using a security service to protect itself from online attacks. The action you just performed triggered the security solution. There are several actions that could trigger this block including submitting a certain word or phrase, a SQL command or malformed data.","Why have I been blocked?
This website is using a security service to protect itself from online attacks. The action you just performed triggered the security solution. There are several actions that could trigger this block including submitting a certain word or phrase, a SQL command or malformed data.",local,10,릴리,,,0.2555601351041267,,7.0,2.5556013510412665,3.1818181818181817,2.8060880833520327,False
2026-07-24,Client,2026-07-24 11:28:00,Naver News,http://www.press9.kr/news/articleView.html?idxno=79999,MSD CEO “중국 바이오 거래 막으면 미국 혁신 경쟁력 약화”,미국 정부가 자국 기업의 중국 바이오기업 투자와 기술도입을 광범위하게 제한할 경우 미국이 글로벌 바이오산업 주도권을 잃을 수 있다는 경고가 나왔다. 중국에서 확보한 신약 후보물질과 현지 기업과의 협력이 미국 환자에게 공급되는 의약품 개발에도 기여하고 있는 만큼 국가안보와 혁신 생태계를 함께 고려해야 한다는 주장이다.제약바이오 전문매체 엔드포인트는 21일(현지시간) 미국 워싱턴DC 미국제약협회(PhRMA) 본부에서 열린 기자간담회에서 롭 데이비스 MSD 최고경영자(CEO)가 이같이 밝혔다고 보도했다. 미국 재무부가 중국.,[프레스나인] 미국 정부가 자국 기업의 중국 바이오기업 투자와 기술도입을 광범위하게 제한할 경우 미국이 글로벌 바이오산업 주도권을 잃을 수 있다는 경고가 나왔다. 중국에서 확보한 신약 후보물질과 현지 기업과의 협력이 미국 환자에게 공급되는 의약품 개발에도 기여하고 있는 만큼 국가안보와 혁신 생태계를 함께 고려해야 한다는 주장이다.제약바이오 전문매체 엔드포인트는 21일(현지시간) 미국 워싱턴DC 미국제약협회(PhRMA) 본부에서 열린 기자간담회에서 롭 데이비스 MSD 최고경영자(CEO)가 이같이 밝혔다고 보도했다. 미국 재무부가 중국,local,10,MSD,,,0.2249707905268812,,8.0,2.2497079052688123,3.6363636363636367,2.804370197706742,False
2026-07-24,BD,2026-07-24 15:32:00,Naver News,http://www.kwangju.co.kr/article.php?aid=1784874600801551135,임지락 화순군수 “화순 바이오 헬스 거점 육성·폐광지역 신산업 유치”,“전남광주 통합시대를 맞아 광주와 함께 화순을 한국 바이오헬스산업 거점으로 만들겠습니다.”민선 9기 화순 군정을 이끌 임지락 군수는 23일 광주일보와의 인터뷰에서 “대전환의 시대를 맞아 도약하는 화순을 만들기 위해 화순 백신특화단지를 대한민국 바이오-헬스 거점으로 육성하고 광역교통망...,“전남광주 통합시대를 맞아 광주와 함께 화순을 한국 바이오헬스산업 거점으로 만들겠습니다.”민선 9기 화순 군정을 이끌 임지락 군수는 23일 광주일보와의 인터뷰에서 “대전환의 시대를 맞아 도약하는 화순을 만들기 위해 화순 백신특화단지를 대한민국 바이오-헬스 거점으로 육성하고 광역교통망...,local,10,백신,,,0.2510093585240867,,7.0,2.510093585240867,3.1818181818181817,2.7787834238717926,False
2026-07-24,Client,2026-07-22 10:19:00,Naver News,https://biz.chosun.com/science-chosun/bio/2026/07/22/HQGKFYQ6KFFRFOZWZSBTOTIR6Q/?utm_source=naver&utm_medium=original&utm_campaign=biz,"MSD, 인제니아 안과 신약 개발 확대…황반변성 이어 당뇨병성 황반부종도 3상 착수","MSD, 인제니아 안과 신약 개발 확대황반변성 이어 당뇨병성 황반부종도 3상 착수 습성 노인성 황반변성 이어 당뇨병성 황반부종 3상 2건 추가   2개 질환 대상 글로벌 3상 총 4건 진행약 4000명 규모   표준 치료제 아일리아와 시력 개선·약효 지속성 비교 평가.","MSD, 인제니아 안과 신약 개발 확대황반변성 이어 당뇨병성 황반부종도 3상 착수 습성 노인성 황반변성 이어 당뇨병성 황반부종 3상 2건 추가   2개 질환 대상 글로벌 3상 총 4건 진행약 4000명 규모   표준 치료제 아일리아와 시력 개선·약효 지속성 비교 평가",local,10,머크,,,0.43657457534882577,,0.0,4.365745753488258,0.0,2.6194474520929547,False
2026-07-24,Therapeutic Areas,2026-07-21 14:52:00,Naver News,https://www.tournews21.com/news/articleView.html?idxno=139044,"차병원, 난소 노화와 전신 건강수명 연결한 국제 학술행사 개최 - 투어코리아",차병원이 지난 16~17일 이틀간 경기 판교 차바이오컴플렉스에서 생식의학 분야와 노화 연구를 접목한 국제 학술 콘퍼런스를 열었다.,[투어코리아=김현진 기자] 차병원이 지난 16~17일 이틀간 경기 판교 차바이오컴플렉스에서 생식의학 분야와 노화 연구를 접목한 국제 학술 콘퍼런스를 열었다. 주최,local,2,불임,,,0.2671797451385091,,5.0,2.6717974513850913,2.2727272727272725,2.5121693799219638,False
2026-07-24,Therapeutic Areas,2026-07-21 16:32:00,Naver News,https://view.asiae.co.kr/article/2026072116291633475,"""'독신'이라던 남친, 유부남이었다""…日 법원 ""1100만원 배상""",독신이라고 속인 채 결혼할 의사가 있는 것처럼 행동하며 1년 넘게 여성을 만난 일본의 30대 기혼 남성에게 법원이 121만엔의 배상 책임을 인정했다.,독신이라고 속인 채 결혼할 의사가 있는 것처럼 행동하며 1년 넘게 여성을 만난 일본의 30대 기혼 남성에게 법원이 121만엔의 배상 책임을 인정했다.,local,2,불임,,,0.26306490778523983,,5.0,2.6306490778523983,2.2727272727272725,2.487480355802348,False
2026-07-24,Client,2026-07-23 18:02:00,Naver News,https://www.hitnews.co.kr/news/articleView.html?idxno=77896,[주식] ADC 기술이전 소식에 '인투셀' 15%↑,"오늘의 증시시장 지수KOSPI: 7,096.89 (▲4.40%)KOSDAQ: 790.28 (▲5.22%)상승 종목인투셀(+15.84%), 티앤알바이오팹(+14.78%), 알테오젠(+14.37%), 툴젠(+11.26%), 휴젤(+9.03%)하락 종목코오롱티슈진(-29.95%), 나노엔텍(-12.22%), JW신약(-5.62%), 셀레믹스(-5.34%), 현대약품(-3.23%) 오늘의 이슈압타바이오 (▲16.19%): '아이수지낙시브' 글로벌 2상 추적관찰 완료큐리언트 (▲12.19%): AACR D3서 ADC 'QP101' 비임상 데.","오늘의 증시시장 지수KOSPI: 7,096.89 (▲4.40%)KOSDAQ: 790.28 (▲5.22%)상승 종목인투셀(+15.84%), 티앤알바이오팹(+14.78%), 알테오젠(+14.37%), 툴젠(+11.26%), 휴젤(+9.03%)하락 종목코오롱티슈진(-29.95%), 나노엔텍(-12.22%), JW신약(-5.62%), 셀레믹스(-5.34%), 현대약품(-3.23%) 오늘의 이슈압타바이오 (▲16.19%): '아이수지낙시브' 글로벌 2상 추적관찰 완료큐리언트 (▲12.19%): AACR D3서 ADC 'QP101' 비임상 데",local,10,현대약품,,,0.4089430349146483,,0.0,4.0894303491464825,0.0,2.4536582094878896,False
2026-07-24,Client,2026-07-20 16:06:00,Naver News,https://www.apsk.co.kr/news/articleView.html?idxno=539867,"암젠 '임델트라', 소세포폐암 2차 치료제 전진 배치…식약처, 적응증 확대 허가 - 메디팜스투데이",오랜 기간 치료 옵션이 제한됐던 소세포폐암 영역에서 신약의 치료 진입 시기가 대폭 앞당겨졌다.암젠코리아는 자사의 이중특이적 T세포 관여항체(BiTE®) 소세포폐암.,오랜 기간 치료 옵션이 제한됐던 소세포폐암 영역에서 신약의 치료 진입 시기가 대폭 앞당겨졌다.암젠코리아는 자사의 이중특이적 T세포 관여항체(BiTE®) 소세포폐암,local,10,암젠,,,0.4084533938789463,,0.0,4.084533938789463,0.0,2.4507203632736774,False
2026-07-24,Client,2026-07-23 11:30:00,Naver News,https://www.medicaltimes.com/Main/News/NewsView.html?ID=1169879&ref=naverpc,[메디칼타임즈] 옥타이로 이어 지데이트로까지…ROS1 폐암 지형 변화,"1세대 표적치료제의 내성과 뇌 전이 한계로 치료 옵션이 제한적이었던 ROS1 양성 비소세포폐암(NSCLC) 시장에 세대교체 바람이 불고 있다.GSK가 차세대 ROS1 선택적 억제제 '지데이트로(지데삼티닙)'의 미국 허가를 조기에 획득하며, 2차 치료 라인을 시작으로 폐암 영역에서의 입지를 다지기 시작했다.GSK가 차세대 ROS1 선택적 억제제 '지데이트로(지데삼티닙)'의 미국 허가를 조기에 획득, 폐암 시장 공략을 본격화하고 있다.23일 제약업계에 따르면, 미국 식품의약국(FDA)은 최근 이전에 ROS1 키나아제 억제제(TKI) 치료 이력이 있는 국소 진행성 또는 전이성 ROS1 양성 비소세포폐암 성인 환자 치료제로 지데이트로를 최종 승인했다. 이번 승인은 당초 처방심사 심사기한(PDUFA)이었던 오는 9월 18일보다 빠르게 결정됐다.ROS1 유전자 융합 변이는 전체 비소세포폐암 환자의 약 1~2%에서 나타나는 희귀 바이오마커로, 주로 40~50대 비흡연자 환자군에서 흔히 발병한다.기존에는 화이자 '잴코리(크리조티닙)'나 로슈 '로즐리트렉(엔트렉티닙)' 등 1세대 TKI가 주요 치료제로 쓰였으나, 투여 후 발생하는 약물 내성 변이(G2032R 등)와 낮은 뇌장벽(BBB) 투과율로 인한 뇌 전이 진행이 임상 현장의 오랜 숙제로 남아있었다.최근 BMS의 '옥타이로(레포트렉티닙)' 등 2세대 약물들이 높은 뇌 투과율을 앞세워 1차 치료제 시장을 개척하는 가운데, GSK는 '1차 치료 실패 후 내성 환자'를 공략하는 구원투수로 지데이트로를 등판시켰다.지데이트로는 GSK가 누발렌트(Nuvalent)를 인수하며 확보한 파이프라인으로, 높은 타깃 선택성과 뇌장벽 투과력을 결합해 기존 표적치료제 치료 후 발생한 뇌 전이 및 내성 변이 암세포를 효과적으로 억제하도록 설계됐다.이번 승인의 기반이 된 글로벌 1/2상 'ARROS-1' 연구 결과, 이전에 ROS1 억제제 치료를 받은 환자군(n=117)에서 지데이트로는 44%의 객관적 반응률(ORR)을 입증했다. 반응 지속 기간(DOR) 비율 역시 6개월 시점 82%, 12개월 시점 69%로 높게 유지됐으며, 뇌 전이 및 내성 변이를 보유한 환자군에서도 우수한 유효성을 나타냈다.임상에 참여한 메모리얼 슬론 케터링 암센터 알렉산더 드릴론(Alexander Drilon) 박사는.","[메디칼타임즈=문성호 기자]1세대 표적치료제의 내성과 뇌 전이 한계로 치료 옵션이 제한적이었던 ROS1 양성 비소세포폐암(NSCLC) 시장에 세대교체 바람이 불고 있다.GSK가 차세대 ROS1 선택적 억제제 '지데이트로(지데삼티닙)'의 미국 허가를 조기에 획득하며, 2차 치료 라인을 시작으로 폐암 영역에서의 입지를 다지기 시작했다.GSK가 차세대 ROS1 선택적 억제제 '지데이트로(지데삼티닙)'의 미국 허가를 조기에 획득, 폐암 시장 공략을 본격화하고 있다.23일 제약업계에 따르면, 미국 식품의약국(FDA)은 최근 이전에 ROS1 키나아제 억제제(TKI) 치료 이력이 있는 국소 진행성 또는 전이성 ROS1 양성 비소세포폐암 성인 환자 치료제로 지데이트로를 최종 승인했다. 이번 승인은 당초 처방심사 심사기한(PDUFA)이었던 오는 9월 18일보다 빠르게 결정됐다.ROS1 유전자 융합 변이는 전체 비소세포폐암 환자의 약 1~2%에서 나타나는 희귀 바이오마커로, 주로 40~50대 비흡연자 환자군에서 흔히 발병한다.기존에는 화이자 '잴코리(크리조티닙)'나 로슈 '로즐리트렉(엔트렉티닙)' 등 1세대 TKI가 주요 치료제로 쓰였으나, 투여 후 발생하는 약물 내성 변이(G2032R 등)와 낮은 뇌장벽(BBB) 투과율로 인한 뇌 전이 진행이 임상 현장의 오랜 숙제로 남아있었다.최근 BMS의 '옥타이로(레포트렉티닙)' 등 2세대 약물들이 높은 뇌 투과율을 앞세워 1차 치료제 시장을 개척하는 가운데, GSK는 '1차 치료 실패 후 내성 환자'를 공략하는 구원투수로 지데이트로를 등판시켰다.지데이트로는 GSK가 누발렌트(Nuvalent)를 인수하며 확보한 파이프라인으로, 높은 타깃 선택성과 뇌장벽 투과력을 결합해 기존 표적치료제 치료 후 발생한 뇌 전이 및 내성 변이 암세포를 효과적으로 억제하도록 설계됐다.이번 승인의 기반이 된 글로벌 1/2상 'ARROS-1' 연구 결과, 이전에 ROS1 억제제 치료를 받은 환자군(n=117)에서 지데이트로는 44%의 객관적 반응률(ORR)을 입증했다. 반응 지속 기간(DOR) 비율 역시 6개월 시점 82%, 12개월 시점 69%로 높게 유지됐으며, 뇌 전이 및 내성 변이를 보유한 환자군에서도 우수한 유효성을 나타냈다.임상에 참여한 메모리얼 슬론 케터링 암센터 알렉산더 드릴론(Alexander Drilon) 박사는",local,10,BMS,,,0.40732060905519135,,0.0,4.073206090551913,0.0,2.4439236543311478,False
2026-07-24,Product Approval,2026-07-24 16:20:00,Naver News,https://www.sidae.com/article/2026072415545234424,"삼성바이오에피스, 매출·영업익 '주춤'…홀딩스도 수익성 악화(상보) - 동행미디어 시대",삼성바이오에피스의 올 2분기 실적이 전년 동기 대비 악화했다. R&D(연구·개발) 투자 확대 등의 영향으로 관측된다. 삼성바이오에피스 모회사인 삼성에피스홀딩스도 실적 악화를 피하지 못했다.,삼성바이오에피스의 올 2분기 실적이 전년 동기 대비 악화했다. R&D(연구·개발) 투자 확대 등의 영향으로 관측된다. 삼성바이오에피스 모회사인 삼성에피스홀딩스도 실적 악화를 피하지 못했다.,local,2,신약,,,0.18555209240848938,,7.0,1.8555209240848938,3.1818181818181817,2.386039827178209,False
2026-07-24,Client,2026-07-24 11:25:00,Naver News,https://www.etnews.com/20260724000003,"AI 디지털 트윈, 신약개발 새 해법으로 부상…오프리메드 글로벌 협력 ...",특히 얀센과 화이자가 공동 개발했던 알츠하이머 치료제 후보물질 '바피뉴주맙(Bapineuzumab)'의 실제 임상 데이터를 활용한 시뮬레이션 결과를 발표해 관심을 모았다. 오프리메드는 디지털 트윈 기술을 활용하면... ,특히 얀센과 화이자가 공동 개발했던 알츠하이머 치료제 후보물질 '바피뉴주맙(Bapineuzumab)'의 실제 임상 데이터를 활용한 시뮬레이션 결과를 발표해 관심을 모았다. 오프리메드는 디지털 트윈 기술을 활용하면... ,local,10,화이자,,,0.39716975127319265,,0.0,3.9716975127319265,0.0,2.383018507639156,False
2026-07-24,Client,2026-07-24 10:42:00,Naver News,https://www.biotimes.co.kr/news/articleView.html?idxno=33376,'후반부 심사' 넘은 HLB '리라푸그라티닙'…FDA 허가 시계는 어디까지 왔나 - 바이오타임즈,HLB의 담관암 치료제 후보물질 '리라푸그라티닙(rifragatinib)'이 미국 식품의약국(FDA)과 허가 심사 후반부 협의인 'LCM(Late.,[바이오타임즈] HLB의 담관암 치료제 후보물질 '리라푸그라티닙(rifragatinib)'이 미국 식품의약국(FDA)과 허가 심사 후반부 협의인 'LCM(Late,local,10,릴리,,,0.38753199324381815,,0.0,3.8753199324381815,0.0,2.325191959462909,False
2026-07-24,BD,2026-07-24 14:14:00,Naver News,https://www.viva100.com/article/20260724500456,"복지부, 간암·림프종 세포치료 임상 승인…치료 기회 넓힌다",첨단재생의료 임상연구가 진행성 간세포암과 미만성 거대 B세포 림프종(DLBCL) 환자를 대상으로 확대된다. 정부는 자연살상세포(NK세포)와 사이토카인 유도 살해세포(CIK)를 활용한 세포치료 임상연구를 승인하며 난치성 암 환자의 새로운 치료 가능성 확보에 나섰다.,첨단재생의료 임상연구가 진행성 간세포암과 미만성 거대 B세포 림프종(DLBCL) 환자를 대상으로 확대된다. 정부는 자연살상세포(NK세포)와 사이토카인 유도 살해세포(CIK)를 활용한 세포치료 임상연구를 승인하며 난치성 암 환자의 새로운 치료 가능성 확보에 나섰다. 보건,local,10,합병,,,0.3794668078457322,,0.0,3.794668078457322,0.0,2.276800847074393,False
2026-07-24,Product Approval,2026-07-24 15:57:00,Naver News,https://www.etnews.com/20260724000298,"셀트리온, 코센틱스 바이오시밀러 'CT-P55' 유럽 허가 신청","품목허가를 신청했다고 24일 밝혔다. 이번 신청은 판상 건선, 건선성 관절염, 강직성 척추염, 소아 특발성... 앞서 셀트리온은 지난 5월 캐나다에서 CT-P55의 첫 품목허가를 신청한 데 이어 6월 한국에서도 품목허가를... ","품목허가를 신청했다고 24일 밝혔다. 이번 신청은 판상 건선, 건선성 관절염, 강직성 척추염, 소아 특발성... 앞서 셀트리온은 지난 5월 캐나다에서 CT-P55의 첫 품목허가를 신청한 데 이어 6월 한국에서도 품목허가를... ",local,2,허가,,,0.1381046737806367,,7.0,1.381046737806367,3.1818181818181817,2.101355315411093,False
2026-07-24,Therapeutic Areas,2026-07-24 05:44:00,Naver News,http://www.mjmedi.com/news/articleView.html?idxno=62888,체형사상학회 임상케이스(3),"허만회 선생님의 임상 경험집을 보기 쉽게 정리했습니다. 소음인 불임 患者(임상경험집 7권 p211)발표자：허만회￭主訴1. 불임(초진-2009년7월4일, 결혼-2007년11월) ￭證狀*하복부 냉감 ￭處方1. 보중익기탕 合 향사양위탕 ￭治療過程2009.07.04 처방：보중익기탕 1제2009.07.20 소화상태 좋아짐. 하복냉감을 겨냥하여 향사양위탕 합방시킴.처방：보중익기탕 合 향사양위탕 1제2009.08.10 우측 편두통(울혈성)처방：보중익기탕 合 향사양위탕 1제2009.10.08 임신 성공.","허만회 선생님의 임상 경험집을 보기 쉽게 정리했습니다. 소음인 불임 患者(임상경험집 7권 p211)발표자：허만회￭主訴1. 불임(초진-2009년7월4일, 결혼-2007년11월) ￭證狀*하복부 냉감 ￭處方1. 보중익기탕2. 보중익기탕 合 향사양위탕 ￭治療過程2009.07.04 처방：보중익기탕 1제2009.07.20 소화상태 좋아짐. 하복냉감을 겨냥하여 향사양위탕 합방시킴.처방：보중익기탕 合 향사양위탕 1제2009.08.10 우측 편두통(울혈성)처방：보중익기탕 合 향사양위탕 1제2009.10.08 임신 성공. 임신 10주라고 함. 현재",local,2,불임,,,0.334517527734449,,0.0,3.34517527734449,0.0,2.007105166406694,False
2026-07-24,BD,2026-07-23 13:48:00,Naver News,https://biz.newdaily.co.kr/site/data/html/2026/07/23/2026072300155.html,"파드셉 성공으로 검증된 '넥틴-4' … 셀트리온·삼성에피스, 차세대 ADC 도전",'파드셉(PADCEV)'이 임상적 성공과 블록버스터 매출을 모두 입증하면서 '넥틴-4(Nectin-4)'가 차세대 항체-약물접합체(ADC)의 대표 표적으로 자리 잡고 있다.셀트리온과 삼성바이오에피스도 각각 넥틴-4를 겨냥한 ADC의 글로벌 임상 1상에 돌입했다. 파드셉의 한계로 꼽히는 독성과 내성을 개선한 차세대 치료제 개발에 나서면서 바이오시밀러를 넘어 자체 ADC 신약개발역량을 검증받는 시험대에 올랐다.23일 업계에 따르면 삼성바이오에피스는...,'파드셉(PADCEV)'이 임상적 성공과 블록버스터 매출을 모두 입증하면서 '넥틴-4(Nectin-4)'가 차세대 항체-약물접합체(ADC)의 대표 표적으로 자리 잡고 있다.셀트리온과 삼성바이오에피스도 각각 넥틴-4를 겨냥한 ADC의 글로벌 임상 1상에 돌입했다. 파드셉의 한계로 꼽히는 독성과 내성을 개선한 차세대 치료제 개발에 나서면서 바이오시밀러를 넘어 자체 ADC 신약개발역량을 검증받는 시험대에 올랐다.23일 업계에 따르면 삼성바이오에피스는...,local,10,아스텔라스,,,0.33125658228571986,,0.0,3.3125658228571986,0.0,1.9875394937143191,False
2026-07-24,BD,2026-07-24 13:40:00,Naver News,https://www.medicopharma.co.kr/news/articleView.html?idxno=68853,글로벌 바이오 자금 흐름 살아나는데…국내 시장은 악재에 더 민감,"글로벌 제약·바이오 산업에서 인수합병(M&A)과 기업공개(IPO), 미국 식품의약국(FDA) 신약 승인이 동시에 회복 흐름을 보이고 있다. 빅파마의 특허 만료에 따른 매출 공백이 M&A 수요를 뒷받침하고, 미국 IPO 시장에서는 임상 2상 이상 단계의 기.","[메디코파마뉴스=정재노 기자] 글로벌 제약·바이오 산업에서 인수합병(M&A)과 기업공개(IPO), 미국 식품의약국(FDA) 신약 승인이 동시에 회복 흐름을 보이고 있다. 빅파마의 특허 만료에 따른 매출 공백이 M&A 수요를 뒷받침하고, 미국 IPO 시장에서는 임상 2상 이상 단계의 기",local,10,M&A,,,0.3197912467531032,,0.0,3.197912467531032,0.0,1.9187474805186193,False
2026-07-24,Client,2026-07-24 07:02:00,Naver News,https://www.thebell.co.kr/free/content/ArticleView.asp?key=202607231013144760108579,"[더벨][클리니컬 리포트] 에임드바이오, 베링거 넘긴 ADC 1상 5개국 '일본...","에임드바이오가 베링거인겔하임에 기술이전한 항체약물접합체(ADC) 후보물질 ‘BI4060107(ODS025)’의 글로벌 임상 1상 프로토콜을 구체화하고 있다. 미국과 한국, 프랑스에 이어 일본에서도 진행키로 했다. 당초 계획한... ","에임드바이오가 베링거인겔하임에 기술이전한 항체약물접합체(ADC) 후보물질 ‘BI4060107(ODS025)’의 글로벌 임상 1상 프로토콜을 구체화하고 있다. 미국과 한국, 프랑스에 이어 일본에서도 진행키로 했다. 당초 계획한... ",local,10,베링거인겔하임,,,0.29948880661369764,,0.0,2.9948880661369763,0.0,1.7969328396821858,False
2026-07-24,BD,2026-07-24 15:39:00,Naver News,https://www.mk.co.kr/article/12106722,"GC녹십자, 국산 코로나19 mRNA 백신 임상 2상 IND 신청 - 매일경제","심층 분석: 이 뉴스는 왜 나왔나? GC녹십자가 자체 개발 중인 코로나19 mRNA 백신 후보물질의 임상 2상 시험계획(IND)을 식품의약품안전처에 신청했다는 소식은 여러 배경과 맥락 속에서 이해할 수 있어요. 🧐 가장 중요한 배경으로는 정부의 '팬데믹 대비 mRNA 백신 개발 지원사업'이 있어요. 이 사업은 질병관리청 국립보건연구원이 수행기관인 GC녹십자를 통해 추진하는 것으로, 2026년 7월 24일 현재, mRNA 백신 플랫폼을 자체적으로 확보해서 앞으로 발생할 수 있는 팬데믹에 신속하게 대응할 수 있는 체계를 마련하려는 정부의 강력한 의지를 보여줘요.","2. 심층 분석: 이 뉴스는 왜 나왔나?
GC녹십자가 자체 개발 중인 코로나19 mRNA 백신 후보물질의 임상 2상 시험계획(IND)을 식품의약품안전처에 신청했다는 소식은 여러 배경과 맥락 속에서 이해할 수 있어요. 🧐
가장 중요한 배경으로는 정부의 '팬데믹 대비 mRNA 백신 개발 지원사업'이 있어요. 이 사업은 질병관리청 국립보건연구원이 수행기관인 GC녹십자를 통해 추진하는 것으로, 2026년 7월 24일 현재, mRNA 백신 플랫폼을 자체적으로 확보해서 앞으로 발생할 수 있는 팬데믹에 신속하게 대응할 수 있는 체계를 마련하려는 정부의 강력한 의지를 보여줘요. 💪 이는 2021년 8월 31일자 기사에서 언급된 '예산 낭비 없이 코로나 백신 개발하려면'이라는 제목의 기고문에서도 이미 국내 기업들이 독자 백신 개발에 적극 나서야 한다는 점을 강조했던 것과 맥을 같이 해요. 즉, 해외 기업에 휘둘리지 않고 자체 백신 주권을 확보하려는 국가적 노력이 계속되고 있다는 것을 알 수 있죠. 🇰🇷
또한, 이번 GC녹십자의 임상 2상 IND 신청은 지난해 12월에 승인받아 진행된 임상 1상 결과와 비임상 연구 성과를 바탕으로 한 것이에요. 이는 백신 개발 과정에서 이전 단계의 긍정적인 결과를 다음 단계로 나아가는 중요한 발판으로 삼는 일반적인 절차이며, 이를 통해 식약처의 사전 검토까지 거쳤다는 점에서 후속 임상 진입을 위한 핵심 절차를 성공적으로 마무리했다고 볼 수 있어요. 💯 이는 2025년 3월 25일자 기사에서 한국형 mRNA 백신 개발을 목표로 2028년 품목허가를 목표로 하고 있다는 내용과도 연결되어, 장기적인 관점에서 한국의 mRNA 백신 기술력을 키우려는 움직임이 꾸준히 이어지고 있음을 보여줍니다. 🚀
임상 2상 연구 개시 예정 시점이 오는 8월이라는 점은 GC녹십자가 과제 협약 절차를 거쳐 신속하게 연구를 진행하겠다는 의지를 나타내요. 임상 2상에서는 건강한 성인을 대상으로 후보물질을 투여하여 안전성과 면역원성을 집중적으로 검증하게 되는데, 이는 2024년 5월 14일자 기사에서 지영미 질병관리청장이 언급했던 '2027년까지 안전하고 효과적인 국산 코로나19 메신저리보핵산(mRNA) 백신을 개발할 수 있도록 최대한 속도를 내겠다'는 목표와도 일치하는 움직임으로 볼 수 있어요. ⏳ 또한, 질병관리청장과 국립보건연구원장의 발언에서도 보듯이, mRNA 플랫폼 기술 확보가 단순히 코로나19 백신뿐만 아니라 미래의 다양한 감염병, 암, 희귀질환 치료제 개발에도 활용될 수 있는 핵심 기술이라는 점을 강조하며, 이러한 기술 확보가 '백신 주권'을 강화하고 국민 건강권을 보호하는 중요한 수단이 될 것이라는 점을 분명히 하고 있어요. 🌟",local,10,백신,,,0.2873863409366218,,0.0,2.873863409366218,0.0,1.7243180456197307,False
2026-07-24,Client,2026-07-24 09:00:00,Naver News,https://www.akomnews.com/bbs/board.php?bo_table=news&wr_id=67840,“혀 통증 부위 따라 구강작열감증후군 임상 특성 달라” - 한의신문,"경희대한방병원·강동경희대한방병원 연구팀, 환자 256명 분석국제학술지 ‘Journal of Oral Rehabilitation’에 연구결과 게재.","경희대한방병원·강동경희대한방병원 연구팀, 환자 256명 분석국제학술지 ‘Journal of Oral Rehabilitation’에 연구결과 게재",local,10,BMS,,,0.2830029681617929,,0.0,2.830029681617929,0.0,1.6980178089707574,False
