date,category,published_date,site_name,url,title,summary,content,region,score_ag,keywords,reward_x,rl_score,lgbm_score,reward_y,strategic_score,lgbm_component,strategic_score_norm,final_score,is_top20
2026-07-30,Distribution,2026-07-31 06:22:00,Naver News,https://www.bosa.co.kr/news/articleView.html?idxno=3009120,"4000여 개 '착시'에 갇힌 의약품유통업계… ""진짜와 구분해야"" - 의학신문",국내 의약품 유통업계가 억울한 눈총을 받고 있다. 전국에서 영업활동을 전개하고 있는 의약품유통업체 수가 4000~5000여 개에.,[의학신문·일간보사=김상일 기자]국내 의약품 유통업계가 억울한 눈총을 받고 있다. 전국에서 영업활동을 전개하고 있는 의약품유통업체 수가 4000~5000여 개에,local,10,의약품유통,,,0.9896500034493853,,13.0,9.896500034493853,5.909090909090909,8.301536384332675,True
2026-07-30,Distribution,2026-07-28 05:56:00,Naver News,https://www.kpanews.co.kr/news/articleView.html?idxno=539229,"올리브영 버금가는 약국, 플랫폼이 바꾸는 화장품 유통 - 약사공론",화장품 매장이 아닌 ‘약국’ 문을 열고 들어가 화장품을 고르는 풍경은 한동안 낯선 것이었습니다. 올리브영으로 대변되는 헬스앤뷰티(H&B) 스토어의 독주와 다이소.,화장품 매장이 아닌 ‘약국’ 문을 열고 들어가 화장품을 고르는 풍경은 한동안 낯선 것이었습니다. 올리브영으로 대변되는 헬스앤뷰티(H&B) 스토어의 독주와 다이소,local,10,바로팜,,,0.9557286978213859,,13.0,9.55728697821386,5.909090909090909,8.09800855056468,True
2026-07-30,Distribution,2026-07-30 15:35:00,Naver News,https://www.hankyung.com/article/2026073048191,"대웅제약, 일정 기준 갖춰야 의약품 도매…'블록형 유통망' 공정위 넘었다","대웅제약, 일정 기준 갖춰야 의약품 도매…'블록형 유통망' 공정위 넘었다, 양병훈 기자, IT/과학.","대웅제약, 일정 기준 갖춰야 의약품 도매…'블록형 유통망' 공정위 넘었다, 양병훈 기자, IT/과학",local,10,의약품유통,,,0.916510554491514,,13.0,9.16510554491514,5.909090909090909,7.862699690585448,True
2026-07-30,Distribution,2026-07-30 15:38:00,Naver News,https://www.hankyung.com/article/2026073048111,신약·화장품부터 식품까지…제약사 '두 번째 심장'이 뛴다,"신약·화장품부터 식품까지…제약사 '두 번째 심장'이 뛴다, 한미사이언스, 건기식 '엔플' 출시 GC녹십자, 희소질환 신약·백신 개발 대웅제약, 의약품 유통체계 혁신 유한양행, 항암·대사·면역 신약 개발 집중 SK바사, 글로벌 백신 플랫폼 기업 변신 종근당, 미래 바이오 기업 탈바꿈.","신약·화장품부터 식품까지…제약사 '두 번째 심장'이 뛴다, 한미사이언스, 건기식 '엔플' 출시 GC녹십자, 희소질환 신약&middot;백신 개발 대웅제약, 의약품 유통체계 혁신 유한양행, 항암&middot;대사&middot;면역 신약 개발 집중 SK바사, 글로벌 백신 플랫폼 기업 변신 종근당, 미래 바이오 기업 탈바꿈",local,10,의약품유통,,,0.8987830531219352,,13.0,8.987830531219352,5.909090909090909,7.756334682367974,False
2026-07-30,Distribution,2026-07-30 16:06:00,Naver News,https://www.asiatoday.co.kr/kn/view.php?key=20260730001602462,"셀트리온 ‘지피덤’, 레디영약국 전점 입점…약국 유통망 확대",셀트리온의 바이오 더마 코스메틱 브랜드 ‘지피덤(zipiderm)’이 프리미엄 약국 채널인 레디영약국 전점에 약국 전용 이지에프(EGF) 라인 4종을 입점했다고 30일 밝혔다. 이번 입점으로 지피덤 제품은 명동과 성수 등 주요 상권에 위치한 레디영약국에서 판매된다.,셀트리온의 바이오 더마 코스메틱 브랜드 ‘지피덤(zipiderm)’이 프리미엄 약국 채널인 레디영약국 전점에 약국 전용 이지에프(EGF) 라인 4종을 입점했다고 30일 밝혔다. 이번 입점으로 지피덤 제품은 명동과 성수 등 주요 상권에 위치한 레디영약국에서 판매된다. 레..,local,10,바로팜,,,0.8887716620870993,,13.0,8.887716620870993,5.909090909090909,7.69626633615896,False
2026-07-30,Client,2026-07-29 06:00:00,Naver News,https://www.kpanews.co.kr/news/articleView.html?idxno=539388,약가유연제 도입 3개월 만에 신약 24개 적용…제도 활용 본격화 - 약사공론,약가유연계약제(약가유연제·이중약가제)가 시행 3개월 만에 적용 품목을 빠르게 늘려가고 있다. 28일 확정된 8월 1일자 '약제 급여 목록 및 급여 상한금액표'를.,약가유연계약제(약가유연제·이중약가제)가 시행 3개월 만에 적용 품목을 빠르게 늘려가고 있다. 28일 확정된 8월 1일자 '약제 급여 목록 및 급여 상한금액표'를,local,10,암젠,,,0.9612001701517696,,10.0,9.612001701517697,4.545454545454545,7.5853828390924365,True
2026-07-30,Client,2026-07-30 07:02:00,Naver News,https://www.bosa.co.kr/news/articleView.html?idxno=3009298,"식약처, GLP-1 비만치료제 '나눠맞기' 경고...의료기관에 적정 사용 당부 - 의학신문","식품의약품안전처가 GLP-1 계열 비만치료제의 오남용과 불법 유통, 이른바 '나눠맞기' 사례가 확산되자 의료기관과 약국을 대상으.","[의학신문·일간보사=이재원 기자] 식품의약품안전처가 GLP-1 계열 비만치료제의 오남용과 불법 유통, 이른바 '나눠맞기' 사례가 확산되자 의료기관과 약국을 대상으",local,10,마운자로,,,0.956626854509537,,10.0,9.56626854509537,4.545454545454545,7.5579429452390405,True
2026-07-30,Product Approval,2026-07-31 05:58:00,Naver News,https://www.kpanews.co.kr/news/articleView.html?idxno=539495,치료환경 변화·판매 부진·안정성 부적합…의약품 3개 품목 공급 중단 - 약사공론,"치료 패러다임 변화와 판매 부진, 안정성시험 부적합 등의 영향으로 국내 유통 중인 의약품 3개 품목의 공급이 중단된다. 해당 품목들은 대체 가능한 의약품이 시장에.","치료 패러다임 변화와 판매 부진, 안정성시험 부적합 등의 영향으로 국내 유통 중인 의약품 3개 품목의 공급이 중단된다. 해당 품목들은 대체 가능한 의약품이 시장에",local,2,적응증,,,0.9539485246043751,,10.0,9.53948524604375,4.545454545454545,7.541872965808068,True
2026-07-30,Client,2026-07-29 17:49:00,Naver News,https://www.mk.co.kr/article/12110753,"""마운자로가 놓친 2% 잡아라"" … K비만약 출격 - 매일경제","핵심 시사점: 그래서 무엇이 달라지는가? 글로벌 빅파마들이 주도하는 비만 치료제 시장에 국내 제약사들이 한국인 맞춤형 약물 개발 및 차별화된 기전 탐색으로 틈새시장을 공략하며 본격적인 경쟁에 나설 것으로 보여요. 📈 특히 한미약품의 '에페글레나타이드'는 국내 최초 GLP-1 계열 비만약으로, 한국인의 체형과 대사 특성에 맞춰 용량 설계 및 위장관계 부작용 감소, 심혈관·신장 보호 효능을 강점으로 내세우며 연내 출시를 앞두고 있어요.","5. 핵심 시사점: 그래서 무엇이 달라지는가?
글로벌 빅파마들이 주도하는 비만 치료제 시장에 국내 제약사들이 한국인 맞춤형 약물 개발 및 차별화된 기전 탐색으로 틈새시장을 공략하며 본격적인 경쟁에 나설 것으로 보여요. 📈 특히 한미약품의 '에페글레나타이드'는 국내 최초 GLP-1 계열 비만약으로, 한국인의 체형과 대사 특성에 맞춰 용량 설계 및 위장관계 부작용 감소, 심혈관·신장 보호 효능을 강점으로 내세우며 연내 출시를 앞두고 있어요. 이는 기존 외산 약물 대비 합리적인 가격과 안정적인 국내 공급망을 통해 경쟁력을 확보하려는 전략으로 풀이됩니다. 🇰🇷
더불어 올릭스는 유전자 수준에서 비만을 제어하는 RNAi 기술을 활용한 'OLX501A'로, HK이노엔은 AI 신약 개발 플랫폼을 통해 비인크레틴 계열 저분자 화합물 치료제로 각각 '제3의 길'을 모색하며 기존 약물의 한계를 극복하려는 움직임을 보이고 있어요. 이는 단순히 체중 감량을 넘어, '요요 현상'이나 기존 약물의 부작용을 개선하고 에너지 대사 자체를 조절하는 등 다각적인 접근을 통해 치료제 시장의 패러다임을 확장하려는 시도로 해석할 수 있답니다. 💡
이러한 국내 제약사들의 움직임은 앞으로 비만 치료제 시장이 더욱 세분화되고, 환자 개개인의 특성에 맞는 맞춤형 치료 옵션이 확대될 가능성을 시사해요. 또한, 글로벌 시장에서의 경쟁력 확보와 더불어 국내 의료 환경 및 환자들의 접근성을 높이는 데 기여할 것으로 기대되므로, 관련 기술 개발 동향과 임상 결과 발표에 주목할 필요가 있습니다. 🔬
다만, 이러한 새로운 치료제들이 기존 약물 대비 얼마나 우수한 효과와 안전성을 입증할 수 있을지, 그리고 안정적인 공급망 구축 및 가격 경쟁력 확보가 성공의 관건이 될 것으로 보여요. 또한, 각 기업이 제시하는 새로운 기전들이 실제 임상 현장에서 얼마나 효과적으로 적용될 수 있을지에 대한 지속적인 검증이 필요할 것입니다. 🤔",local,10,노보노디스크,,,0.9470104999448188,,10.0,9.470104999448187,4.545454545454545,7.500244817850731,True
2026-07-30,BD,2026-07-30 09:40:00,Naver News,http://www.press9.kr/news/articleView.html?idxno=80310,"[Generic Trend]SK플라즈마 레볼레이드 제네릭, 내달 본격 경쟁 돌입","SK플라즈마가 노바티스의 면역성 혈소판감소증 치료제 '레볼레이드(성분명 엘트롬보팍올라민)'의 제네릭 시장에 본격적으로 뛰어든다.보건복지부 '약제 급여 목록 및 급여 상한금액표' 일부개정고시에 따르면 오는 8월 1일부터 SK플라즈마의 레볼레이드 제네릭 '레볼팍정' 2개 품목에 대해 보험급여가 적용된다.오리지널인 레볼레이드는 혈소판 생성을 촉진하는 TPO(혈소판 생성 인자) 수용체 작용제로, 혈소판을 만드는 혈소판전구세포의 활성을 증가시켜 혈소판 수를 올리는 기전의 약물이다. 국내에서는 2010년 허가를 받았다.SK플라즈.","[프레스나인] SK플라즈마가 노바티스의 면역성 혈소판감소증 치료제 '레볼레이드(성분명 엘트롬보팍올라민)'의 제네릭 시장에 본격적으로 뛰어든다.보건복지부 '약제 급여 목록 및 급여 상한금액표' 일부개정고시에 따르면 오는 8월 1일부터 SK플라즈마의 레볼레이드 제네릭 '레볼팍정' 2개 품목에 대해 보험급여가 적용된다.오리지널인 레볼레이드는 혈소판 생성을 촉진하는 TPO(혈소판 생성 인자) 수용체 작용제로, 혈소판을 만드는 혈소판전구세포의 활성을 증가시켜 혈소판 수를 올리는 기전의 약물이다. 국내에서는 2010년 허가를 받았다.SK플라즈",local,10,노바티스,,,0.9423297750444907,,10.0,9.423297750444906,4.545454545454545,7.472160468448762,True
2026-07-30,BD,2026-07-31 05:50:00,Naver News,https://www.bosa.co.kr/news/articleView.html?idxno=3009396,"8월 약가 인하 폭풍 전야…의료기기 업계, ‘남 일 아니다’ 긴장 고조 - 의학신문","오는 8월부터 시행되는 대규모 기등재 의약품 약가 인하 조치를 앞두고 제약업계의 시름이 깊어지는 가운데, 의료기기 산업 역시 연.","[의학신문·일간보사=오인규 기자] 오는 8월부터 시행되는 대규모 기등재 의약품 약가 인하 조치를 앞두고 제약업계의 시름이 깊어지는 가운데, 의료기기 산업 역시 연",local,10,파트너십,,,0.941147580699574,,10.0,9.41147580699574,4.545454545454545,7.465067302379262,True
2026-07-30,Client,2026-07-30 07:01:00,Naver News,https://www.sedaily.com/article/20073386?ref=naver,마운자로와 신규 처방 ‘20배’ 벌어진 위고비…가격 또 낮출까,국내 비만 치료제 시장에서 노보노디스크의 ‘위고비’가 일라이릴리의 ‘마운자로’에 사실상 주도권을 내준 것으로 나타났다. 글루카곤유사펩타이드(GLP)-1 계열 비만약의 판세가 마운자로로 완전히 기울어진 가운데 첫 국산 신약의 연내 출시가 예상되면서 수세에 몰린 위고비의.,국내 비만 치료제 시장에서 노보노디스크의 ‘위고비’가 일라이릴리의 ‘마운자로’에 사실상 주도권을 내준 것으로 나타났다. 글루카곤유사펩타이드(GLP)-1 계열 비만약의 판세가 마운자로로 완전히 기울어진 가운데 첫 국산 신약의 연내 출시가 예상되면서 수세에 몰린 위고비의,local,10,노보노디스크,,,0.9376895028640598,,10.0,9.376895028640599,4.545454545454545,7.444318835366177,False
2026-07-30,Product Approval,2026-07-31 06:02:00,Naver News,http://www.hansbiz.co.kr/news/articleView.html?idxno=853444,"보령·대웅·일동, 복합제 맞붙었다…2.7조 시장 공략전","올해 상반기 보령·대웅·일동제약이 저용량 복합 지질강하제를 잇달아 출시하며 시장 공략에 나섰다. 31일 제약업계에 따르면 올해 상반기 보령은 ‘카나브젯’ 대웅제약은 ‘바로에젯’ 일동제약은 ‘피타큐젯’ 등 세 개의 지질강하제 신제품이 연이어 출시했다. 지질강하제는 혈액 속 콜레스테롤과 중성지방 수치를 낮추는 약물이다. 대표적인 성분으로는 스타틴, 에제티미브, 피브레이트 등이 있으며 최근에는 스타틴과 에제티미브를 결합한 복합제가 시장 성장을 주도하고 있다.지난 4월 대웅제약은 이상지질혈증 복합제 ‘바로.","| 서울=한스경제 허승아 기자 | 올해 상반기 보령·대웅·일동제약이 저용량 복합 지질강하제를 잇달아 출시하며 시장 공략에 나섰다. 31일 제약업계에 따르면 올해 상반기 보령은 ‘카나브젯’ 대웅제약은 ‘바로에젯’ 일동제약은 ‘피타큐젯’ 등 세 개의 지질강하제 신제품이 연이어 출시했다. 지질강하제는 혈액 속 콜레스테롤과 중성지방 수치를 낮추는 약물이다. 대표적인 성분으로는 스타틴, 에제티미브, 피브레이트 등이 있으며 최근에는 스타틴과 에제티미브를 결합한 복합제가 시장 성장을 주도하고 있다.지난 4월 대웅제약은 이상지질혈증 복합제 ‘바로",local,2,출시,,,0.9376585294542041,,10.0,9.376585294542041,4.545454545454545,7.444132994907043,False
2026-07-30,Client,2026-07-28 13:08:00,Naver News,http://www.whitepaper.co.kr/news/articleView.html?idxno=265048,"8월 약가 인하 앞둔 제약사들, '혁신형' 인증으로 '약가 사수' 총력전","오는 8월 1일부터 전면 시행되는 복제약(제네릭)의 약가 가산제도 개편을 앞두고 매출 대비 연구개발(R&D) 비중을 기준으로 한 ‘혁신형 제약기업 인증’에 제약사들이 총력을 기울이고 있다.2012년부터 도입된 혁신형 제약기업 인증제는 14년 만에 개편된다. 혁신형과 준혁신형, 일반 총 세 그룹으로 나뉘며 매출 1000억 원 이상 기업의 R&D 비중은 매출액의 5%에서 7%로, 1000억 원 미만 기업은 기존 '연 50억 원 또는 매출액 7%' 기준에서 9%로 각각 강화된다.","[화이트페이퍼=김성지 기자]오는 8월 1일부터 전면 시행되는 복제약(제네릭)의 약가 가산제도 개편을 앞두고 매출 대비 연구개발(R&D) 비중을 기준으로 한 ‘혁신형 제약기업 인증’에 제약사들이 총력을 기울이고 있다.2012년부터 도입된 혁신형 제약기업 인증제는 14년 만에 개편된다. 혁신형과 준혁신형, 일반 총 세 그룹으로 나뉘며 매출 1000억 원 이상 기업의 R&D 비중은 매출액의 5%에서 7%로, 1000억 원 미만 기업은 기존 &#39;연 50억 원 또는 매출액 7%&#39; 기준에서 9%로 각각 강화된다. 또 최근 5년 이",local,10,현대약품,,,0.9376104493968096,,10.0,9.376104493968096,4.545454545454545,7.443844514562676,True
2026-07-30,Client,2026-07-27 12:44:00,Naver News,http://www.medisobizanews.com/news/articleView.html?idxno=140533,‘GIFT’는 다국적사 위한 선물 … 희귀ㆍ중증치료제 시장 ‘싹쓸이’,"국내 희귀ㆍ중증질환 치료제 허가 시장에서 다국적 제약사들의 쏠림 현상이 갈수록 심화하고 있다. 정부가 글로벌 신약의 신속한 국내 도입을 위해 마련한 글로벌 혁신제품 신속심사 'GIFT' 대상 품목을 다국적 제약사들이 독식하면서 국내 제약ㆍ바이오 산업의 R&D 현주소가 적나라하게 드러났다는 지적이 나온다.26일 식품의약품안전처에 따르면, 올해 들어 7월 26일까지 GIFT 지정 제도를 통과한 총 12건의 혁신 의약품이 모두 다국적 제약사가 국내에 도입하려는 신약인 것으로 나타났다. 국내 제약사가 자체 개발해 지정받은 품목은 단 한 건.","국내 희귀ㆍ중증질환 치료제 허가 시장에서 다국적 제약사들의 쏠림 현상이 갈수록 심화하고 있다. 정부가 글로벌 신약의 신속한 국내 도입을 위해 마련한 글로벌 혁신제품 신속심사 'GIFT' 대상 품목을 다국적 제약사들이 독식하면서 국내 제약ㆍ바이오 산업의 R&D 현주소가 적나라하게 드러났다는 지적이 나온다.26일 식품의약품안전처에 따르면, 올해 들어 7월 26일까지 GIFT 지정 제도를 통과한 총 12건의 혁신 의약품이 모두 다국적 제약사가 국내에 도입하려는 신약인 것으로 나타났다. 국내 제약사가 자체 개발해 지정받은 품목은 단 한 건",local,10,입센,,,0.9277973773962825,,10.0,9.277973773962826,4.545454545454545,7.384966082559513,True
2026-07-30,Distribution,2026-07-30 06:02:00,Naver News,https://www.dailypharm.com/user/news/340952?REFERER=NP,[데일리팜]주요 다국적사 '스테디셀러' 품목 이관…DKSH 선택 배경은,"주요 외국계 제약사들이 특허 만료 이후에도 안정적인 처방 기반을 유지하는 스테디셀러 품목의 영업과 마케팅을 외부 전문기업에 맡기는 사례가 늘고 있다. 단순히 제품 판매권만 넘기는 데 그치지 않고 관련 조직과 인력을 함께 재편하는 움직임도 나타나고 있다. 항암제와 희귀질환 치료제, 세포·유전자치료제 등 차세대 성장 분야에 자체 역량을 집중하고 기존 브랜드는 전문 파트너….","주요 외국계 제약사들이 특허 만료 이후에도 안정적인 처방 기반을 유지하는 스테디셀러 품목의 영업과 마케팅을 외부 전문기업에 맡기는 사례가 늘고 있다. 단순히 제품 판매권만 넘기는 데 그치지 않고 관련 조직과 인력을 함께 재편하는 움직임도 나타나고 있다. 항암제와 희귀질환 치료제, 세포·유전자치료제 등 차세대 성장 분야에 자체 역량을 집중하고 기존 브랜드는 전문 파트너…",local,10,DKSH,,,0.8259726107807096,,13.0,8.259726107807095,5.909090909090909,7.319472028320622,False
2026-07-30,Supply Issues,2026-07-28 12:00:00,Naver News,https://www.m-i.kr/news/articleView.html?idxno=1395621,'대웅제약 거점도매' 나비효과 예고… 약가인하가 초래한 제약∙유통 분쟁,"매일일보 = 이용 기자 | 대웅제약의 '블록형 거점도매' 정책을 둘러싼 제약사와 의약품유통업계의 갈등이 가열되고 있다. 다만 이번 사태 내막엔 약가인하 정책에 따른 제약사의 수익 악화 대응이 자리한 만큼, 정부가 민간 기업 간 이해충돌 원인을 제공해 업계 생태를 뒤흔든단 비판을 피하기 어려울 전망이다.28일 제약업계에 따르면, 공정거래위원회가 ""대웅제약의 거점도매 정책에 불공정거래 소지가 있다""는 한국의약품유통협회 민원을 종결 처리하면서, 제약업계 유통 효율화 전략에 사실상 힘이 실리게 됐다. 다만 의약품유통업계는 특정 도매상 중심.","매일일보 = 이용 기자 | 대웅제약의 '블록형 거점도매' 정책을 둘러싼 제약사와 의약품유통업계의 갈등이 가열되고 있다. 다만 이번 사태 내막엔 약가인하 정책에 따른 제약사의 수익 악화 대응이 자리한 만큼, 정부가 민간 기업 간 이해충돌 원인을 제공해 업계 생태를 뒤흔든단 비판을 피하기 어려울 전망이다.28일 제약업계에 따르면, 공정거래위원회가 ""대웅제약의 거점도매 정책에 불공정거래 소지가 있다""는 한국의약품유통협회 민원을 종결 처리하면서, 제약업계 유통 효율화 전략에 사실상 힘이 실리게 됐다. 다만 의약품유통업계는 특정 도매상 중심",local,2,품귀,,,0.9739626214297847,,8.0,9.739626214297846,3.6363636363636367,7.298321183124163,True
2026-07-30,Reimbursement,2026-07-31 06:00:00,Naver News,https://www.bosa.co.kr/news/articleView.html?idxno=3009379,"GLP-1 당뇨병 치료제 급여기준 개정, 심평원 재정영향 분석에 시행 지연 우려 - 의학신문","당뇨병 치료제의 건강보험 급여 일반원칙 개정이 논의되고 있지만, 재정 영향 분석과 추가 약제 기준 검토 과정이 길어지면서 시행.","[의학신문·일간보사=이재원 기자] 당뇨병 치료제의 건강보험 급여 일반원칙 개정이 논의되고 있지만, 재정 영향 분석과 추가 약제 기준 검토 과정이 길어지면서 시행",local,2,약가,,,0.9399385460572861,,9.0,9.39938546057286,4.090909090909091,7.275994912707353,False
2026-07-30,Reimbursement,2026-07-31 06:00:00,Naver News,https://www.bosa.co.kr/news/articleView.html?idxno=3009385,혁신형 제약기업 인증 전 약가인하 직격탄 - 의학신문,혁신형 제약기업 인증을 추진하고 있는 제약사들이 약가인하의 직격탄을 맞게 됐다.보건복지부는 7월 30일 ‘국민건강보험 요양급여의.,[의학신문·일간보사=김정일 기자] 혁신형 제약기업 인증을 추진하고 있는 제약사들이 약가인하의 직격탄을 맞게 됐다.보건복지부는 7월 30일 ‘국민건강보험 요양급여의,local,2,약가,,,0.932661680138651,,9.0,9.32661680138651,4.090909090909091,7.232333717195543,True
2026-07-30,Distribution,2026-07-29 07:13:00,Naver News,https://www.edaily.co.kr/news/newspath.asp?newsid=02581366645519440,"박영규 BRP커넥트 대표 ""의약품 데이터가 무기… 아이큐비아 넘는 토종 플랫폼 키울 것""","국내 제약바이오 산업이 '데이터 경쟁' 시대로 접어들고 있다. 의약품의 처방과 매출, 수급 흐름을 얼마나 빠르고 정밀하게 읽어내느냐가 시장 대응력을 좌우한다.이 흐름의 한복판에 토종 팜테크 기업이 있다. 현직 약사 출신들이 세운 국내 약국 플랫폼 1위 '바로팜' 자회...","국내 제약바이오 산업이 '데이터 경쟁' 시대로 접어들고 있다. 의약품의 처방과 매출, 수급 흐름을 얼마나 빠르고 정밀하게 읽어내느냐가 시장 대응력을 좌우한다.이 흐름의 한복판에 토종 팜테크 기업이 있다. 현직 약사 출신들이 세운 국내 약국 플랫폼 1위 '바로팜' 자회...",local,10,바로팜,,,0.9014248928286529,,10.0,9.014248928286529,4.545454545454545,7.226731175153735,False
2026-07-30,BD,2026-07-28 06:12:00,Naver News,https://www.hitnews.co.kr/news/articleView.html?idxno=77975,"약가유연계약 10품목…이글렉스·베나보, 엔블로와 동일가 적용","내달 1일자로 약가유연계약제를 적용하는 품목의 상한금액이 변동된다. 한올바이오파마와 대웅바이오의 이글렉스정과 베나보정은 대웅제약의 엔블로와 같은 3511원으로 인상된다. 27일 건강보험정책심의위원회 서면심의 결과에 따르면 8월 1일부터 케렌디아, 이글렉스, 베나보, 레파타, 프랄런트, 엑스탄디 등 10개 품목에 약가유연계약제를 적용한다.약가유연계약제는 의약품의 안정적인 공급이 필요한 경우 제약사의 신청을 받아 건강보험공단과 별도합의 상한금액을 정하는 제도다.","내달 1일자로 약가유연계약제를 적용하는 품목의 상한금액이 변동된다. 한올바이오파마와 대웅바이오의 이글렉스정과 베나보정은 대웅제약의 엔블로와 같은 3511원으로 인상된다. 27일 건강보험정책심의위원회 서면심의 결과에 따르면 8월 1일부터 케렌디아, 이글렉스, 베나보, 레파타, 프랄런트, 엑스탄디 등 10개 품목에 약가유연계약제를 적용한다.약가유연계약제는 의약품의 안정적인 공급이 필요한 경우 제약사의 신청을 받아 건강보험공단과 별도합의 상한금액을 정하는 제도다. 약제급여목록표에 고시되는 상한금액과는 별도로 실제 거래에 적용되는 약가를",local,10,바이엘,,,0.9004750949090009,,10.0,9.00475094909001,4.545454545454545,7.221032387635824,True
2026-07-30,Client,2026-07-30 07:27:00,Naver News,https://imnews.imbc.com/replay/2026/nwtoday/article/6841129_37012.html,[와글와글 플러스] '마운자로' 처방 150만 건 돌파‥10대까지,와글와글 플러스입니다. 요즘 살 빼는 약으로 관심이 아주 뜨겁죠. 비만 치료제 '마운자로'가 국내 출시 뒤 10개월 만에 처방 150만 건을 훌쩍 넘겼는데요. 젊은 층은 물론이고 ...,와글와글 플러스입니다. 요즘 살 빼는 약으로 관심이 아주 뜨겁죠. 비만 치료제 '마운자로'가 국내 출시 뒤 10개월 만에 처방 150만 건을 훌쩍 넘겼는데요. 젊은 층은 물론이고 ...,local,10,마운자로,,,0.9004707701883167,,10.0,9.004707701883166,4.545454545454545,7.221006439311718,False
2026-07-30,BD,2026-07-30 17:56:00,Naver News,http://www.srtimes.kr/news/articleView.html?idxno=208735,약가제도 개편 ‘코앞’…중소 제약사 부담 커지는 까닭은,약가 인하·규제 강화 속 “산업 본연 역할 약화 우려”건기식·화장품 등 수익원 다변화…R&D 위축 가능성도[SRT(에스알 타임스) 최진욱 기자] 정부가 제네릭 의약품의 품질 경쟁 유도와 동일 성분 의약품의 난립을 개선하기 위해 추진한 약가제도 개편이 오는 8월 시행을 앞두고 있다.,약가 인하·규제 강화 속 “산업 본연 역할 약화 우려”건기식·화장품 등 수익원 다변화…R&D 위축 가능성도[SRT(에스알 타임스) 최진욱 기자] 정부가 제네릭 의약품의 품질 경쟁 유도와 동일 성분 의약품의 난립을 개선하기 위해 추진한 약가제도 개편이 오는 8월 시행을 앞두고 있다. 그,local,10,CSO,,,0.9845758290841747,,7.0,9.845758290841747,3.1818181818181817,7.18018224723232,True
2026-07-30,BD,2026-07-31 06:01:00,Naver News,https://www.newsis.com/view/NISX20260730_0003730512,필수약 또 중단?…8월 약가인하 앞두고 수급불안↑,"정부가 8월 약가개편안 시행을 앞두고 있는 가운데, 안정적인 의약품 공급을 위해 마련한 퇴장방지의약품 및 필수의약품 가산트랙이 산업계의 현실을 반영하지 못하고 있다는 지적이 나온다.31일 관련 업계에 따르면, 이번 약가인하 개편에 따라 필수·퇴장방지의약품 수급불안이 가중될 것이란 우려가 커지고 있다.필수의약품이란 환자 치료에 ..","[서울=뉴시스]황재희 기자 = 정부가 8월 약가개편안 시행을 앞두고 있는 가운데, 안정적인 의약품 공급을 위해 마련한 퇴장방지의약품 및 필수의약품 가산트랙이 산업계의 현실을 반영하지 못하고 있다는 지적이 나온다.31일 관련 업계에 따르면, 이번 약가인하 개편에 따라 필수·퇴장방지의약품 수급불안이 가중될 것이란 우려가 커지고 있다.필수의약품이란 환자 치료에 ..",local,10,제네릭,,,0.9811304142360315,,7.0,9.811304142360315,3.1818181818181817,7.159509758143462,True
2026-07-30,BD,2026-07-31 06:22:00,Naver News,https://www.dnews.co.kr/uhtml/view.jsp?idxno=202607301611130920254,"전통 제약 ‘빅5’ 2분기, 유한ㆍ한미ㆍ대웅 ‘날고’…GC녹십자ㆍ종근당 ’주춤’","유한양행 렉라자 마일스톤, 대웅제약 나보타 수출, 한미약품 릴리 계약금이 실적 견인 종근당 도입품목 원가 부담에 영업익 역성장, GC녹십자 백신 매출 이연으로 외형 축소 국내 주요 제약사 ‘빅5’의 올해 2분기 실적 윤곽이 드러나면서 기업별 명암이 극명하게 갈리고 있다. 유한양행과 대웅제약, 한미약품은 신약 마일스톤 유입과 해외 수출 호조에 힘입어 매출과 영업이익이 모두 두 자릿수 이상의 호실적을 거둔 반면, 종근당과 GC녹십자는 원가율 상승과 매출 이연 여파로 상대적으로 주춤한 성적표를 받을 전망이다. 30일 유한양행은 2분기 연결 기준 매출 6140억원, 영업이익 614억원을 기록하며 각각 전년 동기 대비 10.4%, 34.7% 증가했다고 밝혔다.","유한양행 렉라자 마일스톤, 대웅제약 나보타 수출, 한미약품 릴리 계약금이 실적 견인
종근당 도입품목 원가 부담에 영업익 역성장, GC녹십자 백신 매출 이연으로 외형 축소
[대한경제=김호윤 기자] 국내 주요 제약사 ‘빅5’의 올해 2분기 실적 윤곽이 드러나면서 기업별 명암이 극명하게 갈리고 있다. 유한양행과 대웅제약, 한미약품은 신약 마일스톤 유입과 해외 수출 호조에 힘입어 매출과 영업이익이 모두 두 자릿수 이상의 호실적을 거둔 반면, 종근당과 GC녹십자는 원가율 상승과 매출 이연 여파로 상대적으로 주춤한 성적표를 받을 전망이다.
30일 유한양행은 2분기 연결 기준 매출 6140억원, 영업이익 614억원을 기록하며 각각 전년 동기 대비 10.4%, 34.7% 증가했다고 밝혔다. 실적 상승의 일등 공신은 비소세포폐암 치료제 ‘렉라자’의 유럽 상업화에 따른 마일스톤 3000만 달러(약 449억원) 유입이다. 원가 부담이 적은 라이선스 수익이 폭증한 데다 이상지질혈증 치료제 ‘로수바미브’ 등 전문의약품 처방이 늘면서 상반기 누적 매출 1조1236억원을 달성했다.
대웅제약은 보툴리눔 톡신 ‘나보타’의 해외 수출 확대에 힘입어 분기 기준 역대 최대 이익을 달성했다. 2분기 매출은 전년 동기 대비 10% 늘어난 4002억원, 영업이익은 23% 증가한 771억원으로 집계됐다. 나보타의 2분기 매출이 54% 늘어난 941억 원을 기록하며 실적을 이끌었고, 이에 힘입어 나보타는 출시 12년 만에 누적 매출 1조원을 넘어섰다.
한미약품은 빅5 가운데 가장 가파른 성장세를 보였다. 2분기 매출은 전년 동기 대비 29.3% 증가한 4672억원, 영업이익은 116.9% 급증한 1310억원을 기록했다. 주력 복합신약 ‘로수젯’의 매출 성장과 더불어 일라이 릴리로부터 수령한 ‘소네페글루타이드’ 기술이전 계약금 약 1129억원이 대거 반영됐다. 원료의약품 계열사인 한미정밀화학의 영업이익도 76.7% 증가해 실적에 힘을 보탰다.
반면 실적 발표를 앞둔 종근당과 GC녹십자는 아쉬운 성적표가 예상된다. 증권가에 따르면 종근당의 2분기 매출은 비만치료제 ‘위고비’ 판매 효과로 전년 동기 대비 8.42% 증가한 4715억원을 기록할 것으로 보인다. 그러나 위고비와 고덱스, 펙수클루 등 도입 상품 비중이 커져 원가율이 높아지면서 영업이익은 14.77% 감소한 202억원에 그칠 전망이다.
GC녹십자는 빅5 중 유일하게 외형 역성장이 예상된다. 2분기 매출은 전년 동기 대비 17.2% 감소한 4141억원, 영업이익은 0.8% 감소한 45억원으로 추산됐다. 세계보건기구의 유행 균주 교체에 따라 독감백신 국내 시험 일정이 지연돼 매출이 3분기로 밀린 데다, GC녹십자웰빙 매각으로 인한 연결 대상 제외가 매출 감소에 영향을 미쳤다.
김호윤 기자 khy2751@
〈ⓒ 대한경제신문(www.dnews.co.kr), 무단전재 및 수집, 재배포금지〉",local,10,라이선스,,,0.8876280780627734,,10.0,8.876280780627734,4.545454545454545,7.143950286558459,True
2026-07-30,BD,2026-07-30 10:04:00,Naver News,https://www.ilyosisa.co.kr/news/article.html?no=257064,[일요시사] 법적 기준 없는 임신 중지 의약품 ‘미프진’ 딜레마,"최근 이재명 대통령이 ‘미프진’에 대해 “법 개정 전이라도 허용해야 한다”고 말하면서 관련 논의는 물론, 입법 공백 해소에 대해서도 다시 관심이 집중되고 있다. 불법유통 방지와 여성 건강권 보장을 위한 양성화 촉구의 입장과 안전장치와 법적 기준 없는 강행 시 사법적 리스크가 크다는 입장으로 나뉜다. ‘의사 재량’으로 진.","[일요시사 취재1팀] 조유담 기자 = 최근 이재명 대통령이 ‘미프진’에 대해 “법 개정 전이라도 허용해야 한다”고 말하면서 관련 논의는 물론, 입법 공백 해소에 대해서도 다시 관심이 집중되고 있다. 불법유통 방지와 여성 건강권 보장을 위한 양성화 촉구의 입장과 안전장치와 법적 기준 없는 강행 시 사법적 리스크가 크다는 입장으로 나뉜다. ‘의사 재량’으로 진",local,10,판권,,,0.8863031568500567,,10.0,8.863031568500567,4.545454545454545,7.136000759282158,True
2026-07-30,BD,2026-07-28 14:24:00,Naver News,http://www.press9.kr/news/articleView.html?idxno=80171,[Generic Trend]휴온스 덱스케토프로펜주 허가…공급 중단 숨통 트이나,"휴온스가 비스테로이드성 소염진통제(NSAIDs)인 덱스케토프로펜 주사제의 품목허가를 획득하면서 최근 공급 공백을 겪고 있는 시장에 숨통이 트일 것으로 기대된다. 오리지널 제품인 '케랄주'가 국내 공급을 중단한 이후 대체 의약품 확보가 시급했던 만큼, 퍼스트 제네릭 출시를 통해 의료 현장의 수요를 일부 해소할 수 있을 것으로 보인다.식품의약품안전처는 최근 휴온스의 '휴온스덱스케토프로펜주'를 허가했다. 이번 제품은 국내 최초로 허가된 덱스케토프로펜 주사제 제네릭이다.덱스케토프로펜은 케토프로펜의 활성 이성질체(S-enant.","[프레스나인] 휴온스가 비스테로이드성 소염진통제(NSAIDs)인 덱스케토프로펜 주사제의 품목허가를 획득하면서 최근 공급 공백을 겪고 있는 시장에 숨통이 트일 것으로 기대된다. 오리지널 제품인 '케랄주'가 국내 공급을 중단한 이후 대체 의약품 확보가 시급했던 만큼, 퍼스트 제네릭 출시를 통해 의료 현장의 수요를 일부 해소할 수 있을 것으로 보인다.식품의약품안전처는 최근 휴온스의 '휴온스덱스케토프로펜주'를 허가했다. 이번 제품은 국내 최초로 허가된 덱스케토프로펜 주사제 제네릭이다.덱스케토프로펜은 케토프로펜의 활성 이성질체(S-enant",local,10,메나리니,,,0.8860071928596085,,10.0,8.860071928596085,4.545454545454545,7.134224975339469,True
2026-07-30,Client,2026-07-29 06:04:00,Naver News,http://www.newsmp.com/news/articleView.html?idxno=256838,아모프렐ㆍ펠루비서방정ㆍ파모팡오디ㆍ가스터디 급여 상한액 유지,"한미약품의 아모프렐과 대원제약의 펠루비서방정, 한국팜비오의 아모팡오디, 동아에스티의 가스터디의 급여 상한액이 유지된다.한국오츠카제약의 푸설펙스와 파마시이언스의 부설칸 등 부설판 제제 2개 품목의 급여 상한액도 유지된다.제닉스팜의 옵지졸지에스액과 한국원자력의학원의 염화탈륨(TI-201)주사액과 요오드화나트륨(123Ⅰ)액, 요오드화나트륨(123Ⅰ)주사액, 메타요오드벤질구아니딘123Ⅰ주사액 등의 상한액은 인상된다.반면, 급여 범위가 확대되는 로미플레이트(DKSH코리아)와 라베칸정10밀리그램(JW중외제약)의 급여 상한액은 소폭.","[의약뉴스] 한미약품의 아모프렐과 대원제약의 펠루비서방정, 한국팜비오의 아모팡오디, 동아에스티의 가스터디의 급여 상한액이 유지된다.한국오츠카제약의 푸설펙스와 파마시이언스의 부설칸 등 부설판 제제 2개 품목의 급여 상한액도 유지된다.제닉스팜의 옵지졸지에스액과 한국원자력의학원의 염화탈륨(TI-201)주사액과 요오드화나트륨(123Ⅰ)액, 요오드화나트륨(123Ⅰ)주사액, 메타요오드벤질구아니딘123Ⅰ주사액 등의 상한액은 인상된다.반면, 급여 범위가 확대되는 로미플레이트(DKSH코리아)와 라베칸정10밀리그램(JW중외제약)의 급여 상한액은 소폭",local,10,암젠,,,0.8811302723618758,,10.0,8.811302723618757,4.545454545454545,7.104963452353073,True
2026-07-30,Client,2026-07-30 12:04:00,Naver News,https://www.dailypharm.com/user/news/340815?REFERER=NP,"[데일리팜]제약 잇단 참전…더마코스메틱 시장, 성분 넘어 '제품력' 승부","국내 더마코스메틱 시장이 빠르게 성장하면서 경쟁 구도도 크게 달라지고 있다. 과거 국내외 전통 화장품 기업들이 주도했던 시장에 최근 국내 제약사들이 잇따라 뛰어들고 있다. 여기에 글로벌 더마 브랜드와 국내 전문 화장품 기업, 약국을 주력 채널로 삼는 업체들까지 가세하면서 시장은 어느 때보다 치열한 경쟁 국면을 맞았다. 시장 확대의 배경에는 달라진 소비자가 있다.","국내 더마코스메틱 시장이 빠르게 성장하면서 경쟁 구도도 크게 달라지고 있다. 과거 국내외 전통 화장품 기업들이 주도했던 시장에 최근 국내 제약사들이 잇따라 뛰어들고 있다. 여기에 글로벌 더마 브랜드와 국내 전문 화장품 기업, 약국을 주력 채널로 삼는 업체들까지 가세하면서 시장은 어느 때보다 치열한 경쟁 국면을 맞았다. 시장 확대의 배경에는 달라진 소비자가 있다. 과거 소…",local,10,로슈,,,0.9613917015598618,,7.0,9.613917015598618,3.1818181818181817,7.041077482086443,False
2026-07-30,BD,2026-07-29 07:30:00,Naver News,https://news.bizwatch.co.kr/article/healthcare/2026/07/28/0022,소아용 의약품 약가 가산 도입…현실성 따져보니,내달부터 소아용 의약품의 안정적인 공급을 유도하기 위한 '소아용 의약품 약가 가산 제도'가 시행된다. 정부는 소아 필수의약품의 생산 유인을 높여 공급 중단을 막겠다는 취지로 약가를 최대 6...,내달부터 소아용 의약품의 안정적인 공급을 유도하기 위한 &#39;소아용 의약품 약가 가산 제도&#39;가 시행된다.     정부는 소아 필수의약품의 생산 유인을 높여 공급 중단을 막겠다는 취지로 약가를 최대 6...,local,10,특허만료,,,0.8668260067758031,,10.0,8.66826006775803,4.545454545454545,7.019137858836636,False
2026-07-30,Client,2026-07-30 16:01:00,Naver News,https://www.etnews.com/20260730000249,[데스크라인]비만치료제가 다시 그리는 글로벌 산업 지도,미국 일라이 릴리의 마운자로는 1분기 세계에서 가장 많이 팔린 의약품으로 등극했다. 마운자로 1분기 매출은 87억 달러(약 12조6167억원)나 됐다. 마운자로는 국내에서도 출시 10개월 만에 150만건 넘게 처방됐다. 위고비도... ,미국 일라이 릴리의 마운자로는 1분기 세계에서 가장 많이 팔린 의약품으로 등극했다. 마운자로 1분기 매출은 87억 달러(약 12조6167억원)나 됐다. 마운자로는 국내에서도 출시 10개월 만에 150만건 넘게 처방됐다. 위고비도... ,local,10,릴리,,,0.864410843699403,,10.0,8.64410843699403,4.545454545454545,7.004646880378236,False
2026-07-30,BD,2026-07-28 06:12:00,Naver News,https://www.hitnews.co.kr/news/articleView.html?idxno=77968,"""CPLINK가 파는 건 솔루션이 아니라 컴플라이언스(CP) 조직""","대표님 한 마디에 매출을 늘려보려고 의약품 판촉대행(CSO)을 도입했지만, 정작 늘어난 건 관리의무다. CSO와 계약만 하면 될 줄 알았는데, 개별 영업사원들의 교육 현황을 확인하는 것은 물론 지출보고서가 제대로 작성됐는지, 자료는 갖췄는지 일일히 확인해야 하기 때문이다.'N차 벤더’라 불리는 재위탁도 고민거리인데 ①6~7차까지 내려가는 판촉 대행의 수수료 관리와 위법 영업 여부 ②샘플 제공 여부 ③보고대상 실시간 확인까지 복잡한일들이 널려있다.일동그룹 계열 CMJC가 운영하는 제약사 및 CSO 대상 컴플라이언스 관리 솔루션 'CP.","대표님 한 마디에 매출을 늘려보려고 의약품 판촉대행(CSO)을 도입했지만, 정작 늘어난 건 관리의무다. CSO와 계약만 하면 될 줄 알았는데, 개별 영업사원들의 교육 현황을 확인하는 것은 물론 지출보고서가 제대로 작성됐는지, 자료는 갖췄는지 일일히 확인해야 하기 때문이다.'N차 벤더’라 불리는 재위탁도 고민거리인데 ①6~7차까지 내려가는 판촉 대행의 수수료 관리와 위법 영업 여부 ②샘플 제공 여부 ③보고대상 실시간 확인까지 복잡한일들이 널려있다.일동그룹 계열 CMJC가 운영하는 제약사 및 CSO 대상 컴플라이언스 관리 솔루션 'CP",local,10,판촉영업자,,,0.8630996385024038,,10.0,8.630996385024037,4.545454545454545,6.996779649196241,False
2026-07-30,Product Approval,2026-07-31 06:00:00,Naver News,https://www.apsk.co.kr/news/articleView.html?idxno=539992,치매 늦추는 '레켐비' 고속 성장 이면에…고가 치료비 틈타 보험 경쟁 난립 - 메디팜스투데이,초기 알츠하이머병의 진행을 늦추는 신약 '레켐비(성분명 레카네맙)'가 글로벌 매출 성장과 국내 처방 확대를 이어가며 치매 치료제 시장을 빠르게 키우고 있다.,초기 알츠하이머병의 진행을 늦추는 신약 '레켐비(성분명 레카네맙)'가 글로벌 매출 성장과 국내 처방 확대를 이어가며 치매 치료제 시장을 빠르게 키우고 있다. 그러,local,2,출시,,,0.8619788274759029,,10.0,8.61978827475903,4.545454545454545,6.990054783037236,False
2026-07-30,Reimbursement,2026-07-31 06:12:00,Naver News,https://www.hitnews.co.kr/news/articleView.html?idxno=78072,퇴장방지의약품 지원 확대…'사용범위 확대' 정례화서 제외,"정부가 저가 필수의약품의 시장 퇴출을 막기 위해 퇴장방지의약품 지정 문턱을 낮추고, 국가필수의약품의 수시 지정과 원가보전 신청을 허용한다.반면 3월 행정예고안에 함께 담겼던 사용범위 확대 약가 인하 정례화는 최종 고시에서 제외하고, 사용량-약가 연동에 따른 약가 인하만 매년 4월과 10월 정기 시행하기로 했다.보건복지부는 30일 '약제의 결정 및 조정 기준' 일부개정고시를 확정했다.복지부는 앞서 사용량-약가 연동과 함께 사용범위 확대에 따른 약가 인하 시점을 정례화하겠다고 밝혔지만 최종 고시에서는 요양급여기준 제13조 제4항 제1호.","정부가 저가 필수의약품의 시장 퇴출을 막기 위해 퇴장방지의약품 지정 문턱을 낮추고, 국가필수의약품의 수시 지정과 원가보전 신청을 허용한다.반면 3월 행정예고안에 함께 담겼던 사용범위 확대 약가 인하 정례화는 최종 고시에서 제외하고, 사용량-약가 연동에 따른 약가 인하만 매년 4월과 10월 정기 시행하기로 했다.보건복지부는 30일 '약제의 결정 및 조정 기준' 일부개정고시를 확정했다.복지부는 앞서 사용량-약가 연동과 함께 사용범위 확대에 따른 약가 인하 시점을 정례화하겠다고 밝혔지만 최종 고시에서는 요양급여기준 제13조 제4항 제1호",local,2,급여,,,0.8805762693593113,,9.0,8.805762693593113,4.090909090909091,6.919821252519505,False
2026-07-30,Client,2026-07-30 11:56:00,Naver News,https://www.medipana.com/news/articleView.html?idxno=415219,치료목적사용승인 '지각변동'…탈라타맙 지고 3개 품목 떴다 - 메디파나뉴스,올해 치료목적사용승인 상위 품목 구성이 지난해와 크게 달라졌다.지난해에는 폐암 치료제 '탈라타맙'이 승인 기록 대부분을 차지했지만.,[메디파나뉴스 = 민준영 기자] 올해 치료목적사용승인 상위 품목 구성이 지난해와 크게 달라졌다.지난해에는 폐암 치료제 '탈라타맙'이 승인 기록 대부분을 차지했지만,local,10,BMS,,,0.9377624022303546,,7.0,9.377624022303547,3.1818181818181817,6.8993016861094,False
2026-07-30,BD,2026-07-31 06:02:00,Naver News,https://www.dailypharm.com/user/news/341001?REFERER=NP,[데일리팜]제네릭 45% 산정 8월 시행…양도양수 약가 제한 1년 유예,"정부가 의약품 양도양수 시 상한액을 승계하지 못하도록 하는 제도 개편을 내년 8월까지 1년간 유예한다. 다만, 제네릭 산정률 45% 적용과 혁신형·준혁신형 등에 대한 가산 제도 개편은 예정대로 내달 1일 시행한다. 보건복지부는 30일 의견 수렴을 마친 ‘약제의 결정 및 조정 기준 개정’을 고시했다. 지난 5월 13일부터 7월 13일까지 두 달 간 행정예고 기간을 거쳐 일부 내용이 변경됐….","정부가 의약품 양도양수 시 상한액을 승계하지 못하도록 하는 제도 개편을 내년 8월까지 1년간 유예한다. 다만, 제네릭 산정률 45% 적용과 혁신형·준혁신형 등에 대한 가산 제도 개편은 예정대로 내달 1일 시행한다. 보건복지부는 30일 의견 수렴을 마친 ‘약제의 결정 및 조정 기준 개정’을 고시했다. 지난 5월 13일부터 7월 13일까지 두 달 간 행정예고 기간을 거쳐 일부 내용이 변경됐…",local,10,급여,,,0.8396128985313392,,10.0,8.396128985313393,4.545454545454545,6.855859209369854,False
2026-07-30,BD,2026-07-29 15:27:00,Naver News,https://news.tf.co.kr/read/economy/2348362.htm,"8월 약가 인하…""약가우대 확대해야"" 제약사 요구 반영되나? - 경제 | 기사 - 더팩트",원료 직생산 가산에 자회사 포함 미지수약가 인하 연기는 어려울 전망2024년 9월 14일 서울의 한 약국이 환자들로 붐비고 있다. /더팩트DB[더팩트ㅣ이준영 기자] 8월 제네릭 약가 ..,원료 직생산 가산에 자회사 포함 미지수약가 인하 연기는 어려울 전망2024년 9월 14일 서울의 한 약국이 환자들로 붐비고 있다. /더팩트DB[더팩트ㅣ이준영 기자] 8월 제네릭 약가 ..,local,10,특허만료,,,0.9287537325472588,,7.0,9.287537325472588,3.1818181818181817,6.845249668010825,False
2026-07-30,BD,2026-07-31 06:00:00,Naver News,https://www.apsk.co.kr/news/articleView.html?idxno=539982,"[약가개편 준비됐나②] 대규모 약가 칼질에 '필수약' 씨 마를라…개원가 ""처방대란 공포"" - 메디팜스투데이",정부가 8월부터 약가인하를 결정하면서 일선 의료현장에 '필수약 품귀' 우려가 커지고 있다. 건보재정 절감과 제약산업 체질 개선이라는 명분 아래 정책이 강행되면서.,정부가 8월부터 약가인하를 결정하면서 일선 의료현장에 '필수약 품귀' 우려가 커지고 있다. 건보재정 절감과 제약산업 체질 개선이라는 명분 아래 정책이 강행되면서,local,10,제네릭,,,0.9166422612429769,,7.0,9.166422612429768,3.1818181818181817,6.7725808401851335,False
2026-07-30,BD,2026-07-30 09:54:00,Naver News,https://www.sisajournal-e.com/news/articleView.html?idxno=422763,"[단독] HLB제약, CSO 수수료 1% 인하···타 제약사 확대 여부 주목 - 시사저널e",HLB제약이 CSO(영업대행사)에 영업을 위탁한 100여개 품목 수수료를 1% 인하키로 했다. 이같은 CSO 수수료 인하는 매출.,[시사저널e=이상구 의약전문기자] HLB제약이 CSO(영업대행사)에 영업을 위탁한 100여개 품목 수수료를 1% 인하키로 했다. 이같은 CSO 수수료 인하는 매출,local,10,CSO,,,0.9128267434417349,,7.0,9.12826743441735,3.1818181818181817,6.749687733377682,False
2026-07-30,Client,2026-07-30 09:35:00,Naver News,https://biz.chosun.com/science-chosun/bio/2026/07/30/3RABK3LLMRE5ZGJXOJYHHFJ46Y/?utm_source=naver&utm_medium=original&utm_campaign=biz,"“치매 진행 늦춘다” 레켐비, 글로벌 분기 매출 27% 증가","치매 진행 늦춘다 레켐비, 글로벌 분기 매출 27% 증가 세계 첫 알츠하이머병 진행 지연 신약 분기 매출 293억엔약 2600억원美 매출 69%↑ SC 제형 승인으로 처방 확대 기대.","치매 진행 늦춘다 레켐비, 글로벌 분기 매출 27% 증가 세계 첫 알츠하이머병 진행 지연 신약 분기 매출 293억엔약 2600억원美 매출 69%↑ SC 제형 승인으로 처방 확대 기대",local,10,바이오젠,,,0.8957241952840588,,7.0,8.957241952840588,3.1818181818181817,6.647072444431625,False
2026-07-30,Distribution,2026-07-30 12:16:00,Naver News,https://www.medipana.com/news/articleView.html?idxno=415259,"비알피커넥트, ‘BRP 클라우드서비스’ 고도화…제약사 통합 운영관리 - 메디파나뉴스","제약업계 디지털 환경이 데이터 기반 통합 운영관리 체계로 진화하고 있다. 주문·결제 데이터는 물론 영업 실적과 거래처 관리, 매출 데이터 등을 하나의 시스템으로.","제약업계 디지털 환경이 데이터 기반 통합 운영관리 체계로 진화하고 있다. 주문·결제 데이터는 물론 영업 실적과 거래처 관리, 매출 데이터 등을 하나의 시스템으로",local,10,바로팜,,,0.7999750382410997,,10.0,7.999750382410998,4.545454545454545,6.618032047628417,False
2026-07-30,BD,2026-07-28 12:02:00,Naver News,https://new.dailypharm.com/user/news/340895?REFERER=NP,"[데일리팜]오가논, 아토젯·바이토린 단독 판매…종근당과 협업 마침표",한국오가논과 종근당이 이상지질혈증 치료제 아토젯과 바이토린의 공동 프로모션 계약을 종료한다. 28일 제약업계에 따르면 한국오가논은 최근 사내 공지를 통해 종근당과의 사업 전략 협의를 거쳐 오는 7월 31일 자로 아토젯‧바이토린에 대한 공동 프로모션 계약을 종료하기로 결정했다. 이에 따라 내달 1일부터는 한국오가논이 두 제품의 유통·영업·마케팅 활동을 전담할 예정이다.,한국오가논과 종근당이 이상지질혈증 치료제 아토젯과 바이토린의 공동 프로모션 계약을 종료한다. 28일 제약업계에 따르면 한국오가논은 최근 사내 공지를 통해 종근당과의 사업 전략 협의를 거쳐 오는 7월 31일 자로 아토젯‧바이토린에 대한 공동 프로모션 계약을 종료하기로 결정했다. 이에 따라 내달 1일부터는 한국오가논이 두 제품의 유통·영업·마케팅 활동을 전담할 예정이다. 아…,local,10,오가논,,,0.797515815783723,,10.0,7.97515815783723,4.545454545454545,6.603276712884156,False
2026-07-30,Distribution,2026-07-29 10:08:00,Naver News,https://www.klnews.co.kr/news/articleView.html?idxno=322091,"블루엠텍, 2분기 영업이 1.8억으로 흑자전환","의약품 유통 플랫폼 블루엠텍은 2분기 실적 잠정공시를 통해 연결기준 매출액 549억 원과 영업이익 1억 8,000만 원을 기록했다고 밝혔다. 2026년 2분기 연결 매출액 549억 원은 전년 동기(457억원) 대비 20.3% 증가한 것이며, 같은 기간 영업손익은 전년 동기 8억 원 손실에서 1억 8,000만 원 흑자로 전환됐다. 전분기 7억 3,000만 원의 영업손실과 비교해서도 흑자전환을 달성했다.2026년 상반기 누적 연결 매출액은 990억 원으로 전년 동기 798억 원 대비 24.0% 증가했다.","의약품 유통 플랫폼 블루엠텍은 2분기 실적 잠정공시를 통해 연결기준 매출액 549억 원과 영업이익 1억 8,000만 원을 기록했다고 밝혔다. 2026년 2분기 연결 매출액 549억 원은 전년 동기(457억원) 대비 20.3% 증가한 것이며, 같은 기간 영업손익은 전년 동기 8억 원 손실에서 1억 8,000만 원 흑자로 전환됐다. 전분기 7억 3,000만 원의 영업손실과 비교해서도 흑자전환을 달성했다.2026년 상반기 누적 연결 매출액은 990억 원으로 전년 동기 798억 원 대비 24.0% 증가했다. 상반기 영업손실은 5억 6,00",local,10,블루엠텍,,,0.7020244761483698,,13.0,7.020244761483698,5.909090909090909,6.575783220526583,False
2026-07-30,Client,2026-07-30 17:34:00,Naver News,https://www.etoday.co.kr/news/view/2609452,"한독, 2분기 매출 1371억원⋯전문의약품 성장에 흑자전환",한독 CI (사진제공=한독)한독이 전문의약품과 일반의약품 판매 호조에 힘입어 올해 2분기 매출과 영업이익이 모두 성장했다. 신규 도입 항암제와 주.,▲한독 CI (사진제공=한독)한독이 전문의약품과 일반의약품 판매 호조에 힘입어 올해 2분기 매출과 영업이익이 모두 성장했다. 신규 도입 항암제와 주,local,10,항암제,,,0.7893704589122644,,10.0,7.8937045891226445,4.545454545454545,6.554404571655405,False
2026-07-30,Client,2026-07-30 09:59:00,Naver News,https://www.dailian.co.kr/news/view/1672496/?sc=Naver,'살 빼는 주사'에 빠진 10~30대...마운자로 150만건 넘겼다,"'살 빼는 주사'로 불리는 비만 치료제 마운자로가 10~30대를 중심으로 빠르게 확산하면서 출시 10개월 만에 누적 처방 150만 건을 넘어섰다. 특히 10대 처방도 꾸준히 증가하면서 오남용 우려가 커지고 있다.29일 국회 보건복지위원회 소속 한지아 국민의힘 의원이 건강보험심사평가원으로부터 제출받은 의약품안전서비스(DUR) 자료에 따르면, 마운자로는 지난해.","'살 빼는 주사'로 불리는 비만 치료제 마운자로가 10~30대를 중심으로 빠르게 확산하면서 출시 10개월 만에 누적 처방 150만 건을 넘어섰다. 특히 10대 처방도 꾸준히 증가하면서 오남용 우려가 커지고 있다.29일 국회 보건복지위원회 소속 한지아 국민의힘 의원이 건강보험심사평가원으로부터 제출받은 의약품안전서비스(DUR) 자료에 따르면, 마운자로는 지난해",local,10,위고비,,,0.7854978854347714,,10.0,7.8549788543477135,4.545454545454545,6.531169130790446,False
2026-07-30,Product Approval,2026-07-31 06:40:00,Naver News,https://www.ngetnews.com/news/articleView.html?idxno=551996,"종근당, 자체 신약 '지텍'으로 3500억원 위염 치료제 시장 공략",종근당이 천연물 위염 신약 '지텍'의 건강보험 급여 등재에 맞춰 소화기 치료제 시장 공략에 나선다. 연구개발에 착수한 지 14년 만에 시장에 선보이는 자체 신약이다. 기존 소화기 분야 영업망을 활용해 처방을 확대하고 시장 점유율을 끌어올린다는 계획이다.31일 제약업계에 따르면 지난달.,종근당이 천연물 위염 신약 '지텍'의 건강보험 급여 등재에 맞춰 소화기 치료제 시장 공략에 나선다. 연구개발에 착수한 지 14년 만에 시장에 선보이는 자체 신약이다. 기존 소화기 분야 영업망을 활용해 처방을 확대하고 시장 점유율을 끌어올린다는 계획이다.31일 제약업계에 따르면 지난달,local,2,허가,,,0.7213095998806882,,12.0,7.213095998806882,5.454545454545454,6.5096757811023105,False
2026-07-30,BD,2026-07-30 18:48:00,Naver News,https://www.sentv.co.kr/article/view/sentv202607300115,제약사 자사주 ‘지분동맹’ 역풍…현대약품 179억 증발,자사주 소각 의무를 담은 상법 개정안이 지난 2월 국회를 통과해 3월 시행됐습니다. 당시 일부 제약사는 자사주를 없애는 대신 다른 회사 주식과 상호.,자사주 소각 의무를 담은 상법 개정안이 지난 2월 국회를 통과해 3월 시행됐습니다. 당시 일부 제약사는 자사주를 없애는 대신 다른 회사 주식과 상호,local,10,제휴,,,0.8629179386266422,,7.0,8.629179386266422,3.1818181818181817,6.450234904487125,False
2026-07-30,BD,2026-07-31 06:00:00,Naver News,http://www.medisobizanews.com/news/articleView.html?idxno=140776,"제약업계, 약가개편 시름 늘어…추가 약가인하 요인까지",오는 8월 시행되는 정부의 제네릭 약가제도 개편을 앞두고 제약업계 시름이 깊어지고 있다. 정부와 수개월간 협의를 이어오며 다양한 개선안을 건의했지만 대부분 받아들여지지 않은 데다 당초 예상하지 못했던 추가 약가인하 요인까지 확인되면서 업계 전반에 위기감이 확산되고 있다.지난해 말 약가개편안이 공개된 이후 제약업계는 제네릭 중심의 약가인하 정책 자체를 되돌리기 어렵다고 판단하고 손실을 최소화하기 위한 세부 기준 조정을 요구해왔지만 정부는 핵심 요구사항 대부분을 수용하지 않았다. 결국 업계에서는 더 이상 의견을 내도 달라질 것이 없다는.,오는 8월 시행되는 정부의 제네릭 약가제도 개편을 앞두고 제약업계 시름이 깊어지고 있다. 정부와 수개월간 협의를 이어오며 다양한 개선안을 건의했지만 대부분 받아들여지지 않은 데다 당초 예상하지 못했던 추가 약가인하 요인까지 확인되면서 업계 전반에 위기감이 확산되고 있다.지난해 말 약가개편안이 공개된 이후 제약업계는 제네릭 중심의 약가인하 정책 자체를 되돌리기 어렵다고 판단하고 손실을 최소화하기 위한 세부 기준 조정을 요구해왔지만 정부는 핵심 요구사항 대부분을 수용하지 않았다. 결국 업계에서는 더 이상 의견을 내도 달라질 것이 없다는,local,10,제네릭,,,0.8563144240605179,,7.0,8.56314424060518,3.1818181818181817,6.41061381709038,False
2026-07-30,Client,2026-07-30 10:54:00,Naver News,https://www.pinpointnews.co.kr/news/articleView.html?idxno=472881,"한미약품 롤베돈, 3조 美 시장서 반전 노린다",한미약품의 호중구감소증 치료제 '롤베돈(Rolvedon·국내명 롤론티스)'이 미국 사업 주체 변화와 함께 재평가받고 있다. 현지 판매를 담당해온 애서티오(Assertio)가 인도계 글로벌 제약사 자이더스 라이프사이언스(Zydus Lifesciences)에 인수되면서 향후 영업 전략과 시장 확대 여부에 관심이 쏠린다.롤베돈 품은 자이더스…美 공략 새 국면30일 업계에 따르면 인도계 글로벌 제약사 자이더스는 지난달 자회사 자이더스 월드와이드 DMCC를 통해 애서티오 지분 전량을 인수하는 거래를 최종 완료했다. 거래 규모는 약 1억664.,한미약품의 호중구감소증 치료제 '롤베돈(Rolvedon·국내명 롤론티스)'이 미국 사업 주체 변화와 함께 재평가받고 있다. 현지 판매를 담당해온 애서티오(Assertio)가 인도계 글로벌 제약사 자이더스 라이프사이언스(Zydus Lifesciences)에 인수되면서 향후 영업 전략과 시장 확대 여부에 관심이 쏠린다.롤베돈 품은 자이더스…美 공략 새 국면30일 업계에 따르면 인도계 글로벌 제약사 자이더스는 지난달 자회사 자이더스 월드와이드 DMCC를 통해 애서티오 지분 전량을 인수하는 거래를 최종 완료했다. 거래 규모는 약 1억664,local,10,암젠,,,0.7931039855959245,,9.0,7.931039855959245,4.090909090909091,6.3949875499391835,False
2026-07-30,Reimbursement,2026-07-31 06:36:00,Naver News,https://www.kbmaeil.com/article/20260731500026,"“병원 옮겨도 CT·MRI 다시 안 찍는다”… 정부, QR 영상공유 도입",병원을 옮길 때마다 컴퓨터단층촬영(CT)이나 자기공명영상(MRI)을 다시 찍어야 했던 환자들의 불편이 줄어들 전망이다. 정부가 스마트폰 QR코드를 활용해 의료영상을 병원 간 공유하는 시스템을 도입하기로 했다. 31일 보건복지부의 ‘2026년 하반기 업무계획’에 따르면.,병원을 옮길 때마다 컴퓨터단층촬영(CT)이나 자기공명영상(MRI)을 다시 찍어야 했던 환자들의 불편이 줄어들 전망이다. 정부가 스마트폰 QR코드를 활용해 의료영상을 병원 간 공유하는 시스템을 도입하기로 했다. 31일 보건복지부의 ‘2026년 하반기 업무계획’에 따르면,local,2,급여,,,0.7922658729652847,,9.0,7.922658729652847,4.090909090909091,6.389958874155345,False
2026-07-30,Client,2026-07-29 17:34:00,Naver News,https://www.ngetnews.com/news/articleView.html?idxno=551954,"한미약품, 부작용 줄인 비만약 '에페'로 국내 시장 본격 공략",한미약품이 독자 기술로 개발한 국산 1호 비만 치료 신약의 정식 브랜드를 확정하고 연내 상용화를 향한 막바지 전략적 행보에 나섰다. 수입 의약품이 독점해 온 국내 비만 치료제 시장에 한국인의 체질에 맞춘 특화 신약과 안정적인 생산 기반을 앞세워 판도를 단숨에 뒤바꾸겠다는 구상이다.한미.,한미약품이 독자 기술로 개발한 국산 1호 비만 치료 신약의 정식 브랜드를 확정하고 연내 상용화를 향한 막바지 전략적 행보에 나섰다. 수입 의약품이 독점해 온 국내 비만 치료제 시장에 한국인의 체질에 맞춘 특화 신약과 안정적인 생산 기반을 앞세워 판도를 단숨에 뒤바꾸겠다는 구상이다.한미,local,10,사노피,,,0.8515939876567113,,7.0,8.515939876567113,3.1818181818181817,6.382291198667541,False
2026-07-30,Reimbursement,2026-07-31 06:22:00,Naver News,https://www.sedaily.com/article/20074122?ref=naver,10만원짜리 치료가 이번달엔 20만원…도수치료 묶이자 가격 뛴 ‘체외충격파’,도수 치료 비용이 관리급여 적용으로 낮아지자 일부 의료기관이 체외충격파 등 다른 비급여 항목의 가격을 올리는 움직임이 나타나고 있다. 비급여 진료를 억제하기 위한 제도 개편 이후 우회 청구가 확산하는 이른바 ‘풍선효과’가 현실화되고 있다는 지적이다. 31일 금융권에 따.,도수 치료 비용이 관리급여 적용으로 낮아지자 일부 의료기관이 체외충격파 등 다른 비급여 항목의 가격을 올리는 움직임이 나타나고 있다. 비급여 진료를 억제하기 위한 제도 개편 이후 우회 청구가 확산하는 이른바 ‘풍선효과’가 현실화되고 있다는 지적이다. 31일 금융권에 따,local,2,급여,,,0.7902277543086457,,9.0,7.9022775430864565,4.090909090909091,6.37773016221551,False
2026-07-30,Client,2026-07-30 07:07:00,Naver News,https://www.edaily.co.kr/news/newspath.asp?newsid=02630566645519768,대통령 발언마다 들썩이는 현대약품…정책 테마 넘어 실적도 체질 개선가속화,"현대약품(004310)이 이재명 정부의 의약품 정책 발언이 나올 때마다 시장의 주목을 받고 있다. 지난해 말 탈모 치료제 건강보험 적용 검토 지시 당시 주가가 급등한 데 이어, 이번에는 이 대통령이 임신중지약 '미프진'의 적정 투약 필요성 언급 이후 상한가를 기록했다...","현대약품(004310)이 이재명 정부의 의약품 정책 발언이 나올 때마다 시장의 주목을 받고 있다. 지난해 말 탈모 치료제 건강보험 적용 검토 지시 당시 주가가 급등한 데 이어, 이번에는 이 대통령이 임신중지약 '미프진'의 적정 투약 필요성 언급 이후 상한가를 기록했다...",local,10,현대약품,,,0.8506098879679579,,7.0,8.506098879679579,3.1818181818181817,6.376386600535019,False
2026-07-30,BD,2026-07-29 12:56:00,Naver News,https://biz.newdaily.co.kr/site/data/html/2026/07/29/2026072900081.html,"약가개편發 구조조정 시작되나 … 중견·중소제약사, 생존전략 대수술","뉴데일리는 [약가인하가 바꾸는 K-제약 지도]를 통해 새 약가산정체계가 국내 제약산업의 경쟁방식과 성장전략을 어떻게 바꿀지 짚어본다. 제네릭 품목 수를 늘려 외형을 키우던 성장공식이 흔들리는 가운데 연구개발 역량과 기술력, 글로벌 경쟁력이 기업의 성패를 가르는 기준으로 부상하고 있다. 혁신기업 보상체계의 실효성과 중견·중소 제약사의 사업 재편, 산업구조 변화 가능성까지 살펴본다....","뉴데일리는 [약가인하가 바꾸는 K-제약 지도]를 통해 새 약가산정체계가 국내 제약산업의 경쟁방식과 성장전략을 어떻게 바꿀지 짚어본다. 제네릭 품목 수를 늘려 외형을 키우던 성장공식이 흔들리는 가운데 연구개발 역량과 기술력, 글로벌 경쟁력이 기업의 성패를 가르는 기준으로 부상하고 있다. 혁신기업 보상체계의 실효성과 중견·중소 제약사의 사업 재편, 산업구조 변화 가능성까지 살펴본다....",local,10,특허만료,,,0.8494494514319935,,7.0,8.494494514319936,3.1818181818181817,6.369423981319233,False
2026-07-30,BD,2026-07-30 05:50:00,Naver News,https://www.pharmnews.com/news/articleView.html?idxno=305261,한·일 제약바이오 지각변동...M&A·기술수출로 승부수 - 팜뉴스,현재 일본 의약품 시장은 다국적 제약사들이 신약 후기 개발을 주도하고 있다. 이에 맞서 일본 토종제약사들은 대규모 인수합병과 특정 기술에.,[팜뉴스=우정민 기자] 현재 일본 의약품 시장은 다국적 제약사들이 신약 후기 개발을 주도하고 있다. 이에 맞서 일본 토종제약사들은 대규모 인수합병과 특정 기술에,local,10,아스트라제네카,,,0.776719567184048,,9.0,7.76719567184048,4.090909090909091,6.2966810394679245,False
2026-07-30,BD,2026-07-29 08:24:00,Naver News,https://www.medipana.com/news/articleView.html?idxno=415147,"비만약 특허 만료 대비…FDA, 펩타이드 제네릭 개발기준 개편 - 메디파나뉴스",미국 식품의약국(FDA)이 세마글루타이드와 티르제파타이드 등 글로벌 비만·당뇨 치료제를 포함한 펩타이드 의약품의 제네릭 개발 기준을.,[메디파나뉴스= 최봉선 기자] 미국 식품의약국(FDA)이 세마글루타이드와 티르제파타이드 등 글로벌 비만·당뇨 치료제를 포함한 펩타이드 의약품의 제네릭 개발 기준을,local,10,노보노디스크,,,0.92185933551219,,4.0,9.2185933551219,1.8181818181818183,6.258428740345868,False
2026-07-30,Client,2026-07-29 09:46:00,Naver News,https://www.apsk.co.kr/news/articleView.html?idxno=539969,한미약품 이어 동국제약도 참전…간질성 방광염약 시장 경쟁 점화 - 메디팜스투데이,한미약품에 이어 동국제약이 간질성 방광염 치료에 사용되는 희귀의약품을 추가하며 시장 경쟁이 점화될 전망이다. 동국제약은 전립선비대증과 전립선암 치료제에 이어 방광.,한미약품에 이어 동국제약이 간질성 방광염 치료에 사용되는 희귀의약품을 추가하며 시장 경쟁이 점화될 전망이다. 동국제약은 전립선비대증과 전립선암 치료제에 이어 방광,local,10,바이오젠,,,0.819272972734223,,7.0,8.192729727342229,3.1818181818181817,6.18836510913261,False
2026-07-30,Product Approval,2026-07-31 05:58:00,Naver News,https://www.kpanews.co.kr/news/articleView.html?idxno=539537,"8월 약가제 개편, Q&A로 짚어본 제약사 실무 포인트 [1편] - 약사공론","의약품 약가 산정 체계가 오는 8월 1일부터 새 기준으로 전면 개편된다. 계단식 약가제도 개편으로 기본 산정률이 기존 53.55%에서 45%로 하향 조정되며, 동.","의약품 약가 산정 체계가 오는 8월 1일부터 새 기준으로 전면 개편된다. 계단식 약가제도 개편으로 기본 산정률이 기존 53.55%에서 45%로 하향 조정되며, 동",local,2,제형,,,0.7956853044094933,,7.0,7.956853044094933,3.1818181818181817,6.046839099184232,False
2026-07-30,BD,2026-07-30 06:12:00,Naver News,https://www.hitnews.co.kr/news/articleView.html?idxno=78020,"동국제약과 태준제약에 밀리는 바이엘, 조영제 영업 CSO에 맡겨",제약회사들이 컴퓨터 단층촬영(CT)과 자기공명영상(MRI) 촬영을 위한 조영제 영업에 의약품 판촉대행(CSO)을 활용하고 있는 가운데 오리지널 브랜드 품목을 가지고 있는 바이엘코리아가 이 판에 함께 뛰어들었다.업계는 병원 입찰과 직접영업 중심으로 움직이던 조영제 시장에 검진센터 증가 등 좀 더 판을 키우는 쪽의 영업을 하지 않겠냐 분석하고 있다.CSO업계 관계자에 따르면 최근 모 CSO는 자사 소속 영업사원들을 통해 올해 7월부터 바이엘코리아 조영제 품목 판촉 계약 사실을 알리고 영업을 독려하고 있다.이 회사가 판매 품목으로 제시한.,제약회사들이 컴퓨터 단층촬영(CT)과 자기공명영상(MRI) 촬영을 위한 조영제 영업에 의약품 판촉대행(CSO)을 활용하고 있는 가운데 오리지널 브랜드 품목을 가지고 있는 바이엘코리아가 이 판에 함께 뛰어들었다.업계는 병원 입찰과 직접영업 중심으로 움직이던 조영제 시장에 검진센터 증가 등 좀 더 판을 키우는 쪽의 영업을 하지 않겠냐 분석하고 있다.CSO업계 관계자에 따르면 최근 모 CSO는 자사 소속 영업사원들을 통해 올해 7월부터 바이엘코리아 조영제 품목 판촉 계약 사실을 알리고 영업을 독려하고 있다.이 회사가 판매 품목으로 제시한,local,10,바이엘,,,0.6938247828397354,,10.0,6.938247828397354,4.545454545454545,5.98113051522023,False
2026-07-30,Product Approval,2026-07-31 02:16:00,Naver News,https://www.pointdaily.co.kr/news/articleView.html?idxno=313611,"파마·동국제약, 코스메슈티컬 경쟁 '2파전'…주도권 누가 쥘까","국내 제약바이오사인 파마리서치와 동국제약의 국내 코스메슈티컬 시장 주도권 다툼이 본격화될 조짐이다. 브랜드, 제품 라인업 등을 새롭게 선보이며 보다 전문적인 홈케어 제품에 대한 국내외 소비자들의 수요 확보에 적극 나서고 있다. 코스메슈티컬은 화장품과 의약품의 합성어로 일반 화장품보다 기능성, 전문성이 한층 강화된 제품군을 의미한다. 최근 국내 화장품 기업들이 진출을 노리는 분야 중 하나다.","[포인트데일리 송가영 기자] 국내 제약바이오사인 파마리서치와 동국제약의 국내 코스메슈티컬 시장 주도권 다툼이 본격화될 조짐이다. 브랜드, 제품 라인업 등을 새롭게 선보이며 보다 전문적인 홈케어 제품에 대한 국내외 소비자들의 수요 확보에 적극 나서고 있다. 코스메슈티컬은 화장품과 의약품의 합성어로 일반 화장품보다 기능성, 전문성이 한층 강화된 제품군을 의미한다. 최근 국내 화장품 기업들이 진출을 노리는 분야 중 하나다. 최근 국내 코스메슈티컬 시장에서는 파마리서치가 소비자들로부터 관심을 받고 있다. 파마리서치는 자회사 파마리서치메디케",local,2,제형,,,0.7796422968412643,,7.0,7.796422968412643,3.1818181818181817,5.950581053774858,False
2026-07-30,Product Approval,2026-07-31 06:12:00,Naver News,https://www.hitnews.co.kr/news/articleView.html?idxno=78073,수급안정 선도기업 문턱 완화… 국내생산 가산체계 확정,저가 퇴장방지의약품 생산 비중이 높은 기업이 완화된 기준으로 수급안정 선도기업에 포함된다. 국내생산 인정 범위도 '포장 이전의 모든 생산공정'으로 명확히 규정했다.반면 혁신형 제약기업과 준혁신형 제약기업 등에 대한 약가 가산체계는 행정예고안 내용을 그대로 유지했다.30일 보건복지부 '약제의 결정 및 조정 기준' 일부개정고시에 따르면 수급안정 선도기업 인정 기준을 완화했다. 저가 퇴방약 생산기업 인정기준 완화고시에 따르면 저가 퇴장방지의약품 비중이 높은 기업에 대해 기존보다 완화된 기준을 적용하기로 했다.기존에는 퇴장방지의약품의 품목.,저가 퇴장방지의약품 생산 비중이 높은 기업이 완화된 기준으로 수급안정 선도기업에 포함된다. 국내생산 인정 범위도 '포장 이전의 모든 생산공정'으로 명확히 규정했다.반면 혁신형 제약기업과 준혁신형 제약기업 등에 대한 약가 가산체계는 행정예고안 내용을 그대로 유지했다.30일 보건복지부 '약제의 결정 및 조정 기준' 일부개정고시에 따르면 수급안정 선도기업 인정 기준을 완화했다. 저가 퇴방약 생산기업 인정기준 완화고시에 따르면 저가 퇴장방지의약품 비중이 높은 기업에 대해 기존보다 완화된 기준을 적용하기로 했다.기존에는 퇴장방지의약품의 품목,local,2,신약,,,0.7776981278308084,,7.0,7.776981278308083,3.1818181818181817,5.938916039712122,False
2026-07-30,Distribution,2026-07-30 13:24:00,Naver News,https://www.pinpointnews.co.kr/news/articleView.html?idxno=472918,"DKSH코리아, 노바티스와 고혈압 치료제 판매 맞손",DKSH코리아는 헬스케어 사업부가 노바티스와 전략적 파트너십을 체결하고 고혈압 치료제 ‘디오반(Diovan)’과 ‘엑스포지(Exforge)’를 국내 전문의약품 포트폴리오에 추가했다고 30일 밝혔다.이번 협력을 통해 DKSH코리아는 두 제품의 국내 판매와 학술·마케팅 활동을 담당하며 전문의약품 사업 경쟁력을 강화할 계획이다.DKSH코리아는 2024년 2월 고혈압 치료제 ‘아타칸’의 국내 판매를 시작하며 전문의약품 시장에 진출했다. 같은 해 10월에는 쿄와기린과 전략적 파트너십을 체결하며 혈액내과와 신장내과 영역으로 사업 범위를 확대했.,DKSH코리아는 헬스케어 사업부가 노바티스와 전략적 파트너십을 체결하고 고혈압 치료제 ‘디오반(Diovan)’과 ‘엑스포지(Exforge)’를 국내 전문의약품 포트폴리오에 추가했다고 30일 밝혔다.이번 협력을 통해 DKSH코리아는 두 제품의 국내 판매와 학술·마케팅 활동을 담당하며 전문의약품 사업 경쟁력을 강화할 계획이다.DKSH코리아는 2024년 2월 고혈압 치료제 ‘아타칸’의 국내 판매를 시작하며 전문의약품 시장에 진출했다. 같은 해 10월에는 쿄와기린과 전략적 파트너십을 체결하며 혈액내과와 신장내과 영역으로 사업 범위를 확대했,local,10,DKSH,,,0.5891671829639077,,13.0,5.891671829639077,5.909090909090909,5.89863946141981,False
2026-07-30,Client,2026-07-30 12:02:00,Naver News,https://www.dailypharm.com/user/news/340984?REFERER=NP,[데일리팜]레이보우 등 6개사 7품목 공급 중단...내달 DUR 안내,"내달 의약품안전사용서비스(이하 DUR)를 통해 수요 감소와 제형 전환, 단종 등의 이유로 공급을 중단하는 7개 품목에 대한 정보가 추가 제공된다. 7개 품목은 오는 12월과 내년 1월, 6월로 공급 중단 시점이 제각각 다르기 때문에 일정 확인이 필요하다. 30일 심평원에 따르면, 내달 1일자로 DUR을 통해 6개사 7개 품목에 대한 공급중단 정보를 제공할 예정이다.","내달 의약품안전사용서비스(이하 DUR)를 통해 수요 감소와 제형 전환, 단종 등의 이유로 공급을 중단하는 7개 품목에 대한 정보가 추가 제공된다. 7개 품목은 오는 12월과 내년 1월, 6월로 공급 중단 시점이 제각각 다르기 때문에 일정 확인이 필요하다. 30일 심평원에 따르면, 내달 1일자로 DUR을 통해 6개사 7개 품목에 대한 공급중단 정보를 제공할 예정이다. 일동제약의 편두통치료제…",local,10,릴리,,,0.7687287879785408,,7.0,7.6872878797854085,3.1818181818181817,5.885100000598517,False
2026-07-30,BD,2026-07-30 09:42:00,Naver News,https://dealsite.co.kr/articles/166236,"[제약+] 대웅제약, ‘나보타’ 쿠웨이트 진출 外 - 딜사이트",대웅제약은 보툴리눔 톡신 ‘나보타’가 쿠웨이트 진출을 계기로 중동 7개국 출시를 달성했다고 30일 밝혔다. 쿠웨이트는 약 240억원 규모의 보툴리눔 톡신 시장을 보유하고 있으며 프리미엄 제품에 대한 선호도가 뚜렷하게 형성된 하이엔드 시장으로 꼽힌다. 또 의료제품의 온·오프라인 홍보가 활발한 시장 환경으로 글로벌 에스테틱 기업들의 관심이 높은 국가라는 회사.,대웅제약은 보툴리눔 톡신 ‘나보타’가 쿠웨이트 진출을 계기로 중동 7개국 출시를 달성했다고 30일 밝혔다. 쿠웨이트는 약 240억원 규모의 보툴리눔 톡신 시장을 보유하고 있으며 프리미엄 제품에 대한 선호도가 뚜렷하게 형성된 하이엔드 시장으로 꼽힌다. 또 의료제품의 온·오프라인 홍보가 활발한 시장 환경으로 글로벌 에스테틱 기업들의 관심이 높은 국가라는 회사,local,10,콜드체인,,,0.669740438681756,,10.0,6.69740438681756,4.545454545454545,5.836624450272354,False
2026-07-30,BD,2026-07-31 06:00:00,Naver News,https://www.apsk.co.kr/news/articleView.html?idxno=539990,"하나제약, 자디앙듀오 미등재 특허 또 회피…특허분쟁 마무리 수순 - 메디팜스투데이",하나제약이 베링거인겔하임의 SGLT-2 억제제 계열 당뇨병 치료제 '자디앙듀오(성분명 엠파글리플로진·메트포르민)'의 미등재 특허를 추가로 회피하는 데 성공했다.,하나제약이 베링거인겔하임의 SGLT-2 억제제 계열 당뇨병 치료제 '자디앙듀오(성분명 엠파글리플로진·메트포르민)'의 미등재 특허를 추가로 회피하는 데 성공했다.,local,10,제네릭,,,0.7593996175224248,,7.0,7.593996175224248,3.1818181818181817,5.829124977861821,False
2026-07-30,BD,2026-07-31 06:02:00,Naver News,https://www.dailypharm.com/user/news/341007?REFERER=NP,"[데일리팜]계단식 적용 29%x0.85…""제네릭 팔지 말라는 거냐""",제약업계가 개정안이 고시된 개편 약가제도에 박탈감이 커지는 분위기다. 계단식 약가제도와 최고가 요건을 대폭 강화하는 내용이 확정되면서 사실상 후발 제네릭 시장 진입이 원천봉쇄됐다는 우려가 팽배하다. 계단식 약가제도가 적용되는 14번째 제품부터 약가가 폭락하기 때문에 “제네릭 사업을 포기하라”는 압박으로 인식하는 모습이다. 보건복지부는 지난 30일 개편 약가제도를 담은….,제약업계가 개정안이 고시된 개편 약가제도에 박탈감이 커지는 분위기다. 계단식 약가제도와 최고가 요건을 대폭 강화하는 내용이 확정되면서 사실상 후발 제네릭 시장 진입이 원천봉쇄됐다는 우려가 팽배하다. 계단식 약가제도가 적용되는 14번째 제품부터 약가가 폭락하기 때문에 “제네릭 사업을 포기하라”는 압박으로 인식하는 모습이다. 보건복지부는 지난 30일 개편 약가제도를 담은…,local,10,특허만료,,,0.9666357813293655,,0.0,9.666357813293654,0.0,5.799814687976192,False
2026-07-30,Product Approval,2026-07-31 06:34:00,Naver News,http://www.docdocdoc.co.kr/news/articleView.html?idxno=3041380,새로운 인증 잣대 적용…하반기 '혁신형 제약기업' 타이틀 주인공은?,"도입 14년 만에 전면 개편된 '혁신형 제약기업 인증제'를 두고 제약업계의 희비가 엇갈리고 있다. 리베이트 기준 완화 등 규제 문턱은 낮아졌지만, 대폭 상향된 R&D 투자 비율과 외국계 기업 평가 기준을 두고 현장의 기대와 우려가 동시에 터져 나오고 있다. 인증기준에서 불법 금품 제공(리베이트) 기준 완화 등 '당근'도 있지만, 연구개발(R&D) 비용 증가와 같은 '채찍'도 공존하기 때문이다.혁신형 제약기업 인증제는 국가가 제약 산업 육성을 위해 지난 2012년에 도입한 제도다.","도입 14년 만에 전면 개편된 '혁신형 제약기업 인증제'를 두고 제약업계의 희비가 엇갈리고 있다. 리베이트 기준 완화 등 규제 문턱은 낮아졌지만, 대폭 상향된 R&D 투자 비율과 외국계 기업 평가 기준을 두고 현장의 기대와 우려가 동시에 터져 나오고 있다. 인증기준에서 불법 금품 제공(리베이트) 기준 완화 등 '당근'도 있지만, 연구개발(R&D) 비용 증가와 같은 '채찍'도 공존하기 때문이다.혁신형 제약기업 인증제는 국가가 제약 산업 육성을 위해 지난 2012년에 도입한 제도다. 지속적 R&D 투자, 해외시장 진출 역량, 사회적 책",local,2,신약,,,0.6602975861422234,,10.0,6.602975861422235,4.545454545454545,5.779967335035159,False
2026-07-30,Supply Issues,2026-07-30 14:56:00,Naver News,https://www.safetimes.co.kr/news/articleView.html?idxno=244558,'저승사자' 세무조사 대웅제약 리베이트 '의혹' 풀릴까,대웅제약이 보툴리눔 톡신 나보타 성장에 힘입어 실적을 확대하는 가운데 국세청 비정기 세무조사를 받아 리베이트 관련 여부에 시선이 쏠리고 있다.메디톡스와 9년째 이어진 영업비밀 침해 소송 등 법적 분쟁까지 장기화하면서 실적 성장에도 대웅제약이 넘어야 할 산은 적지 않다.30일 세이프타임즈 취재를 종합하면 대웅제약(대표 이창재·박성수)은 서울지방국세청 조사4국의 비정기 세무조사를 받고 있는 것으로 확인됐다.서울지방국세청 조사4국은 비정기·기획 세무조사를 담당하는 조직으로 이른바 '재계의 저승사자'로 불린다.◇ 지급수수료 5년째 1200.,대웅제약이 보툴리눔 톡신 나보타 성장에 힘입어 실적을 확대하는 가운데 국세청 비정기 세무조사를 받아 리베이트 관련 여부에 시선이 쏠리고 있다.메디톡스와 9년째 이어진 영업비밀 침해 소송 등 법적 분쟁까지 장기화하면서 실적 성장에도 대웅제약이 넘어야 할 산은 적지 않다.30일 세이프타임즈 취재를 종합하면 대웅제약(대표 이창재·박성수)은 서울지방국세청 조사4국의 비정기 세무조사를 받고 있는 것으로 확인됐다.서울지방국세청 조사4국은 비정기·기획 세무조사를 담당하는 조직으로 이른바 '재계의 저승사자'로 불린다.◇ 지급수수료 5년째 1200,local,2,품절,,,0.8005651905624802,,5.0,8.005651905624802,2.2727272727272725,5.71248205246579,False
2026-07-30,BD,2026-07-31 07:02:00,Naver News,https://www.thebell.co.kr/free/content/ArticleView.asp?key=202607301219065200108912,"[더벨]엘앤케이바이오, 미국 유통 협상 중단 '신공장 용처' 불투명",엘앤케이바이오메드가 글로벌 의료기기업체와 진행해온 미국 지역 유통계약 협상을 중단했다. 상대방이 최근 특정 업체를 인수하고 미국에서 자체 제품 판매에 주력하기로 한 데 따른 결과다. 미국 예상 물량을 전제로... ,엘앤케이바이오메드가 글로벌 의료기기업체와 진행해온 미국 지역 유통계약 협상을 중단했다. 상대방이 최근 특정 업체를 인수하고 미국에서 자체 제품 판매에 주력하기로 한 데 따른 결과다. 미국 예상 물량을 전제로... ,local,10,유통계약,,,0.5853116330139492,,12.0,5.853116330139492,5.454545454545454,5.693687979901877,False
2026-07-30,Client,2026-07-30 10:44:00,Naver News,http://www.kmedinfo.co.kr/news/articleView.html?idxno=96984,면역항암제 도입·조기검진 확대가 치료 환경 바꿨다,국내 폐암 치료 환경이 지난 10여 년간 조기 진단 확대와 면역항암제 도입 등을 계기로 변화하고 있다. 폐암 발생은 증가했지만 조기 발견 비율과 생존율이 함께 높아지면서 치료 목표도 생존기간 연장을 넘어 장기 생존과 삶의 질 관리로 확대되는 추세다.한국MSD는 항 PD-1 면역항암제.,국내 폐암 치료 환경이 지난 10여 년간 조기 진단 확대와 면역항암제 도입 등을 계기로 변화하고 있다. 폐암 발생은 증가했지만 조기 발견 비율과 생존율이 함께 높아지면서 치료 목표도 생존기간 연장을 넘어 장기 생존과 삶의 질 관리로 확대되는 추세다.한국MSD는 항 PD-1 면역항암제,local,10,MSD,,,0.6411870046472525,,10.0,6.411870046472526,4.545454545454545,5.665303846065333,False
2026-07-30,Client,2026-07-29 05:30:00,Naver News,https://www.medicaltimes.com/Main/News/NewsView.html?ID=1169939&ref=naverpc,[메디칼타임즈] GLP-1 오남용 지정 주춤…규개위서 실효성 다시 따져야,"식품의약품안전처가 위고비·마운자로 등 GLP-1 계열 비만치료제를 '오·남용우려의약품'으로 지정하려는 고시 개정안의 행정예고를 마감했으나, 최종 확정 공고를 내지 못한 채 신중한 태도를 보이고 있다.29일 제약업계와 의료계에 따르면, 식약처는 지난달 위고비(세마글루타이드)와 마운자로(터제파타이드)의 오·남용우려의약품 지정 고시 개정안에 대한 의견수렴 절차를 마쳤으나 한 달이 지난 현재까지도 개정안을 확정 짓지 못하고 있다.행정예고 기간 동안 접수된 임상 현장과 제약업계의 반대 의견에 더해 최근 고시 재검토를 요구하는 청원까지 제기되면서, 국무조정실 규제개혁위원회(이하 규개위) 정식 심사를 통해 안건을 엄격히 검증해야 한다는 목소리가 커지고 있기 때문이다.식약처가 GLP-1 계열 비만치료제(위고비·마운자로)의 '오·남용우려의약품' 지정 고시 개정안 행정예고를 마감했으나, 실효성 논란과 현장 반발 속에 확정 공고를 내지 못하고 신중한 태도를 보이고 있다.의료계와 제약업계 역시 비만 치료제의 무분별한 남용을 막자는 정책 취지 자체에는 동의하는 분위기다. 다만, 새로운 행정 규제를 신설할 때에는 그 수단이 실제 정책 목표 달성에 효과적인지, 치료가 꼭 필요한 환자의 접근성을 침해하지 않는지 '행정규제기본법'에 따른 규제합리화 관점에서 재검토해야 한다는 지적이 나온다.","[메디칼타임즈=문성호 기자]식품의약품안전처가 위고비·마운자로 등 GLP-1 계열 비만치료제를 '오·남용우려의약품'으로 지정하려는 고시 개정안의 행정예고를 마감했으나, 최종 확정 공고를 내지 못한 채 신중한 태도를 보이고 있다.29일 제약업계와 의료계에 따르면, 식약처는 지난달 위고비(세마글루타이드)와 마운자로(터제파타이드)의 오·남용우려의약품 지정 고시 개정안에 대한 의견수렴 절차를 마쳤으나 한 달이 지난 현재까지도 개정안을 확정 짓지 못하고 있다.행정예고 기간 동안 접수된 임상 현장과 제약업계의 반대 의견에 더해 최근 고시 재검토를 요구하는 청원까지 제기되면서, 국무조정실 규제개혁위원회(이하 규개위) 정식 심사를 통해 안건을 엄격히 검증해야 한다는 목소리가 커지고 있기 때문이다.식약처가 GLP-1 계열 비만치료제(위고비·마운자로)의 '오·남용우려의약품' 지정 고시 개정안 행정예고를 마감했으나, 실효성 논란과 현장 반발 속에 확정 공고를 내지 못하고 신중한 태도를 보이고 있다.의료계와 제약업계 역시 비만 치료제의 무분별한 남용을 막자는 정책 취지 자체에는 동의하는 분위기다. 다만, 새로운 행정 규제를 신설할 때에는 그 수단이 실제 정책 목표 달성에 효과적인지, 치료가 꼭 필요한 환자의 접근성을 침해하지 않는지 '행정규제기본법'에 따른 규제합리화 관점에서 재검토해야 한다는 지적이 나온다.",local,10,노보노디스크,,,0.9396992909358983,,0.0,9.396992909358984,0.0,5.63819574561539,False
2026-07-30,Client,2026-07-29 15:40:00,Naver News,http://www.lkp.news/news/articleView.html?idxno=82374,"동아제약, 박카스 성장에 피부외용제 가세…2분기 실적 호조","동아제약이 박카스 사업의 성장과 제품 포트폴리오 다변화에 힘입어 올해 2분기 두 자릿수 실적 성장을 기록했다. 기존 사업의 경쟁력을 유지하면서 제품군별 성장 기반을 넓힌 결과다.◆ 박카스 사업 성장, 2분기 실적 견인동아제약의 올해 2분기 매출은 228.","[리버티코리아포스트=정시윤 기자]동아제약이 박카스 사업의 성장과 제품 포트폴리오 다변화에 힘입어 올해 2분기 두 자릿수 실적 성장을 기록했다. 기존 사업의 경쟁력을 유지하면서 제품군별 성장 기반을 넓힌 결과다.◆ 박카스 사업 성장, 2분기 실적 견인동아제약의 올해 2분기 매출은 228",local,10,오펠라,,,0.719906228338348,,7.0,7.199062283383481,3.1818181818181817,5.592164642757361,False
2026-07-30,Client,2026-07-30 15:16:00,Naver News,https://www.medicopharma.co.kr/news/articleView.html?idxno=68929,"장기지속형 HIV 치료, 청소년까지 확대되나…경구요법 대비 우월성 확인",장기지속형 HIV 치료 전략이 청소년 환자까지 확대될 가능성이 커지고 있다. 장기지속형 HIV 치료제 카베누바(성분명 카보테그라비르·릴피비린)가 청소년 HIV 감염인을 대상으로 한 글로벌 연구에서 매일 복용하는 경구 항레트로바이러스요법보다 우수한 치료 효.,[메디코파마뉴스=이호빈 기자] 장기지속형 HIV 치료 전략이 청소년 환자까지 확대될 가능성이 커지고 있다. 장기지속형 HIV 치료제 카베누바(성분명 카보테그라비르·릴피비린)가 청소년 HIV 감염인을 대상으로 한 글로벌 연구에서 매일 복용하는 경구 항레트로바이러스요법보다 우수한 치료 효,local,10,GSK,,,0.7197968880130529,,7.0,7.197968880130529,3.1818181818181817,5.591508600805589,False
2026-07-30,Client,2026-07-30 06:02:00,Naver News,https://www.yakup.com/news/index.html?mode=view&cat=12&nid=330429,"[약업신문]특허절벽 앞둔 GSK,대규모  비용절감 단행…신약 성장동력자원 집중","GSK가 성숙 제품과 조달, 공급망을 아우르는 대규모 비용구조 개편에 나선다. 향후 3년간 조직 운영을 효율화해 2029년까지 연간 19억파운드(약 25억달러)의 비용을 절감하고, 이를 전문 의약품과 혁신 신약을 비...","GSK가 성숙 제품과 조달, 공급망을 아우르는 대규모 비용구조 개편에 나선다. 향후 3년간 조직 운영을 효율화해 2029년까지 연간 19억파운드(약 25억달러)의 비용을 절감하고, 이를 전문 의약품과 혁신 신약을 비...",local,10,GSK,,,0.718812228360351,,7.0,7.1881222836035095,3.1818181818181817,5.585600642889378,False
2026-07-30,Client,2026-07-27 19:16:00,Naver News,https://www.yakup.com/news/index.html?mode=view&cat=16&nid=330282,[약업신문]‘타이레놀’+나프록센 OTC 복합제 FDA서 승인,켄뷰社는 ‘타이레놀 위드 나프록센’(TYLENOL with Naproxen)이 아세트아미노펜 650mg과 나프록센 나트륨 220mg의 최초이자 유일한 OTC 고정용량 복합제로 FDA의 허가를 취득했다고 24일 공표했다.이에 따라...,켄뷰社는 ‘타이레놀 위드 나프록센’(TYLENOL with Naproxen)이 아세트아미노펜 650mg과 나프록센 나트륨 220mg의 최초이자 유일한 OTC 고정용량 복합제로 FDA의 허가를 취득했다고 24일 공표했다.이에 따라...,local,10,켄뷰,,,0.7163111249465989,,7.0,7.163111249465989,3.1818181818181817,5.5705940224068655,False
2026-07-30,Client,2026-07-30 14:00:00,Naver News,https://www.financialpost.co.kr/news/articleView.html?idxno=268470,비만치료제 건보 적용 검토...'득일까 약일까' 보험업계 촉각,"정부가 비만치료제의 건강보험 적용을 검토하면서 보험업계의 셈법도 복잡해지고 있다. 장기적으로는 비만 합병증 관련 보험금을 줄일 수 있지만, 당장은 실손보험 청구 증가로 손해율 부담이 커질 수 있어서다.30일 관련 업계에 따르면 정은경 보건복지부 장관은 지난 16일 대통령 업무보고에 앞.","정부가 비만치료제의 건강보험 적용을 검토하면서 보험업계의 셈법도 복잡해지고 있다. 장기적으로는 비만 합병증 관련 보험금을 줄일 수 있지만, 당장은 실손보험 청구 증가로 손해율 부담이 커질 수 있어서다.30일 관련 업계에 따르면 정은경 보건복지부 장관은 지난 16일 대통령 업무보고에 앞",local,10,위고비,,,0.7095446909818399,,7.0,7.095446909818399,3.1818181818181817,5.529995418618312,False
2026-07-30,Distribution,2026-07-30 17:40:00,Naver News,https://biz.chosun.com/stock/stock_general/2026/07/30/SWJ5SUIIW5FSFDJEMB4DDD4DZ4/?utm_source=naver&utm_medium=original&utm_campaign=biz,"코람코자산신탁, 수도권 도심형 안양물류센터 매각 추진…매각가 2000억대 중후반 추산","쿠팡이 전체 임대면적의 76.5%를 사용하고 있으며 농심, 지오영, 용마로지스 등도 임차인으로 입주해 있다. 이커머스와 식품, 의약품 물류기업 등으로 임차인 구성이 분산돼 있고, 주요 임차인과 장기 임대차 계약을... ","쿠팡이 전체 임대면적의 76.5%를 사용하고 있으며 농심, 지오영, 용마로지스 등도 임차인으로 입주해 있다. 이커머스와 식품, 의약품 물류기업 등으로 임차인 구성이 분산돼 있고, 주요 임차인과 장기 임대차 계약을... ",local,10,지오영,,,0.4625672119083017,,15.0,4.625672119083017,6.8181818181818175,5.5026759987225375,False
2026-07-30,BD,2026-07-31 07:00:00,Naver News,http://www.the-biz.co.kr/news/articleView.html?idxno=725305,"[THE Biz&CEO] 박성수 대웅제약 사장, '나보타' 글로벌 톡신 결실 - THE Biz(더비즈)",=정윤식 기자] 박성수 대웅제약 대표이사 사장이 글로벌사업을 이끌어온 보툴리눔 톡신 ‘나보타’가 국내 출시 12년 만에 누적 매출 1조원을.,[THE Biz(더비즈)=정윤식 기자] 박성수 대웅제약 대표이사 사장이 글로벌사업을 이끌어온 보툴리눔 톡신 ‘나보타’가 국내 출시 12년 만에 누적 매출 1조원을,local,10,파트너십,,,0.60689459674757,,10.0,6.0689459674757,4.545454545454545,5.459549398667238,False
2026-07-30,Client,2026-07-30 17:24:00,Naver News,http://www.wowtv.co.kr/NewsCenter/News/Read?articleId=A202607300606&t=NN,"유한양행 역대 최대 분기 실적...""렉라자 유럽 상업화""","유한양행은 지난 5월 얀센 바이오테크로부터 마일스톤 449억원을 수령했다. 의약품 사업 부문의 경우, 3,473억 원의 매출을 기록해 전년 동기 대비 6.7% 성장했다. 해외사업 부문은 1,210억 원으로 5.4% 늘었다.","유한양행은 지난 5월 얀센 바이오테크로부터 마일스톤 449억원을 수령했다. 의약품 사업 부문의 경우, 3,473억 원의 매출을 기록해 전년 동기 대비 6.7% 성장했다. 해외사업 부문은 1,210억 원으로 5.4% 늘었다.",local,10,얀센,,,0.6960880786461277,,7.0,6.960880786461276,3.1818181818181817,5.449255744604038,False
2026-07-30,BD,2026-07-31 07:00:00,Naver News,https://www.businesspost.co.kr/BP?command=article_view&num=443545,[Who Is ?] 이한국 코오롱생명과학 대표이사 부사장,로수메가의 라이선스 등 아랍에미레이트 제약회사 아베누스(Avernus)와 비대면 계약을 체결하고... 로수메가의 라이선스 등 계약을 체결한 뒤 기념촬영 하고 있다.  1999~2015년 대웅제약에서 근무했다. 2015... ,로수메가의 라이선스 등 아랍에미레이트 제약회사 아베누스(Avernus)와 비대면 계약을 체결하고... 로수메가의 라이선스 등 계약을 체결한 뒤 기념촬영 하고 있다. <건일제약> 1999~2015년 대웅제약에서 근무했다. 2015... ,local,10,라이선스,,,0.5850142945951102,,10.0,5.850142945951102,4.545454545454545,5.32826758575248,False
2026-07-30,BD,2026-07-30 06:02:00,Naver News,http://www.hansbiz.co.kr/news/articleView.html?idxno=853172,[초고령리포트]③ 시니어 헬스케어 영토 확장하는 제약사,"고령화 사회는 더 이상 미래 문제가 아니다. 우리나라는 65세 이상 인구 비중이 20%를 넘으면서 초고령사회에 진입했다. 고령인구 증가는 의료와 돌봄, 건강보험 재정은 물론 제약바이오 산업의 연구개발 방향까지 변화시킨다. 이번 기획을 통해 초고령사회의 현주소를 진단하고 정부의 정책 방향성과 제약산업의 대응 전략을 살펴본다. [편집자주] 우리나라가 초고령사회에 본격 진입하면서 제약바이오 업계가 시니어 헬스케어 시장 선점 경쟁에 나서고 있다.","고령화 사회는 더 이상 미래 문제가 아니다. 현재 진행형이다. 우리나라는 65세 이상 인구 비중이 20%를 넘으면서 초고령사회에 진입했다. 고령인구 증가는 의료와 돌봄, 건강보험 재정은 물론 제약바이오 산업의 연구개발 방향까지 변화시킨다. 이번 기획을 통해 초고령사회의 현주소를 진단하고 정부의 정책 방향성과 제약산업의 대응 전략을 살펴본다. [편집자주]| 서울=한스경제 허승아 기자 | 우리나라가 초고령사회에 본격 진입하면서 제약바이오 업계가 시니어 헬스케어 시장 선점 경쟁에 나서고 있다. 단순히 의약품과 의료서비스를 제공하는 수준을",local,10,판권,,,0.6418750200763884,,8.0,6.418750200763884,3.6363636363636367,5.305795575003785,False
2026-07-30,Client,2026-07-30 16:30:00,Naver News,http://www.thevaluenews.co.kr/news/view.php?idx=200430,"[현장] ""치료제 있어도 못 쓴다""…PBC 치료 공백 해소 위해 국회·의료계...",[사진=입센코리아]이번 토론회에서 의료계와 환자단체는 기존 치료에 반응하지 않는 PBC 환자들이 건강보험이 적용되는 후속 치료 옵션이 부족해 치료 공백에 놓여 있다며 조기 진단 체계 구축과 신속한 건강보험 급여... ,[사진=입센코리아]이번 토론회에서 의료계와 환자단체는 기존 치료에 반응하지 않는 PBC 환자들이 건강보험이 적용되는 후속 치료 옵션이 부족해 치료 공백에 놓여 있다며 조기 진단 체계 구축과 신속한 건강보험 급여... ,local,10,입센,,,0.5659366827071711,,10.0,5.659366827071711,4.545454545454545,5.213801914424844,False
2026-07-30,Client,2026-07-31 05:58:00,Naver News,https://www.kpanews.co.kr/news/articleView.html?idxno=539500,"릴리, R&D 생산성 세계 1위…5년 만에 16계단 '점프' - 약사공론",글로벌 바이오제약사의 연구개발(R&D) 경쟁력을 평가한 새로운 지표에서 일라이 릴리가 가장 높은 평가를 받았다. 노스텔라(Norstella.,[전의혁의 글로벌팜토픽]글로벌 바이오제약사의 연구개발(R&D) 경쟁력을 평가한 새로운 지표에서 일라이 릴리가 가장 높은 평가를 받았다. 노스텔라(Norstella,local,10,릴리,,,0.6389138510892833,,7.0,6.389138510892833,3.1818181818181817,5.106210379262972,False
2026-07-30,BD,2026-07-29 17:30:00,Naver News,https://weekly.hankooki.com/news/articleView.html?idxno=7176473,셀트리온은 코센틱스·삼성은 스텔라라…건선 바이오시밀러 경쟁 확산,"국내 제약·바이오 기업의 건선 치료제 바이오시밀러 경쟁이 종양괴사인자(TNF)-α 억제제에서 인터루킨(IL) 억제제로 넓어지고 있다. 같은 건선이지만 환자의 치료 이력과 동반 질환 등에 따라 선택하는 약물의 작용 기전이 달라지는 만큼, 기업들도 단일 품목보다 여러 기전을 아우르는 제품군 구축에 나서는 모습이다.경쟁의 출발점은 휴미라(성분명 아달리무맙) 등 TNF-α 억제제였다. 셀트리온의 ‘유플라이마’, 삼성바이오에피스의 ‘하드리마’, LG화학의 ‘젤렌카’가 같은 성분 시장에 들어왔다.","[주간한국 신은주 기자] 국내 제약·바이오 기업의 건선 치료제 바이오시밀러 경쟁이 종양괴사인자(TNF)-α 억제제에서 인터루킨(IL) 억제제로 넓어지고 있다. 같은 건선이지만 환자의 치료 이력과 동반 질환 등에 따라 선택하는 약물의 작용 기전이 달라지는 만큼, 기업들도 단일 품목보다 여러 기전을 아우르는 제품군 구축에 나서는 모습이다.경쟁의 출발점은 휴미라(성분명 아달리무맙) 등 TNF-α 억제제였다. 셀트리온의 ‘유플라이마’, 삼성바이오에피스의 ‘하드리마’, LG화학의 ‘젤렌카’가 같은 성분 시장에 들어왔다. 최근에는 스텔라라와",local,10,오가논,,,0.6326765915148744,,7.0,6.326765915148744,3.1818181818181817,5.068786821816519,False
2026-07-30,Client,2026-07-30 06:00:00,Naver News,https://www.medipana.com/news/articleView.html?idxno=415204,PBC 치료 공백 메울 신약…환자 접근은 '아직' - 메디파나뉴스,할 수 있는 치료는 모두 했지만 간 손상은 계속된다. 새로운 치료제가 국내 허가를 받았고 또 다른 약제도 허가 심사를 밟고 있지만.,[메디파나뉴스 = 박으뜸 기자] 할 수 있는 치료는 모두 했지만 간 손상은 계속된다. 새로운 치료제가 국내 허가를 받았고 또 다른 약제도 허가 심사를 밟고 있지만,local,10,입센,,,0.631931743704918,,7.0,6.31931743704918,3.1818181818181817,5.064317734956781,False
2026-07-30,Product Approval,2026-07-31 05:30:00,Naver News,https://www.monews.co.kr/news/articleView.html?idxno=412922,"新파킨슨병 치료제, 보수적 약가 뚫고 韓시장 진입 움직임 포착 - 메디칼업저버",유독 신약 진입 장벽이 높았던 국내 파킨슨병 치료 영역에 새로운 치료제들이 잇따라 진출 채비에 나서 주목된다. 글로벌제약기업 중 파킨슨치료제 개발에 나선 로슈와.,유독 신약 진입 장벽이 높았던 국내 파킨슨병 치료 영역에 새로운 치료제들이 잇따라 진출 채비에 나서 주목된다. 글로벌제약기업 중 파킨슨치료제 개발에 나선 로슈와,local,2,제형,,,0.8426258419343825,,0.0,8.426258419343824,0.0,5.055755051606295,False
2026-07-30,BD,2026-07-31 06:00:00,Naver News,https://www.ebn.co.kr/news/articleView.html?idxno=1718374,내수 한계 넘는 K제약…해외서 돈 벌고 신약으로 웃는다 - 이비엔(EBN)뉴스센터,국내 제약바이오 기업들이 내수 시장의 과열된 경쟁 구조와 약가 인하 압박 등 제도적 한계를 극복하고 해외 수출 확대와 자체 개발 신약을 앞세워 본격적인 수익성 체.,국내 제약바이오 기업들이 내수 시장의 과열된 경쟁 구조와 약가 인하 압박 등 제도적 한계를 극복하고 해외 수출 확대와 자체 개발 신약을 앞세워 본격적인 수익성 체,local,10,파트너십,,,0.5387875455488852,,10.0,5.387875455488852,4.545454545454545,5.050907091475129,False
2026-07-30,Reimbursement,2026-07-29 06:02:00,Naver News,https://new.dailypharm.com/user/news/340915?REFERER=NP,"[데일리팜]""신약 급여등재 노하우는?""…광장, MA 아카데미 9월 개강","법무법인 광장은 제약업계 약가(MA, Market Access) 실무자를 대상으로 제1기 법무법인 광장 Market Access Academy를 개최한다고 27일 밝혔다. 이번 아카데미는 신약의 보험등재 과정 전반을 체계적으로 이해하고, 실제 사례를 중심으로 실무 역량을 강화할 수 있도록 기획된 교육 프로그램이다. 아카데미는 오는 9월 2일부터 10월 21일까지 매주 수요일, 총 6회 과정으로 진행된다.","법무법인 광장은 제약업계 약가(MA, Market Access) 실무자를 대상으로 제1기 법무법인 광장 Market Access Academy를 개최한다고 27일 밝혔다. 이번 아카데미는 신약의 보험등재 과정 전반을 체계적으로 이해하고, 실제 사례를 중심으로 실무 역량을 강화할 수 있도록 기획된 교육 프로그램이다. 아카데미는 오는 9월 2일부터 10월 21일까지 매주 수요일, 총 6회 과정으로 진행된다. 프…",local,2,보험등재,,,0.5484412449874679,,9.0,5.48441244987468,4.090909090909091,4.927011106288444,False
2026-07-30,Client,2026-07-30 16:12:00,Naver News,https://www.businesspost.co.kr/BP?command=article_view&num=443568,"동성제약 상장폐지 고비 넘겨도 '산 넘어 산', 최용석 염모제 놓고 애경...","최 대표는 한미약품 사업개발팀장과 아스트라제네카 상무, 한국다케다제약 전략·사업개발 전무 등을 거친 사업개발 전문가다. 올해 4월 동성제약 대표에 선임돼 회생절차 이후 사업구조를 재편하고 태광그룹 계열사와... ","최 대표는 한미약품 사업개발팀장과 아스트라제네카 상무, 한국다케다제약 전략·사업개발 전무 등을 거친 사업개발 전문가다. 올해 4월 동성제약 대표에 선임돼 회생절차 이후 사업구조를 재편하고 태광그룹 계열사와... ",local,10,아스트라제네카,,,0.6057561064933417,,7.0,6.057561064933417,3.1818181818181817,4.9072639116873225,False
2026-07-30,Client,2026-07-29 06:02:00,Naver News,https://biz.chosun.com/science-chosun/bio/2026/07/29/ES5WO7G3RNAHHP3R6GN4BUPO2E/?utm_source=naver&utm_medium=original&utm_campaign=biz,"佛 사노피, 27兆 ‘듀피젠트’ 후속 신약 접었다…아토피 치료제 경쟁 재편","佛 사노피, 27兆 듀피젠트 후속 신약 접었다아토피 치료제 경쟁 재편 사노피, 3상서 기존 치료제와 차별성 입증 실패허가 신청 계획 철회   빅파마도 시장성 중시유한양행·지아이 등 후발주자 경쟁력 시험대.","佛 사노피, 27兆 듀피젠트 후속 신약 접었다아토피 치료제 경쟁 재편 사노피, 3상서 기존 치료제와 차별성 입증 실패허가 신청 계획 철회   빅파마도 시장성 중시유한양행·지아이 등 후발주자 경쟁력 시험대",local,10,리제네론,,,0.8068485712023626,,0.0,8.068485712023627,0.0,4.841091427214176,False
2026-07-30,Client,2026-07-28 05:50:00,Naver News,https://www.pharmnews.com/news/articleView.html?idxno=305195,"일본 제약사들, 실적 희비...해외 원천 기술 수출 성과에 명암 - 팜뉴스","일본 주요 제약사들의 2026 사업연도 상반기 및 1분기 실적 발표가 이달 말부터 잇따르는 가운데, 해외 시장을 겨냥한 원천 기술 수출 성.","[팜뉴스=우정민 기자] 일본 주요 제약사들의 2026 사업연도 상반기 및 1분기 실적 발표가 이달 말부터 잇따르는 가운데, 해외 시장을 겨냥한 원천 기술 수출 성",local,10,아스텔라스,,,0.5891725858644801,,7.0,5.891725858644801,3.1818181818181817,4.807762787914153,False
2026-07-30,BD,2026-07-30 21:54:00,Naver News,https://www.geconomy.co.kr/news/article.html?no=322377,"[G.ECONOMY(지이코노미)] “백신 유통도 글로벌 급”… HLB테라퓨틱스, 품질·환경 국제표준 동시 획득",지이코노미 양하영 기자 | 백신과 같은 까다로운 의약품을 운송·보관하는 과정에서도 '세계 최고 수준의 품질과 친환경 관리 체계'를 입증해낸 국내 기업이 있어 주목받고 있다. HLB테라퓨틱스는 전문 인증기관인 한국컴플라이언스인증원으로부터 품질경영시스템(ISO 9001)과 환경경영시스템(ISO 14001) 국제표준 인증을 동시에 취득했다고 30일 밝혔다.,지이코노미 양하영 기자 | 백신과 같은 까다로운 의약품을 운송·보관하는 과정에서도 '세계 최고 수준의 품질과 친환경 관리 체계'를 입증해낸 국내 기업이 있어 주목받고 있다. HLB테라퓨틱스는 전문 인증기관인 한국컴플라이언스인증원으로부터 품질경영시스템(ISO 9001)과 환경경영시스템(ISO 14001) 국제표준 인증을 동시에 취득했다고 30일 밝혔다. ■,local,10,백신,,,0.4953619503856099,,10.0,4.953619503856099,4.545454545454545,4.7903535204954775,False
2026-07-30,Client,2026-07-28 12:52:00,Naver News,https://www.monews.co.kr/news/articleView.html?idxno=412876,"지데이트로, ROS1 폐암 후속 치료제 등판 - 메디칼업저버",GSK의 첫 폐암치료제 지데이트로(성분명 지데삼티닙)가 미국 시장에 진입했다.미국식품의약국(FDA)은 지난 22일 지데이트로를 이전에.,[메디칼업저버 정연주 기자] GSK의 첫 폐암치료제 지데이트로(성분명 지데삼티닙)가 미국 시장에 진입했다.미국식품의약국(FDA)은 지난 22일 지데이트로를 이전에,local,10,BMS,,,0.7826593274374811,,0.0,7.826593274374812,0.0,4.695955964624887,False
2026-07-30,Zuellig,2026-07-28 13:13:00,Naver News,https://health.chosun.com/site/data/html_dir/2026/07/28/2026072801596.html,"[의료산업 이모저모] 미 FDA, 첫 '3중 작용' ADHD 치료제 승인 外","FDA, 첫 '3중 작용' ADHD 치료제 '심트리요' 승인 미국 식품의약국(FDA)이 성인과 소아 주의력결핍 과잉행동장애(ADHD) 치료를 위한 신약 '심트리요(성분명 센타나파딘)'를 승인했다. 심트리요는 노르에피네프린·도파민·세로토닌 재흡수 억제제 계열의 첫 ADHD 치료제로, 하루 한 번 복용하는 서방형 캡슐이다. 이번 허가는 체중 20kg 이상인 6세 이상 소아와 성인을 대상으로 이뤄졌다.","■ FDA, 첫 '3중 작용' ADHD 치료제 '심트리요' 승인
미국 식품의약국(FDA)이 성인과 소아 주의력결핍 과잉행동장애(ADHD) 치료를 위한 신약 '심트리요(성분명 센타나파딘)'를 승인했다. 심트리요는 노르에피네프린·도파민·세로토닌 재흡수 억제제 계열의 첫 ADHD 치료제로, 하루 한 번 복용하는 서방형 캡슐이다. 이번 허가는 체중 20kg 이상인 6세 이상 소아와 성인을 대상으로 이뤄졌다. 기존 ADHD 치료제와 달리 도파민과 노르에피네프린뿐 아니라 세로토닌까지 함께 조절해 뇌에서 신경전달물질이 더 오래 작용하도록 돕는 것이 특징이다. 이를 통해 주의력과 행동 조절 능력을 개선하는 효과를 기대할 수 있다.
FDA는 성인과 소아·청소년을 대상으로 진행한 4건의 3상 임상시험 결과를 근거로 허가를 결정했다. 성인 800여 명을 대상으로 한 연구에서는 심트리요 투여군이 위약군보다 ADHD 증상이 유의하게 개선됐으며, 효과는 복용 1주 차부터 확인됐다. 6~17세 소아·청소년 대상 연구에서도 고용량 투여군이 위약군보다 ADHD 증상 개선 효과를 보였다. 가장 흔한 이상반응은 소아에서 식욕 감소와 발진, 청소년에서는 식욕 감소·메스꺼움·두통·복통, 성인에서는 두통·식욕 감소·불면증·입마름·설사 등이었다. 다만 연구진은 전반적으로 내약성은 양호했다고 평가했다. 오츠카는 심트리요가 미국 마약단속국의 약물 등급 지정 절차를 거친 뒤 올해 안에 미국에서 출시될 것으로 전망했다.
■ 보스톤사이언티픽 ""PFA, 아태 심방세동 치료 대세 전망""​​
보스톤사이언티픽은 아시아·태평양 지역 의료진을 대상으로 실시한 설문조사를 바탕으로 심방세동 치료 현황과 과제를 분석한 보고서 '아시아·태평양 지역의 펄스장 절제술, 가능성에서 실제 치료로'를 발표했다. 보고서에 따르면 조사에 참여한 의료진의 92%는 향후 2년 안에 펄스장 절제술(PFA)이 심방세동 치료에서 가장 선호하는 시술 방식이 될 것으로 전망했다. PFA는 고전압의 짧은 전기 펄스를 이용해 부정맥을 유발하는 심장 조직만 선택적으로 제거하는 차세대 절제술이다. 반면 실제 치료 현장에서는 새로운 치료법이 환자에게 충분히 전달되지 못하는 것으로 나타났다. 응답자의 83%는 절제술이 필요한 심방세동 환자라도 진단 후 1년 안에 절제술 진료 의뢰를 받는 비율이 절반에도 미치지 못한다고 답했다. 보고서는 이러한 격차를 해소하기 위해 ▲진료 의뢰 체계 개선 ▲의료진과 환자 대상 교육 확대 ▲장기 임상근거 축적 ▲보험급여 및 정책 지원을 통한 치료 접근성 강화 등이 필요하다고 제언했다.
■​ 에이아이트릭스 ""급성신부전 AI 예측 연구, 국제학술지 게재""
에이아이트릭스가 15만7000건의 입원 환자 데이터를 기반으로 수행한 급성신부전 예측 인공지능(AI) 연구 결과를 담은 논문을 디지털 헬스케어 분야 국제학술지인 'npj 디지털 메디신(npj Digital Medicine)'에 게재했다. npj 디지털 메디신은 국제 학술 출판 그룹 네이처 포트폴리오가 발행하는 디지털 헬스케어 분야의 권위 있는 국제 학술지다. 의료 AI 및 디지털 헬스 분야의 혁신적인 연구를 다루고 있다. 이번 연구는 급성신부전 발생 위험을 예측하는 다양한 AI 모델을 개발하고, 실제 임상 환경에서 활용 가능성을 평가하기 위해 연속적인 환자 데이터 흐름을 반영한 시뮬레이션 환경에서 모델 성능을 비교 및 분석했다. 회사 측은 이번 연구는 의료 AI 성능 평가가 단순한 정확도 중심의 지표를 넘어, 실제 임상 환경에서의 지속적인 활용 가능성과 운영 부담까지 고려해야 한다는 점을 보여줬다고 평가했다. 특히 시간 변화에 따른 모델 안정성과 경보 발생 부담을 함께 평가하는 접근법을 통해 의료 현장 적용성을 높일 수 있는 평가 방향을 제시했다고 전했다.
■ 로킷헬스케어, 美 20/20 바이오랩스와 AI 질병예측·다중암 진단 공동개발
로킷헬스케어는 미국 CLIA 인증 전문기관인 20/20 바이오랩스와 'AI 기반 질병예측 및 CLIA LDT 공동개발'을 위한 전략적 업무협약을 체결했다. 20/20 바이오랩스는 존스홉킨스대 출신 전문가들이 설립한 진단 전문기업으로, 임상검사 인프라와 진단 기술을 보유하고 있다. 이번 협약은 양사가 올해 초 체결한 만성신장질환 예측 분야 협력을 확대하는 내용이다. 기존 협력이 만성신장질환 예측과 관련 라이선스 계약에 초점을 맞췄다면, 이번에는 30여 개 질환을 대상으로 한 AI 예측 알고리즘과 다중암 조기진단 플랫폼 공동개발까지 범위를 넓혔다. 양사는 미국과 한국에서 차세대 다중암 조기진단 플랫폼을 공동 검증하고, 로킷헬스케어의 AI 플랫폼을 미국 CLIA LDT 기반 검사 서비스로 상용화하기 위해 협력할 계획이다. 이를 활용해 올해 11월 미국 의료기관을 대상으로 다중암 조기검진과 만성질환 위험도 예측 서비스를 출시하는 것을 목표로 하고 있으며, 이후 메디케어 적용을 위한 AI 플랫폼 개발도 함께 추진할 예정이다.
■ 길리어드 코리아, 건강취약계층에 냉방물품 지원
길리어드 사이언스 코리아는 서울 중구청을 통해 여름철 냉방에 어려움을 겪는 건강취약계층 가정에 1000만원 상당의 냉방물품을 전달했다. 이번 지원은 2021년부터 이어온 사회공헌 활동의 일환으로 올해까지 6년 연속 진행됐다. 길리어드 코리아는 폭염으로 건강관리에 어려움을 겪는 취약계층의 생활 여건을 개선하고 건강 격차를 완화하기 위해 이번 지원을 마련했다고 설명했다. 전달된 냉방물품은 독거노인, 저소득층, 장애인, 한부모 가정 등 서울 중구 내 건강취약계층 가정에 전달될 예정이다. 길리어드 코리아는 서울 중구와 협력해 다양한 지역사회 공헌 활동을 이어오고 있다. 2018년 주거취약지역 환경 개선 사업을 시작한 데 이어 2021년부터는 매년 여름 냉방물품 지원 사업을 실시해왔다. 올해까지 6년간 총 1172가구에 냉방물품을 지원했으며, 이러한 공로를 인정받아 올해 4월 서울 중구 '명예의 전당'에 이름을 올렸다.
■ 쥴릭파마코리아, 남성 난임 인식 개선 행사 개최
쥴릭파마코리아 커머셜 사업부는 지난 21일 '세계 체외수정의 날'을 기념해 난임 극복을 위한 부부 공동의 노력과 남성 건강의 중요성을 알리는 사내 행사를 개최했다. 이번 행사는 난임을 여성만의 문제가 아닌 부부가 함께 해결해야 할 건강 문제로 인식하고, 건강한 임신과 출산을 위해 남성 건강 관리의 중요성을 알리기 위해 마련됐다. 행사에는 국내 남성 난임 분야 전문가인 마리아병원 임경택 원장이 연사로 참석해 '건강한 아빠 되는 특급 비밀'을 주제로 건강한 정자를 위한 생활습관, 남성 난임의 최신 치료 동향과 예방법 등을 소개했다. 강연 후에는 참석자들과 질의응답도 진행됐다.
구교윤 기자
저작권자 ⓒ 헬스조선. 무단 전재 및  재배포 금지",local,10,쥴릭,,,0.45696672952258,,10.0,4.5696672952258,4.545454545454545,4.559982195317298,False
2026-07-30,Client,2026-07-29 06:02:00,Naver News,https://www.yakup.com/news/index.html?mode=view&cat=12&nid=330360,"[약업신문]사렙타, 애브비 출신 세베리노 신임 CEO 선임…엘레비디스 정상화 과제",사렙타 테라퓨틱스가 애브비와 테세라 테라퓨틱스를 거친 마이클 세베리노(Michael Severino) 박사를 신임 최고경영자(CEO)로 선임했다. 세베리노 신임 CEO는 듀센근이영양증(DMD) 유전자치료제 ‘엘레비디스(Elev...,사렙타 테라퓨틱스가 애브비와 테세라 테라퓨틱스를 거친 마이클 세베리노(Michael Severino) 박사를 신임 최고경영자(CEO)로 선임했다. 세베리노 신임 CEO는 듀센근이영양증(DMD) 유전자치료제 ‘엘레비디스(Elev...,local,10,로슈,,,0.5376759012894845,,7.0,5.376759012894845,3.1818181818181817,4.4987826804641795,False
2026-07-30,BD,2026-07-28 12:02:00,Naver News,https://new.dailypharm.com/user/news/340905?REFERER=NP,"[데일리팜]제이씨헬스케어, 유통·CSO 결합해 병원 공략","제이씨헬스케어가 도매유통과 의약품 판촉영업(CSO)을 결합한 사업구조를 앞세워 병원 채널 확대에 나선다. 제품 공급과 물류는 제이씨헬스케어가 담당하고 판촉영업은 자회사 제이씨멤버스가 수행하는 방식이다. CSO 신고제 시행 이후 계약과 교육, 기록 관리의 중요성이 커진 만큼 두 법인의 운영 기준을 통일해 제조사와 의료기관에 안정적인 유통·영업 체계를 제공한다는 구상이다.….","제이씨헬스케어가 도매유통과 의약품 판촉영업(CSO)을 결합한 사업구조를 앞세워 병원 채널 확대에 나선다. 제품 공급과 물류는 제이씨헬스케어가 담당하고 판촉영업은 자회사 제이씨멤버스가 수행하는 방식이다. CSO 신고제 시행 이후 계약과 교육, 기록 관리의 중요성이 커진 만큼 두 법인의 운영 기준을 통일해 제조사와 의료기관에 안정적인 유통·영업 체계를 제공한다는 구상이다.…",local,10,판촉영업자,,,0.4450078904241085,,10.0,4.450078904241085,4.545454545454545,4.488229160726469,False
2026-07-30,Client,2026-07-30 12:08:00,Naver News,https://www.bosa.co.kr/news/articleView.html?idxno=3009241,25대 제약사 파이프라인 ‘선별 강화’  - 의학신문,세계 25대 매출 상장 제약사 가운데 개발 비용 및 기간이 증가한 가운데 일라이 릴리의 생산성이 가장 높은 것으로 평가됐다고 노.,[의학신문·일간보사=김자연 기자] 세계 25대 매출 상장 제약사 가운데 개발 비용 및 기간이 증가한 가운데 일라이 릴리의 생산성이 가장 높은 것으로 평가됐다고 노,local,10,화이자,,,0.7443349704691925,,0.0,7.443349704691925,0.0,4.466009822815154,False
2026-07-30,BD,2026-07-29 17:00:00,Naver News,https://www.seoulfn.com/news/articleView.html?idxno=634418,"[제약브리핑] 유한양행, '마그비' 브랜드 통합 광고 선봬 외 - 서울파이낸스","유한양행은 대표 마그네슘 일반의약품 브랜드 '마그비'의 통합 광고 캠페인을 시작하며, '마그비맥스'와 '마그비스피드'를 동시에 알린다.","[서울파이낸스 권서현 기자] 유한양행은 대표 마그네슘 일반의약품 브랜드 '마그비'의 통합 광고 캠페인을 시작하며, '마그비맥스'와 '마그비스피드'를 동시에 알린다",local,10,콜드체인,,,0.5312420301249514,,7.0,5.312420301249514,3.1818181818181817,4.4601794534769805,False
2026-07-30,Client,2026-07-29 17:01:00,Naver News,https://www.etnews.com/20260729000273,랜섬웨어 경보…상반기 사고 80% 폭증,현대약품은 4월 의약품 주문·출고와 전사적자원관리(ERP) 시스템이 마비됐다. 국제약품도 같은 달 해커 공격으로 일부 정보가 유출되고 전산 장애가 발생했다. 제조업체를 겨냥했다는 공격조직의 주장도 이어졌다.... ,현대약품은 4월 의약품 주문·출고와 전사적자원관리(ERP) 시스템이 마비됐다. 국제약품도 같은 달 해커 공격으로 일부 정보가 유출되고 전산 장애가 발생했다. 제조업체를 겨냥했다는 공격조직의 주장도 이어졌다.... ,local,10,현대약품,,,0.6773810116252846,,2.0,6.773810116252847,0.9090909090909092,4.427922433388071,False
2026-07-30,BD,2026-07-27 12:18:00,Naver News,https://www.kpanews.co.kr/news/articleView.html?idxno=539271,"사노피, 11억달러 인수로 확보한 아토피 신약 ‘암리텔리맙’ 개발 중단 - 약사공론","사노피가 아토피피부염 치료제로 개발해 온 암리텔리맙(amlitelimab)의 허가 신청 계획을 철회했다.한때 블록버스터 가능성이 거론됐지만, 현재 치료 표준과 비.","사노피가 아토피피부염 치료제로 개발해 온 암리텔리맙(amlitelimab)의 허가 신청 계획을 철회했다.한때 블록버스터 가능성이 거론됐지만, 현재 치료 표준과 비",local,10,리제네론,,,0.44608893413155626,,9.0,4.460889341315562,4.090909090909091,4.312897241152974,False
2026-07-30,Client,2026-07-30 15:28:00,Naver News,https://www.medipana.com/news/articleView.html?idxno=415277,"'엡킨리', 재발성 또는 불응성 소포성 림프종 적응증 확대 - 메디파나뉴스",치료를 거듭할수록 반응 지속기간이 짧아지고 표준 치료 전략도 명확하지 않았던 재발성·불응성 소포성 림프종 치료에 새로운 이중특이성항체 치료 전략이 추가됐다.,치료를 거듭할수록 반응 지속기간이 짧아지고 표준 치료 전략도 명확하지 않았던 재발성·불응성 소포성 림프종 치료에 새로운 이중특이성항체 치료 전략이 추가됐다. 한국,local,10,애브비,,,0.49274918551863556,,7.0,4.927491855186355,3.1818181818181817,4.229222385839086,False
2026-07-30,Product Approval,2026-07-31 05:38:00,Naver News,https://www.dailymedi.com/news/news_view.php?wr_id=938933,분당서울대병원도 CAR-T 치료제 '예스카타' 도입,치료 적응증을 보유하고 있다. CAR-T 치료제는 일반적인 항암제와 달리 병원이 원내 의약품으로 채택했다고... 대신 길리어드는 임상적 차별성이 보다 뚜렷한 2차 치료 적응증으로 건강보험 급여 등재를 다시... ,치료 적응증을 보유하고 있다. CAR-T 치료제는 일반적인 항암제와 달리 병원이 원내 의약품으로 채택했다고... 대신 길리어드는 임상적 차별성이 보다 뚜렷한 2차 치료 적응증으로 건강보험 급여 등재를 다시... ,local,2,적응증,,,0.4517828933075939,,8.0,4.517828933075939,3.6363636363636367,4.165242814391018,False
2026-07-30,BD,2026-07-30 15:34:00,Naver News,https://www.hankyung.com/article/2026073048181,"GC녹십자, 혈액제제 알리글로 흥행…첨단 바이오로 이어간다",한국경제신문 대표번호: 02-3604-114 사업자등록번호: 110-81-07390 통신판매업신고번호: 중구 02559 콘텐츠구입 개인정보처리방침 청소년보호정책 서울시 중구 청파로 한국경제신문사 대표번호: 02-3277-9900 사업자등록번호: 104-81-47984 통신판매업신고번호: 중구 00606 인터넷신문등록번호: 서울 아 01035 등록(발행)일자: 2009.11.23 발행·편집인: 박수진 본지는 한국신문윤리위원회의 서약사로서 신문윤리강령을 준수합니다. Copyright 1999-2026. All rights reserved.,"한국경제신문
회사소개
구독신청
고충처리
광고안내
블루애드
대표번호:
02-3604-114
사업자등록번호:
110-81-07390
통신판매업신고번호: 중구
02559
한경닷컴
회사소개
제휴
/
콘텐츠구입
광고안내
사이트맵
고객센터
RSS
이용약관
개인정보처리방침
청소년보호정책(책임자: 이지연)
서울시 중구 청파로
463
한국경제신문사
대표번호:
02-3277-9900
사업자등록번호:
104-81-47984
통신판매업신고번호: 중구
00606
인터넷신문등록번호: 서울 아
01035
등록(발행)일자:
2009.11.23
발행·편집인: 박수진
본지는 한국신문윤리위원회의 서약사로서 신문윤리강령을 준수합니다.
Copyright 1999-2026.
한경닷컴
All rights reserved.",local,10,릴리,,,0.4788949565673989,,7.0,4.788949565673989,3.1818181818181817,4.1460970121316665,False
2026-07-30,Client,2026-07-28 07:02:00,Naver News,https://www.thebell.co.kr/free/content/ArticleView.asp?key=202607271611008080109468,"[더벨]셀트리온, 북미 직판 안착에 높아진 수익성 '30%대 마진'","삼성바이오에피스의 경우 셀트리온과 달리 아직 바이오젠과 산도스, 오가논 등 유통사 중심의 유통구조를 유지하고 있다. 마일스톤 유입 여부 등에 따라 영업이익률의 변동성이 심화되는 등 상대적으로 불안정한... ","삼성바이오에피스의 경우 셀트리온과 달리 아직 바이오젠과 산도스, 오가논 등 유통사 중심의 유통구조를 유지하고 있다. 마일스톤 유입 여부 등에 따라 영업이익률의 변동성이 심화되는 등 상대적으로 불안정한... ",local,10,오가논,,,0.38494591105906767,,10.0,3.8494591105906766,4.545454545454545,4.127857284536224,False
2026-07-30,Client,2026-07-26 06:00:00,Naver News,https://www.mt.co.kr/world/2026/07/26/2026072015551878014,"""암 위험 커진다"" 의사 애타는데...""살 태운다"" Z세대 '탠맥싱' 열풍[트민자] - 머니투데이",탠맥싱은 '태닝'(Tanning)과 극한의 효율을 뜻하는 '맥싱'(Maxxing)의 합성어다. 여름철을 맞아 태닝을 일종의 '체형 보정'으로 재해석하는 인플루언서들이 등장하면서 탠맥싱 영상이 급격히 늘었다.,탠맥싱은 '태닝'(Tanning)과 극한의 효율을 뜻하는 '맥싱'(Maxxing)의 합성어다. 여름철을 맞아 태닝을 일종의 '체형 보정'으로 재해석하는 인플루언서들이 등장하면서 탠맥싱 영상이 급격히 늘었다.,local,10,로레알,,,0.4753735004083579,,7.0,4.753735004083579,3.1818181818181817,4.1249682751774195,False
2026-07-30,Client,2026-07-30 07:40:00,Naver News,https://www.medicopharma.co.kr/news/articleView.html?idxno=68912,TROP2 ADC 왕좌 경쟁…내성·독성 관리서 승부 갈린다,"TROP2 항체약물접합체(ADC) 시장의 경쟁 기준이 허가 선점에서 내성 극복과 독성 관리, 1차 치료·병용요법 확장 능력으로 이동하고 있다.미래에셋증권은 보고서에서 엔허투의 상업적 성공을 계기로 ADC가 단일요법에서 면역관문억제제 병용과 1차 치료제로.","[메디코파마뉴스=정재노 기자] TROP2 항체약물접합체(ADC) 시장의 경쟁 기준이 허가 선점에서 내성 극복과 독성 관리, 1차 치료·병용요법 확장 능력으로 이동하고 있다.미래에셋증권은 보고서에서 엔허투의 상업적 성공을 계기로 ADC가 단일요법에서 면역관문억제제 병용과 1차 치료제로",local,10,아스트라제네카,,,0.4718270835118654,,7.0,4.718270835118654,3.1818181818181817,4.103689773798465,False
2026-07-30,Client,2026-07-27 06:22:00,Naver News,http://www.newsmp.com/news/articleView.html?idxno=256705,분당서울대병원 비뇨의학과 오종진 교수,"Hit Hard and Early30여 년 만에 전이성 요로상피세포암 1차 치료에 새로운 표준요법으로 등극한 파드셉(성분명 엔포투맙 베도틴, 아스텔라스)과 키트루다(성분명 펨브롤리주맙, MSD) 병용요법이 데이터를 추가로 축적하며 입지를 더욱 탄탄하게 굳혀가고 있다.파드셉과 키트루다 병용요법을 전이성 요로상피세포암 1차 치료의 표준으로 이끈 EV-302 연구의 장기 추적관찰 결과, 기대 여명이 16개월여에 불과했던(대조군 기준) 전이성 요로상피세포암 환자들 중 40% 이상이 3년 반(42개월) 이상 생존했던 것으로 보고된.","[의약뉴스]Hit Hard and Early30여 년 만에 전이성 요로상피세포암 1차 치료에 새로운 표준요법으로 등극한 파드셉(성분명 엔포투맙 베도틴, 아스텔라스)과 키트루다(성분명 펨브롤리주맙, MSD) 병용요법이 데이터를 추가로 축적하며 입지를 더욱 탄탄하게 굳혀가고 있다.파드셉과 키트루다 병용요법을 전이성 요로상피세포암 1차 치료의 표준으로 이끈 EV-302 연구의 장기 추적관찰 결과, 기대 여명이 16개월여에 불과했던(대조군 기준) 전이성 요로상피세포암 환자들 중 40% 이상이 3년 반(42개월) 이상 생존했던 것으로 보고된",local,10,아스텔라스,,,0.4715497543281316,,7.0,4.715497543281316,3.1818181818181817,4.102025798696062,False
2026-07-30,BD,2026-07-31 06:12:00,Naver News,https://www.hitnews.co.kr/news/articleView.html?idxno=78076,"오리지널 저격수 한미약품, 에페(EPPE)로 위고비ㆍ마운자로와 맞장","한미약품이 높게 평가받는 이유가 있다. 신약개발의 선구자로 웃기도 해 봤고, 울어도 봤다. 그 과정에서 글로벌 빅파마와 '맞장'도 마다하지 않았다. 그래서 그들과 경쟁에 두려움이 없다. 신약개발에 잠시 주춤해도 결국 한미가 해 낼 것이라는 믿음이 있다. 여러 가능성 가운데 하나가 곧 터질 모양이다.GLP-1 계열 비만치료제 '에페글레나타이드(efpeglenatide)'가 연내 상용화를 위한 잰걸음을 보이고 있다.","한미약품이 높게 평가받는 이유가 있다. 신약개발의 선구자로 웃기도 해 봤고, 울어도 봤다. 그 과정에서 글로벌 빅파마와 '맞장'도 마다하지 않았다. 그래서 그들과 경쟁에 두려움이 없다. 신약개발에 잠시 주춤해도 결국 한미가 해 낼 것이라는 믿음이 있다. 여러 가능성 가운데 하나가 곧 터질 모양이다.GLP-1 계열 비만치료제 '에페글레나타이드(efpeglenatide)'가 연내 상용화를 위한 잰걸음을 보이고 있다. 공식화되지 않았지만 '에페(EPPE)'란 제품명으로 출발할 전망이다. 출시 첫 해 연매출 1000억원을 목표로 한다. 그",local,10,합병,,,0.4706061705031565,,7.0,4.706061705031565,3.1818181818181817,4.096364295746212,False
2026-07-30,Client,2026-07-28 12:30:00,Naver News,https://www.kpanews.co.kr/news/articleView.html?idxno=539339,"아웃룩, 네 번째 도전 끝 FDA 승인…아바스틴 기반 황반변성 치료제 ‘리테나바’ 허가 - 약사공론",아웃룩 테라퓨틱스(Outlook Therapeutics)가 로슈의 항암제 아바스틴(Avastin·베바시주맙)을 안과용으로 재제형화한 리테나바(Lytenava)를.,아웃룩 테라퓨틱스(Outlook Therapeutics)가 로슈의 항암제 아바스틴(Avastin·베바시주맙)을 안과용으로 재제형화한 리테나바(Lytenava)를,local,10,리제네론,,,0.47035569537394645,,7.0,4.703556953739464,3.1818181818181817,4.0948614449709515,False
2026-07-30,Client,2026-07-29 10:36:00,Naver News,https://www.koreahealthlog.com/news/articleView.html?idxno=58290,"파브리병치료제 '갈라폴드', 의료현장서 효과 확인…심장·신장에 도움",순응변이를 가진 파브리병 환자에게 쓸 수 있는 경구용치료제 '갈라폴드(성분명 미갈라스타트)'의 의료현장에서의 실제 효과가 확인됐다. 갈라폴드는 체내 알파-갈락토시다제 A 효소가 정상적으로 기능할 수 있도록 돕는 샤페론 기전의 치료제다. 한독은 다국가·다기관 관찰 연구 레지스트리인 followME Fabry Pathfinders 데이터를 기반으로 갈라폴드를 5년 이상 복용하고 순응변이를 가진 파브리병 환자 156명을 대상으로 심장 및 신장 관련 지표를 평가한 연구에서 갈라폴드 치료 환자군의 신장 및 심장 관련 지표 변화가 제한적인 경.,순응변이를 가진 파브리병 환자에게 쓸 수 있는 경구용치료제 '갈라폴드(성분명 미갈라스타트)'의 의료현장에서의 실제 효과가 확인됐다. 갈라폴드는 체내 알파-갈락토시다제 A 효소가 정상적으로 기능할 수 있도록 돕는 샤페론 기전의 치료제다. 한독은 다국가·다기관 관찰 연구 레지스트리인 followME Fabry Pathfinders 데이터를 기반으로 갈라폴드를 5년 이상 복용하고 순응변이를 가진 파브리병 환자 156명을 대상으로 심장 및 신장 관련 지표를 평가한 연구에서 갈라폴드 치료 환자군의 신장 및 심장 관련 지표 변화가 제한적인 경,local,10,한독,,,0.46978868352169506,,7.0,4.69788683521695,3.1818181818181817,4.091459373857443,False
2026-07-30,BD,2026-07-30 14:06:00,Naver News,https://news.bizwatch.co.kr/article/healthcare/2026/07/30/0021,미간 펴는 보툴리눔 톡신 '우울증 치료제' 된다고?,미용 시술에 주로 쓰이는 보툴리눔 톡신(보톡스)이 우울증 치료제가 될 수 있을까? 종근당바이오가 미국 힐리스 테라퓨틱스와 손잡고 보툴리눔 톡신 제제 '티엠버스(TYEMVERS)'로 주요 우울...,미용 시술에 주로 쓰이는 보툴리눔 톡신(보톡스)이 우울증 치료제가 될 수 있을까?    종근당바이오가 미국 힐리스 테라퓨틱스와 손잡고 보툴리눔 톡신 제제 &#39;티엠버스(TYEMVERS)&#39;로 주요 우울...,local,10,애브비,,,0.4681544027924759,,7.0,4.681544027924759,3.1818181818181817,4.0816536894821285,False
2026-07-30,BD,2026-07-27 05:40:00,Naver News,https://economychosun.com/site/data/html_dir/2026/07/20/2026072000046.html,장이 편해야 인생이 편하다… 롱제비티 격전지 된 장벽,지난 4월 롯데칠성음료가 프리바이오틱 소다 ‘해피즈(Happiz)’를 선보였습니다. 장내 유익균의 먹이가 되는 식이섬유를 넣은 장 건강 보충제라..,지난 4월 롯데칠성음료가 프리바이오틱 소다 ‘해피즈(Happiz)’를 선보였습니다. 장내 유익균의 먹이가 되는 식이섬유를 넣은 장 건강 보충제라..,local,10,로레알,,,0.453085636285263,,7.0,4.53085636285263,3.1818181818181817,3.9912410904388507,False
2026-07-30,BD,2026-07-28 06:02:00,Naver News,https://www.yakup.com/news/index.html?mode=view&cat=12&nid=330303,"[약업신문]“거래보다 성장 지원 먼저”…바이엘, 한국 초기 바이오와 오픈이노베이션 확대","바이엘이 7월 22, 23일 양일간 바이엘코리아 사무실에서 ‘바이엘 코랩 커넥트 서울’ 세미파이널 로컬 워크숍을 진행했다. © 약업신문 = 최윤수 기자바이엘이 특정 투자나 기술이전 계약을 전제로 하지 않고 한국 ...","바이엘이 7월 22, 23일 양일간 바이엘코리아 사무실에서 ‘바이엘 코랩 커넥트 서울’ 세미파이널 로컬 워크숍을 진행했다. © 약업신문 = 최윤수 기자바이엘이 특정 투자나 기술이전 계약을 전제로 하지 않고 한국 ...",local,10,바이엘,,,0.3340685418892258,,10.0,3.340685418892258,4.545454545454545,3.822593069517173,False
2026-07-30,BD,2026-07-28 18:56:00,Naver News,https://economist.co.kr/article/view/ecn202607280043,"한미약품, 2분기 영업이익 117% 급증…기술료·주력품목 성장 '호실적'",한미약품이 글로벌 기술이전 성과와 주력 전문의약품 판매 호조에 힘입어 시장 기대치를 웃도는 2분기 실적을 거뒀다. 일라이 릴리로부터 받은 기술이.,한미약품이 글로벌 기술이전 성과와 주력 전문의약품 판매 호조에 힘입어 시장 기대치를 웃도는 2분기 실적을 거뒀다. 일라이 릴리로부터 받은 기술이,local,10,베링거인겔하임,,,0.405208928286659,,7.0,4.05208928286659,3.1818181818181817,3.703980842447227,False
2026-07-30,Client,2026-07-30 17:39:00,Naver News,https://www.edaily.co.kr/news/newspath.asp?newsid=06038486645519768,"한독, 상반기 영업익 ‘흑자전환’…신규 항암제 매출 본격화","(사진= 한독) 한독(002390)이 신규 도입 항암제와 일반의약품, 연속혈당측정기 성장에 힘입어 올해 상반기 매출을 10% 이상 끌어올렸다.30일 한독은 올해 상반기 매출액은 2686억원, 영업이익은 28억4000만원을 기록했다고 밝혔다. 매출은 전년 동...","한독 사옥. (사진= 한독) 한독(002390)이 신규 도입 항암제와 일반의약품, 연속혈당측정기 성장에 힘입어 올해 상반기 매출을 10% 이상 끌어올렸다.30일 한독은 올해 상반기 매출액은 2686억원, 영업이익은 28억4000만원을 기록했다고 밝혔다. 매출은 전년 동...",local,10,한독,,,0.31102618007951444,,10.0,3.1102618007951444,4.545454545454545,3.684338898658905,False
2026-07-30,Client,2026-07-27 11:34:00,Naver News,https://www.newsis.com/view/NISX20260727_0003724562,"美FDA, 지도부 공백에도 '승인 회복'…하반기도?","미국 식품의약국(FDA)이 지도부 공백과 인력 이탈 등 조직 불확실성 속에서도 신약 승인 실적만큼은 예년 수준을 회복한 것으로 나타났다. 다만 하반기에도 이 같은 수준이 이어질지는 미지수로, 추후 영향 등은 두고 봐야 할 것으로 보인다.27일 FDA와 비영리 글로벌 제약·바이오 제조 및 공급망 비즈니스 협회격인 DCAT 분석 ..","[서울=뉴시스]황재희 기자 = 미국 식품의약국(FDA)이 지도부 공백과 인력 이탈 등 조직 불확실성 속에서도 신약 승인 실적만큼은 예년 수준을 회복한 것으로 나타났다. 다만 하반기에도 이 같은 수준이 이어질지는 미지수로, 추후 영향 등은 두고 봐야 할 것으로 보인다.27일 FDA와 비영리 글로벌 제약·바이오 제조 및 공급망 비즈니스 협회격인 DCAT 분석 ..",local,10,바이엘,,,0.39904877856990323,,7.0,3.9904877856990324,3.1818181818181817,3.667019944146692,False
2026-07-30,BD,2026-07-30 17:04:00,Naver News,https://news.bizwatch.co.kr/article/healthcare/2026/07/30/0041,"일동제약, 비용효율·체질개선에 2Q 영업익 전년비 '껑충'",일동제약이 비용 구조 개선과 R&D 효율화 등 수익성 중심 경영 전략에 힘입어 올 2분기 실적이 전년동기보다 개선됐다. 일동제약은 2분기 연결 영업이익이 50억원으로 전년동기 5억원에 비해 739%...,일동제약이 비용 구조 개선과 R&amp;D 효율화 등 수익성 중심 경영 전략에 힘입어 올 2분기 실적이 전년동기보다 개선됐다.    일동제약은 2분기 연결 영업이익이 50억원으로 전년동기 5억원에 비해 739%...,local,10,코프로모션,,,0.21702719892482372,,13.0,2.170271989248237,5.909090909090909,3.6657995571853057,False
2026-07-30,Therapeutic Areas,2026-07-27 16:50:00,Naver News,http://www.whosaeng.com/172416,≪후생신보≫ 표적 항암제로 임신 확률 높인다?,표적 항암제로 자가면역성 난소부전 환자의 임신 확률을 높일 수 있다. 자가면역질환이 조기 난소부전(POI) 확률을 증가시키고 불임으로.,【후생신보】 표적 항암제로 자가면역성 난소부전 환자의 임신 확률을 높일 수 있다. 자가면역질환이 조기 난소부전(POI) 확률을 증가시키고 불임으로,local,2,불임,,,0.4567624957866547,,5.0,4.567624957866546,2.2727272727272725,3.649665883810837,False
2026-07-30,BD,2026-07-30 18:06:00,Naver News,https://www.ksg.co.kr/news/main_newsView.jsp?pNum=147730,"퀴네앤드나겔, 의약품 온도관리 ...","개인정보취급방침 상호명 : (주)코리아쉬핑가제트 / 사업자등록번호 : 102-81-04524 / 대표자 : 이우근 등록번호 : 서울 아01875 / 등록일자 : 2011년 12월 02일 / 제호 : KOREA SHIPPING GAZETTE 편집인 : 이경희 / 청소년보호책임자 : 송숙현 / 발행인 : 이우근 / 발행일 : 1971년 6월 1일 본사주소 : 서울시 종로구 자하문로2길 13-3 KSG빌딩 / TEL : 02-3703-6300~4 FAX : 02-3703-6390~1 E-mail : 부산지부 주소 : 부산시 동구 중앙대로 180번길 13, 909호 / TEL : 051-469-7866~7 FAX : 051-469-7868.","회사소개
회사위치
개인정보취급방침
사이트맵
상호명 : (주)코리아쉬핑가제트 / 사업자등록번호 : 102-81-04524 / 대표자 : 이우근
등록번호 : 서울 아01875 / 등록일자 : 2011년 12월 02일 / 제호 : KOREA SHIPPING GAZETTE
편집인 : 이경희 / 청소년보호책임자 : 송숙현 / 발행인 : 이우근 / 발행일 : 1971년 6월 1일
본사주소 : 서울시 종로구 자하문로2길 13-3 KSG빌딩 / TEL : 02-3703-6300~4 FAX : 02-3703-6390~1 E-mail : ksg@ksg.co.kr
부산지부 주소 : 부산시 동구 중앙대로 180번길 13, 909호 / TEL : 051-469-7866~7 FAX : 051-469-7868",local,10,콜드체인,,,0.3943362485574503,,7.0,3.943362485574503,3.1818181818181817,3.6387447640719746,False
2026-07-30,BD,2026-07-29 06:06:00,Naver News,https://www.medipana.com/news/articleView.html?idxno=415138,"유한양행, 베링거와 17년 신뢰…'메탈라제'로 협력 확대 - 메디파나뉴스","유한양행이 베링거인겔하임, 노바티스 등 글로벌 제약사와 파트너십을 확대하고 있다. 올해 들어 베링거인겔하임과는 뇌졸중 치료제, 노.","[메디파나뉴스 = 조후현 기자] 유한양행이 베링거인겔하임, 노바티스 등 글로벌 제약사와 파트너십을 확대하고 있다. 올해 들어 베링거인겔하임과는 뇌졸중 치료제, 노",local,10,베링거인겔하임,,,0.3022565334238971,,10.0,3.022565334238971,4.545454545454545,3.6317210187252007,False
2026-07-30,BD,2026-07-27 08:22:00,Naver News,https://www.dailymedi.com/news/news_view.php?wr_id=938540,"“궤양성대장염 장기 관리, 의사·환자 함께 결정”","﻿﻿﻿궤양성 대장염 환자가 꾸준히 증가하고 있다. 궤양성 대장염은 염증성 장 질환의 하나로, 가벼운 증상은 대부분 의원급에서 관리된다. 하지만 기존 치료로 조절이 어려운 중등도·중증 환자는 어드밴스드 테라피(advanced therapy)인 생물학적제제나 소분자약제 적용이 필요하다.이전보다 약제 선택지가 다양해지면서 고려해야 할 사항이 많지만 이는 또한 치료에 있어 좋은 기회가 된다.궤양성대장염 1차 치료는 5-아미노살리실산(5-ASA) 제제로 직장염이나 경증·중등도 환자에게 효과적이다.","﻿﻿﻿궤양성 대장염 환자가 꾸준히 증가하고 있다. 궤양성 대장염은 염증성 장 질환의 하나로, 가벼운 증상은 대부분 의원급에서 관리된다. 하지만 기존 치료로 조절이 어려운 중등도·중증 환자는 어드밴스드 테라피(advanced therapy)인 생물학적제제나 소분자약제 적용이 필요하다.이전보다 약제 선택지가 다양해지면서 고려해야 할 사항이 많지만 이는 또한 치료에 있어 좋은 기회가 된다.궤양성대장염 1차 치료는 5-아미노살리실산(5-ASA) 제제로 직장염이나 경증·중등도 환자에게 효과적이다. 그러나 증상 악화나 재발 시에는 스테로이드를…",local,10,생물학적제제,,,0.3908532912576235,,7.0,3.908532912576235,3.1818181818181817,3.6178470202730137,False
2026-07-30,Product Approval,2026-07-31 07:00:00,Naver News,https://news.hidoc.co.kr/news/articleView.html?idxno=65747,휴가지에서 갑자기 무릎·허리 욱신…약사가 콕 집어준 진통제 성분은 따로 있다 - 하이닥,"여름 휴가철에는 수영·등산 등 레저 활동으로 근육과 관절을 평소보다 많이 사용하거나, 장시간 운전·비행으로 같은 자세를 유지하면서 목과 허리, 무릎, 발목 등에.","여름 휴가철에는 수영·등산 등 레저 활동으로 근육과 관절을 평소보다 많이 사용하거나, 장시간 운전·비행으로 같은 자세를 유지하면서 목과 허리, 무릎, 발목 등에",local,2,적응증,,,0.3821264379737369,,7.0,3.821264379737369,3.1818181818181817,3.565485900569694,False
2026-07-30,Client,2026-07-27 14:56:00,Naver News,https://www.news1.kr/bio/pharmaceutical-bio/6240264,방사성의약품 핵심기지 떠오른 韓…정부·업계·학계 협력도 주목,"Access Denied You don't have permission to access ""http://www.news1.kr/bio/pharmaceutical-bio/6240264"" on this server. Reference #18.b568c917.1785449473.3abc4e9c https://errors.edgesuite.net/18.b568c917.1785449473.3abc4e9c.","Access Denied
You don't have permission to access ""http://www.news1.kr/bio/pharmaceutical-bio/6240264"" on this server.
Reference #18.b568c917.1785449473.3abc4e9c
https://errors.edgesuite.net/18.b568c917.1785449473.3abc4e9c",local,10,바이엘,,,0.38174814167520194,,7.0,3.8174814167520195,3.1818181818181817,3.563216122778484,False
2026-07-30,Product Approval,2026-07-31 06:48:00,Naver News,http://www.docdocdoc.co.kr/news/articleView.html?idxno=3041382,신약 급여 지연이 생존율 갈라...한국·대만 다발성골수종 환자 일본의 '절반',"1차 치료제의 신속한 건강보험 급여 적용 여부가 다발성 골수종 환자의 실질적인 생존율을 가르는 결정적 요인이라는 한·일·대만 공동 연구 결과가 나왔다. 1인당 국내총생산(GDP)과 1인당 국내총생산(GDP)과 의료비 지출 수준이 비슷한 동아시아 3개국 중, 신약 급여가 신속하게 이루어진 일본 환자들의 생존율이 한국과 대만 환자들에 비해 현저히 높은 것으로 나타났다.서울성모병원 변성규·박성수 교수, 삼성서울병원 김기현 교수, 화순전남대병원 정성훈 교수 등 연구진은 자가조혈모세포이식이 불가능한 신규 진단 다발성 골수종 환자를 대상으로.","1차 치료제의 신속한 건강보험 급여 적용 여부가 다발성 골수종 환자의 실질적인 생존율을 가르는 결정적 요인이라는 한·일·대만 공동 연구 결과가 나왔다. 1인당 국내총생산(GDP)과 1인당 국내총생산(GDP)과 의료비 지출 수준이 비슷한 동아시아 3개국 중, 신약 급여가 신속하게 이루어진 일본 환자들의 생존율이 한국과 대만 환자들에 비해 현저히 높은 것으로 나타났다.서울성모병원 변성규·박성수 교수, 삼성서울병원 김기현 교수, 화순전남대병원 정성훈 교수 등 연구진은 자가조혈모세포이식이 불가능한 신규 진단 다발성 골수종 환자를 대상으로",local,2,허가,,,0.3484990987074422,,8.0,3.484990987074422,3.6363636363636367,3.5455400467901077,False
2026-07-30,Reimbursement,2026-07-31 06:00:00,Naver News,http://www.bokuennews.com/news/article.html?no=282046,"일산백병원, 심평원 '약제급여 적정성 평가' 1등급 획득",인제대학교 일산백병원(병원장 최원주)이 건강보험심사평가원(이하 심평원)이 실시한 2026년 약제급여 적정성 평가(2025년 진료분)​에서 주요 평가항목 모두 1등급을 획득했다. 이번 평가는 2025년 1월부터 12월까..,"인제대학교 일산백병원(병원장 최원주)이 건강보험심사평가원(이하 심평원)이 실시한 2026년 약제급여 적정성 평가(2025년 진료분)​에서 주요 평가항목 모두 1등급을 획득했다.

이번 평가는 2025년 1월부터 12월까..",local,2,급여,,,0.31676873234108927,,9.0,3.1676873234108927,4.090909090909091,3.5369760304101723,False
2026-07-30,BD,2026-07-28 15:00:00,Naver News,https://www.1conomynews.co.kr/news/articleView.html?idxno=49735,신유열 6개월 맞은 롯데바이오로직스…투자 급증 속 성과는? - 1코노미뉴스,롯데그룹이 롯데바이오로직스에 대한 누적 출자금을 8831억원까지 늘리며 바이오 사업 육성에 힘을 싣고 있다. 다만 신유열 부사장이 각자대표에 오른 지 6개월이 지.,롯데그룹이 롯데바이오로직스에 대한 누적 출자금을 8831억원까지 늘리며 바이오 사업 육성에 힘을 싣고 있다. 다만 신유열 부사장이 각자대표에 오른 지 6개월이 지,local,10,BMS,,,0.3767659885623759,,7.0,3.7676598856237593,3.1818181818181817,3.533323204101528,False
2026-07-30,BD,2026-07-30 10:11:00,Naver News,https://view.asiae.co.kr/article/2026072917075397383,노바티스 1400억 투자에 마음 급해진 K-바이오,글로벌 제약사 노바티스가 국내 방사성의약품(RPT) 치료 인프라에 1400억원을 투입기로 하면서 국산 RPT 신약을 개발하는 기업들의 마음이 급해지고 있다.,글로벌 제약사 노바티스가 국내 방사성의약품(RPT) 치료 인프라에 1400억원을 투입기로 하면서 국산 RPT 신약을 개발하는 기업들의 마음이 급해지고 있다.,local,10,콜드체인,,,0.37153205989880395,,7.0,3.7153205989880393,3.1818181818181817,3.501919632120096,False
2026-07-30,Client,2026-07-29 06:08:00,Naver News,https://www.viva100.com/article/20260728500978,"‘영업이익률 44% vs 32%’⋯ 삼성바이오·셀트리온, 단순 비교 불가 이유",삼성바이오로직스와 셀트리온이 나란히 연매출 5조원 달성을 목전에 두면서 시장 안팎에서 양사 간 영업이익률의 질을 둘러싼 논쟁이 벌어지고 있다. 단순 수익성 지표 비교보다는 각사의 사업 구조에 따라 기업가치를 달리 평가해야 한다는 것이다. 28일 업계에 따르면 삼성바이오.,삼성바이오로직스와 셀트리온이 나란히 연매출 5조원 달성을 목전에 두면서 시장 안팎에서 양사 간 영업이익률의 질을 둘러싼 논쟁이 벌어지고 있다. 단순 수익성 지표 비교보다는 각사의 사업 구조에 따라 기업가치를 달리 평가해야 한다는 것이다. 28일 업계에 따르면 삼성바이오,local,10,암젠,,,0.3594070804624621,,7.0,3.594070804624621,3.1818181818181817,3.429169755502045,False
2026-07-30,BD,2026-07-31 07:02:00,Naver News,https://www.thebell.co.kr/free/content/ArticleView.asp?key=202607292017208800106943,"[더벨][thebell interview] 안지훈 싸이토젠 대표 ""지놈케어 합병, 3대 사...",◇CTC 기술 치료제·자동화로 확장…산전진단까지 3대축 싸이토젠이 지놈케어를 인수한 시점은 2024년 8월로 거슬러 올라간다. 그로부터 2년 뒤인 이달 흡수합병을 결정했다. 소수의 잔여지분까지 인수하며 완전... ,◇CTC 기술 치료제·자동화로 확장…산전진단까지 3대축 싸이토젠이 지놈케어를 인수한 시점은 2024년 8월로 거슬러 올라간다. 그로부터 2년 뒤인 이달 흡수합병을 결정했다. 소수의 잔여지분까지 인수하며 완전... ,local,10,인수,,,0.2884440047893552,,9.0,2.8844400478935524,4.090909090909091,3.367027665099768,False
2026-07-30,BD,2026-07-29 07:46:00,Naver News,https://www.medicopharma.co.kr/news/articleView.html?idxno=68895,"GSK, 구조조정에 4.6조 투입…연 3.6조 절감해 후기 임상 투자","GSK는 조직 개편과 생산시설 정비 등에 총 24억파운드를 투입해 2029년부터 연간 비용을 19억파운드 줄일 계획이다. 절감액 대부분은 후기 임상과 연구개발(R&D), 사업개발에 다시 배분한다. 일부는 2028~2030년 돌루테그라비르 계열의 독점권 약.","[메디코파마뉴스=정재노 기자] GSK는 조직 개편과 생산시설 정비 등에 총 24억파운드를 투입해 2029년부터 연간 비용을 19억파운드 줄일 계획이다. 절감액 대부분은 후기 임상과 연구개발(R&D), 사업개발에 다시 배분한다. 일부는 2028~2030년 돌루테그라비르 계열의 독점권 약",local,10,특허만료,,,0.5581500132641402,,0.0,5.581500132641402,0.0,3.348900079584841,False
2026-07-30,Client,2026-07-27 11:46:00,Naver News,https://view.asiae.co.kr/article/2026072708374587628,"""통상적 절차""라더니…삼천당제약-리제네론, 아일리아 특허 공방 장기화",삼천당제약과 리제네론 파마슈티컬스(리제네론)가 아일리아 바이오시밀러를 둘러싸고 벌이는 특허 분쟁이 장기화 국면으로 접어들고 있다.,삼천당제약과 리제네론 파마슈티컬스(리제네론)가 아일리아 바이오시밀러를 둘러싸고 벌이는 특허 분쟁이 장기화 국면으로 접어들고 있다.,local,10,리제네론,,,0.3183026143053599,,7.0,3.183026143053599,3.1818181818181817,3.182542958559432,False
2026-07-30,Therapeutic Areas,2026-07-30 22:46:00,Naver News,https://www.shinailbo.co.kr/news/articleView.html?idxno=5046456,"[바이오 브리핑] 종근당바이오, 제일약품, 신라젠 - 신아일보",신아일보 생활유통부 기자들이 제약바이오업계의 다양한 소식들 중 엄선해 간추린 뉴스 세 꼭지를 ‘바이오 브리핑’을 통해 독자에게 전한다. ◇종근당바이오 '티엠버스'.,신아일보 생활유통부 기자들이 제약바이오업계의 다양한 소식들 중 엄선해 간추린 뉴스 세 꼭지를 ‘바이오 브리핑’을 통해 독자에게 전한다. ◇종근당바이오 '티엠버스',local,2,항암제,,,0.2798277198922768,,8.0,2.7982771989227677,3.6363636363636367,3.1335117738991154,False
2026-07-30,Client,2026-07-30 22:34:00,Naver News,http://aftertherain.kr/sub/contents/view.php?seq=97565,비만약 시대의 체중감량 전략 / 여의도성모병원 내분비내과 김진영,"여의도성모병원 내분비내과 김진영 교수가 위고비, 마운자로 등 비만치료제가 등장한 시대에 효과적인... #김진영 #여의도성모병원 #비만 #비만약 #위고비 #마운자로 #체중감량 담당: 김준헌 감독, 김싱아PD","여의도성모병원 내분비내과 김진영 교수가 위고비, 마운자로 등 비만치료제가 등장한 시대에 효과적인... #김진영 #여의도성모병원 #비만 #비만약 #위고비 #마운자로 #체중감량 담당: 김준헌 감독, 김싱아PD",local,10,위고비,,,0.2720075657427245,,7.0,2.720075657427245,3.1818181818181817,2.90477266718362,False
2026-07-30,BD,2026-07-30 16:06:00,Naver News,https://www.viva100.com/article/20260730501035,[현장] 블루오션 된 ‘슬립테크’⋯제1회 국제수면치유박람회 가보니,“어느 정도의 기술력을 가지고 있는 제약·바이오 기업들이라면 언제든 욕심내고 뛰어들 수밖에 없는 시장이라고 생각합니다.” 최근 글로벌 빅파마를 중심으로 수면 관리 시장에 대한 관심이 커지고 있는 가운데 30일 오전 서울 강남구 코엑스에서 열린 ‘제1회 국제수면치유박람회.,“어느 정도의 기술력을 가지고 있는 제약·바이오 기업들이라면 언제든 욕심내고 뛰어들 수밖에 없는 시장이라고 생각합니다.” 최근 글로벌 빅파마를 중심으로 수면 관리 시장에 대한 관심이 커지고 있는 가운데 30일 오전 서울 강남구 코엑스에서 열린 ‘제1회 국제수면치유박람회,local,10,M&A,,,0.20710096134675343,,9.0,2.071009613467534,4.090909090909091,2.878969404444157,False
2026-07-30,Client,2026-07-28 13:24:00,Naver News,http://www.smedaily.co.kr/news/articleView.html?idxno=360954,엔허투 적응증 확대…ADC 후발주자 살아남으려면,유럽연합(EU) 유럽의약품청(EMA)의 엔허투 암종 불문 승인으로 암종 불문 항체-약물 접합체(ADC) 개발 기업에 비상이 걸렸다. 28일 업계에 따르면 27일(현지시간) 아스트라제네카(AZ)와 다이이찌산쿄의 '엔허투(성분명 트라스투주맙데룩스테칸)'가 EU에서 HER2 양성 고형암 대상 첫 ADC로 승인됐다.이 결정을 이후 미국 식품의약국(FDA)나 다른 규제기관에서도 인용 혹은 참고할 확률이 높은 만큼 HER2 표적 ADC 시장은 후발 주자 침투 여지가 매우 좁아진다. 특히 동일표적에 항체와 약물을 연결하는 링커만 바꾸는 수준을.,유럽연합(EU) 유럽의약품청(EMA)의 엔허투 암종 불문 승인으로 암종 불문 항체-약물 접합체(ADC) 개발 기업에 비상이 걸렸다. 28일 업계에 따르면 27일(현지시간) 아스트라제네카(AZ)와 다이이찌산쿄의 '엔허투(성분명 트라스투주맙데룩스테칸)'가 EU에서 HER2 양성 고형암 대상 첫 ADC로 승인됐다.이 결정을 이후 미국 식품의약국(FDA)나 다른 규제기관에서도 인용 혹은 참고할 확률이 높은 만큼 HER2 표적 ADC 시장은 후발 주자 침투 여지가 매우 좁아진다. 특히 동일표적에 항체와 약물을 연결하는 링커만 바꾸는 수준을,local,10,다이이찌산쿄,,,0.2667920321660548,,7.0,2.667920321660548,3.1818181818181817,2.8734794657236016,False
2026-07-30,Product Approval,2026-07-31 06:18:00,Naver News,https://www.dailymedi.com/news/news_view.php?wr_id=938914,프랑스서 포기 진행성 간암 환자…서울아산병원 성공,"﻿﻿﻿﻿프랑스에서 이식 대상에서 제외된 말기간부전·진행성 간암 환자가 한국에서 두 아들 간을 동시에 이식받고 회복 중이어서 화제다. 기증자 한 명으로는 필요한 간(肝) 용량을 확보하기 어려웠고 아들 한 명은 혈액형도 맞지 않았지만, 2대1 생체간이식으로 수술이 성공한 것이다. 특히 작은 아들은 프랑스 심장외과 의사로 현지에서 이식이 어렵다는 설명을 듣고 논문 등 학술자료를 확인, 서울아산병원을 직접 찾았다.서울아산병원 장기이식센터 간이식팀은 최근 모하메드 엘 케타니(64)씨에게 두 아들의 간 일부를 이식하는 2대1 생체간이식을 시행….","﻿﻿﻿﻿프랑스에서 이식 대상에서 제외된 말기간부전·진행성 간암 환자가 한국에서 두 아들 간을 동시에 이식받고 회복 중이어서 화제다. 기증자 한 명으로는 필요한 간(肝) 용량을 확보하기 어려웠고 아들 한 명은 혈액형도 맞지 않았지만, 2대1 생체간이식으로 수술이 성공한 것이다. 특히 작은 아들은 프랑스 심장외과 의사로 현지에서 이식이 어렵다는 설명을 듣고 논문 등 학술자료를 확인, 서울아산병원을 직접 찾았다.서울아산병원 장기이식센터 간이식팀은 최근 모하메드 엘 케타니(64)씨에게 두 아들의 간 일부를 이식하는 2대1 생체간이식을 시행…",local,2,용량,,,0.26564005318594863,,7.0,2.6564005318594863,3.1818181818181817,2.8665675918429647,False
2026-07-30,Supply Issues,2026-07-30 06:12:00,Naver News,https://www.hitnews.co.kr/news/articleView.html?idxno=78042,"""희귀 간질환 PBC 두렵다""… 정부 ""신속등재 가능성 검토""","""15년전쯤 원발성 담즙성 담관염(PBC)를 진단받았습니다. 병명은 진단받았지만 가만히 있어도 진행된다는 특성으로 인해 두려움은 더 커졌습니다. 검사를 받을 때마다 얼마나 더 진행됐을까? 언제까지 내가 버틸 수 있을까? 간이 점점 굳으면 이식밖엔 답이 없다고 하는데, 내 잘못이 아닌데도 죽음을 생각해야 한다는 사실이 너무 힘듭니다.""권영숙 PBC 환우는 29일 서미화 더불어민주당의원이 주최한 '여성 희귀 간 질환 PBC 치료 사각지대 해소를 위한 정책토론회에서 이 같이 말했다.PBC는 간내 담관 손상이 간경변 및 간암으.","""15년전쯤 원발성 담즙성 담관염(PBC)를 진단받았습니다. 병명은 진단받았지만 가만히 있어도 진행된다는 특성으로 인해 두려움은 더 커졌습니다. 검사를 받을 때마다 얼마나 더 진행됐을까? 언제까지 내가 버틸 수 있을까? 생각합니다. 간이 점점 굳으면 이식밖엔 답이 없다고 하는데, 내 잘못이 아닌데도 죽음을 생각해야 한다는 사실이 너무 힘듭니다.""권영숙 PBC 환우는 29일 서미화 더불어민주당의원이 주최한 '여성 희귀 간 질환 PBC 치료 사각지대 해소를 위한 정책토론회에서 이 같이 말했다.PBC는 간내 담관 손상이 간경변 및 간암으",local,2,품절,,,0.32230022876746245,,5.0,3.2230022876746247,2.2727272727272725,2.8428922816956836,False
2026-07-30,Therapeutic Areas,2026-07-27 16:20:00,Naver News,https://www.megaeconomy.co.kr/news/newsview.php?ncode=1065597272634715,"HPV 양성 82%, STI 동반 검출…동시검사 필요성 부각","HPV 양성 82%, STI 동반 검출…동시검사 필요성 부각 [메가경제=김민준 기자] 인유두종바이러스(HPV) 양성 환자 10명 가운데 8명 이상에서 성매개감염(STI) 병원체가 함께 검출됐다는 분석 결과가 나왔다. 씨젠은 이러한 데이터를 바탕으로 HPV와 STI를 동시에 확인하는 신드로믹 PCR 기반 생식기 감염(RTI) 종합검사의 필요성을 제시했다. 인유두종 바이러스는 사마귀를 일으키는 유두종 바이러스 군.","HPV 양성 82%, STI 동반 검출…동시검사 필요성 부각 [메가경제=김민준 기자] 인유두종바이러스(HPV) 양성 환자 10명 가운데 8명 이상에서 성매개감염(STI) 병원체가 함께 검출됐다는 분석 결과가 나왔다. 씨젠은 이러한 데이터를 바탕으로 HPV와 STI를 동시에 확인하는 신드로믹 PCR 기반 생식기 감염(RTI) 종합검사의 필요성을 제시했다.     인유두종 바이러스는 사마귀를 일으키는 유두종 바이러스 군",local,2,불임,,,0.3135512380413321,,5.0,3.135512380413321,2.2727272727272725,2.790398337338902,False
2026-07-30,Product Approval,2026-07-31 06:12:00,Naver News,https://www.hitnews.co.kr/news/articleView.html?idxno=78067,"국내 사망률 2위 간암…'STRIDE' 요법, 간 기능 유지·순차치료 도움",간세포암은 상당수 환자가 진행성 간세포암 단계에서 진단을 받는다. 또한 환자 대부분은 B·C형 간염과 간경변증 등 기저 간 질환 때문에 간 기능이 저하된 상태에서 치료를 시작해 치료 선택에 제한이 생기는 경우도 많다.1차 치료만으로 완치에 도달하는 환자 수가 많지 않아서 2차 치료로 넘어가게 되기 때문에 기존 치료와 다른 기전의 약제를 사용하는 순차치료의 중요성이 강조된다.히트뉴스는 이영선 고대구로병원 소화기내과 교수를 만나 간세포암에서 순차치료의 중요성과 'STRIDE' 요법에 관해 들어봤다.이영선 교수에 따르면 간 기능이 저하될.,간세포암은 상당수 환자가 진행성 간세포암 단계에서 진단을 받는다. 또한 환자 대부분은 B·C형 간염과 간경변증 등 기저 간 질환 때문에 간 기능이 저하된 상태에서 치료를 시작해 치료 선택에 제한이 생기는 경우도 많다.1차 치료만으로 완치에 도달하는 환자 수가 많지 않아서 2차 치료로 넘어가게 되기 때문에 기존 치료와 다른 기전의 약제를 사용하는 순차치료의 중요성이 강조된다.히트뉴스는 이영선 고대구로병원 소화기내과 교수를 만나 간세포암에서 순차치료의 중요성과 'STRIDE' 요법에 관해 들어봤다.이영선 교수에 따르면 간 기능이 저하될,local,2,신약,,,0.25053481300977115,,7.0,2.5053481300977114,3.1818181818181817,2.7759361507858995,False
2026-07-30,BD,2026-07-31 07:02:00,Naver News,http://www.whosaeng.com/sub_read.html?uid=172551&section=sc1,"≪후생신보≫ 24년 바이오헬스산업 매출 164조5,900억 원…제약 매출 55조 원으로 최대","국내 바이오헬스산업의 2024년 총매출액이 164조 5,900억 원을 기록했으며, 종사자 수는 40만 명에 육박한 것으로 나타났다.","【후생신보】 국내 바이오헬스산업의 2024년 총매출액이 164조 5,900억 원을 기록했으며, 종사자 수는 40만 명에 육박한 것으로 나타났다. 또한 연구개발(R",local,10,제휴,,,0.2497167474657325,,7.0,2.497167474657325,3.1818181818181817,2.7710277575216677,False
2026-07-30,Client,2026-07-26 06:00:00,Naver News,https://www.news1.kr/bio/pharmaceutical-bio/6238486,"달아오른 ADC 경쟁…K-바이오, 차세대 항암제 '속도'","Access Denied You don't have permission to access ""http://www.news1.kr/bio/pharmaceutical-bio/6238486"" on this server. Reference #18.b768c917.1785449479.53b3e067 https://errors.edgesuite.net/18.b768c917.1785449479.53b3e067.","Access Denied
You don't have permission to access ""http://www.news1.kr/bio/pharmaceutical-bio/6238486"" on this server.
Reference #18.b768c917.1785449479.53b3e067
https://errors.edgesuite.net/18.b768c917.1785449479.53b3e067",local,10,아스텔라스,,,0.24932864472277871,,7.0,2.493286447227787,3.1818181818181817,2.768699141063945,False
2026-07-30,BD,2026-07-31 06:02:00,Naver News,https://www.yakup.com/news/index.html?mode=view&cat=12&nid=330482,"[약업신문]바이오젠, 신약 성장에 2026년 매출 전망 ‘감소→증가’ 전환","바이오젠이 알츠하이머병과 희귀질환, 산후우울증 치료제 등 신규 의약품의 성장과 아펠리스 파마슈티컬스(Apellis Pharmaceuticals) 인수 효과에 힘입어 2026년 매출 전망을 상향했다. 기존 다발성경화증(MS) 포...","바이오젠이 알츠하이머병과 희귀질환, 산후우울증 치료제 등 신규 의약품의 성장과 아펠리스 파마슈티컬스(Apellis Pharmaceuticals) 인수 효과에 힘입어 2026년 매출 전망을 상향했다. 기존 다발성경화증(MS) 포...",local,10,인수,,,0.17694390436943946,,9.0,1.7694390436943945,4.090909090909091,2.698027062580273,False
2026-07-30,Client,2026-07-30 15:42:00,Naver News,https://www.pharmnews.com/news/articleView.html?idxno=305295,글로벌 상위 25개 제약사 R&D 지출 45%↑ 신약과제는 32%↓ - 팜뉴스,글로벌 제약 산업 데이터 분석 기업 노스텔라(Norstella)가 상위 25개 제약사의 연구개발 생산성과 상업화 성과를 평가한 지표를 28.,[팜뉴스=우정민 기자] 글로벌 제약 산업 데이터 분석 기업 노스텔라(Norstella)가 상위 25개 제약사의 연구개발 생산성과 상업화 성과를 평가한 지표를 28,local,10,화이자,,,0.22288994804647705,,7.0,2.2288994804647704,3.1818181818181817,2.610066961006135,False
2026-07-30,Client,2026-07-30 14:40:00,Naver News,http://www.dailypop.kr/news/articleView.html?idxno=101077,"[기획] 종근당, 고혈압 3상부터 톡신 우울증 임상까지…신약 파이프라인 전방위 확장","종근당의 신약 파이프라인이 여러 질환 영역에서 동시에 진전을 보이고 있다. 고혈압 복합 신약 CKD-339가 국내 임상 3상에 진입했고, 계열사 종근당바이오의 보툴리눔 톡신 '티엠버스주'는 미용 분야를 넘어 주요우울장애 치료제로 미국 임상 1상 승인을 받았다.여기에 퇴행성 신경질환 후보물질 CKD-513의 국제학회 성과와 노바티스에 기술이전한 CKD-510의 임상 2상 진행까지 겹치면서, 신약·기술·바이오 3개 축으로 재편한 R&D 조직 체계가 성과로 이어지는 모습이다.효종연구소 기능 분리…아첼라·뉴라테온 잇달아 출범.","종근당의 신약 파이프라인이 여러 질환 영역에서 동시에 진전을 보이고 있다. 고혈압 복합 신약 CKD-339가 국내 임상 3상에 진입했고, 계열사 종근당바이오의 보툴리눔 톡신 &#39;티엠버스주&#39;는 미용 분야를 넘어 주요우울장애 치료제로 미국 임상 1상 승인을 받았다.여기에 퇴행성 신경질환 후보물질 CKD-513의 국제학회 성과와 노바티스에 기술이전한 CKD-510의 임상 2상 진행까지 겹치면서, 신약·기술·바이오 3개 축으로 재편한 R&D 조직 체계가 성과로 이어지는 모습이다.효종연구소 기능 분리…아첼라·뉴라테온 잇달아 출범",local,10,노바티스,,,0.43433328981156766,,0.0,4.343332898115676,0.0,2.605999738869406,False
2026-07-30,BD,2026-07-31 07:02:00,Naver News,https://www.thebell.co.kr/free/content/ArticleView.asp?key=202607300631178340106837,"[더벨]휴이노, 기술성 평가 신청 '상장 재도전'…주관사 하나증권",양사는 2022년 메모패치 국내 판권계약을 체결한 뒤 상급종합병원과 종합병원을 중심으로 공급처를 확대했다. 협업 범위도 넓어졌다. 지난해에는 AI 기반 스마트 원내 모니터링 솔루션 메모큐의 국내 판권계약을... ,양사는 2022년 메모패치 국내 판권계약을 체결한 뒤 상급종합병원과 종합병원을 중심으로 공급처를 확대했다. 협업 범위도 넓어졌다. 지난해에는 AI 기반 스마트 원내 모니터링 솔루션 메모큐의 국내 판권계약을... ,local,10,판권,,,0.13057053153441292,,10.0,1.3057053153441291,4.545454545454545,2.6016050073882955,False
2026-07-30,BD,2026-07-24 17:43:00,Naver News,https://www.mt.co.kr/thebio/2026/07/24/2026072417150762375,"삼성바이오에피스, 2분기 숨고르기…""연매출 목표 1.8조 변화 無"" - 머니투데이",다만 하반기 제품 공급 정상화와 주요 시장에서의 수요 확대를 바탕으로 하반기에 1조원 이상의 매출을 내며 연간 실적 경신을 자신하고 있다. 바이오시밀러(바이오의약품 복제약) 규제 완화 흐름의 수혜를 볼 것으로 기대되는 가운데 신약 개발도 순항하며 중장기 성장 기반도 확대 중이다.,다만 하반기 제품 공급 정상화와 주요 시장에서의 수요 확대를 바탕으로 하반기에 1조원 이상의 매출을 내며 연간 실적 경신을 자신하고 있다. 바이오시밀러(바이오의약품 복제약) 규제 완화 흐름의 수혜를 볼 것으로 기대되는 가운데 신약 개발도 순항하며 중장기 성장 기반도 확대 중이다.,local,10,오가논,,,0.2213349367230095,,7.0,2.213349367230095,3.1818181818181817,2.6007368930653296,False
2026-07-30,BD,2026-07-31 07:02:00,Naver News,https://www.thebell.co.kr/free/content/ArticleView.asp?key=202607301443410280108277,"[더벨]젠큐릭스, 진스웰 BCT 기술계약 9월 종료 ""사업 영향 없다""",ABN401은 c-MET 변이를 표적으로 하는 항암제다. 젠큐릭스는 치료 대상 환자를 선별하는 진단키트 'Droplex cMET Exon 14 Skipping' 개발을 마쳤다. 해당 제품은 MET 엑손14 스키핑 변이를 검출하는 제품으로 유럽 체외진단의료기기... ,ABN401은 c-MET 변이를 표적으로 하는 항암제다. 젠큐릭스는 치료 대상 환자를 선별하는 진단키트 'Droplex cMET Exon 14 Skipping' 개발을 마쳤다. 해당 제품은 MET 엑손14 스키핑 변이를 검출하는 제품으로 유럽 체외진단의료기기... ,local,10,항암제,,,0.12655305614963827,,10.0,1.2655305614963828,4.545454545454545,2.577500155079648,False
2026-07-30,Product Approval,2026-07-31 00:20:00,Naver News,https://www.pharmnews.com/news/articleView.html?idxno=305292,"오말리주맙, 다중 음식알레르기 치료 안전성 우위 확인 - 팜뉴스",여러 음식에 알레르기가 있는 환자를 대상으로 알레르기 주사제 오말리주맙(Omalizumab)과 음식을 조금씩 섭취해 적응력을 높이는 다중.,[팜뉴스=우정민 기자] 여러 음식에 알레르기가 있는 환자를 대상으로 알레르기 주사제 오말리주맙(Omalizumab)과 음식을 조금씩 섭취해 적응력을 높이는 다중,local,2,용량,,,0.21352847633174132,,7.0,2.1352847633174132,3.1818181818181817,2.5538981307177204,False
2026-07-30,Client,2026-07-30 13:26:00,Naver News,https://www.kpanews.co.kr/news/articleView.html?idxno=539499,"한국애브비, 스카이리치 최신 임상 공개…건선 맞춤 치료 전략 제시 - 약사공론",한국애브비는 지난 25일부터 26일까지 이틀간 전국 피부과 전문의 140명이 참석한 가운데 'SKY HIGH Symposium'을 열고 IL-23 억제제 스카이리.,한국애브비는 지난 25일부터 26일까지 이틀간 전국 피부과 전문의 140명이 참석한 가운데 'SKY HIGH Symposium'을 열고 IL-23 억제제 스카이리,local,10,애브비,,,0.42244109799273677,,0.0,4.2244109799273675,0.0,2.5346465879564204,False
2026-07-30,Client,2026-07-29 17:33:00,Naver News,https://www.newsis.com/view/NISX20260729_0003728694,"""희귀 간질환 치료 접근성 높여야""…국회서 토론회","""저는 25년 동안 진단을 기다렸고, 치료를 기다렸고, 희망을 기다렸습니다. 해외 환자들은 치료제를 사용하고 있지만 우리나라는 건강보험 적용이 되지 않아 사용할 수 없습니다. 저는 아직도 치료를 기다리고 있습니다.""희귀 간질환인 원발성 담즙성 담관염(PBC) 환자인 권영숙씨는 이날 오후 국회도서관 소강당에서 열린 '여성 희귀 ..","[서울=뉴시스]이소헌 기자 = ""저는 25년 동안 진단을 기다렸고, 치료를 기다렸고, 희망을 기다렸습니다. 해외 환자들은 치료제를 사용하고 있지만 우리나라는 건강보험 적용이 되지 않아 사용할 수 없습니다. 저는 아직도 치료를 기다리고 있습니다.""희귀 간질환인 원발성 담즙성 담관염(PBC) 환자인 권영숙씨는 이날 오후 국회도서관 소강당에서 열린 '여성 희귀 ..",local,10,입센,,,0.20850274287500017,,7.0,2.085027428750002,3.1818181818181817,2.523743729977274,False
2026-07-30,Product Approval,2026-07-31 00:20:00,Naver News,https://www.pharmnews.com/news/articleView.html?idxno=305296,"품질 신뢰성으로 FDA 뚫은 CMG제약 '메조피', 북미시장 공략 시동 - 팜뉴스",CMG제약의 조현병 치료제 '메조피'가 5년 만에 미국 식품의약국(FDA)의 품목허가를 획득하며 기술력을 입증했다. 국내 최초의 구강용해필.,[팜뉴스=김응민 기자] CMG제약의 조현병 치료제 '메조피'가 5년 만에 미국 식품의약국(FDA)의 품목허가를 획득하며 기술력을 입증했다. 국내 최초의 구강용해필,local,2,적응증,,,0.19301350418437674,,7.0,1.9301350418437675,3.1818181818181817,2.4308082978335332,False
2026-07-30,BD,2026-07-24 13:40:00,Naver News,https://www.medicopharma.co.kr/news/articleView.html?idxno=68853,글로벌 바이오 자금 흐름 살아나는데…국내 시장은 악재에 더 민감,"글로벌 제약·바이오 산업에서 인수합병(M&A)과 기업공개(IPO), 미국 식품의약국(FDA) 신약 승인이 동시에 회복 흐름을 보이고 있다. 빅파마의 특허 만료에 따른 매출 공백이 M&A 수요를 뒷받침하고, 미국 IPO 시장에서는 임상 2상 이상 단계의 기.","[메디코파마뉴스=정재노 기자] 글로벌 제약·바이오 산업에서 인수합병(M&A)과 기업공개(IPO), 미국 식품의약국(FDA) 신약 승인이 동시에 회복 흐름을 보이고 있다. 빅파마의 특허 만료에 따른 매출 공백이 M&A 수요를 뒷받침하고, 미국 IPO 시장에서는 임상 2상 이상 단계의 기",local,10,오가논,,,0.3982671381554366,,0.0,3.9826713815543657,0.0,2.3896028289326194,False
2026-07-30,Client,2026-07-30 06:00:00,Naver News,https://www.pharmnews.com/news/articleView.html?idxno=305265,인제니아 8월 상장 임박...큐라클 'Tie2' 신약 가치 덩달아 '주목' - 팜뉴스,"혈관질환 치료 패러다임이 단순 억제를 넘어 근본적인 '혈관 정상화'로 전환되는 가운데, 차세대 표적인 'Tie2' 수용체가 제약바이오 업계.","[팜뉴스=김응민 기자] 혈관질환 치료 패러다임이 단순 억제를 넘어 근본적인 '혈관 정상화'로 전환되는 가운데, 차세대 표적인 'Tie2' 수용체가 제약바이오 업계",local,10,사노피,,,0.1852068564063174,,7.0,1.852068564063174,3.1818181818181817,2.383968411165177,False
2026-07-30,BD,2026-07-30 09:18:00,Naver News,https://www.mdtoday.co.kr/news/articleView.html?idxno=606438,질병청 항소도 기각…코로나19 백신 피해보상 유족 2심도 승소 - 메디컬투데이,"질병관리청이 코로나19 백신 접종 후 사망한 환자에 대한 피해보상을 인정한 1심 판결에 불복해 항소했지만, 항소심에서도 유족이.","[mdtoday = 김미경 기자] 질병관리청이 코로나19 백신 접종 후 사망한 환자에 대한 피해보상을 인정한 1심 판결에 불복해 항소했지만, 항소심에서도 유족이",local,10,화이자,,,0.18163974699438756,,7.0,1.8163974699438756,3.1818181818181817,2.3625657546935983,False
2026-07-30,Product Approval,2026-07-31 05:24:00,Naver News,https://www.dailymedi.com/news/news_view.php?wr_id=938935,"자큐보 구강붕해정, 서울아산 이어 경희대병원 진입","P-CAB 시장 경쟁은 더욱 치열해지는 분위기다. HK이노엔 ‘케이캡’을 중심으로 대웅제약 ‘펙수클루’, 온코닉테라퓨틱스 ‘자큐보’가 적응증 확대 및 제형을 통해 차별화에 나서고 있다.","P-CAB 시장 경쟁은 더욱 치열해지는 분위기다. HK이노엔 ‘케이캡’을 중심으로 대웅제약 ‘펙수클루’, 온코닉테라퓨틱스 ‘자큐보’가 적응증 확대 및 제형을 통해 차별화에 나서고 있다.",local,2,적응증,,,0.39295501432594737,,0.0,3.9295501432594735,0.0,2.357730085955684,False
2026-07-30,Client,2026-07-30 16:06:00,Naver News,https://www.ekn.kr/web/view.php?key=20260730024337971,"현대약품 ‘헬씨올리고 팝’, 새 얼굴로 AI 걸그룹 ‘스위티즈’ 선정",현대약품이 듀얼바이오틱스 탄산음료 브랜드 `헬씨올리고 팝`의 새로운 얼굴로 AI 걸그룹 `스위티즈`를 선정했다고 밝혔다. 스위티즈는 AI 오디션 프로젝트인 `PRODUCE9`에 참..,현대약품이 듀얼바이오틱스 탄산음료 브랜드 `헬씨올리고 팝`의 새로운 얼굴로 AI 걸그룹 `스위티즈`를 선정했다고 밝혔다. 스위티즈는 AI 오디션 프로젝트인 `PRODUCE9`에 참..,local,10,현대약품,,,0.17021363556932148,,7.0,1.7021363556932148,3.1818181818181817,2.2940090861432014,False
2026-07-30,Client,2026-07-31 06:01:00,Naver News,https://www.etnews.com/20260729000118,[테크 차이나] PoC 끝은 조달이다…중국 오픈이노베이션 병목과 한국 선...,아스트라제네카가 장쑤성 우시시 정부 및 우시고신구와 함께 조성한 아이캠퍼스는 의약품·의료기기·진단·디지털헬스를 병원·정부·대학·투자기관과 연결한다. 바이오 개방혁신은 공간만으로 작동하지 않는다.... ,아스트라제네카가 장쑤성 우시시 정부 및 우시고신구와 함께 조성한 아이캠퍼스는 의약품·의료기기·진단·디지털헬스를 병원·정부·대학·투자기관과 연결한다. 바이오 개방혁신은 공간만으로 작동하지 않는다.... ,local,10,아스트라제네카,,,0.16726761102035392,,7.0,1.6726761102035392,3.1818181818181817,2.2763329388493965,False
2026-07-30,Supply Issues,2026-07-28 12:28:00,Naver News,https://www.kpanews.co.kr/news/articleView.html?idxno=539328,[기고] 작은 약국도 누군가에게는 생명줄이다 - 약사공론,"하루는 약국 문을 열려고 가니 문 옆에서 40대 초반쯤 되는 여성분이 내가 출근하기를 기다리고 있다. 꽤나 오래 기다린 모양이다. 사연을 들어보니, 청소년인 딸아.","하루는 약국 문을 열려고 가니 문 옆에서 40대 초반쯤 되는 여성분이 내가 출근하기를 기다리고 있다. 꽤나 오래 기다린 모양이다. 사연을 들어보니, 청소년인 딸아",local,2,품귀,,,0.22038142754887466,,5.0,2.2038142754887464,2.2727272727272725,2.231379474384157,False
2026-07-30,BD,2026-07-29 06:30:00,Naver News,https://www.ngetnews.com/news/articleView.html?idxno=551910,"'유의성 입증 실패' 코오롱티슈진, FDA 허가 전략 전면 수정 불가피",코오롱티슈진이 골관절염 치료제 'TG-C'의 미국 임상 3상 1차 시험에서 핵심 평가지표 충족에 실패했다. 코오롱티슈진은 오는 10월 발표될 2차 임상 결과와 병행 분석해 미국 식품의약국(FDA) 승인을 추진할 계획이다. 통계적 유의성을 확보하지 못한 상황에서 시장의 신뢰를 얻을지는.,코오롱티슈진이 골관절염 치료제 'TG-C'의 미국 임상 3상 1차 시험에서 핵심 평가지표 충족에 실패했다. 코오롱티슈진은 오는 10월 발표될 2차 임상 결과와 병행 분석해 미국 식품의약국(FDA) 승인을 추진할 계획이다. 통계적 유의성을 확보하지 못한 상황에서 시장의 신뢰를 얻을지는,local,10,생물학적제제,,,0.36894245678753473,,0.0,3.6894245678753474,0.0,2.2136547407252083,False
2026-07-30,BD,2026-07-30 06:01:00,Naver News,https://biz.chosun.com/science-chosun/bio/2026/07/30/O4DBUS3YNFG67HPVGGU3TNAQHA/?utm_source=naver&utm_medium=original&utm_campaign=biz,"‘펜타닐 대안’ 노리는 非마약성 진통제 ‘어나프라’…비보존, 만성 통증 확대하고 美 3상 재도전","펜타닐 대안 노리는 非마약성 진통제 어나프라비보존, 만성 통증 확대하고 美 3상 재도전 반복 투여 임상서 통증 개선 확인만성 통증 치료로 영역 확대 추진   美 FDA와 3상 설계 협의연내 IND 재신청·기술이전 추진.","펜타닐 대안 노리는 非마약성 진통제 어나프라비보존, 만성 통증 확대하고 美 3상 재도전 반복 투여 임상서 통증 개선 확인만성 통증 치료로 영역 확대 추진   美 FDA와 3상 설계 협의연내 IND 재신청·기술이전 추진",local,10,다이이찌산쿄,,,0.35965762031755777,,0.0,3.5965762031755775,0.0,2.1579457219053464,False
2026-07-30,Client,2026-07-26 06:00:00,Naver News,https://www.hitnews.co.kr/news/articleView.html?idxno=77882,판 커진 넥틴-4 ADC… 2조6천억 시장에 삼성바이오에피스도 가세,"삼성바이오에피스가 인투셀과 넥틴-4(Nectin-4) 표적 항체약물접합체(ADC) 후보물질 'SBE303'의 글로벌 개발 및 상업화를 위한 본계약을 체결하면서 국내 넥틴-4 ADC 개발 경쟁도 한층 달아오를 전망이다.이번 계약은 공동연구를 통해 확보한 첫 번째 후보물질을 본격적인 개발 단계로 넘겼다는 점에서 의미가 크다. 2023년 최대 5개 ADC 후보물질 공동 발굴을 목표로 시작한 협력이 실제 기술도입으로 이어진 첫 사례로, 업계에서는 삼성바이오에피스의 오픈이노베이션 전략이 탐색 단계를 넘어 실행 단계에 진입한 신호로도 해석하고.","삼성바이오에피스가 인투셀과 넥틴-4(Nectin-4) 표적 항체약물접합체(ADC) 후보물질 'SBE303'의 글로벌 개발 및 상업화를 위한 본계약을 체결하면서 국내 넥틴-4 ADC 개발 경쟁도 한층 달아오를 전망이다.이번 계약은 공동연구를 통해 확보한 첫 번째 후보물질을 본격적인 개발 단계로 넘겼다는 점에서 의미가 크다. 2023년 최대 5개 ADC 후보물질 공동 발굴을 목표로 시작한 협력이 실제 기술도입으로 이어진 첫 사례로, 업계에서는 삼성바이오에피스의 오픈이노베이션 전략이 탐색 단계를 넘어 실행 단계에 진입한 신호로도 해석하고",local,10,아스텔라스,,,0.1076494525520115,,8.0,1.076494525520115,3.6363636363636367,2.1004421698575237,False
2026-07-30,BD,2026-07-31 06:02:00,Naver News,https://www.dailypharm.com/user/news/340999?REFERER=NP,"[데일리팜]'울토미리스', 신질환 영토 확장…이식합병증은 제동",울토미리스가 희귀질환 적응증 확대를 이어가는 가운데 조혈모세포이식 후 혈전성 미세혈관병증에서는 성인 대상 임상 3상이 목표를 달성하지 못했다. 반면 IgA신병증 적응증은 미국 식품의약국(FDA) 우선심사에 들어가면서 희귀질환 포트폴리오 확장 전략은 계속되고 있다. 30일 관련 업계에 따르면 아스트라제네카는 최근 조혈모세포이식 후 혈전성 미세혈관병증 환자를 대상으로 진행….,울토미리스가 희귀질환 적응증 확대를 이어가는 가운데 조혈모세포이식 후 혈전성 미세혈관병증에서는 성인 대상 임상 3상이 목표를 달성하지 못했다. 반면 IgA신병증 적응증은 미국 식품의약국(FDA) 우선심사에 들어가면서 희귀질환 포트폴리오 확장 전략은 계속되고 있다. 30일 관련 업계에 따르면 아스트라제네카는 최근 조혈모세포이식 후 혈전성 미세혈관병증 환자를 대상으로 진행…,local,10,합병,,,0.33927535152401167,,0.0,3.3927535152401167,0.0,2.03565210914407,False
2026-07-30,BD,2026-07-30 06:06:00,Naver News,https://www.medipana.com/news/articleView.html?idxno=415220,"AZ·GSK, 신약 성장 힘입어 실적 선방…후기 R&D 확대 - 메디파나뉴스",아스트라제네카,[메디파나뉴스 = 조해진 기자] 아스트라제네카(AZ)와 GSK가 올해 2분기 주력 신약의 성장에 힘입어 견조한 실적을 거뒀다. 두 회사는 후기 연구개발(R&D),local,10,GSK,,,0.12639933486720106,,7.0,1.2639933486720105,3.1818181818181817,2.031123281930479,False
2026-07-30,BD,2026-07-27 06:00:00,Naver News,https://daily.hankooki.com/news/articleView.html?idxno=1388334,"[파이프라인 돋보기] 에이비엘바이오, 기술수출 성과 잇는다…후기 임상 확대","에이비엘바이오가 잇단 플랫폼 기술수출 성과를 바탕으로 핵심 파이프라인의 임상 개발에 속도를 내고 있다. 뇌혈관장벽(BBB) 셔틀 ‘그랩바디-B’와 4-1BB 면역항암 플랫폼 ‘그랩바디-T’, 항체약물접합체(ADC)를 중심으로 후기 개발 단계 진입과 파이프라인 확장을 함께 추진하고 있다.◇사노피·GSK·릴리 잇단 계약…빅파마로 입증한 경쟁력에이비엘바이오는 그동안 빅파마와 잇달아 기술이전 계약을 성사시키며 글로벌 경쟁력을 입증해왔다.대표적인 성과는 BBB 셔틀 플랫폼 ‘그랩바디-B’를 기반으로 한 기술이전이다.","[데일리한국 최성수 기자] 에이비엘바이오가 잇단 플랫폼 기술수출 성과를 바탕으로 핵심 파이프라인의 임상 개발에 속도를 내고 있다. 뇌혈관장벽(BBB) 셔틀 ‘그랩바디-B’와 4-1BB 면역항암 플랫폼 ‘그랩바디-T’, 항체약물접합체(ADC)를 중심으로 후기 개발 단계 진입과 파이프라인 확장을 함께 추진하고 있다.◇사노피·GSK·릴리 잇단 계약…빅파마로 입증한 경쟁력에이비엘바이오는 그동안 빅파마와 잇달아 기술이전 계약을 성사시키며 글로벌 경쟁력을 입증해왔다.대표적인 성과는 BBB 셔틀 플랫폼 ‘그랩바디-B’를 기반으로 한 기술이전이다",local,10,생물학적제제,,,0.08787295955945257,,8.0,0.8787295955945257,3.6363636363636367,1.98178321190217,False
2026-07-30,BD,2026-07-30 17:38:00,Naver News,http://www.tjb.co.kr/sub0301/bodo/view/id/101742,테크윙 'HBM 검사장비' 천안서 증설…국민성장펀드 500억 대출,"6건에는 차세대 바이오 백신과 미래모빌리티·방산, 소버린 AI 생태계 확장, 에너지 인프라 구축, 새만금 첨단벨트가 포함돼 있습니다. 테크윙 지원은 메가프로젝트가 아닌 일반 프로젝트로 분류됐습니다.... ","6건에는 차세대 바이오 백신과 미래모빌리티·방산, 소버린 AI 생태계 확장, 에너지 인프라 구축, 새만금 첨단벨트가 포함돼 있습니다. 테크윙 지원은 메가프로젝트가 아닌 일반 프로젝트로 분류됐습니다.... ",local,10,백신,,,0.11404468307520353,,7.0,1.1404468307520352,3.1818181818181817,1.9569953711784938,False
2026-07-30,Client,2026-07-30 11:37:00,Naver News,https://biz.heraldcorp.com/article/10825615?ref=naver,"서울성모병원, 아태지역 TAVI 우수센터 국내 최초 지정",가톨릭대 서울성모병원 심뇌혈관병원이 미국 애보트(Abbott)사의 국내 첫 경피적 대동맥판막 치환술 (TAVI) 분야 ‘아시아·태평양 지역 우수센터 (Asia-Pacific Center of.,가톨릭대 서울성모병원 심뇌혈관병원이 미국 애보트(Abbott)사의 국내 첫 경피적 대동맥판막 치환술 (TAVI) 분야 ‘아시아·태평양 지역 우수센터 (Asia-Pacific Center of,local,10,애보트,,,0.10977928473209338,,7.0,1.0977928473209337,3.1818181818181817,1.9314029811198328,False
2026-07-30,Client,2026-07-29 10:22:00,Naver News,https://www.kpanews.co.kr/news/articleView.html?idxno=539410,"한국머크 헬스케어, 고령 난임 치료 해법 모색…인천 심포지엄 개최 - 약사공론","한국머크 헬스케어가 수도권 난임 전문의를 대상으로 최신 치료 전략과 임상 경험을 공유하는 학술 심포지엄을 열고, 고령 난임 환자를 위한 맞춤형 난소 자극 치료 방.","한국머크 헬스케어가 수도권 난임 전문의를 대상으로 최신 치료 전략과 임상 경험을 공유하는 학술 심포지엄을 열고, 고령 난임 환자를 위한 맞춤형 난소 자극 치료 방",local,10,머크,,,0.3035352515918132,,0.0,3.0353525159181323,0.0,1.8212115095508792,False
2026-07-30,Client,2026-07-30 14:26:00,Naver News,http://www.smedaily.co.kr/news/articleView.html?idxno=361052,"에이비엘바이오, 뇌질환 정복 '도전장'",에이비엘바이오가 빅파마마저 좌절시켰던 혈뇌장벽(BBB) 정복에 도전장을 던졌다. 다.30일 업계에 따르면 에이비엘바이오의 그랩바디-B가 뇌에 문제가 생기는 퇴행성 뇌질환·정신질환 영역 등의 약물과 결합하면 약의 독성도 완화하고 투과율도 향상시킬 수 있는 것으로 나타났다. 그랩바디-B는 특정 수용체에 선택적으로 결합함으로써 약물을 혈뇌장벽 안으로 흘려보내는 역할을 한다.기존 항체 치료제 등 고분자 약물은 0.1% 미만만 뇌로 전달되고 99.9%는 몸 밖으로 배출된다.,에이비엘바이오가 빅파마마저 좌절시켰던 혈뇌장벽(BBB) 정복에 도전장을 던졌다. 다.30일 업계에 따르면 에이비엘바이오의 그랩바디-B가 뇌에 문제가 생기는 퇴행성 뇌질환·정신질환 영역 등의 약물과 결합하면 약의 독성도 완화하고 투과율도 향상시킬 수 있는 것으로 나타났다. 그랩바디-B는 특정 수용체에 선택적으로 결합함으로써 약물을 혈뇌장벽 안으로 흘려보내는 역할을 한다.기존 항체 치료제 등 고분자 약물은 0.1% 미만만 뇌로 전달되고 99.9%는 몸 밖으로 배출된다. 뇌로 약물이 전달되지 못하도록 막는 혈뇌장벽이 존재하는 탓이다. 그,local,10,사노피,,,0.08973121629236042,,7.0,0.8973121629236042,3.1818181818181817,1.8111145704814353,False
2026-07-30,Therapeutic Areas,2026-07-30 04:00:00,Naver News,http://weekly.chosun.com/news/articleView.html?idxno=53762,男 정자도 실험실서 만든다,"전 세계 남성들이 정자 수 급감으로 인한 ‘생식 위기’에 직면한 가운데, 최근 미국 과학자들이 실험실에서 정자를 배양하는 데 성공해 불임 치료의 새 지평을 열었다. 연구의 시작은 남성의 ‘혈액 세포’였다. 혈액 세포로 유도한 줄기세포를 정자로 분화시킨 것이다. 과연 이 어려운 기술은 어떤 원리로 가능했던 것일까. 지금까지 실험실 환경에서 인간의 정자를 만드는 것은 이루기 힘든 기술로 여겨왔다.","전 세계 남성들이 정자 수 급감으로 인한 ‘생식 위기’에 직면한 가운데, 최근 미국 과학자들이 실험실에서 정자를 배양하는 데 성공해 불임 치료의 새 지평을 열었다. 연구의 시작은 남성의 ‘혈액 세포’였다. 혈액 세포로 유도한 줄기세포를 정자로 분화시킨 것이다. 과연 이 어려운 기술은 어떤 원리로 가능했던 것일까. 지금까지 실험실 환경에서 인간의 정자를 만드는 것은 이루기 힘든 기술로 여겨왔다. 하지만 미국 펜실베이니아대 의대 사사키 코타로 교수 연구팀이 이 장벽을 깼다. 연구팀은 먼저 성인의 혈액 세포에 ‘역분화 유전자’를 주입해,",local,2,불임,,,0.13389374989802239,,5.0,1.3389374989802239,2.2727272727272725,1.7124534084790435,False
2026-07-30,Client,2026-07-30 06:01:00,Naver News,https://biz.chosun.com/science-chosun/bio/2026/07/30/3WGKTH2FIZCQBM237F2C7EVR6Y/?utm_source=naver&utm_medium=original&utm_campaign=biz,‘틱톡’ 모회사도 뛰어든 AI 신약 개발…불붙은 설계·검증 속도전,틱톡 모회사도 뛰어든 AI 신약 개발불붙은 설계·검증 속도전 바이트댄스 프로테닉스 공개에 업계 술렁 구조 예측 넘어 항체·단백질 직접 설계 시대 美·中 바이오 AI 패권 경쟁 갤럭스·프로티나 등도 사업화 속도 관건은 설계 성공률과 검증 속도.,틱톡 모회사도 뛰어든 AI 신약 개발불붙은 설계·검증 속도전 바이트댄스 프로테닉스 공개에 업계 술렁 구조 예측 넘어 항체·단백질 직접 설계 시대 美·中 바이오 AI 패권 경쟁 갤럭스·프로티나 등도 사업화 속도 관건은 설계 성공률과 검증 속도,local,10,노바티스,,,0.05906745769639164,,7.0,0.5906745769639165,3.1818181818181817,1.6271320189056226,False
2026-07-30,BD,2026-07-30 05:38:00,Naver News,https://www.etoday.co.kr/news/view/2608859,"기술성평가 고배 딛고 반전…'사노피 딜' 아델, 다음 승부는 후속 신약[IPO 엑스레이]",퇴행성 뇌질환 신약개발사 아델이 치매 극복을 지향하는 메시지를 담은 로고가 29일 상장 예비심사 청구와 함께 공개되고 있다.,▲퇴행성 뇌질환 신약개발사 아델이 치매 극복을 지향하는 메시지를 담은 로고가 29일 상장 예비심사 청구와 함께 공개되고 있다. (아델)[편집자 주],local,10,사노피,,,0.05623502363293474,,7.0,0.5623502363293474,3.1818181818181817,1.6101374145248812,False
2026-07-30,Therapeutic Areas,2026-07-31 00:58:00,Naver News,http://www.ttlnews.com/news/articleView.html?idxno=3130315,"전주시, 신생아 중환자실 전문의 부족 간담회 개최…고위험 신생아·응급체계 강화 논의 - 퍼블릭뉴스통신(Public news-network for TTL)",전주시가 전북대학교병원 신생아중환자실 전문의의 사직 의사 표명으로 불거진 고위험 신생아 진료공백 우려에 대응하기 위해 지역 의료기관과 협력체계 강화에 나섰다.전주.,전주시가 전북대학교병원 신생아중환자실 전문의의 사직 의사 표명으로 불거진 고위험 신생아 진료공백 우려에 대응하기 위해 지역 의료기관과 협력체계 강화에 나섰다.전주,local,2,난임,,,0.11323919577472384,,5.0,1.1323919577472383,2.2727272727272725,1.588526083739252,False
2026-07-30,Therapeutic Areas,2026-07-30 20:36:00,Naver News,https://www.cstimes.com/news/articleView.html?idxno=715264,"""암세포를 세균으로 위장"" 인하대, 차세대 면역항암 'BAMPIRE' 기술 개발",컨슈머타임스=안성렬 기자 | 인하대학교 연구진이 암세포를 외부 침입자인 세균으로 착각하게 만들어 인체 면역세포가 스스로 암을 공격하도록 유도하는 차세대 면역항암 기술을 공개해 세계 학계의 주목을 받고 있다.인하대는 전태준 생명공학과 교수와 김선민 기계공학과 교수 공동연구팀이 대장암 및 삼중음성유방암 등 다양한 고형암 치료에 범용 적용할 수 있는 BAMPIRE 기술을 완성했다고 밝혔다.이번 연구 결과는 암세포 표면에 세균 유래 분자 패턴을 정교하게 결합해 암세포를 병원체처럼 재프로그래밍하는 신개념 항암 플랫폼 'BAMPIRE'(Bac.,컨슈머타임스=안성렬 기자 | 인하대학교 연구진이 암세포를 외부 침입자인 세균으로 착각하게 만들어 인체 면역세포가 스스로 암을 공격하도록 유도하는 차세대 면역항암 기술을 공개해 세계 학계의 주목을 받고 있다.인하대는 전태준 생명공학과 교수와 김선민 기계공학과 교수 공동연구팀이 대장암 및 삼중음성유방암 등 다양한 고형암 치료에 범용 적용할 수 있는 BAMPIRE 기술을 완성했다고 밝혔다.이번 연구 결과는 암세포 표면에 세균 유래 분자 패턴을 정교하게 결합해 암세포를 병원체처럼 재프로그래밍하는 신개념 항암 플랫폼 'BAMPIRE'(Bac,local,2,항암제,,,0.2508783027837452,,0.0,2.5087830278374517,0.0,1.505269816702471,False
2026-07-30,Client,2026-07-30 08:32:00,Naver News,https://www.edaily.co.kr/news/newspath.asp?newsid=03135686645519768,"셀비온, 머크와 키트루다 병용임상 착수...기업가치 더 커진다",방사성의약품(RPT) 전문기업 셀비온(308430)이 전립선암 치료제 상용화와 파이프라인의 기술수출(L/O) 가치 제고에 나서며 기업가치 재평가될 것으로 전망된다.,이 기사는 2026년07월29일 14시34분에 팜이데일리 프리미엄 콘텐츠로 선공개 되었습니다. 방사성의약품(RPT) 전문기업 셀비온(308430)이 전립선암 치료제 상용화와 파이프라인의 기술수출(L/O) 가치 제고에 나서며 기업가치 재평가될 것으로 전망된다. 글로벌 빅...,local,10,노바티스,,,0.21739291015231557,,0.0,2.173929101523156,0.0,1.3043574609138935,False
2026-07-30,Product Approval,2026-07-31 07:02:00,Naver News,https://www.thebell.co.kr/free/content/ArticleView.asp?key=202607291501435960102910,"[더벨]아이엠바이오, 자가면역질환 승부처 '2형 염증질환' 확장",최근 암리텔리맙의 아토피피부염 허가를 신청하지 않기로 결정했다. 3상에서 1차 평가지표를 충족하고도 듀피젠트 대비 차별성이 부족하다는 판단이었다. 아이엠바이오로직스는 단일 표적 자체를 원인으로 본다.... ,최근 암리텔리맙의 아토피피부염 허가를 신청하지 않기로 결정했다. 3상에서 1차 평가지표를 충족하고도 듀피젠트 대비 차별성이 부족하다는 판단이었다. 아이엠바이오로직스는 단일 표적 자체를 원인으로 본다.... ,local,2,허가,,,0.20139243453761768,,0.0,2.013924345376177,0.0,1.208354607225706,False
2026-07-30,BD,2026-07-30 15:31:00,Naver News,https://www.hankyung.com/article/2026073048281,"SK바이오사이언스, 백신 넘어 플랫폼 전환 속도…AI 임상으로 글로벌 시장 공략","SK바이오사이언스, 백신 넘어 플랫폼 전환 속도…AI 임상으로 글로벌 시장 공략, 최지희 기자, IT/과학.","SK바이오사이언스, 백신 넘어 플랫폼 전환 속도…AI 임상으로 글로벌 시장 공략, 최지희 기자, IT/과학",local,10,MSD,,,0.19458943128156628,,0.0,1.9458943128156627,0.0,1.1675365876893975,False
2026-07-30,BD,2026-07-30 13:14:00,Naver News,https://www.sedaily.com/article/20073797?ref=naver,임상도 IPO도 흔들…바이오 투자심리 더 얼어붙는다,코오롱티슈진과 HLB(028300)의 대형 임상·허가 이벤트가 잇달아 기대에 미치지 못한 데 이어 바이오 기업공개(IPO) 시장까지 위축되면서 국내 바이오 업종 전반의 투자심리가 다시 얼어붙고 있다. 30일 업계에 따르면 HLB는 이달 10일 간암 신약 리보세라닙·캄렐.,코오롱티슈진과 HLB(028300)의 대형 임상·허가 이벤트가 잇달아 기대에 미치지 못한 데 이어 바이오 기업공개(IPO) 시장까지 위축되면서 국내 바이오 업종 전반의 투자심리가 다시 얼어붙고 있다. 30일 업계에 따르면 HLB는 이달 10일 간암 신약 리보세라닙·캄렐,local,10,M&A,,,0.1634714232167467,,0.0,1.634714232167467,0.0,0.9808285393004802,False
2026-07-30,Client,2026-07-30 08:02:00,Naver News,https://www.youthdaily.co.kr/news/article.html?no=224063,"[청년일보] ""복제약으로 벌고, 신약개발에 투자""…셀트리온, 비만치료제·ADC 개발 '가속'",셀트리온이 바이오시밀러(바이오의약품 복제약) 사업의 고성장과 수익성 개선을 발판으로 신약 개발 속도에 한창이다. 미국 시장 공략이 본격화되는 가운데 안정적인 현금창출력을 기반으로 비만치료제와 항체약물접합체(ADC) 등 신약 개발을 확대하고 있다. 30일 셀트리온은 최근 사내에서 진행된 연구개발 현황 보고회에서 차세대 비만치료제 후보물질의 비.,【 청년일보 】 셀트리온이 바이오시밀러(바이오의약품 복제약) 사업의 고성장과 수익성 개선을 발판으로 신약 개발 속도에 한창이다. 미국 시장 공략이 본격화되는 가운데 안정적인 현금창출력을 기반으로 비만치료제와 항체약물접합체(ADC) 등 신약 개발을 확대하고 있다. 30일 셀트리온은 최근 사내에서 진행된 연구개발 현황 보고회에서 차세대 비만치료제 후보물질의 비,local,10,화이자,,,0.12625838148047436,,0.0,1.2625838148047435,0.0,0.757550288882846,False
2026-07-30,Product Approval,2026-07-31 07:01:00,Naver News,https://www.sedaily.com/article/20073925?ref=naver,‘RNA 신약’ 대중화에…K바이오도 참전,글로벌 대사질환 치료제 시장에서 리보핵산(RNA) 신약의 존재감이 커지고 있다. 아이오니스파마슈티컬스(아이오니스)가 ‘트린골자’의 미국 식품의약국(FDA) 허가를 받은 데 이어 애로우헤드파마슈티컬스(애로우헤드)의 ‘리뎀플로’가 임상 3상에서 높은 치료 효과를 입증하면서.,글로벌 대사질환 치료제 시장에서 리보핵산(RNA) 신약의 존재감이 커지고 있다. 아이오니스파마슈티컬스(아이오니스)가 ‘트린골자’의 미국 식품의약국(FDA) 허가를 받은 데 이어 애로우헤드파마슈티컬스(애로우헤드)의 ‘리뎀플로’가 임상 3상에서 높은 치료 효과를 입증하면서,local,2,허가,,,0.1229660730163199,,0.0,1.229660730163199,0.0,0.7377964380979194,False
2026-07-30,BD,2026-07-31 06:04:00,Naver News,http://www.newsmp.com/news/articleView.html?idxno=256962,"GC녹십자 자체 mRNA 플랫폼, 첫 임상 자산으로 제품개발 시험대","GC녹십자가 2019년부터 구축해온 자체 mRNA-LNP 플랫폼이 첫 임상 자산인 코로나19 백신 후보물질 ‘GC4006A’를 통해 제품개발 단계에 진입했다.mRNA 설계와 합성, LNP 전달체 개발, 완제 생산과 품질분석 기반을 구축한 데 이어 임상 1상 초기 자료를 토대로 2상 시험계획을 제출, 자체 플랫폼을 실제 백신 개발에 적용하는 단계로 접어든 것.GC4006A는 GC녹십자가 자체 구축한 mRNA-LNP 플랫폼을 활용해 임상에 진입한 첫 번째 파이프라인으로, 연구단계에서 구축한 mRNA 설계와 LNP 전달, 생.","[의약뉴스] GC녹십자가 2019년부터 구축해온 자체 mRNA-LNP 플랫폼이 첫 임상 자산인 코로나19 백신 후보물질 ‘GC4006A’를 통해 제품개발 단계에 진입했다.mRNA 설계와 합성, LNP 전달체 개발, 완제 생산과 품질분석 기반을 구축한 데 이어 임상 1상 초기 자료를 토대로 2상 시험계획을 제출, 자체 플랫폼을 실제 백신 개발에 적용하는 단계로 접어든 것.GC4006A는 GC녹십자가 자체 구축한 mRNA-LNP 플랫폼을 활용해 임상에 진입한 첫 번째 파이프라인으로, 연구단계에서 구축한 mRNA 설계와 LNP 전달, 생",local,10,백신,,,0.10695422649973704,,0.0,1.0695422649973705,0.0,0.6417253589984223,False
2026-07-30,BD,2026-07-30 07:06:00,Naver News,https://www.newsway.co.kr/news/view?ud=2026072913231651409,엔데믹에 코로나 백신 개발?···GC녹십자의 목표는 '플랫폼 검증' - 뉴스웨이,"GC녹십자는 엔데믹 이후에도 코로나19 mRNA 백신 개발을 지속하며 자체 mRNA-LNP 플랫폼의 임상 검증에 나섰다. 식약처에 GC4006A의 임상 2상 시험계획변경승인을 신청했으며, 이를 통해 다양한 감염병에 신속히 대응 가능한 전략적 기반 확보를 추진하고 있다. AI 기반 mRNA 구조체 설계 플랫폼 개발 등 기술력 확대도 병행한다.","GC녹십자는 엔데믹 이후에도 코로나19 mRNA 백신 개발을 지속하며 자체 mRNA-LNP 플랫폼의 임상 검증에 나섰다. 식약처에 GC4006A의 임상 2상 시험계획변경승인을 신청했으며, 이를 통해 다양한 감염병에 신속히 대응 가능한 전략적 기반 확보를 추진하고 있다. AI 기반 mRNA 구조체 설계 플랫폼 개발 등 기술력 확대도 병행한다.",local,10,화이자,,,0.09078525606332366,,0.0,0.9078525606332366,0.0,0.544711536379942,False
2026-07-30,Therapeutic Areas,2026-07-30 19:22:00,Naver News,http://www.lawissue.co.kr/view.php?ud=202607301920235399f4ab64559d_12,"서울대병원·성균관대, 교모세포종 면역세포 유입 순서에 따른 치료 반응 규명","서울대병원과 성균관대학교 공동 연구팀이 교모세포종에서 면역세포가 종양에 도달하는 순서에 따라 항암 면역 반응이 달라진다는 연구 결과를 국제학술지에 발표했다고 30일 밝혔다.이번 연구는 서울대병원 신경외과 백선하 교수팀과 성균관대 기계공학부 박성수 교수팀이 공동으로 수행했으며, 연구 결과.","서울대병원과 성균관대학교 공동 연구팀이 교모세포종에서 면역세포가 종양에 도달하는 순서에 따라 항암 면역 반응이 달라진다는 연구 결과를 국제학술지에 발표했다고 30일 밝혔다.이번 연구는 서울대병원 신경외과 백선하 교수팀과 성균관대 기계공학부 박성수 교수팀이 공동으로 수행했으며, 연구 결과",local,2,항암제,,,0.0751709709564247,,0.0,0.7517097095642469,0.0,0.4510258257385481,False
2026-07-30,Client,2026-07-29 17:12:00,Naver News,https://www.newsway.co.kr/news/view?ud=2026072912293889876,"앱클론, '네스페셀 허가·둘파타턱 3상' 이중 카운트다운 - 뉴스웨이","앱클론이 CAR-T 치료제 네스페셀과 항체치료제 둘파타턱을 앞세워 연구개발 중심에서 상업화 단계 도약을 노린다. 네스페셀은 국내 임상 2상 등록을 마치고 연내 품목허가 신청을 목표로 하며, 둘파타턱은 글로벌 임상 3상에서 주요 지표 달성이 관건이다. 두 파이프라인의 성공이 2027년 이후 수익화와 사업 전환의 분수령이 될 전망이다.","앱클론이 CAR-T 치료제 네스페셀과 항체치료제 둘파타턱을 앞세워 연구개발 중심에서 상업화 단계 도약을 노린다. 네스페셀은 국내 임상 2상 등록을 마치고 연내 품목허가 신청을 목표로 하며, 둘파타턱은 글로벌 임상 3상에서 주요 지표 달성이 관건이다. 두 파이프라인의 성공이 2027년 이후 수익화와 사업 전환의 분수령이 될 전망이다.",local,10,아스트라제네카,,,0.0712382858985496,,0.0,0.7123828589854959,0.0,0.42742971539129754,False
2026-07-30,Product Approval,2026-07-31 07:02:00,Naver News,https://www.thebell.co.kr/free/content/ArticleView.asp?key=202607301226247040105542,"[더벨]하이센스바이오, 시린이 치료제 '공동연구자' CTO 영입",반복투여 고용량군에서 주요 시린이 평가 지표가 유의하게 개선됐으며 중대한 이상반응은 확인되지 않았다. 하이센스바이오는 후속 국내 임상 2상도 완료했다. 현재 국내 임상 3상 진입을 위한 식품의약품안전처... ,반복투여 고용량군에서 주요 시린이 평가 지표가 유의하게 개선됐으며 중대한 이상반응은 확인되지 않았다. 하이센스바이오는 후속 국내 임상 2상도 완료했다. 현재 국내 임상 3상 진입을 위한 식품의약품안전처... ,local,2,용량,,,0.04005163249183539,,0.0,0.40051632491835387,0.0,0.24030979495101232,False
