date,category,published_date,site_name,url,title,summary,content,region,score_ag,keywords,reward_x,rl_score,lgbm_score,reward_y,score_ag_norm,lgbm_score_norm,final_score,strategic_score,lgbm_component,is_top20
2026-04-16,Distribution,2026-04-16 06:00:00,Naver News,https://www.bosa.co.kr/news/articleView.html?idxno=3003139,"의약품유통업계, 저마진 구조에 경영난 심화… “팔수록 손해” - 의학신문","의약품유통업계의 지난해 평균 조마진율은 6.3%로 나타났다. 전년 5.8%보다는 소폭 개선됐지만, 업계가 요구하는 8.8% 수준.","[의학신문·일간보사=김상일 기자] 의약품유통업계의 지난해 평균 조마진율은 6.3%로 나타났다. 전년 5.8%보다는 소폭 개선됐지만, 업계가 요구하는 8.8% 수준",local,10,지오영,,,0.8670207038360681,,1.0,0.8670207038360681,11.441486956111486,15.0,9.069144926852477,True
2026-04-16,Distribution,2026-04-14 12:02:00,Naver News,https://new.dailypharm.com/user/news/337459?REFERER=NP,[데일리팜]매출 1조 공룡도매 1년 새 5곳→7곳…영업이익률은 낮아,"연매출 1조원 이상 의약품 유통업체가 1년 새 5곳에서 7곳으로 늘었다. 기존 지오영·백제약품·인천약품·지오영네트웍스·복산나이스에 쥴릭파마코리아와 비아다빈치가 합류했다. 주요 의약품 유통업체의 영업이익률은 대부분 1% 미만으로 나타났다. 다만 지오영과 안연케어, 서울유니온약품이 2% 이상 영업이익률을 기록했다. 1년새 매출 1조 이상 업체 2곳↑…쥴릭파마코리아‧비아다빈치 합….","연매출 1조원 이상 의약품 유통업체가 1년 새 5곳에서 7곳으로 늘었다. 기존 지오영·백제약품·인천약품·지오영네트웍스·복산나이스에 쥴릭파마코리아와 비아다빈치가 합류했다. 주요 의약품 유통업체의 영업이익률은 대부분 1% 미만으로 나타났다. 다만 지오영과 안연케어, 서울유니온약품이 2% 이상 영업이익률을 기록했다. 1년새 매출 1조 이상 업체 2곳↑…쥴릭파마코리아‧비아다빈치 합…",local,10,쥴릭,,,0.8522721171654685,,1.0,0.8522721171654685,11.379542892094967,15.0,8.96590482015828,True
2026-04-16,Distribution,2026-04-15 06:02:00,Naver News,https://www.bosa.co.kr/news/articleView.html?idxno=3003067,의약품유통업계 이익률·순이익률 제자리 '성장 질 숙제' - 의학신문,의약품유통업계가 매출을 비롯해 영업이익 성장했지만 이익률은 전년과 동일해 수익성은 정체된 것으로 나타났다.일간보사·의학신문이 지오.,[의학신문·일간보사=김상일 기자]의약품유통업계가 매출을 비롯해 영업이익 성장했지만 이익률은 전년과 동일해 수익성은 정체된 것으로 나타났다.일간보사·의학신문이 지오,local,10,지오영,,,0.8509988928542691,,1.0,0.8509988928542691,11.374195349987929,15.0,8.956992249979884,True
2026-04-16,Distribution,2026-04-15 12:08:00,Naver News,https://www.medipana.com/news/articleView.html?idxno=409807,"의약품유통업계 수익률, 영업이익·순이익 모두 1%대 그쳐 - 메디파나뉴스",②수익률[메디파나뉴스 = 조해진 기자] 지난해 의약품유통업체들의 수익률이 전년도와 유사하거나 소폭 감소한 것으.,[의약품 유통업체 2024년 경영실적 분석 시리즈] ②수익률[메디파나뉴스 = 조해진 기자] 지난해 의약품유통업체들의 수익률이 전년도와 유사하거나 소폭 감소한 것으,local,10,지오영,,,0.8475008720692372,,1.0,0.8475008720692372,11.359503662690795,15.0,8.93250610448466,False
2026-04-16,Distribution,2026-04-16 09:20:00,Naver News,https://www.pharmnews.com/news/articleView.html?idxno=302874,"한국의약품유통협회, 지오영 스마트허브 물류센터 견학 - 팜뉴스",한국의약품유통협회 중소물류분과위원회(위원장 문병옥) 회원사들은 15일 인천 지오영 스마트허브 물류센터 현장 견학을 진행했다고 밝혔다.이번.,[팜뉴스=김응민 기자] 한국의약품유통협회 중소물류분과위원회(위원장 문병옥) 회원사들은 15일 인천 지오영 스마트허브 물류센터 현장 견학을 진행했다고 밝혔다.이번,local,10,지오영,,,0.8276721158297469,,1.0,0.8276721158297469,11.276222886484938,15.0,8.79370481080823,False
2026-04-16,Distribution,2026-04-14 06:02:00,Naver News,https://www.yakup.com/news/index.html?mode=view&cat=12&nid=325918,"[약업신문]의약품유통업계, 매출 7.6%·순이익 8.8% ↑…지오영 3.4조 독주","의약품 유통업계가 매출과 순이익 성장세를 이어가는 가운데, 업체별 실적 격차 확대 흐름이 나타나고 있다. 사진은 AI 생성 이미지.의약품유통업계가 2025년 매출과 순이익 모두 증가하며 성장 흐름을 이어갔다....","의약품 유통업계가 매출과 순이익 성장세를 이어가는 가운데, 업체별 실적 격차 확대 흐름이 나타나고 있다. 사진은 AI 생성 이미지.의약품유통업계가 2025년 매출과 순이익 모두 증가하며 성장 흐름을 이어갔다....",local,10,DKSH,,,0.8222227239930289,,1.0,0.8222227239930289,11.253335440770721,15.0,8.755559067951202,False
2026-04-16,BD,2026-04-16 16:14:00,Naver News,http://www.thevaluenews.co.kr/news/view.php?idx=198143,"[제약·바이오 레이더] 유한양행·JW신약·GC녹십자웰빙, 유통·제형·협업으로 시장 공략 다변화","국내 제약사들이 유통 채널 확대, 저용량 제형 출시, 공동판매 전략 등을 통해 시장 접근 방식을 다각화하고 있다. 유한양행은 다이소 채널을 활용해 프로바이오틱스 저변 확대에 나섰고, JW신약은 저용량 치료제로 처방 정밀도를 높였다. GC녹십자웰빙은 공동판매를 통해 통증 치료제 시장 공략에 속도를 내고 있다.◆ 유한양행, 다이소 전용 유산균 공개…생활밀착형 유통 채널 확대유한양행이 다이소에 입점한 프로바이오틱스 8종 제품.","국내 제약사들이 유통 채널 확대, 저용량 제형 출시, 공동판매 전략 등을 통해 시장 접근 방식을 다각화하고 있다. 유한양행은 다이소 채널을 활용해 프로바이오틱스 저변 확대에 나섰고, JW신약은 저용량 치료제로 처방 정밀도를 높였다. GC녹십자웰빙은 공동판매를 통해 통증 치료제 시장 공략에 속도를 내고 있다.◆ 유한양행, 다이소 전용 유산균 공개…생활밀착형 유통 채널 확대유한양행이 다이소에 입점한 프로바이오틱스 8종 제품. [이미지=",local,10,공동판매,,,0.8605550616130492,,1.0,0.8605550616130492,10.614331258774806,13.0,9.023885431291344,True
2026-04-16,Distribution,2026-04-17 06:00:00,Naver News,https://www.bosa.co.kr/news/articleView.html?idxno=3003201,국내외 제약사 간 유통 전략 차별화 정책 '누가 인정받을까' - 의학신문,다국적제약사가 거래 의약품유통업체를 확대하고 나서 거점 정책을 통해 거래 의약품유통업체 수를 축소한 대웅제약과 대조를 보이고 있다.,[의학신문·일간보사=김상일 기자]다국적제약사가 거래 의약품유통업체를 확대하고 나서 거점 정책을 통해 거래 의약품유통업체 수를 축소한 대웅제약과 대조를 보이고 있다,local,10,의약품유통,,,0.8389042594762086,,1.0,0.8389042594762086,10.523397889800076,13.0,8.87232981633346,False
2026-04-16,Zuellig,2026-04-14 07:50:00,Naver News,https://www.financialpost.co.kr/news/articleView.html?idxno=255367,"키움증권 ""종근당, 위고비 판매 따른 외형 성장 기대""","키움증권은 14일 종근당에 대해 비만 치료제 위고비(세마글루타이드)의 도입·판매가 1분기 실적 개선에 기여했을 것으로 추정하는 보고서를 내놨다. 노보노디스크제약 위고비는 처음 쥴릭파마를 통해 유통 라인을 개척했고, 이후 종근당과 계약을 하면서 위고비 유통망을 확대한 바 있다.","키움증권은 14일 종근당에 대해 비만 치료제 위고비(세마글루타이드)의 도입·판매가 1분기 실적 개선에 기여했을 것으로 추정하는 보고서를 내놨다. 노보노디스크제약 위고비는 처음 쥴릭파마를 통해 유통 라인을 개척했고, 이후 종근당과 계약을 하면서 위고비 유통망을 확대한 바 있다. 허혜민",local,10,쥴릭,,,0.7987139054738361,,1.0,0.7987139054738361,10.354598402990112,13.0,8.590997338316853,True
2026-04-16,BD,2026-04-17 05:00:00,Naver News,https://www.etoday.co.kr/news/view/2575411,P-CAB 신약 시장 성장세…‘케이캡’·‘자큐보’가 이끈다,국내 소화성궤양용제 시장에서 칼륨경쟁적 위산분비억제제(P-CAB) 계열 신약이 빠르게 존재감을 키우고 있다.,(사진제공=HK이노엔)국내 소화성궤양용제 시장에서 칼륨경쟁적 위산분비억제제(P-CAB) 계열 신약이 빠르게 존재감을 키우고 있다. 기존 프로톤펌프억,local,10,코프로모션,,,0.7910466989505063,,1.0,0.7910466989505063,10.322396135592125,13.0,8.537326892653542,True
2026-04-16,BD,2026-04-17 06:06:00,Naver News,https://www.medipana.com/news/articleView.html?idxno=409916,"동화약품, 신사업 매출 1000억 돌파…전략 고도화 추진 - 메디파나뉴스",동화약품 신사업 매출이 1000억원을 넘어서면서 실적 비중을 높이고 있다. 회사는 베트남 의약품 유통 사업은 내실을 다지며 숨을.,[메디파나뉴스 = 조후현 기자] 동화약품 신사업 매출이 1000억원을 넘어서면서 실적 비중을 높이고 있다. 회사는 베트남 의약품 유통 사업은 내실을 다지며 숨을,local,10,인수,,,0.8612438458840405,,1.0,0.8612438458840405,10.21722415271297,12.0,9.028706921188283,True
2026-04-16,Distribution,2026-04-10 06:02:00,Naver News,https://www.yakup.com/news/index.html?mode=view&cat=12&nid=325832,"[약업신문]탑헬스케어, 식물성 멜라토닌 멜라졸리어  누적판매 3만개 돌파",약국몰 전문 유통 기업 탑헬스케어(주)(대표 조영민)의 수면 건강 관리 제품 ‘멜라졸리어’가 누적 판매량 3만 개를 돌파했다.‘멜라졸리어’는 현대인의 불규칙한 생활 패턴과 스트레스로 인한 수면 고민 개선에 도...,약국몰 전문 유통 기업 탑헬스케어(주)(대표 조영민)의 수면 건강 관리 제품 ‘멜라졸리어’가 누적 판매량 3만 개를 돌파했다.‘멜라졸리어’는 현대인의 불규칙한 생활 패턴과 스트레스로 인한 수면 고민 개선에 도...,local,10,바로팜,,,0.761157795553165,,1.0,0.761157795553165,10.196862741323294,13.0,8.328104568872154,False
2026-04-16,BD,2026-04-16 16:21:00,Naver News,https://www.topdaily.kr/articles/109707,LBA 고도화 총력전 펼치는 까닭은,'탁소텔' 등 오리지날 외부 의약품 인수로 지속 성장 도모 기존 신약 등 포트폴리오 더한 글로벌 제약사 기반 다지기.,"'탁소텔' 등 오리지날 외부 의약품 인수로 지속 성장 도모
기존 신약 등 포트폴리오 더한 글로벌 제약사 기반 다지기",local,10,판권,,,0.8390884242081037,,1.0,0.8390884242081037,10.124171381674035,12.0,8.873618969456725,True
2026-04-16,Distribution,2026-04-14 06:00:00,Naver News,https://www.bosa.co.kr/news/articleView.html?idxno=3002993,의약품유통업계 2025년 매출 7.6% 성장한 34조 돌파 - 의학신문,"190개 의약품유통업체가 지난해 기록한 매출은 무려 34조 2,459억 원. 전년보다 7.64% 늘어난 수치로, 경기 불확실성과.","[의학신문·일간보사=김상일 기자]190개 의약품유통업체가 지난해 기록한 매출은 무려 34조 2,459억 원. 전년보다 7.64% 늘어난 수치로, 경기 불확실성과",local,10,DKSH,,,0.7428308099224497,,1.0,0.7428308099224497,10.119889401674289,13.0,8.199815669457148,False
2026-04-16,BD,2026-04-10 06:10:00,Naver News,https://www.monews.co.kr/news/articleView.html?idxno=410616,"안텐진코리아, 韓시장 철수 작업 중··· 항암사업 '보령'이 흡수 - 메디칼업저버",중국 바이오텍 안텐진코리아가 국내 사업을 접고 철수한다. 이 회사의 유일한 약제이자 항암제인 엑스포비오(성분명 셀리넥서)의 판권을 보.,[메디칼업저버 문윤희 기자] 중국 바이오텍 안텐진코리아가 국내 사업을 접고 철수한다. 이 회사의 유일한 약제이자 항암제인 엑스포비오(성분명 셀리넥서)의 판권을 보,local,10,안텐진,,,0.8027998468863438,,1.0,0.8027998468863438,9.971759356922643,12.0,8.619598928204406,True
2026-04-16,Distribution,2026-04-16 16:48:00,Naver News,https://www.thebell.co.kr/free/content/ArticleView.asp?key=202604131620281400104467,"[더벨][그룹의변신 Before&After] '외형 30조' 성과 제일제당, 담합 변수...","CJ제일제당은 지난 10년간 대형 인수합병과 사업 재편을 통해 식품·바이오 중심의 글로벌 기업으로... ◇헬스케어 팔고 '식품·바이오' 올인 2016년 CJ제일제당의 사업은 식품과 바이오, 물류(CJ대한통운 연결), 제약... ","CJ제일제당은 지난 10년간 대형 인수합병과 사업 재편을 통해 식품·바이오 중심의 글로벌 기업으로... ◇헬스케어 팔고 '식품·바이오' 올인 2016년 CJ제일제당의 사업은 식품과 바이오, 물류(CJ대한통운 연결), 제약... ",local,10,CJ,,,0.7894746342303015,,1.0,0.7894746342303015,9.915793463767265,12.0,8.526322439612109,False
2026-04-16,BD,2026-04-17 06:02:00,Naver News,https://www.dailypharm.com/user/news/337593?REFERER=NP,"[데일리팜]보령, 내달 카나브젯 급여 등판...복합제 라인업 강화","보령이 고혈압·고지혈증 3제 복합제인 ‘카나브젯’을 내달 급여 등재하면서, 카나브패밀리의 처방 라인업을 확대한다. 거세지는 제네릭 공세에 새로운 복합제로 시장을 방어함과 동시에 매출 확대를 도모할 것으로 보인다. 16일 업계에 따르면, 지난 2월 식약처 허가를 받은 보령 ‘카나브젯’이 내달 급여 등재할 예정이다. 고혈압 치료제인 ‘카나브’의 피마사르탄칼륨에 고지혈증 치료 성….","보령이 고혈압·고지혈증 3제 복합제인 ‘카나브젯’을 내달 급여 등재하면서, 카나브패밀리의 처방 라인업을 확대한다. 거세지는 제네릭 공세에 새로운 복합제로 시장을 방어함과 동시에 매출 확대를 도모할 것으로 보인다. 16일 업계에 따르면, 지난 2월 식약처 허가를 받은 보령 ‘카나브젯’이 내달 급여 등재할 예정이다. 고혈압 치료제인 ‘카나브’의 피마사르탄칼륨에 고지혈증 치료 성…",local,10,제네릭,,,0.8654808439961293,,1.0,0.8654808439961293,9.435019544783742,10.0,9.058365907972906,True
2026-04-16,Client,2026-04-16 02:22:00,Naver News,http://www.newsmp.com/news/articleView.html?idxno=252724,"옵디보ㆍ여보이 간세포암 1차 병용요법, 암질심 통과","간세포암 1차 치료제로 급여 등재를 추진하고 있는 옵디보(성분명 니볼루맙, 오노ㆍBMS)와 여보이(성분명 이필리무맙, BMS) 병용요법이 첫 번째 관문인 중증(암)질환심의위원회를 통과했다.그러나 간세포암 1차 치료와 함께 신청했던 비소세포폐암 1차 치료는 암질심을 넘어서지 못했다.2차 또는 그 이상의 유방암 치료에서 급여에 도전한 투키사(성분명 투카티닙, 화이자)와 티루캡(성분명 카피바설팁, 아스트라제네카)도 고배를 마셨다.성인 소포성림프종으로 급여 범위를 확대하려던 킴리아(성분명 티사젠렉류셀, 노바티스) 역시 뜻을 이.","[의약뉴스] 간세포암 1차 치료제로 급여 등재를 추진하고 있는 옵디보(성분명 니볼루맙, 오노ㆍBMS)와 여보이(성분명 이필리무맙, BMS) 병용요법이 첫 번째 관문인 중증(암)질환심의위원회를 통과했다.그러나 간세포암 1차 치료와 함께 신청했던 비소세포폐암 1차 치료는 암질심을 넘어서지 못했다.2차 또는 그 이상의 유방암 치료에서 급여에 도전한 투키사(성분명 투카티닙, 화이자)와 티루캡(성분명 카피바설팁, 아스트라제네카)도 고배를 마셨다.성인 소포성림프종으로 급여 범위를 확대하려던 킴리아(성분명 티사젠렉류셀, 노바티스) 역시 뜻을 이",local,10,BMS,,,0.8628225426015986,,1.0,0.8628225426015986,9.423854678926713,10.0,9.03975779821119,True
2026-04-16,BD,2026-04-16 06:02:00,Naver News,https://www.dailypharm.com/user/news/337476?REFERER=NP,[데일리팜]제네릭 약가인하 선방했나?...신약 접근성 개선 실효성은,◆방송: 급바보(급여 바라보기) ◆진행: 어윤호 기자 ◆영상 편집: 영상제작팀 ◆출연: 김성주 법무법인 광장 전문위원.,◆방송: 급바보(급여 바라보기) ◆진행: 어윤호 기자 ◆영상 편집: 영상제작팀 ◆출연: 김성주 법무법인 광장 전문위원,local,10,특허만료,,,0.8526642612492187,,1.0,0.8526642612492187,9.381189897246719,10.0,8.968649828744532,True
2026-04-16,Client,2026-04-16 12:00:00,Naver News,https://new.dailypharm.com/user/news/337572?REFERER=NP,[데일리팜]성장호르몬제 소그로야 급여기준 신설...누칼라 교체투여 허용,정부가 성장호르몬 치료제의 신규 등재에 따라 급여기준을 신설한다. 또 중증 천식 치료제의 자가주사 제형이 추가 등재돼 교체투여를 허용한다. 보건복지부는 16일 ‘요양급여의 적용기준 및 방법에 관한 세부사항’에 대한 개정고시를 행정예고했다. 내달 1일이 시행 예정일이다. 노보노디스크의 ‘소그로야프리필드펜(소마파시탄)’는 소아와 성인의 성장호르몬 결핍증에 급여 기준이 신설….,정부가 성장호르몬 치료제의 신규 등재에 따라 급여기준을 신설한다. 또 중증 천식 치료제의 자가주사 제형이 추가 등재돼 교체투여를 허용한다. 보건복지부는 16일 ‘요양급여의 적용기준 및 방법에 관한 세부사항’에 대한 개정고시를 행정예고했다. 내달 1일이 시행 예정일이다. 노보노디스크의 ‘소그로야프리필드펜(소마파시탄)’는 소아와 성인의 성장호르몬 결핍증에 급여 기준이 신설…,local,10,GSK,,,0.8507423424204164,,1.0,0.8507423424204164,9.373117838165747,10.0,8.955196396942913,True
2026-04-16,BD,2026-04-17 06:18:00,Naver News,https://www.kpanews.co.kr/news/articleView.html?idxno=533142,‘거점도매→도도매’ 계약 들여다보니…약국에 떠넘겨진 ‘재고’ 리스크 - 약사공론,"대웅제약 블록형 거점도매와 도도매 간 계약에서 약국 반품을 사실상 제한하는 조항이 포함된 것으로 확인되면서, 유통 구조를 둘러싼 논란이 확산되고 있다.특히 '제조.","대웅제약 블록형 거점도매와 도도매 간 계약에서 약국 반품을 사실상 제한하는 조항이 포함된 것으로 확인되면서, 유통 구조를 둘러싼 논란이 확산되고 있다.특히 '제조",local,10,계약,,,0.8497566575190113,,1.0,0.8497566575190113,9.368977961579848,10.0,8.948296602633079,True
2026-04-16,Distribution,2026-04-16 12:00:00,Naver News,https://www.dailypharm.com/user/news/337544?REFERER=NP,"[데일리팜]""콜드체인은 품질 인프라""...템프체인 글로벌 공략 속도","바이오의약품 시장 확대와 함께 의약품 운송 단계에서의 품질 관리 중요성이 빠르게 커지는 중이다. 이 가운데 패시브 콜드체인 기술을 기반으로 대형 바이오의약품 운송 시장을 겨냥한 템프체인이 글로벌 시장 공략에 속도를 내고 있다. 전력 없이 장시간 온도를 유지하는 대형 운송 컨테이너를 중심으로 글로벌 제약사와 물류 기업 협업을 확대하는 한편, 항공 중심 운송에서 해상 운송….","바이오의약품 시장 확대와 함께 의약품 운송 단계에서의 품질 관리 중요성이 빠르게 커지는 중이다. 이 가운데 패시브 콜드체인 기술을 기반으로 대형 바이오의약품 운송 시장을 겨냥한 템프체인이 글로벌 시장 공략에 속도를 내고 있다. 전력 없이 장시간 온도를 유지하는 대형 운송 컨테이너를 중심으로 글로벌 제약사와 물류 기업 협업을 확대하는 한편, 항공 중심 운송에서 해상 운송…",local,10,DHL,,,0.8468977393301033,,1.0,0.8468977393301033,9.356970505186432,10.0,8.928284175310722,False
2026-04-16,Distribution,2026-04-17 06:02:00,Naver News,https://www.apsk.co.kr/news/articleView.html?idxno=539164,"""유비스트보다 빠르다""…비알피커넥트,약국 사입 데이터로 제약계 '존재감' 부각 - 메디팜스투데이","""제약사는 자사 데이터는 잘 알지만, 경쟁 데이터는 모른다. 그 빈틈을 메우는 게 우리 역할이다.""약국 기반 실거래 데이터를 무기로 제약시장에 도전장을 내민 데이.","""제약사는 자사 데이터는 잘 알지만, 경쟁 데이터는 모른다. 그 빈틈을 메우는 게 우리 역할이다.""약국 기반 실거래 데이터를 무기로 제약시장에 도전장을 내민 데이",local,10,블루엠텍,,,0.8432993594283796,,1.0,0.8432993594283796,9.341857309599195,10.0,8.903095515998658,False
2026-04-16,Distribution,2026-04-14 09:28:00,Naver News,https://www.medigatenews.com/news/3558167065,"MEDI:GATE NEWS 가톨릭중앙의료원 기초의학사업추진단, 고령층 디지털 헬스 리터러시 예측 위한 설명가능한 머신러닝 모델 개발","머신러닝을 활용한 고령층 디지털헬스리터러시 예측. 가톨릭대학교 가톨릭중앙의료원 기초의학사업추진단 인공지능뇌과학사업단의 전지원 교수(교신저자, 의과대학 의료정보학교실)와 박충희 연구원(제 1저자, 의과대학 의료정보학교실)을 비롯한 공동 연구팀이 파일럿 집단 연구와 대규모 설문 연구를 결합해 노년층의 디지털 헬스 리터러시(Digital Health Literacy, DHL)를 예측하는 ‘설명가능한 머신러닝’ 접근법을 개발했다고 13일 밝혔다. ‘설명가능한 머신러닝’이란 머신러닝 모델이 예측 결과에 이르기까지의 의사결정 과정을 사람이 이해할 수 있도록 설명하는 기술이다.","머신러닝을 활용한 고령층 디지털헬스리터러시 예측. 가톨릭대학교 가톨릭중앙의료원 기초의학사업추진단 인공지능뇌과학사업단의 전지원 교수(교신저자, 의과대학 의료정보학교실)와 박충희 연구원(제 1저자, 의과대학 의료정보학교실)을 비롯한 공동 연구팀이 파일럿 집단 연구와 대규모 설문 연구를 결합해 노년층의 디지털 헬스 리터러시(Digital Health Literacy, DHL)를 예측하는 ‘설명가능한 머신러닝’ 접근법을 개발했다고 13일 밝혔다. ‘설명가능한 머신러닝’이란 머신러닝 모델이 예측 결과에 이르기까지의 의사결정 과정을 사람이 이해할 수 있도록 설명하는 기술이다. 이는 단순히 높은 예측 정확도에 그치는 기존 인공지능과 달리, 각 판단이 어떤 이유와 과정을 통해 도출됐는지를 명확히 제시하는 것이 특징이다. 최근 디지털 헬스케어 서비스가 일상화됨에 따라 스마트 기기를 활용하여 건강 정보를 탐색 및 이해와 활용하는 능력인 디지털 헬스 리터러시의 중요성이 지속적으로 강조되고 있다. 그러나 기존 디지털 헬스 리터러시 평가는 자기보고식 설문 방식에 의존해 실제 수행 능력을 충분히 반영하지 못한다는 한계가 지적됐다. 이에 연구팀은 이러한 한계를 보완하기 위해 자기보고식 평가에 실제 수행 기반 지표를 결합한 통합 분석 프레임워크를 제시했다. 머신러닝 기법을 활용해 주관적 인식과 객관적 수행 능력 간의 관계를 정밀하게 분석하고, 고령층의 디지털 헬스 리터러시를 결정하는 다양한 요인을 정량적으로 도출했다. 연구는 두 개의 독립된 연구자료를 기반으로 2단계 방법론을 적용해 수행됐다. 먼저, 1단계에서는 파일럿 코호트 집단인 60~74세 고령자 30명을 대상으로 디지털 및 정보 이해 능력을 평가하고, 동시에 55세~74세 고령자 1000명을 대상으로 온라인 설문조사를 실시해 자기보고식 기반의 디지털 헬스 리터러시를 측정했다. 이후 두 연구자료에 베이지안 선형회귀를 적용해 주요 설명 변수를 도출했다. 2단계에서는 도출된 변수들을 활용해 설문 데이터의 KeHEALS(Korean version of the eHealth Literacy Scale) 수준을 예측하고자 이진 분류 모델로 구축하고, 5개의 머신러닝 알고리즘을 이용하여 평가했다. 이 가운데 가장 우수한 성능을 보인 모델에 SHAP(Shapley Additive Explanations) 분석을 적용해 연구 결과를 해석했다. 분석 결과 건강 관련 앱에 관한 관심, 디지털 기기 사용, 운동은 고령층 디지털 헬스 리터러시에 긍정적인 영향을 미치는 요인으로 나타났으며 연령, 음주, 흡연은 고령층 디지털 헬스 리터러시에 부정적인 영향을 미치는 변수로 확인됐다. 특히 범주형 부스팅 모형인 CatBoost 알고리즘이 기존 모델 대비 높은 정확도(AUC 0.84)를 보였다. 전지원 교수는 이번 연구에 대해",local,10,DHL,,,0.8376928063322483,,1.0,0.8376928063322483,9.318309786595442,10.0,8.863849644325738,False
2026-04-16,Client,2026-04-16 08:00:00,Naver News,https://news.hidoc.co.kr/news/articleView.html?idxno=61151,"美, 먹는 비만 약 ‘파운다요’ 출시, 한국에도 허가 신청... “비만 치료제 지각 변동?” - 하이닥",일라이릴리의 경구용 비만치료제 ‘파운다요(성분명 오포글리프론)’가 미국 FDA 승인을 받고 지난 6일 미국에 정식 출시됐다. GLP-1 수용체 작용제 계열 비만치.,일라이릴리의 경구용 비만치료제 ‘파운다요(성분명 오포글리프론)’가 미국 FDA 승인을 받고 지난 6일 미국에 정식 출시됐다. GLP-1 수용체 작용제 계열 비만치,local,10,릴리,,,0.8368374085667648,,1.0,0.8368374085667648,9.314717115980411,10.0,8.857861859967354,False
2026-04-16,Client,2026-04-16 09:45:00,Naver News,https://www.news1.kr/bio/pharmaceutical-bio/6138361,월 20만명 '살빼는 주사' 꾹…마운자로도 놀란 '뚱뚱한 한국' 실화냐,韓출시 8개월만에 처방 12배 급증…위고비 합하면 누적 200만건   정상체중 미용 수요 유입…의원약국 밀집 '종로' 비만치료제 성지 비만치료제 '마운자로' 처방이 출시 8개월 만에 10배 이상 늘며 처음으로 월 20만 건을 넘어섰다. 처방이 급증하는 가운데 정상체중 미용 수요까지 유입.,韓출시 8개월만에 처방 12배 급증…위고비 합하면 누적 200만건   정상체중 미용 수요 유입…의원약국 밀집 '종로' 비만치료제 성지 비만치료제 '마운자로' 처방이 출시 8개월 만에 10배 이상 늘며 처음으로 월 20만 건을 넘어섰다. 처방이 급증하는 가운데 정상체중 미용 수요까지 유입,local,10,마운자로,,,0.8288719005125889,,1.0,0.8288719005125889,9.281261982152873,10.0,8.80210330358812,False
2026-04-16,BD,2026-04-17 06:18:00,Naver News,https://www.kpanews.co.kr/news/articleView.html?idxno=533126,"""약국 참여 유인부터 설계해야"" 지지부진 실손24 '인센티브' 필수 - 약사공론",실손보험 청구 전산화 서비스 '실손24'가 전면 시행 이후 6개월이 지났지만 의료기관 참여율이 30%에도 미치지 못하는 것으로 나타났다.정부는 참여 확대를 위한.,실손보험 청구 전산화 서비스 '실손24'가 전면 시행 이후 6개월이 지났지만 의료기관 참여율이 30%에도 미치지 못하는 것으로 나타났다.정부는 참여 확대를 위한,local,10,계약,,,0.827660576512723,,1.0,0.827660576512723,9.276174421353435,10.0,8.79362403558906,False
2026-04-16,Client,2026-04-16 10:16:00,Naver News,https://www.medicopharma.co.kr/news/articleView.html?idxno=67788,"브라질 규제당국, 오젬픽·위고비 시밀러 3종 허가 제동",브라질 국가위생감시국(Anvisa)이 세마글루타이드 및 리라글루타이드 기반 비만·당뇨 치료제 3종의 품목허가를 반려했다. 이에 따라 오젬픽(Ozempic)·위고비(Wegovy)의 저가 대체제 출시가 지연될 전망이다. 16일 Anvisa에 따르면 13일 리.,[메디코파마뉴스=최원석 기자] 브라질 국가위생감시국(Anvisa)이 세마글루타이드 및 리라글루타이드 기반 비만·당뇨 치료제 3종의 품목허가를 반려했다. 이에 따라 오젬픽(Ozempic)·위고비(Wegovy)의 저가 대체제 출시가 지연될 전망이다. 16일 Anvisa에 따르면 13일 리,local,10,위고비,,,0.8260165513287089,,1.0,0.8260165513287089,9.269269515580577,10.0,8.782115859300962,False
2026-04-16,BD,2026-04-16 18:50:00,Naver News,http://www.edaily.co.kr/news/newspath.asp?newsid=05330006645416776,규제에 백기 든 혁신...원격진료 접고 염색미용실 사업 하기도 [only이데일리],맥킨지 전략 컨설턴트 출신인 손덕수 대표가 설립한 메디르는 지난 2021년 비대면 진료 서비스 메듭(MEDB)을 출시했다. 서비스 1년 만에 주요 병원 및 약국 500곳과 제휴를 맺었고 성장 가능성을 인정받아 카카오벤처스와 두나무앤파트너스 등으로부터 약 66억원의 투...,맥킨지 전략 컨설턴트 출신인 손덕수 대표가 설립한 메디르는 지난 2021년 비대면 진료 서비스 메듭(MEDB)을 출시했다. 서비스 1년 만에 주요 병원 및 약국 500곳과 제휴를 맺었고 성장 가능성을 인정받아 카카오벤처스와 두나무앤파트너스 등으로부터 약 66억원의 투...,local,10,제휴,,,0.8250732112533935,,1.0,0.8250732112533935,9.265307487264252,10.0,8.775512478773754,False
2026-04-16,BD,2026-04-17 05:58:00,Naver News,https://www.bosa.co.kr/news/articleView.html?idxno=3003156,"김미영 동탄시티병원 행정원장 “AI로 진화하는 진료 인프라, 미래 의료의 표준 제시” - 의학신문","국내 의료 현장에서 인공지능(AI)의 역할이 빠르게 진화하고 있다. 과거에는 진단을 돕는 부가적인 기능에 머물렀다면, 이제는 병.","[의학신문·일간보사=오인규 기자] 국내 의료 현장에서 인공지능(AI)의 역할이 빠르게 진화하고 있다. 과거에는 진단을 돕는 부가적인 기능에 머물렀다면, 이제는 병",local,10,파트너십,,,0.8199778893500164,,1.0,0.8199778893500164,9.243907135270067,10.0,8.739845225450114,False
2026-04-16,Distribution,2026-04-13 18:40:00,Naver News,http://www.newsmp.com/news/articleView.html?idxno=252674,"명지병원 수면센터, 수면장애 다학제 접근ㆍ치료 전략 심포지엄 개최 外","◇명지병원 수면센터, 수면장애 다학제 접근ㆍ치료 전략 심포지엄 개최명지병원 수면센터(센터장 이서영)는 10일 오후 병원 농촌홀에서 심포지엄을 열고 수면 장애로 발생할 수 있는 위험성 공유 및 다학제적 접근과 치료 전략을 공유했다고 밝혔다.행사의 좌장은 신경과 최영빈 교수가 맡았으며, 패널로는 부천 순천향대병원 신경과 문혜진 교수, 서울대병원 호흡기내과 이창훈 교수 등 전문가들이 참여했다.첫 발표를 맡은 이비인후과 정수영 교수는 ‘수면무호흡증 치료’를 다뤘다.정 교수는 “수면 중 기도가 반복적으로 막혀 산소 공급이 저하되는 이 질환은.","◇명지병원 수면센터, 수면장애 다학제 접근ㆍ치료 전략 심포지엄 개최명지병원 수면센터(센터장 이서영)는 10일 오후 병원 농촌홀에서 심포지엄을 열고 수면 장애로 발생할 수 있는 위험성 공유 및 다학제적 접근과 치료 전략을 공유했다고 밝혔다.행사의 좌장은 신경과 최영빈 교수가 맡았으며, 패널로는 부천 순천향대병원 신경과 문혜진 교수, 서울대병원 호흡기내과 이창훈 교수 등 전문가들이 참여했다.첫 발표를 맡은 이비인후과 정수영 교수는 ‘수면무호흡증 치료’를 다뤘다.정 교수는 “수면 중 기도가 반복적으로 막혀 산소 공급이 저하되는 이 질환은",local,10,DHL,,,0.8185591044707644,,1.0,0.8185591044707644,9.23794823877721,10.0,8.729913731295351,False
2026-04-16,Distribution,2026-04-14 06:02:00,Naver News,https://new.dailypharm.com/user/news/337457?REFERER=NP,[데일리팜]비만·코로나약 매출에 희비 교차…다국적사 실적 판도 격변,"절대강자는 없었다. 다국적제약사 한국법인들의 지난해 실적이 제품 포트폴리오에 따라 극명하게 엇갈렸다. 비만치료제 확산을 타고 일부 기업은 고성장을 기록한 반면, 코로나19 특수 효과를 누렸던 기업들은 엔데믹 전환 이후 뚜렷한 역성장 흐름을 보였다. 14일 금융감독원에 따르면 주요 30개 다국적제약사 한국법인의 매출은 2024년 8조7417억원에서 지난해 9조4453억원으로 8.0% 증….","절대강자는 없었다. 다국적제약사 한국법인들의 지난해 실적이 제품 포트폴리오에 따라 극명하게 엇갈렸다. 비만치료제 확산을 타고 일부 기업은 고성장을 기록한 반면, 코로나19 특수 효과를 누렸던 기업들은 엔데믹 전환 이후 뚜렷한 역성장 흐름을 보였다. 14일 금융감독원에 따르면 주요 30개 다국적제약사 한국법인의 매출은 2024년 8조7417억원에서 지난해 9조4453억원으로 8.0% 증…",local,10,DKSH,,,0.8139465803063213,,1.0,0.8139465803063213,9.218575637286548,10.0,8.697626062144248,False
2026-04-16,Distribution,2026-04-15 14:02:00,Naver News,http://www.segyebiz.com/newsView/20260414521431?OutUrl=naver,"㈜더파마 브랜드 더데이, 약국 전용 플랫폼 바로팜 입점",건강기능식품 전문 기업 더파마(대표 장원호)는 자사의 프리미엄 건강기능식품 브랜드 ‘더데이(The Day)’가 국내 최대 약국 전용 플랫폼인 ‘바로팜’에 공식 입점했다고 15일 밝혔다. 업체에 따르면 바로팜은 전국 약국의 약 80%에 달하는 1만 8000여 개 이상의 약국이 ...,건강기능식품 전문 기업 더파마(대표 장원호)는 자사의 프리미엄 건강기능식품 브랜드 ‘더데이(The Day)’가 국내 최대 약국 전용 플랫폼인 ‘바로팜’에 공식 입점했다고 15일 밝혔다. 업체에 따르면 바로팜은 전국 약국의 약 80%에 달하는 1만 8000여 개 이상의 약국이 ...,local,10,바로팜,,,0.8135954936010079,,1.0,0.8135954936010079,9.217101073124233,10.0,8.695168455207057,False
2026-04-16,Client,2026-04-16 10:12:00,Naver News,http://www.bokuennews.com/news/article.html?no=276843,"암질심, 간세포암·다발골수종 치료제 급여 확대","건강보험심사평가원이 2026년 제4차 암질환심의위원회를 개최하고 암 환자용 약제에 대한 급여기준 심의 결과를 공개했다. 이번 심의에서는 간세포암과 다발골수종 치료제의 급여기준이 확대된 반면, 유방암 신약 ..","건강보험심사평가원이 2026년 제4차 암질환심의위원회를 개최하고 암 환자용 약제에 대한 급여기준 심의 결과를 공개했다.

이번 심의에서는 간세포암과 다발골수종 치료제의 급여기준이 확대된 반면, 유방암 신약 ..",local,10,아스트라제네카,,,0.8128237415194256,,1.0,0.8128237415194256,9.213859714381588,10.0,8.689766190635979,True
2026-04-16,Client,2026-04-16 14:17:00,Naver News,https://zdnet.co.kr/view/?no=20260416141649,"AI로 신약 설계·실험…AWS, '바이오 디스커버리' 공개",아마존웹서비스(AWS)가 인공지능(AI)을 활용한 신약 개발 플랫폼을 선보이며 생명과학 분야 지원에 나섰다.AWS는 과학자들이 신약을 빠르고 체계적으로 설계·검증할 수 있도록 지원하는 AI 기반 애플리케이션 '아마존 바이오 디스커버리'를 출시했다고 16일 밝혔다.아마존 바...,아마존웹서비스(AWS)가 인공지능(AI)을 활용한 신약 개발 플랫폼을 선보이며 생명과학 분야 지원에 나섰다.AWS는 과학자들이 신약을 빠르고 체계적으로 설계·검증할 수 있도록 지원하는 AI 기반 애플리케이션 '아마존 바이오 디스커버리'를 출시했다고 16일 밝혔다.아마존 바...,local,10,바이엘,,,0.8071890013169476,,1.0,0.8071890013169476,9.19019380553118,10.0,8.650323009218633,True
2026-04-16,BD,2026-04-17 05:54:00,Naver News,https://www.dailymedi.com/news/news_view.php?wr_id=935702,팬젠 “아일리아 시밀러 원개발사 삼천당제약”,"﻿﻿﻿삼천당제약의 아일리아 바이오시밀러를 둘러싼 ‘원천기술·로열티’ 논란과 관련해서 팬젠이 “원개발사는 삼천당제약”이라며 선을 그었다.팬젠은 16일 데일리메디에 “삼천당제약 아일리아 바이오시밀러 원개발사는 삼천당제약”이라며 “팬젠은 자체 보유한 PanGen CHO-TECH 기술을 활용해 생산세포주 및 공정개발 용역을 수행한 것”이라고 밝혔다.앞서 2016년 체결된 양사 간 6억 원 규모 계약과 관련, 일각에서는 해당 계약이 아일리아 바이오시밀러 세포주 개발과 연결된 것 아니냐는 해석이 제기됐다.이에 대해 팬젠은 “해당 계약은 세포주….","﻿﻿﻿삼천당제약의 아일리아 바이오시밀러를 둘러싼 ‘원천기술·로열티’ 논란과 관련해서 팬젠이 “원개발사는 삼천당제약”이라며 선을 그었다.팬젠은 16일 데일리메디에 “삼천당제약 아일리아 바이오시밀러 원개발사는 삼천당제약”이라며 “팬젠은 자체 보유한 PanGen CHO-TECH 기술을 활용해 생산세포주 및 공정개발 용역을 수행한 것”이라고 밝혔다.앞서 2016년 체결된 양사 간 6억 원 규모 계약과 관련, 일각에서는 해당 계약이 아일리아 바이오시밀러 세포주 개발과 연결된 것 아니냐는 해석이 제기됐다.이에 대해 팬젠은 “해당 계약은 세포주…",local,10,계약,,,0.8006202844529142,,1.0,0.8006202844529142,9.16260519470224,10.0,8.604341991170399,False
2026-04-16,BD,2026-04-15 06:00:00,Naver News,https://www.pharmnews.com/news/articleView.html?idxno=302839,"아빠는 병원장, 딸은 CSO 대표...'리베이트 가업 승계'의 민낯 - 팜뉴스","정부가 리베이트와의 전쟁을 선포하며 CSO(영업대행기관) 신고제를 전격 도입한 지 1년여가 지났지만, 의료 현장의 독버섯은 오히려 더 교묘한 양지로 숨어들고 있다.","정부가 리베이트와의 전쟁을 선포하며 CSO(영업대행기관) 신고제를 전격 도입한 지 1년여가 지났지만, 의료 현장의 독버섯은 오히려 더 교묘한 양지로 숨어들고 있다",local,10,판촉영업자,,,0.7984370585014023,,1.0,0.7984370585014023,9.153435645705889,10.0,8.589059409509815,False
2026-04-16,Client,2026-04-14 15:24:00,Naver News,http://www.doctorstimes.com/news/articleView.html?idxno=237630,[제약업계 소식] 4월 14일,"한국다이이찌산쿄, 새로 진단된 FLT3-ITD 변이 양성 급성 골수성 백혈병 환자를 위한 최초의 표적치료제 ‘반플리타’ 출시한국다이이찌산쿄주식회사(대표이사 사장 김정태)는 자사의 급성 골수성 백혈병(Acute Myeloid Leukemia, AML) 표적치료제 반플리타(성분명 퀴자티닙 염산염)의 국내 출시를 기념해 14일 더 플라자 호텔 서울 메이플홀에서 기자간담회를 개최했다고 밝혔다.반플리타는 유도·공고·공고 후 유지요법까지 가능한 최초의 FLT3-ITD 변이 표적 치료제로, 지난 1월26일 ‘FLT3-ITD 변이 양성인 새로.","■한국다이이찌산쿄, 새로 진단된 FLT3-ITD 변이 양성 급성 골수성 백혈병 환자를 위한 최초의 표적치료제 ‘반플리타’ 출시한국다이이찌산쿄주식회사(대표이사 사장 김정태)는 자사의 급성 골수성 백혈병(Acute Myeloid Leukemia, AML) 표적치료제 반플리타(성분명 퀴자티닙 염산염)의 국내 출시를 기념해 14일 더 플라자 호텔 서울 메이플홀에서 기자간담회를 개최했다고 밝혔다.반플리타는 유도·공고·공고 후 유지요법까지 가능한 최초의 FLT3-ITD 변이 표적 치료제로, 지난 1월26일 ‘FLT3-ITD 변이 양성인 새로",local,10,입센,,,0.7942806736801097,,1.0,0.7942806736801097,9.135978829456459,10.0,8.559964715760767,True
2026-04-16,BD,2026-04-16 11:22:00,Naver News,http://www.press9.kr/news/articleView.html?idxno=75140,"[펩트론 D-DAY]릴리 본계약 장담 못하는데 890억 신공장, 플랜B 있나","올해 10월 릴리와의 기술 평가 종료를 앞둔 펩트론의 현주소를 짚는다. 글로벌 빅파마들이 비만 치료제 경쟁에서 승리하기 위해 장기지속형 제형화 파트너사를 선점하는 가운데, 기술 평가 단계에 머물러 있는 펩트론의 위치와 과제를 살펴본다.[프레스나인] 일라이 릴리와의 기술평가 계약 종료 시한이 최대 2026년 10월로 연장된 가운데, 펩트론이 890억원을 투입하는 오송 제2공장을 릴리 본계약 없이도 소화할 수 있을지에 대한 우려가 커지고 있다. 현재 자체 상업화 제품은 전립선암·성조숙증 치료제 '루프원' 하나에 불과한 상황에.","올해 10월 릴리와의 기술 평가 종료를 앞둔 펩트론의 현주소를 짚는다. 글로벌 빅파마들이 비만 치료제 경쟁에서 승리하기 위해 장기지속형 제형화 파트너사를 선점하는 가운데, 기술 평가 단계에 머물러 있는 펩트론의 위치와 과제를 살펴본다.[프레스나인] 일라이 릴리와의 기술평가 계약 종료 시한이 최대 2026년 10월로 연장된 가운데, 펩트론이 890억원을 투입하는 오송 제2공장을 릴리 본계약 없이도 소화할 수 있을지에 대한 우려가 커지고 있다. 현재 자체 상업화 제품은 전립선암·성조숙증 치료제 '루프원' 하나에 불과한 상황에",local,10,판권,,,0.7919985152865798,,1.0,0.7919985152865798,9.126393764203634,10.0,8.543989607006058,False
2026-04-16,Zuellig,2026-04-15 10:46:00,Naver News,https://www.kpanews.co.kr/news/articleView.html?idxno=533009,"리제네론, 텔릭스와 21억달러 ‘바이오벅스’…표적 방사성의약품 판 키운다 - 약사공론","비만 치료제 비즈니스가 탄력을 받는 가운데, 리제네론(Regeneron)이 표적 방사성의약품 분야로 보폭을 넓혔다.리제네론은 호주 텔릭스 파마슈티컬스(Telix.","비만 치료제 비즈니스가 탄력을 받는 가운데, 리제네론(Regeneron)이 표적 방사성의약품 분야로 보폭을 넓혔다.리제네론은 호주 텔릭스 파마슈티컬스(Telix",local,10,리브타요,,,0.7911613659985977,,1.0,0.7911613659985977,9.12287773719411,10.0,8.538129561990182,True
2026-04-16,Client,2026-04-16 07:02:00,Naver News,https://www.sedaily.com/article/20032917?ref=naver,"렉라자 글로벌 매출 2년새 5배 급증…유한양행, 올 로열티 수입 최고치 찍는다",유한양행의 비소세포폐암 치료제 ‘렉라자(레이저티닙)’와 존슨앤드존슨(J&J)의 ‘리브리반트(아미반타맙)’를 함께 사용하는 요법이 글로벌 시장에서 빠른 성장세를 이어가고 있다. 출시 2년 만에 글로벌 매출이 5배 이상 커지며 차세대 표준 치료로 자리 잡을 가능성이 커지고.,유한양행의 비소세포폐암 치료제 ‘렉라자(레이저티닙)’와 존슨앤드존슨(J&J)의 ‘리브리반트(아미반타맙)’를 함께 사용하는 요법이 글로벌 시장에서 빠른 성장세를 이어가고 있다. 출시 2년 만에 글로벌 매출이 5배 이상 커지며 차세대 표준 치료로 자리 잡을 가능성이 커지고,local,10,얀센,,,0.7504640591643216,,1.0,0.7504640591643216,8.95194904849015,10.0,8.25324841415025,True
2026-04-16,Client,2026-04-16 10:16:00,Naver News,https://www.dailymedi.com/news/news_view.php?wr_id=935680,﻿킴리아주 급여 확대 무산…투키사정·티루캡정 실패,"﻿﻿﻿﻿﻿한국노바티스 CAR-T 치료제 ‘킴리아주(티사젠렉류셀)’가 소포성 림프종으로의 급여 범위 확대에 실패, 다음을 기약하게 됐다.건강보험심사평가원은 지난 15일 2026년 제4차 암질환심의위원회를 개최하고 암환자에게 사용되는 약제에 대한 급여기준 심의결과를 공개했다.킴리아·투키사 등 신약 및 급여 확대 신청 약제 ‘미설정’ 속출이번 심의에서 가장 큰 관심을 모았던 킴리아주는 급여 확대에 실패했다. 심의 결과에 따르면 킴리아주는 두 가지 이상 치료 후 재발성 또는 불응성 소포성 림프종 성인 환자의 치료에 대해 급여기준 ….","﻿﻿﻿﻿﻿한국노바티스 CAR-T 치료제 ‘킴리아주(티사젠렉류셀)’가 소포성 림프종으로의 급여 범위 확대에 실패, 다음을 기약하게 됐다.건강보험심사평가원은 지난 15일 2026년 제4차 암질환심의위원회를 개최하고 암환자에게 사용되는 약제에 대한 급여기준 심의결과를 공개했다.킴리아·투키사 등 신약 및 급여 확대 신청 약제 ‘미설정’ 속출이번 심의에서 가장 큰 관심을 모았던 킴리아주는 급여 확대에 실패했다. 심의 결과에 따르면 킴리아주는 두 가지 이상 치료 후 재발성 또는 불응성 소포성 림프종 성인 환자의 치료에 대해 급여기준 …",local,10,노바티스,,,0.7503624277147579,,1.0,0.7503624277147579,8.951522196401982,10.0,8.252536994003304,True
2026-04-16,Client,2026-04-16 12:00:00,Naver News,https://www.medicaltimes.com/Main/News/NewsView.html?ID=1168290&ref=naverpc,[메디칼타임즈] 탈모약도 저용량 시대…현대약품 이어 JW중외제약도 가세,"탈모치료제로 알려진 경구용 미녹시딜 시장이 '저용량'을 중심으로 재편되고 있다.탈모 치료를 위해 기존 5mg 고혈압 치료제를 쪼개 먹던 환자들의 불편함이 해소되면서, 제약사들도 2.5mg 제형을 앞세워 시장 선점 경쟁에 나섰다.JW중외제약은 식품의약품안전처로부터 미녹시딜 저용량 제형 '미녹파즈정 2.5mg'의 품목 허가를 받고 본격적인 시장 공략에 나선다고 16일 밝혔다.지난 1월 국내 최초로 2.5mg 제품을 출시한 현대약품의 '현대미녹시딜정 2.5mg'을 바짝 추격하는 모양새다.JW중외제약은 미녹파즈 2.5mg 출시로 탈모치료제 저용량 시장에 가세했다. (그래픽: AI 생성 이미지)현재까지 미녹시딜 경구제는 고혈압 치료제로 허가된 5mg 용량이 주를 이뤘다. 하지만 탈모 치료 목적으로는 1.25mg에서 2.5mg 사이의 저용량이 주로 처방되다 보니, 환자들은 약을 2등분 또는 4등분으로 쪼개 복용해야 하는 번거로움을 겪어왔다.이 과정에서 정확한 용량 분할이 어렵고 가루가 날리는 등 복약 순응도가 떨어지는 문제가 지적돼왔다.그런 점에서 일선 의료현장에서도 이번 JW중외제약의 2.5mg 제형 출시는 기다렸던 소식인 셈이다.앞서 현대약품이 올해 초 저용량 미녹시딜을 선제적으로 출시한 데 이어 JW중외제약이 '미녹파즈정 2.5mg'을 통해 뒤를 바짝 쫓을 전망이다.의료계에서는 이러한 저용량 제형의 잇따른 출시를 반기는 분위기다.탈모치료를 한 개원의는.","[메디칼타임즈=이지현 기자] 탈모치료제로 알려진 경구용 미녹시딜 시장이 '저용량'을 중심으로 재편되고 있다.탈모 치료를 위해 기존 5mg 고혈압 치료제를 쪼개 먹던 환자들의 불편함이 해소되면서, 제약사들도 2.5mg 제형을 앞세워 시장 선점 경쟁에 나섰다.JW중외제약은 식품의약품안전처로부터 미녹시딜 저용량 제형 '미녹파즈정 2.5mg'의 품목 허가를 받고 본격적인 시장 공략에 나선다고 16일 밝혔다.지난 1월 국내 최초로 2.5mg 제품을 출시한 현대약품의 '현대미녹시딜정 2.5mg'을 바짝 추격하는 모양새다.JW중외제약은 미녹파즈 2.5mg 출시로 탈모치료제 저용량 시장에 가세했다. (그래픽: AI 생성 이미지)현재까지 미녹시딜 경구제는 고혈압 치료제로 허가된 5mg 용량이 주를 이뤘다. 하지만 탈모 치료 목적으로는 1.25mg에서 2.5mg 사이의 저용량이 주로 처방되다 보니, 환자들은 약을 2등분 또는 4등분으로 쪼개 복용해야 하는 번거로움을 겪어왔다.이 과정에서 정확한 용량 분할이 어렵고 가루가 날리는 등 복약 순응도가 떨어지는 문제가 지적돼왔다.그런 점에서 일선 의료현장에서도 이번 JW중외제약의 2.5mg 제형 출시는 기다렸던 소식인 셈이다.앞서 현대약품이 올해 초 저용량 미녹시딜을 선제적으로 출시한 데 이어 JW중외제약이 '미녹파즈정 2.5mg'을 통해 뒤를 바짝 쫓을 전망이다.의료계에서는 이러한 저용량 제형의 잇따른 출시를 반기는 분위기다.탈모치료를 한 개원의는",local,10,현대약품,,,0.7475580368155805,,1.0,0.7475580368155805,8.93974375462544,10.0,8.232906257709065,False
2026-04-16,BD,2026-04-17 00:31:00,Naver News,https://www.donga.com/news/Economy/article/all/20260416/133755809/2,“AI기반 블록버스터 신약 개발 선점을”… 글로벌 빅파마-빅테크 ‘짝짓기’ 러시,"인공지능(AI)이 신약 개발에도 활용되며 글로벌 빅파마와 빅테크 간 합종연횡이 본격화되고 있다. 빅파마, 빅테크 각자의 경쟁에서 이제는 ‘연합전’의 형태로 경쟁의 양상이 더욱 복잡하고 치열해지는 모양새다. 특히 비만치료제 영역에서 각축전을 벌이고 있는 노보노디스크와 ….","인공지능(AI)이 신약 개발에도 활용되며 글로벌 빅파마와 빅테크 간 합종연횡이 본격화되고 있다. 빅파마, 빅테크 각자의 경쟁에서 이제는 ‘연합전’의 형태로 경쟁의 양상이 더욱 복잡하고 치열해지는 모양새다. 특히 비만치료제 영역에서 각축전을 벌이고 있는 노보노디스크와 …",local,10,인수,,,0.8246620686441173,,1.0,0.8246620686441173,8.863580688305293,9.0,8.77263448050882,False
2026-04-16,BD,2026-04-17 06:02:00,Naver News,https://www.apsk.co.kr/news/articleView.html?idxno=539167,동아ST 등 국내사 '차세대 ADC' 승부수…美 학회서 K-빅딜 나올까 - 메디팜스투데이,항암 치료의 향방을 결정짓는 미국암연구학회(AACR 2026)가 현지시간 17일 샌디에이고에서 막을 올린다. 올해 K-제약바이오의 화두는 기존 항암제의 내성 한계.,항암 치료의 향방을 결정짓는 미국암연구학회(AACR 2026)가 현지시간 17일 샌디에이고에서 막을 올린다. 올해 K-제약바이오의 화두는 기존 항암제의 내성 한계,local,10,계약,,,0.7279778860771343,,1.0,0.7279778860771343,8.857507121523964,10.0,8.095845202539941,False
2026-04-16,Client,2026-04-15 18:02:00,Naver News,https://www.asiatoday.co.kr/view.php?key=20260415010004706,[취재후일담] 이대서울병원 택한 삼진제약…‘편두통 카드’ 꺼낸 이유,"현재 글로벌 시장에서는 애브비, 암젠, 화이자, 테바, 릴리 등 주요 빅파마들이 점유율 확대 경쟁을 벌이고... 이대뇌혈관병원장은 애브비의 편두통 치료제 '아큅타' 관련 연구 경험도 갖추고 있습니다. 특히 송... ","현재 글로벌 시장에서는 애브비, 암젠, 화이자, 테바, 릴리 등 주요 빅파마들이 점유율 확대 경쟁을 벌이고... 이대뇌혈관병원장은 애브비의 편두통 치료제 '아큅타' 관련 연구 경험도 갖추고 있습니다. 특히 송... ",local,10,애브비,,,0.8161566025039494,,1.0,0.8161566025039494,8.827857730516588,9.0,8.713096217527646,False
2026-04-16,BD,2026-04-17 06:02:00,Naver News,https://www.dailypharm.com/user/news/337580?REFERER=NP,[데일리팜]씨투스 제네릭 발매 1년만에 점유율 30% 돌파,"프란루카스트 성분 천식‧알레르기비염 치료제 ‘씨투스’의 제네릭이 발매 1년 만에 점유율을 30%로 확대했다. 제약업계에선 우선판매품목허가 기간 만료 이후 발매된 후발 제네릭이 본격 가세하는 올 2분기 이후로 점유율 확대 속도가 더욱 빨라질 것이란 전망이 나온다. 씨투스 제네릭, 발매 1년 만에 점유율 30%로 확대 16일 의약품 시장조사기관 유비스트에 따르면 지난 1분기 삼아제약….","프란루카스트 성분 천식‧알레르기비염 치료제 ‘씨투스’의 제네릭이 발매 1년 만에 점유율을 30%로 확대했다. 제약업계에선 우선판매품목허가 기간 만료 이후 발매된 후발 제네릭이 본격 가세하는 올 2분기 이후로 점유율 확대 속도가 더욱 빨라질 것이란 전망이 나온다. 씨투스 제네릭, 발매 1년 만에 점유율 30%로 확대 16일 의약품 시장조사기관 유비스트에 따르면 지난 1분기 삼아제약…",local,10,제네릭,,,0.8040641801223042,,1.0,0.8040641801223042,8.777069556513677,9.0,8.62844926085613,False
2026-04-16,BD,2026-04-16 14:42:00,Naver News,https://www.yakup.com/news/index.html?mode=view&cat=16&nid=326080,"[약업신문]릴리, 이중 탑재체 ADCs 전문 생명공학사 인수",미국 텍사스州 휴스턴에 소재한 차세대 이중 탑재체(dual-payload) 항체-약물 결합체(ADCs) 개발 특화 생명공학기업 크로스브리지 바이오社(CrossBridge Bio)가 일라이 릴리社와 인수‧합병에 최종합의했다고 14일...,미국 텍사스州 휴스턴에 소재한 차세대 이중 탑재체(dual-payload) 항체-약물 결합체(ADCs) 개발 특화 생명공학기업 크로스브리지 바이오社(CrossBridge Bio)가 일라이 릴리社와 인수‧합병에 최종합의했다고 14일...,local,10,릴리,,,0.8007361619579514,,1.0,0.8007361619579514,8.763091880223396,9.0,8.60515313370566,False
2026-04-16,BD,2026-04-16 16:06:00,Naver News,https://www.sisajournal-e.com/news/articleView.html?idxno=420530,[2026웰스업] “바이오 투자 핵심은 ‘기술력’···분산투자로 리스크 관리해야” - 시사저널e,“바이오 기업은 기술력이 핵심이며 그 기술력을 고도화할 수 있는 바이오 트렌드도 매우 중요하다.”이해진 임플바이오리서치 대표는 16일.,[시사저널e=김희진 기자] “바이오 기업은 기술력이 핵심이며 그 기술력을 고도화할 수 있는 바이오 트렌드도 매우 중요하다.”이해진 임플바이오리서치 대표는 16일,local,10,M&A,,,0.7970171895717322,,1.0,0.7970171895717322,8.747472196201274,9.0,8.579120327002125,False
2026-04-16,BD,2026-04-16 17:41:00,Naver News,https://www.sedaily.com/article/20033471?ref=naver,"에너지·인프라, M&A 지속 활발…신약개발·바이오도 유망군",에너지·인프라 산업에 집중됐던 국내 인수합병(M&A) 시장이 인공지능(AI) 등 신산업 분야로 확대될 것이라는 전망이 나왔다. 빠르게 발전하는 AI 기술을 흡수하기 위해 전략적투자자(SI)들이 적극적인 M&A에 나서면 시장 외연이 넓어질 수 있다는 분석이다.,에너지·인프라 산업에 집중됐던 국내 인수합병(M&A) 시장이 인공지능(AI) 등 신산업 분야로 확대될 것이라는 전망이 나왔다. 빠르게 발전하는 AI 기술을 흡수하기 위해 전략적투자자(SI)들이 적극적인 M&A에 나서면 시장 외연이 넓어질 수 있다는 분석이다. 남상욱 딜,local,10,M&A,,,0.7725967267753215,,1.0,0.7725967267753215,8.644906252456352,9.0,8.408177087427251,False
2026-04-16,Client,2026-04-17 06:02:00,Naver News,https://www.yakup.com/news/index.html?mode=view&cat=12&nid=326104,"[약업신문]릴리, 파운다요 안전성 논란 반격…임상 통한 안전성 입증 나서","일라이 릴리(Eli Lilly)가 경구용 GLP-1 비만 치료제 ‘파운다요(Foundayo)’의 안전성 우려에 대응하는 동시에 적응증 확대 전략을 본격화하고 있다. 최근 임상 결과를 통해 심혈관 안전성을 강조하며, 당뇨병 적...","일라이 릴리(Eli Lilly)가 경구용 GLP-1 비만 치료제 ‘파운다요(Foundayo)’의 안전성 우려에 대응하는 동시에 적응증 확대 전략을 본격화하고 있다. 최근 임상 결과를 통해 심혈관 안전성을 강조하며, 당뇨병 적...",local,10,출시,,,0.8608507503365834,,1.0,0.8608507503365834,8.61557315141365,8.0,9.025955252356084,False
2026-04-16,BD,2026-04-15 12:06:00,Naver News,http://www.newsmp.com/news/articleView.html?idxno=252710,"릭시아나 특허만료 앞두고 동국ㆍHK이노엔ㆍ동광 가세, 허가 잇따라","한국다이이찌산쿄의 비타민K 비의존성 경구용 항응고제(NOAC) 릭시아나(성분명 에독사반) 물질특허 만료를 앞두고 후발업체들의 가세가 이어지고 있다.최근 동광제약과 HK이노엔, 동국제약이 잇따라 품목허가를 받으면서, 다수 제품이 출시를 앞둔 가운데 신규 진입도 나타났다.식품의약품안전처 의약품안전나라 품목허가현황에 따르면 동국제약은 14일 에도가반정60밀리그램(에독사반토실산염수화물) 허가를 획득했다.앞서 HK이노엔은 13일 릭시엔정 15ㆍ30ㆍ60밀리그램을, 동광제약은 지난 2월 23일 릭사정 30ㆍ60밀리그램을 각각 허가.","[의약뉴스] 한국다이이찌산쿄의 비타민K 비의존성 경구용 항응고제(NOAC) 릭시아나(성분명 에독사반) 물질특허 만료를 앞두고 후발업체들의 가세가 이어지고 있다.최근 동광제약과 HK이노엔, 동국제약이 잇따라 품목허가를 받으면서, 다수 제품이 출시를 앞둔 가운데 신규 진입도 나타났다.식품의약품안전처 의약품안전나라 품목허가현황에 따르면 동국제약은 14일 에도가반정60밀리그램(에독사반토실산염수화물) 허가를 획득했다.앞서 HK이노엔은 13일 릭시엔정 15ㆍ30ㆍ60밀리그램을, 동광제약은 지난 2월 23일 릭사정 30ㆍ60밀리그램을 각각 허가",local,10,특허만료,,,0.8337743496039588,,1.0,0.8337743496039588,8.501852268336627,8.0,8.836420447227711,False
2026-04-16,BD,2026-04-14 17:54:00,Naver News,https://www.mt.co.kr/thebio/2026/04/14/2026041415121644004,"'투자는 계속, 방식은 변화'…글로벌 제약사 '선별·분산' 전략 부각 - 머니투데이","글로벌 제약·바이오 업계 기술자산 확보 전략에 변화 조짐이 감지되고 있다. 여전히 대형 계약을 통한 자산 확보는 이어지고 있지만, 위험관리에 한층 힘이 실리는 모습이다. 고금리 장기화 속 글로벌 제약사가 보유한 주요 블록버스터 제품 특허 만료가 임박한 만큼, 확실한 매출이 보장되거나 임상 성과가 입증된 자산에 선택적으로 자금을 투입하고 있다.","글로벌 제약·바이오 업계 기술자산 확보 전략에 변화 조짐이 감지되고 있다. 여전히 대형 계약을 통한 자산 확보는 이어지고 있지만, 위험관리에 한층 힘이 실리는 모습이다. 고금리 장기화 속 글로벌 제약사가 보유한 주요 블록버스터 제품 특허 만료가 임박한 만큼, 확실한 매출이 보장되거나 임상 성과가 입증된 자산에 선택적으로 자금을 투입하고 있다.",local,10,바이오젠,,,0.8199487986532642,,1.0,0.8199487986532642,8.443784954343709,8.0,8.739641590572848,False
2026-04-16,Client,2026-04-16 08:12:00,Naver News,http://www.edaily.co.kr/news/newspath.asp?newsid=02692886645416776,"한올바이오파마, 바토클리맙 임상 3상 실패 영향은?",대웅제약 관계사 한올바이오파마(009420)가 주요 파이프라인 '바토클리맙'의 갑상선안병증(TED) 임상 3상에서 유의미한 데이터를 확보하지 못했다. 이번 임상 실패로 파트너사에서 바토클리맙 물질 반환을 추진할 가능성이 높아진 만큼 바토클리맙 뿐 아니라 기업 가치 하...,대웅제약 관계사 한올바이오파마(009420)가 주요 파이프라인 '바토클리맙'의 갑상선안병증(TED) 임상 3상에서 유의미한 데이터를 확보하지 못했다. 이번 임상 실패로 파트너사에서 바토클리맙 물질 반환을 추진할 가능성이 높아진 만큼 바토클리맙 뿐 아니라 기업 가치 하...,local,10,암젠,,,0.8182938445316145,,1.0,0.8182938445316145,8.43683414703278,8.0,8.7280569117213,False
2026-04-16,Client,2026-04-14 12:00:00,Naver News,https://www.medicaltimes.com/Main/News/NewsView.html?ID=1168244&ref=naverpc,[메디칼타임즈] 바이엘 이어 리제네론까지…방사성의약품 쟁탈전 가열,"노바티스의 전립선암 치료제 '플루빅토'가 증명한 방사성의약품(Radioligand Therapy, RLT)의 시장성에 글로벌 빅파마들이 거액의 투자를 하고 있다.최근 바이엘이 RLT를 미래 핵심 먹거리로 선언한 데 이어, 그간 자체 R&D에 집중해온 리제네론(Regeneron)까지 약 3조원 규모의 메가딜을 통해 시장에 가세했다.리제네론은 호주의 방사성의약품 전문기업 텔릭스 파마슈티컬스와 파트너십을 체결하며 RLT 시장에 출사표를 던졌다.14일 제약업계에 따르면, 리제네론은 호주의 방사성의약품 전문기업 텔릭스 파마슈티컬스(Telix Pharmaceuticals)와 최대 21억 달러(약 2조 9000억원) 규모의 전략적 파트너십을 체결하며 RLT 시장에 출사표를 던졌다.이번 계약의 핵심은 리제네론이 보유한 항체 발굴 역량과 텔릭스의 방사성 의약품 제조·공급망 인프라의 결합이다.리제네론은 자사의 핵심 기술인 '벨로시뇰(VelocImmune) 마우스' 플랫폼을 통해 개발된 항체 포트폴리오를 RLT에 접목한다. 양사는 초기 4개 프로그램을 시작으로, 옵션 행사에 따라 최대 8개까지 고형암 표적 프로그램을 확대할 계획이다.계약 세부내용을 살펴보면, 리제네론은 텔릭스에 선급금 4000만 달러(약 550억원)를 지급하며, 향후 개발 및 상업화 마일스톤에 따라 프로그램당 최대 5억 3500만 달러(약 7400억원)를 지불하기로 했다. 전체 규모를 합산하면 약 21억 달러(약 3조원)에 달하는 빅딜이다.리제네론은 이번 협력을 통해 자사의 면역항암제 플랫폼과의 시너지 창출에 집중할 것으로 보인다.리제네론 임상 부문 수석 부사장인 이스라엘 로위(Israel Lowy) 박사는.","[메디칼타임즈=문성호 기자]노바티스의 전립선암 치료제 '플루빅토'가 증명한 방사성의약품(Radioligand Therapy, RLT)의 시장성에 글로벌 빅파마들이 거액의 투자를 하고 있다.최근 바이엘이 RLT를 미래 핵심 먹거리로 선언한 데 이어, 그간 자체 R&D에 집중해온 리제네론(Regeneron)까지 약 3조원 규모의 메가딜을 통해 시장에 가세했다.리제네론은 호주의 방사성의약품 전문기업 텔릭스 파마슈티컬스와 파트너십을 체결하며 RLT 시장에 출사표를 던졌다.14일 제약업계에 따르면, 리제네론은 호주의 방사성의약품 전문기업 텔릭스 파마슈티컬스(Telix Pharmaceuticals)와 최대 21억 달러(약 2조 9000억원) 규모의 전략적 파트너십을 체결하며 RLT 시장에 출사표를 던졌다.이번 계약의 핵심은 리제네론이 보유한 항체 발굴 역량과 텔릭스의 방사성 의약품 제조·공급망 인프라의 결합이다.리제네론은 자사의 핵심 기술인 '벨로시뇰(VelocImmune) 마우스' 플랫폼을 통해 개발된 항체 포트폴리오를 RLT에 접목한다. 양사는 초기 4개 프로그램을 시작으로, 옵션 행사에 따라 최대 8개까지 고형암 표적 프로그램을 확대할 계획이다.계약 세부내용을 살펴보면, 리제네론은 텔릭스에 선급금 4000만 달러(약 550억원)를 지급하며, 향후 개발 및 상업화 마일스톤에 따라 프로그램당 최대 5억 3500만 달러(약 7400억원)를 지불하기로 했다. 전체 규모를 합산하면 약 21억 달러(약 3조원)에 달하는 빅딜이다.리제네론은 이번 협력을 통해 자사의 면역항암제 플랫폼과의 시너지 창출에 집중할 것으로 보인다.리제네론 임상 부문 수석 부사장인 이스라엘 로위(Israel Lowy) 박사는",local,10,리제네론,,,0.8012972896818521,,1.0,0.8012972896818521,8.365448616663778,8.0,8.609081027772964,False
2026-04-16,Client,2026-04-17 05:30:00,Naver News,https://www.medicaltimes.com/Main/News/NewsView.html?ID=1168304&ref=naverpc,[메디칼타임즈] 재정·형평성 딜레마? 더 높아진 유방암 신약 급여 문턱,"국내 유방암 치료 시장이 거대한 전환기를 맞이하고 있다. 기존의 표준 항암화학요법을 넘어 ADC(antibody-drug conjugate), CDK4/6 억제제, 면역항암제 등 이른바 '혁신 신약'들이 쏟아져 나오면서 환자들의 생존율 개선에 대한 기대감도 그 어느 때보다 높다.하지만 임상현장과 환자들의 기대와 달리, 이들 신약이 건강보험 급여권에 안착하는 길은 그야말로 '가시밭길'이다. 지난 2년간 다국적 제약사들이 시장 주도권과 환자 접근성 개선을 위해 연 이어 급여 도전을 이어왔지만, 재정 독성과 특정 암종 편중 논란과 맞물리며 논의가 공전을 거듭하고 있다.조기 치료 옵션 등장, 높은 급여 문턱최근 글로벌 뿐만 아니라 국내 유방암 환자가 연간 3만명에 육박하면서 치료의 핵심 화두는 '완치'를 목적으로 하는 수술 후 보조요법(Adjuvant) 등 조기 치료의 강화다.","[메디칼타임즈=문성호 기자]국내 유방암 치료 시장이 거대한 전환기를 맞이하고 있다. 기존의 표준 항암화학요법을 넘어 ADC(antibody-drug conjugate), CDK4/6 억제제, 면역항암제 등 이른바 '혁신 신약'들이 쏟아져 나오면서 환자들의 생존율 개선에 대한 기대감도 그 어느 때보다 높다.하지만 임상현장과 환자들의 기대와 달리, 이들 신약이 건강보험 급여권에 안착하는 길은 그야말로 '가시밭길'이다. 지난 2년간 다국적 제약사들이 시장 주도권과 환자 접근성 개선을 위해 연 이어 급여 도전을 이어왔지만, 재정 독성과 특정 암종 편중 논란과 맞물리며 논의가 공전을 거듭하고 있다.조기 치료 옵션 등장, 높은 급여 문턱최근 글로벌 뿐만 아니라 국내 유방암 환자가 연간 3만명에 육박하면서 치료의 핵심 화두는 '완치'를 목적으로 하는 수술 후 보조요법(Adjuvant) 등 조기 치료의 강화다. 하지만 이 영역에서 급여의 문턱을 완전히 넘은 것은 아스트라제네카의 린파자(올라파립) 정도에 불과하다. 린파자는 gBRCA 변이 환자를 대상으로 조기 치료 급여 안착에 성공하며 '완치 시대'의 서막을 알렸다.반면, 같은 조기 암 영역임에도 다른 치료옵션들은 급여 논의 첫 관문인 건강보험심사평가원 암질환심의위원회 문턱이 높기만 하다. CDK4/6 억제제들이 대표적이다. 릴리의 '버제니오(아베마시클립)'와 노바티스의 '키스칼리(리보시클립)'는 모두 우리나라에서 조기 유방암 보조요법 적응증을 획득했다. 이 중 버제니오를 보유한 릴리가 급여를 적극적으로 추진했다. 지난 2023년 5월 첫 암질심 도전 이후 지난해 3월과 7월 연이어 상정돼 기대감이 높았지만 결과는 '급여기준 미설정'이었다. 왼쪽부터 릴리 버제니오, 노바티스 키스칼리 제품사진이다. 조기 유방암 치료에 있어 두 치료제 급여 적용 여부에 관심이 집중되고 있다. 그리고, 최근 한국노바티스가 도전장을 내밀었다. 동일 적응증으로 키스칼리(리보시클립)의 암질심 상정을 기다리고 있는데, 버제니오와 다른 결과를 낼 수 있을지 관심이 모아진다.다만, 국내 상황은 녹록지 않다. 항암제 보조요법 급여 승인의 가장 큰 걸림돌은 보건당국이 요구하는 '성숙한 전체생존(OS) 데이터'다.보조요법은 전이성 환자가 아닌 '재발 방지'를 목적으로 하기에, 환자가 사망에 이르기까지의 데이터를 확인하려면 통상 10년 이상의 시간이 소요된다. 당국이 OS 데이터를 급여의 절대적 기준으로 고수할 경우, 임상적 유효성이 확인된 신약이라도 국내 환자들은 수년간 치료 옵션에서 소외될 수밖에 없는 구조다.더불어 기존의 급여 적용된 약제 상의 급여기준 상의 맹점도 존재한다. MSD의 키트루다(펨브롤리주맙)의 경우, 올해 1월부터 전이성 삼중음성 유방암(TNBC) 1차 치료에는 급여가 적용됐으나 조기 TNBC 보조요법은 여전히 비급여 상태다. 이로 인해 조기 단계에서 키트루다를 사용한 환자가 나중에 전이됐을 때 급여 혜택을 받지 못하게 되는 '급여의 역설' 문제까지 불거지고 있다.다행스러운 점은 임상현장에서도 조기 치료옵션의 필요성을 인정하고 있다는 점이다.대한항암요법연구회 유방암분과 위원장인 연세암병원 손주혁 교수(종양내과)는",local,10,약가,,,0.7969631503154126,,1.0,0.7969631503154126,8.347245231324733,8.0,8.578742052207888,False
2026-04-16,BD,2026-04-16 16:48:00,Naver News,https://www.mt.co.kr/thebio/2026/04/16/2026041615402672101,다시 뛰는 국산 골관절염 치료제…연내 '상업화 가늠자' 줄대기 - 머니투데이,"국산 세포 기반 무릎 골관절염 치료제들이 잇따라 주요 임상 결과 발표를 앞두고 있다. 과거 성분 논란과 일부 기업의 부족한 성과 등에 시장에서 소외받는 분야로 꼽혔지만, 도출될 결과들이 '상업화 가늠자'가 될 수 있다는 점에서 기대치가 높아지고 있다.","국산 세포 기반 무릎 골관절염 치료제들이 잇따라 주요 임상 결과 발표를 앞두고 있다. 과거 성분 논란과 일부 기업의 부족한 성과 등에 시장에서 소외받는 분야로 꼽혔지만, 도출될 결과들이 '상업화 가늠자'가 될 수 있다는 점에서 기대치가 높아지고 있다.",local,10,판권,,,0.7903086886205029,,1.0,0.7903086886205029,8.319296492206112,8.0,8.53216082034352,False
2026-04-16,BD,2026-04-15 17:08:00,Naver News,https://www.ajunews.com/view/20260414083451136,IV에서 SC로…투여 방식 변화에 처방·매출 동반 이동 | 아주경제,정맥주사(IV) 중심이던 생물의약품 시장이 피하주사(SC)로 빠르게 이동하고 있다. 투여 방식 변화가 단순 편의성을 넘어 매출 구조까지 바꾸는 사례가 이어지면서 ...,정맥주사(IV) 중심이던 생물의약품 시장이 피하주사(SC)로 빠르게 이동하고 있다. 투여 방식 변화가 단순 편의성을 넘어 매출 구조까지 바꾸는 사례가 이어지면서 ...,local,10,GSK,,,0.8644171455411154,,1.0,0.8644171455411154,8.230552011272684,7.0,9.050920018787806,False
2026-04-16,Client,2026-04-15 06:02:00,Naver News,https://www.yakup.com/news/index.html?mode=view&cat=16&nid=325966,[약업신문]‘듀피젠트’ EU서 CSU 환자 사용가능 대상 확대,12세 이상서 2~11세 연령대까지..사노피社와 리제네론 파마슈티컬스社가 EU 집행위원회로부터 아토피 피부염‧천식 치료제 ‘듀피젠트’(두필루맙 주사제)의 적응증 추가를 승인받았다고 13일 공표해 주목할 ...,12세 이상서 2~11세 연령대까지..사노피社와 리제네론 파마슈티컬스社가 EU 집행위원회로부터 아토피 피부염‧천식 치료제 ‘듀피젠트’(두필루맙 주사제)의 적응증 추가를 승인받았다고 13일 공표해 주목할 ...,local,10,리제네론,,,0.8582697677586231,,1.0,0.8582697677586231,8.204733024586217,7.0,9.007888374310362,False
2026-04-16,Client,2026-04-15 16:54:00,Naver News,https://www.dt.co.kr/article/12057636?ref=naver,제약업계 R&D 조직 개편 움직임…수장교체·인재 영입 확대,국내 주요 제약사들이 잇따라 연구개발(R&D)수장을 교체하며 인적 쇄신에 나섰다. 제약업계는 혁신 신약을 개발하는 기업에 약가 우대 혜택을 주는 정부의 정책 전환에 따라 R&D를 강화해야 하는 입장이 됐다. 이에 외부 인재 등을 영입해 R&D 역량을 강화하려는 모습이.,국내 주요 제약사들이 잇따라 연구개발(R&D)수장을 교체하며 인적 쇄신에 나섰다. 제약업계는 혁신 신약을 개발하는 기업에 약가 우대 혜택을 주는 정부의 정책 전환에 따라 R&D를 강화해야 하는 입장이 됐다. 이에 외부 인재 등을 영입해 R&D 역량을 강화하려는 모습이,local,10,얀센,,,0.8579292636013653,,1.0,0.8579292636013653,8.203302907125735,7.0,9.005504845209558,False
2026-04-16,Client,2026-04-15 15:56:00,Naver News,https://www.huffingtonpost.kr/article/256635,"정맥주사에서 피하주사로, 주사제에서 경구용으로 : 바이오의약품 제형이 달라진다","바이오의약품을 사용 목적이나 용도에 맞게 적절한 형태로 만드는 것을 ‘제형’이라고 한다. 제약사들은 약물의 물리적·화학적 특성에 따라 모양과 크기를 결정하고, 약의 흡수 시간과 속도, 약이 적용되는 부위에 맞게 제조한다. 식품의약품안전처에 따르면 의약품 제형은 크게 △.","바이오의약품을 사용 목적이나 용도에 맞게 적절한 형태로 만드는 것을 ‘제형’이라고 한다. 제약사들은 약물의 물리적·화학적 특성에 따라 모양과 크기를 결정하고, 약의 흡수 시간과 속도, 약이 적용되는 부위에 맞게 제조한다. 식품의약품안전처에 따르면 의약품 제형은 크게 △",local,10,머크,,,0.8576683277761435,,1.0,0.8576683277761435,8.202206976659802,7.0,9.003678294433005,False
2026-04-16,Client,2026-04-16 06:02:00,Naver News,https://www.yakup.com/news/index.html?mode=view&cat=12&nid=326036,[약업신문]자가면역 치료제 시장 재편 조짐…FcRn 중심 경쟁 본격화,"자가면역질환 치료제 시장 확대와 함께 글로벌 제약업계의 연구개발 경쟁이 본격화되고 있다. ©픽사베이자가면역질환 치료제 시장이 빠르게 확대되는 가운데, FcRn 저해제를 중심으로 한 차세대 치료제 경쟁이 본...","자가면역질환 치료제 시장 확대와 함께 글로벌 제약업계의 연구개발 경쟁이 본격화되고 있다. ©픽사베이자가면역질환 치료제 시장이 빠르게 확대되는 가운데, FcRn 저해제를 중심으로 한 차세대 치료제 경쟁이 본...",local,10,사노피,,,0.8447354108329472,,1.0,0.8447354108329472,8.14788872549838,7.0,8.913147875830632,False
2026-04-16,Client,2026-04-16 12:00:00,Naver News,https://www.medipana.com/news/articleView.html?idxno=409832,"삼진제약, 사업부 신설-인재 영입…'스페셜티케어' 전략 속도 - 메디파나뉴스",삼진제약이 '스페셜티케어(Specialty Care)' 사업 실행에 나섰다. 올해 사업부를 신설하고 연이어 인재를 영입하면서 고부.,[메디파나뉴스 = 조후현 기자] 삼진제약이 '스페셜티케어(Specialty Care)' 사업 실행에 나섰다. 올해 사업부를 신설하고 연이어 인재를 영입하면서 고부,local,10,노바티스,,,0.8413066365563345,,1.0,0.8413066365563345,8.133487873536605,7.0,8.889146455894341,False
2026-04-16,Client,2026-04-16 05:00:00,Naver News,https://www.joongang.co.kr/article/25420584,[단독] 마운자로 처방 1128% 폭증…정상체중도 ‘성지’ 찾는다 | 중앙일보,15일 서울 종로구의 한 의원에 마운자로 수급 불안정을 알리는 안내문이 붙어 있다. 채혜선 기자 비만치료제 마운자로(성분명 터제파타이드) 월간 처방 건수가 처음으로 20만 건을 넘어섰다. 정상체중까지 약을 찾는 미용 수요가 몰리면서 정작 치료가 필요한 취약계층 비만 환자들이 약을 제때 쓰지 못할 수 있다는 우려도 커지고 있다. 15일 서미화 더불어민주당 의원이 건강보험심사평가원에서 받은 자료에 따르면 지난 3월 국내 마운자로 처방 건수는 22만8199건으로 집계됐다.,"15일 서울 종로구의 한 의원에 마운자로 수급 불안정을 알리는 안내문이 붙어 있다. 채혜선 기자
비만치료제 마운자로(성분명 터제파타이드) 월간 처방 건수가 처음으로 20만 건을 넘어섰다. 정상체중까지 약을 찾는 미용 수요가 몰리면서 정작 치료가 필요한 취약계층 비만 환자들이 약을 제때 쓰지 못할 수 있다는 우려도 커지고 있다.
15일 서미화 더불어민주당 의원이 건강보험심사평가원에서 받은 자료에 따르면 지난 3월 국내 마운자로 처방 건수는 22만8199건으로 집계됐다. 지난해 8월 국내 출시 이후 월간 기준 가장 많은 수치다. 출시 첫 달인 지난해 8월 1만8579건과 비교하면 1128% 늘었다.
약값을 30만원으로 가정하면 한 달 판매 규모는 약 685억원에 달한다. 의료계에서는 “지난해 단일 제제 약물 연 매출 최대치가 777억원 수준이었는데, 마운자로는 한 달에만 이 정도면 어마어마한 수준”이라는 반응이 나온다.
차준홍 기자
마운자로의 올해 1분기 처방은 58만2945건으로 집계됐다. 출시 이후 지난 3월까지 8개월간 누적 처방은 97만7310건에 이른다. 다른 비만치료제인 위고비(성분명 세마글루타이드)의 지난해부터 올해 1분기까지 처방 104만5360건을 합치면 두 약제의 누적 처방 규모는 200만 건을 넘었다.
문제는 이들 약의 처방이 치료 필요성이 큰 비만 환자뿐 아니라 미용 목적 수요까지 빨아들이고 있다는 점이다. 비만치료제는 체질량지수(BMI) 30 이상이거나 합병증을 동반한 BMI 27 이상 환자에게만 처방해야 한다. 하지만 현장에선 불필요한 정상 체중인 이들에게 처방되는 사례가 적지 않은 것으로 보고 있다.
15일 서울 종로구의 한 의원으로 가는 계단. 이 의원은 '마운자로·위고비 성지'라고 소개하고 있다. 채혜선 기자
전국에서 처방이 가장 많은 곳은 서울 종로구(마운자로 10.2%, 위고비 16.8%)였다. 온라인에서 이른바 ‘마운자로·위고비 성지’로 알려진 의원들이 몰린 곳이다. 지하철 1호선 종로5가역을 중심으로 의원과 대형 약국이 밀집해 있다. 가격 경쟁이 치열해 약값이 상대적으로 저렴하고 처방도 쉽게 받을 수 있는 환경이 만들어졌다. 특히 마운자로와 위고비는 먹는 약이 아닌 주사제라서 병원 내에서 바로 살 수 있어 처방전을 잘 내주는 의원에 수요가 집중되는 양상이다.
이날 찾은 종로구의 한 '성지' 의원에는 20~30대 여성 환자들이 끊임없이 드나들어 대기실에 빈자리가 없었다. 이들 가운데 겉보기에 과체중이나 비만으로 보이는 이는 많지 않았다. 진료를 마친 여성들은 곧장 안내 데스크로 향했고, 직원은 데스크 옆 쇼케이스형 냉장고에서 마운자로 상자를 꺼내 건넸다.
이 의원에서 만난 한 30대 여성은 “식욕이 잡히지 않는다고 말하면 처방받을 수 있다”고 했다. 수요가 폭발하면서 품귀 현상도 벌어진다. 병원 관계자는 “가장 낮은 용량인 2.5㎎은 품절 상태”라고 말했다.
과열 조짐이 커지자 식품의약품안전처는 마운자로와 위고비를 ‘오남용 우려’ 의약품으로 지정하기로 했다. 식약처 관계자는 “행정예고와 규제심사 등 고시 절차를 거쳐 수개월이 걸릴 것”이라고 말했다.
오남용 우려 의약품으로 지정되면 제품 포장에 경고 문구가 삽입되고, 의약분업 예외 지역에서도 의사 처방이 있어야 약을 구매할 수 있다. 다만 의료계에서는 이 정도의 규제로는 폭증하는 수요를 억제하기 역부족일 것이라는 지적이 나온다.
전문가들은 수요 급증의 여파로 정작 치료가 필요한 비만 환자들의 접근성이 낮아지고 있다고 우려한다. 오상우 동국대 일산병원 가정의학과 교수는 “처방이 필요한 고도비만 환자들은 약값 부담 때문에 치료를 받지 못하고 있다”며 “장애인이나 소아·청소년 등 취약계층에 대한 건강보험 급여 적용이 필요하다”고 말했다.
차준홍 기자
부작용 우려도 적지 않다. 서 의원에 따르면 지난해 마운자로와 위고비 관련 이상 사례 보고는 1017건이었다. 담석증이나 췌장염 등 부작용 가능성도 꾸준히 제기된다. 서울 강남구의 한 가정의학과 원장은 “최근 마운자로 부작용으로 추정되는 환자들이 위장약을 타러 오는 경우가 부쩍 늘었다”고 말했다.
서미화 의원은 “비만치료제는 미용 목적이 아닌 질병 치료를 위한 약”이라며 “처방이 남용되면 비만 환자들에게 약이 제대로 공급되지 않는 불상사가 발생할 수 있다”고 지적했다.
채혜선 기자 chae.hyeseon@joongang.co.kr",local,10,품귀,,,0.8391088806981375,,1.0,0.8391088806981375,8.124257298932177,7.0,8.873762164886962,False
2026-04-16,BD,2026-04-15 11:30:00,Naver News,https://www.dailymedi.com/news/news_view.php?wr_id=935652,"제약업계, 약가인하비대委→혁신협의체 전환","﻿﻿﻿﻿﻿약가제도 개편에 대응해 온 제약바이오업계 비상대책위원회가 ‘국민 건강권과 산업 발전을 위한 제약바이오 혁신협의체’로 간판을 바꾼다. 표면적으로는 조직 전환이지만, 실제로는 정부 정책에 대한 단순 반대 국면을 넘어 시행 과정과 후속 세부안에 업계 목소리를 반영하겠다는 전략 변화로 읽힌다. 한국제약바이오협회는 지난 14일 전체회의를 열고 지난해 11월 출범한 약가제도 개편 비상대책위원회 활동을 종료하고 혁신협의체로 전환하기로 의결했다.회의에는 한국제약바이오협회, 한국바이오의약품협회, 한국의약품수출입협회, 한국….","﻿﻿﻿﻿﻿약가제도 개편에 대응해 온 제약바이오업계 비상대책위원회가 ‘국민 건강권과 산업 발전을 위한 제약바이오 혁신협의체’로 간판을 바꾼다. 표면적으로는 조직 전환이지만, 실제로는 정부 정책에 대한 단순 반대 국면을 넘어 시행 과정과 후속 세부안에 업계 목소리를 반영하겠다는 전략 변화로 읽힌다. 한국제약바이오협회는 지난 14일 전체회의를 열고 지난해 11월 출범한 약가제도 개편 비상대책위원회 활동을 종료하고 혁신협의체로 전환하기로 의결했다.회의에는 한국제약바이오협회, 한국바이오의약품협회, 한국의약품수출입협회, 한국…",local,10,특허만료,,,0.8390501627274631,,1.0,0.8390501627274631,8.124010683455344,7.0,8.873351139092241,False
2026-04-16,BD,2026-04-15 11:16:00,Naver News,https://www.yakup.com/news/index.html?mode=view&cat=16&nid=325999,"[약업신문]리제네론 파마, 호주 제약사와 방사성 의약품 제휴",리제네론 파마슈티컬스社가 차세대 방사성 의약품들의 개발‧발매를 공동으로 진행하기 위해 호주 제약기업 텔릭스 파마슈티컬스社(Telix Pharmaceuticals)와 제휴키로 합의했다고 13일 공표했다.양사가 제휴관계...,리제네론 파마슈티컬스社가 차세대 방사성 의약품들의 개발‧발매를 공동으로 진행하기 위해 호주 제약기업 텔릭스 파마슈티컬스社(Telix Pharmaceuticals)와 제휴키로 합의했다고 13일 공표했다.양사가 제휴관계...,local,10,리제네론,,,0.8384773353948324,,1.0,0.8384773353948324,8.121604808658295,7.0,8.869341347763825,False
2026-04-16,BD,2026-04-17 06:02:00,Naver News,https://www.yakup.com/news/index.html?mode=view&cat=12&nid=326100,[약업신문][DIA 2026] “AI는 선택 아닌 필수”…식약처 규제과학 혁신 전략 공개,손경훈 식품의약품안전평가원 의약품연구부장이 ‘DIA Korea Annual Meeting 2026’에서 발표를 진행하고 있다. © 약업신문 = 최윤수 기자식품의약품안전처가 인공지능(AI)을 기반으로 의약품·의료기기 규제 체계를...,손경훈 식품의약품안전평가원 의약품연구부장이 ‘DIA Korea Annual Meeting 2026’에서 발표를 진행하고 있다. © 약업신문 = 최윤수 기자식품의약품안전처가 인공지능(AI)을 기반으로 의약품·의료기기 규제 체계를...,local,10,제네릭,,,0.8372361204429392,,1.0,0.8372361204429392,8.116391705860345,7.0,8.860652843100574,False
2026-04-16,Client,2026-04-16 08:26:00,Naver News,https://mdtoday.co.kr/news/view/1065588930240253,"식약처, 위고비·마운자로 등 GLP-1 비만치료제 ‘오남용우려의약품’ 지정 추진",식품의약품안전처가 위고비·마운자로 등 GLP-1 계열 비만치료제에 대한 관리 강화를 위해 오남용우려의약품 지정을 추진한다.식약처 의약품관리과 문은희 과장은 지난 14일 식약처 출입 전문기자단 대상 브리핑에서 GLP-1 계열 비만치료제의 ...,[mdtoday = 김미경 기자] 식품의약품안전처가 위고비·마운자로 등 GLP-1 계열 비만치료제에 대한 관리 강화를 위해 오남용우려의약품 지정을 추진한다.식약처 의약품관리과 문은희 과장은 지난 14일 식약처 출입 전문기자단 대상 브리핑에서 GLP-1 계열 비만치료제의 ...,local,10,마운자로,,,0.8320367805096471,,1.0,0.8320367805096471,8.094554478140518,7.0,8.824257463567529,False
2026-04-16,Client,2026-04-16 15:20:00,Naver News,http://www.metroseoul.co.kr/article/20260416500384,"""가렵고 붓는 고통 끝낸다""…국내 제약, '알레르기' 시장 공략 박차","국내 주요 제약·바이오 기업들이 글로벌 알레르기 치료제 시장 공략에 속도를 내고 있다. 기존 표준 치료제로 효과를 보지 못하는 '미충족 수요' 환자군을 겨냥한 차별화 전략을 앞세워, 다국적 제약사들이 독점해온 시장 판도를 흔들겠다는 포부다. 16일 제약바이오 업계에 따.","국내 주요 제약·바이오 기업들이 글로벌 알레르기 치료제 시장 공략에 속도를 내고 있다. 기존 표준 치료제로 효과를 보지 못하는 '미충족 수요' 환자군을 겨냥한 차별화 전략을 앞세워, 다국적 제약사들이 독점해온 시장 판도를 흔들겠다는 포부다. 16일 제약바이오 업계에 따",local,10,노바티스,,,0.8317843288705093,,1.0,0.8317843288705093,8.09349418125614,7.0,8.822490302093566,False
2026-04-16,BD,2026-04-16 12:00:00,Naver News,https://www.medipana.com/news/articleView.html?idxno=409792,"다국적 제약사, 평균 영업이익률 4.3%‥한국오츠카 17.7% '최고' - 메디파나뉴스",②영업이익률[메디파나뉴스= 최봉선 기자] 국내 시장에 진출해 있는 다국적 제약사들은 지난해 1천원 어치를 팔아.,[다국적 제약사 2025년도 경영실적 분석 시리즈] ②영업이익률[메디파나뉴스= 최봉선 기자] 국내 시장에 진출해 있는 다국적 제약사들은 지난해 1천원 어치를 팔아,local,10,한독,,,0.8305647442904932,,1.0,0.8305647442904932,8.088371926020072,7.0,8.813953210033453,False
2026-04-16,Client,2026-04-16 09:32:00,Naver News,https://www.seoulfn.com/news/articleView.html?idxno=626650,동성제약 새 대표이사에 최용석 전 파마노비아코리아 대표 - 서울파이낸스,동성제약은 지난 15일 서울회생법원의 허가를 받아 최용석 전 파마노비아코리아 대표를 새 대표이사로 선임했다고 16일 밝혔다.최 신임.,[서울파이낸스 권서현 기자] 동성제약은 지난 15일 서울회생법원의 허가를 받아 최용석 전 파마노비아코리아 대표를 새 대표이사로 선임했다고 16일 밝혔다.최 신임,local,10,파마노비아,,,0.8303312841365236,,1.0,0.8303312841365236,8.087391393373398,7.0,8.812318988955663,False
2026-04-16,Client,2026-04-15 15:42:00,Naver News,http://www.newsprime.co.kr/news/article.html?no=730401,제약사 잇단 전산 장애…업계 전반 보안 우려,"국내 제약업계를 겨냥한 랜섬웨어 공격이 확산되는 가운데, 일부 기업에서 전산 장애가 잇따르며 의약품 공급망 전반에 차질이 발생하고 있다.15일 업계에 따르면 현대약품(004310)을 비롯해 국제약품(002720) 등 일부 제약사들이 최근 전산 시스템 장애를 겪은 것으로 확인됐다. 특히 현대약품의 경우 이달 ..","[프라임경제] 국내 제약업계를 겨냥한 랜섬웨어 공격이 확산되는 가운데, 일부 기업에서 전산 장애가 잇따르며 의약품 공급망 전반에 차질이 발생하고 있다.15일 업계에 따르면 현대약품(004310)을 비롯해 국제약품(002720) 등 일부 제약사들이 최근 전산 시스템 장애를 겪은 것으로 확인됐다. 특히 현대약품의 경우 이달 ..",local,10,현대약품,,,0.8303020531199528,,1.0,0.8303020531199528,8.087268623103801,7.0,8.81211437183967,False
2026-04-16,Client,2026-04-16 07:10:00,Naver News,https://news.bizwatch.co.kr/article/healthcare/2026/04/15/0034,"릴리·노보, 비만치료제 열풍에 국내 매출 '수직 상승'",노보 노디스크와 일라이 릴리의 한국법인이 비만 치료제 흥행에 힘입어 지난해 나란히 호실적을 달성한 것으로 나타났다. 비만 치료제 후발주자인 릴리는 '마운자로'가 고가에도 불구하고 우수한 체중 감량...,노보 노디스크와 일라이 릴리의 한국법인이 비만 치료제 흥행에 힘입어 지난해 나란히 호실적을 달성한 것으로 나타났다. 비만 치료제 후발주자인 릴리는 &#39;마운자로&#39;가 고가에도 불구하고 우수한 체중 감량...,local,10,노보노디스크,,,0.8287972008491319,,1.0,0.8287972008491319,8.080948243566354,7.0,8.801580405943923,False
2026-04-16,Client,2026-04-15 08:42:00,Naver News,https://www.medicopharma.co.kr/news/articleView.html?idxno=67765,"자가면역 치료제, 하반기 투자축 부상하나…FcRn·면역재설정 주목",자가면역질환 치료제 개발사들이 하반기 바이오 투자시장의 새로운 축으로 부상할 것이라는 전망이다. 빅파마의 거래가 대형 적응증을 겨냥한 표적화 기전 중심으로 재편되는 가운데 FcRn 저해제와 면역재설정(Immune Reset) 계열이 차세대 승부처로 떠오르.,[메디코파마뉴스=정재노 기자] 자가면역질환 치료제 개발사들이 하반기 바이오 투자시장의 새로운 축으로 부상할 것이라는 전망이다. 빅파마의 거래가 대형 적응증을 겨냥한 표적화 기전 중심으로 재편되는 가운데 FcRn 저해제와 면역재설정(Immune Reset) 계열이 차세대 승부처로 떠오르,local,10,애브비,,,0.8277570035248665,,1.0,0.8277570035248665,8.076579414804439,7.0,8.794299024674064,False
2026-04-16,Client,2026-04-16 10:30:00,Naver News,http://www.newsprime.co.kr/news/article.html?no=730492,비만약 '오남용 우려' 지정 추진…업계 긴장 고조,"비만치료제를 '오남용 우려 의약품'으로 지정하는 방안이 속도를 내고 있다. 최근 위고비와 마운자로 등 GLP-1 계열 치료제가 높은 관심을 끌면서 사용 확대와 함께 오남용 가능성에 대한 우려가 커지자, 보건당국이 관리 강화에 나선 것으로 해석된다.◆관리 사각지대였던 비만약, 규제 틀 안으로최근 식품의..","[프라임경제] 비만치료제를 '오남용 우려 의약품'으로 지정하는 방안이 속도를 내고 있다. 최근 위고비와 마운자로 등 GLP-1 계열 치료제가 높은 관심을 끌면서 사용 확대와 함께 오남용 가능성에 대한 우려가 커지자, 보건당국이 관리 강화에 나선 것으로 해석된다.◆관리 사각지대였던 비만약, 규제 틀 안으로최근 식품의..",local,10,위고비,,,0.8276237862195673,,1.0,0.8276237862195673,8.076019902122182,7.0,8.793366503536971,False
2026-04-16,BD,2026-04-17 06:02:00,Naver News,https://www.dailypharm.com/user/news/337598?REFERER=NP,[데일리팜]㉖ 최초 원발성 lgA 신병증 항체치료제 '시베프렌리맙',"보이작트(VoyxactⓇ, 성분명: 시베프렌리맙, sibeprenlimab-szsi, 오츠카)는 출혈 및 염증을 유발할 수 있는 자가항체 생성을 촉진하는 APRIL(A proliferation-inducing ligand)을 차단하는 약제다. 2025년 11월 미국 FDA로부터 성인 1차성 면역글로불린 A 신병증(IgA nephropathy, IgAN) 환자에서 요단백 감소 적응증으로 승인되었다. IgAN은 면역글로불린 A(IgA)가 신장에 축적되는 진행….","보이작트(VoyxactⓇ, 성분명: 시베프렌리맙, sibeprenlimab-szsi, 오츠카)는 출혈 및 염증을 유발할 수 있는 자가항체 생성을 촉진하는 APRIL(A proliferation-inducing ligand)을 차단하는 약제다. 2025년 11월 미국 FDA로부터 성인 1차성 면역글로불린 A 신병증(IgA nephropathy, IgAN) 환자에서 요단백 감소 적응증으로 승인되었다. IgAN은 면역글로불린 A(IgA)가 신장에 축적되는 진행…",local,10,합병,,,0.8273751383692275,,1.0,0.8273751383692275,8.074975581150754,7.0,8.791625968584592,False
2026-04-16,Client,2026-04-16 16:08:00,Naver News,https://www.insight.co.kr/news/550464,국제약품 해킹사태에 제약업계 긴장... 보안 공백 도마 위,국내 의약품 제조회사 국제약품에서 외부 해커의 공격으로 인한 정보 유출 사고가 발생하면서 제약업계가 잇달아 긴장하고 있다.,국내 의약품 제조회사 국제약품에서 외부 해커의 공격으로 인한 정보 유출 사고가 발생하면서 제약업계가 잇달아 긴장하고 있다.,local,10,현대약품,,,0.826832357822244,,1.0,0.826832357822244,8.072695902853424,7.0,8.787826504755706,False
2026-04-16,BD,2026-04-15 09:22:00,Naver News,https://www.financialpost.co.kr/news/articleView.html?idxno=255528,"'235조' 자가면역 패권 경쟁…글로벌 빅파마, 정밀 타깃 총력전",글로벌 제약·바이오 시장에서 1560억달러(약 235조원) 규모에 달하는 자가면역질환 치료제 패권 전쟁이 치열하다. 15일 정희령 교보증권 책임연구원은 '자가면역질환 경쟁의 승자는 누구인가' 보고서를 통해 글로벌 대형 제약사들이 기존 블록버스터 신약의 특허 만료에 대응하고 차세대 캐시.,글로벌 제약·바이오 시장에서 1560억달러(약 235조원) 규모에 달하는 자가면역질환 치료제 패권 전쟁이 치열하다. 15일 정희령 교보증권 책임연구원은 '자가면역질환 경쟁의 승자는 누구인가' 보고서를 통해 글로벌 대형 제약사들이 기존 블록버스터 신약의 특허 만료에 대응하고 차세대 캐시,local,10,애브비,,,0.8256064539011843,,1.0,0.8256064539011843,8.067547106384973,7.0,8.779245177308288,False
2026-04-16,Client,2026-04-16 15:46:00,Naver News,https://www.medicopharma.co.kr/news/articleView.html?idxno=67791,"다이이찌산쿄, 일반의약품 사업 분리...산토리에 2.3조 매각","글로벌 제약사 다이이찌산쿄가 일반의약품(OTC) 사업을 분리하고 혁신신약 중심으로 사업 재편을 추진한다.16일 업계에 따르면, 다이이찌산쿄는 최근 일본 음료기업 산토리 홀딩스(Suntory Holdings)와 자회사 다이이찌산쿄 헬스케어 지분 전량을 이전.","[메디코파마뉴스=이호빈 기자] 글로벌 제약사 다이이찌산쿄가 일반의약품(OTC) 사업을 분리하고 혁신신약 중심으로 사업 재편을 추진한다.16일 업계에 따르면, 다이이찌산쿄는 최근 일본 음료기업 산토리 홀딩스(Suntory Holdings)와 자회사 다이이찌산쿄 헬스케어 지분 전량을 이전",local,10,사노피,,,0.820564833585715,,1.0,0.820564833585715,8.046372301060003,7.0,8.743953835100005,False
2026-04-16,Client,2026-04-16 15:42:00,Naver News,http://www.seoulwire.com/news/articleView.html?idxno=717255,"동성제약, 글로벌 제약 전문가 최용석 신임 대표이사로 - THE Biz(더비즈)",=박성필 기자] 동성제약은 서울회생법원의 허가를 받아 신임 대표이사로 최용석 전 파마노비아코리아 대표를 선임했다고 16일 밝혔다.최 대표는.,[THE Biz(더비즈)=박성필 기자] 동성제약은 서울회생법원의 허가를 받아 신임 대표이사로 최용석 전 파마노비아코리아 대표를 선임했다고 16일 밝혔다.최 대표는,local,10,아스트라제네카,,,0.8182964781450862,,1.0,0.8182964781450862,8.036845208209362,7.0,8.728075347015603,False
2026-04-16,BD,2026-04-16 20:12:00,Naver News,http://www.wowtv.co.kr/NewsCenter/News/Read?articleId=A202604160536&t=NN,"""수주 내 타이레놀 고갈될 수도""…'약품 대란' 英 비상등",다만 아직까지 일상적인 품귀 현상은 나타나지 않았다고 설명했다. 영국은 의약품과 원료 대부분을 수입에 의존하고 있으며 특히 제네릭 의약품은 중국과 인도에서 들여오는 경우가 많다. 앞서 영국 약사 단체들은 정부에... ,다만 아직까지 일상적인 품귀 현상은 나타나지 않았다고 설명했다. 영국은 의약품과 원료 대부분을 수입에 의존하고 있으며 특히 제네릭 의약품은 중국과 인도에서 들여오는 경우가 많다. 앞서 영국 약사 단체들은 정부에... ,local,10,품귀,,,0.8181522571377265,,1.0,0.8181522571377265,8.03623947997845,7.0,8.727065799964084,False
2026-04-16,Client,2026-04-14 11:56:00,Naver News,https://www.medipana.com/news/articleView.html?idxno=409635,"다국적 제약사, 11.9조 매출로 7.9%↑‥비만치료제가 성장 견인 - 메디파나뉴스",①영업실적[메디파나뉴스= 최봉선 기자] 국내 시장에 진출해 있는 다국적(외자) 제약사들은 지난해 매출은 물론.,[다국적 제약사 2025년도 경영실적 분석 시리즈] ①영업실적[메디파나뉴스= 최봉선 기자] 국내 시장에 진출해 있는 다국적(외자) 제약사들은 지난해 매출은 물론,local,10,베링거인겔하임,,,0.8168760549001891,,1.0,0.8168760549001891,8.030879430580795,7.0,8.718132384301324,False
2026-04-16,BD,2026-04-17 06:06:00,Naver News,https://www.medipana.com/news/articleView.html?idxno=409915,"알리코제약, 첫 2000억 매출 돌파…본업 성장 위 다변화 성과 - 메디파나뉴스","알리코제약이 지난해 처음으로 연매출 2000억원을 돌파했다. 주력 의약품 품목이 외형 성장을 이끈 가운데, 공급망 안정화와 비의약.","[메디파나뉴스 = 최인환 기자] 알리코제약이 지난해 처음으로 연매출 2000억원을 돌파했다. 주력 의약품 품목이 외형 성장을 이끈 가운데, 공급망 안정화와 비의약",local,10,제네릭,,,0.8160322751879223,,1.0,0.8160322751879223,8.027335555789273,7.0,8.712225926315455,False
2026-04-16,Client,2026-04-15 14:22:00,Naver News,https://www.kpinews.kr/newsView/1065580256354266,"삼성바이오, 자가면역치료제 美후속 판매금지 가처분도 승소",삼성바이오에피스의 자가면역질환 치료제 'SB17'의 미국 시장 리스크가 다시 한번 해소됐다. KPI뉴스가 15일 미국 연방 법원 기록을 확인한 결과 제3순회항소법원은 14일(현지시간) 존슨앤드존슨(J&J) 산하 제약사 얀센(Janssen)이 삼성 ...,삼성바이오에피스의 자가면역질환 치료제 'SB17'의 미국 시장 리스크가 다시 한번 해소됐다.  KPI뉴스가 15일 미국 연방 법원 기록을 확인한 결과 제3순회항소법원은 14일(현지시간) 존슨앤드존슨(J&J) 산하 제약사 얀센(Janssen)이 삼성 ...,local,10,얀센,,,0.8154679942660251,,1.0,0.8154679942660251,8.024965575917305,7.0,8.708275959862176,False
2026-04-16,Client,2026-04-15 12:10:00,Naver News,https://www.kpanews.co.kr/news/articleView.html?idxno=533007,"""AI 다음은 양자""…신약개발 새 ‘게임체인저’ 등장하나 - 약사공론","인공지능(AI, Artificial Intelligence)에 이어 양자 컴퓨팅(Quantum Computing)이 신약개발의 새로운 패러다임으로 부상하고 있다.","인공지능(AI, Artificial Intelligence)에 이어 양자 컴퓨팅(Quantum Computing)이 신약개발의 새로운 패러다임으로 부상하고 있다.",local,10,노보노디스크,,,0.8153573425686302,,1.0,0.8153573425686302,8.024500838788247,7.0,8.707501397980412,False
2026-04-16,BD,2026-04-16 06:55:00,Naver News,http://www.edaily.co.kr/news/newspath.asp?newsid=02443606645416776,"'산소포화도 83% 급락'…씨어스 ‘씽크’, 병동서 환자 이상 먼저 잡았다","척추 질환으로 병원에 입원해 수술을 받은 한 환자의 산소포화도가 갑작스럽게 83% 이하로 떨어졌다. 산소포화도는 혈액 내 산소 공급 상태를 보여주는 핵심 지표로, 저하 시 저산소증 등 위험 상황으로 이어질 수 있다. 대응이 늦어질 경우 생명까지 위협받을 수 있는 순간...","척추 질환으로 병원에 입원해 수술을 받은 한 환자의 산소포화도가 갑작스럽게 83% 이하로 떨어졌다. 산소포화도는 혈액 내 산소 공급 상태를 보여주는 핵심 지표로, 저하 시 저산소증 등 위험 상황으로 이어질 수 있다. 대응이 늦어질 경우 생명까지 위협받을 수 있는 순간...",local,10,CSO,,,0.8150058530874996,,1.0,0.8150058530874996,8.023024582967498,7.0,8.705040971612497,False
2026-04-16,BD,2026-04-16 12:08:00,Naver News,https://www.biotimes.co.kr/news/articleView.html?idxno=31119,"ADC 경쟁, ‘플랫폼 2.0’으로… AACR에서 공개될 ADC의 특징은? - 바이오타임즈","항체-약물접합체(ADC) 경쟁의 판이 빠르게 바뀌고 있다. 단일 항체에 약물을 결합하던 1세대 구조를 넘어, 이중항체·다중 페이로드를 정밀하게 설.","[바이오타임즈] 항체-약물접합체(ADC) 경쟁의 판이 빠르게 바뀌고 있다. 단일 항체에 약물을 결합하던 1세대 구조를 넘어, 이중항체·다중 페이로드를 정밀하게 설",local,10,화이자,,,0.8141159202745789,,1.0,0.8141159202745789,8.019286865153232,7.0,8.698811441922054,False
2026-04-16,BD,2026-04-15 14:52:00,Naver News,http://www.lkp.news/news/articleView.html?idxno=79191,"내실 다지고 외연 넓히고…동아제약, 사업 경쟁력 키운다",동아제약이 미래 성장 동력 확보에 속도를 내고 있다. 연구 조직을 손보며 제품 완성도를 끌어올리는 한편 글로벌 브랜드 협업과 대표 제품 라인업 확대를 통해 소비자 접점을 넓히고 있다.◆ 제품군 넓히며 연구개발 체계 정비동아제약은 소비자 중심 제품 개발에.,[리버티코리아포스트=정시윤 기자]동아제약이 미래 성장 동력 확보에 속도를 내고 있다. 연구 조직을 손보며 제품 완성도를 끌어올리는 한편 글로벌 브랜드 협업과 대표 제품 라인업 확대를 통해 소비자 접점을 넓히고 있다.◆ 제품군 넓히며 연구개발 체계 정비동아제약은 소비자 중심 제품 개발에,local,10,오펠라,,,0.8136881065806519,,1.0,0.8136881065806519,8.017490047638738,7.0,8.695816746064564,False
2026-04-16,BD,2026-04-16 17:58:00,Naver News,http://www.segyebiz.com/newsView/20260416523356?OutUrl=naver,국가바이오혁신위 출범… 업계 “거버넌스 일원화” 환영,정부가 ‘국가바이오혁신위원회’를 출범했다. 바이오 분야 산업 경쟁력 강화를 위해 규제 합리화를 추진하고 한국형 클러스터 조성에도 나선다. 국가바이오혁신위는 16일 정부세종청사에서 김민석 국무총리 주재로 제1차 회의를 열고 이 같은 방안을 논의했다. 혁신위는 그간 분리 운영된 ...,정부가 ‘국가바이오혁신위원회’를 출범했다. 바이오 분야 산업 경쟁력 강화를 위해 규제 합리화를 추진하고 한국형 클러스터 조성에도 나선다. 국가바이오혁신위는 16일 정부세종청사에서 김민석 국무총리 주재로 제1차 회의를 열고 이 같은 방안을 논의했다. 혁신위는 그간 분리 운영된 ...,local,10,백신,,,0.8136002301417137,,1.0,0.8136002301417137,8.017120966595197,7.0,8.695201610991994,False
2026-04-16,Client,2026-04-10 16:08:00,Naver News,http://www.medisobizanews.com/news/articleView.html?idxno=137120,"HK이노엔 '플라스마솔루션디주' 등 24품목, 아주대병원 입성","국내외 제약사들이 경기남부지역 환자를 책임지고 있는 아주대병원의 처방목록에 대거 입성했다. 아주대병원 약제팀은 지난 3월 열린 '2026년 1차 약사위원회' 승인 약품 24품목을 최근 공개했다. 승인 목록을 보면 HK이노엔의 수액영양제 '플라스마솔루션디주'와 대원제약의 급성기관지염치료제 '코대원플러스정', 비보존제약의 진통제 '어나프라주'가 신규 처방목록에 올랐다.","국내외 제약사들이 경기남부지역 환자를 책임지고 있는 아주대병원의 처방목록에 대거 입성했다. 아주대병원 약제팀은 지난 3월 열린 '2026년 1차 약사위원회' 승인 약품 24품목을 최근 공개했다. 승인 목록을 보면 HK이노엔의 수액영양제 '플라스마솔루션디주'와 대원제약의 급성기관지염치료제 '코대원플러스정', 비보존제약의 진통제 '어나프라주'가 신규 처방목록에 올랐다. 동화약품의 원발성 겨드랑이 다한증치료제 '에크락겔'은 원외전용으로 환자처방된다. 아울러 동국제약의 위궤양치료제 '라베드온정'과 중헌제약의 폐경 후 여성의 골다공증 치료와",local,10,레코르다티,,,0.8125827484724542,,1.0,0.8125827484724542,8.012847543584307,7.0,8.688079239307179,False
2026-04-16,Client,2026-04-14 17:15:00,Naver News,https://www.mt.co.kr/thebio/2026/04/14/2026041416301833438,"리제네론도 차세대 RPT 정조준…K-바이오, '미투' 넘어 '퍼스트'까지 - 머니투데이","이중항체 기술력을 앞세운 리제네론이 방사성의약품(RPT) 강자인 텔릭스 파마슈티컬(이하 텔릭스)의 손을 잡고 RPT 개발 열풍에 합류했다. 업계 관계자는 ""RPT는 타겟이 많지 않고, 알려진 바인더가 적어 굉장히 한정된 영역인 데다 단일항체를 활용하면 간, 신장 독성 문제가 발생해 개발이 잘 되지 않고 있었다""며 ""이중항체를 활용하면 보다 종양특이적으로 접근해 RPT의 강점이 강화될 수 있기 때문에 좋은 접근법으로 평가된다""고 설명했다.","이중항체 기술력을 앞세운 리제네론이 방사성의약품(RPT) 강자인 텔릭스 파마슈티컬(이하 텔릭스)의 손을 잡고 RPT 개발 열풍에 합류했다. 업계 관계자는 ""RPT는 타겟이 많지 않고, 알려진 바인더가 적어 굉장히 한정된 영역인 데다 단일항체를 활용하면 간, 신장 독성 문제가 발생해 개발이 잘 되지 않고 있었다""며 ""이중항체를 활용하면 보다 종양특이적으로 접근해 RPT의 강점이 강화될 수 있기 때문에 좋은 접근법으로 평가된다""고 설명했다.",local,10,리제네론,,,0.8115873289746455,,1.0,0.8115873289746455,8.008666781693512,7.0,8.681111302822519,False
2026-04-16,BD,2026-04-16 16:58:00,Naver News,https://www.insight.co.kr/news/550478,"병원대신 찾은 AI, 뒷통수 제대로 쳤다... “답변 절반이 거짓정보”",미국·캐나다 대학 연구진이 인기 AI 챗봇 5개의 건강정보 답변을 분석한 결과 49.6%가 허위정보로 나타났다.,미국·캐나다 대학 연구진이 인기 AI 챗봇 5개의 건강정보 답변을 분석한 결과 49.6%가 허위정보로 나타났다,local,10,백신,,,0.8107929090872628,,1.0,0.8107929090872628,8.005330218166502,7.0,8.675550363610839,False
2026-04-16,Client,2026-04-14 13:00:00,Naver News,http://www.mkhealth.co.kr/news/articleView.html?idxno=78243,"후원에서 경험으로…제약·헬스케어, 체험형 브랜드 전략 확대",제약·헬스케어 기업들이 고산 등반 등 극한 스포츠와 브랜드 전략을 결합해 산업 메시지 방향을 바꾸고 있다. 단순 후원을 넘어 실제 활동과 연결하는 체험 방식이 확산되면서 치료 중심에서 예방·관리 중심으로 이동하는 흐름을 집약적으로 드러낸 것. 업계는 이러한 변화가 소비자 인식 전환을 이끌어 제약·헬스케어 산업이 '제품'에서 '생활 기반 건강 경험'으로 확장하는 계기가 될 수 있다고 보고 있다.HK이노엔은 대한산악연맹 '히말라야 사트 피크 원정대'를 공식 후원하며 극한 환경에서 진행하는 고산 원정을 브랜드와 연결했다.,제약·헬스케어 기업들이 고산 등반 등 극한 스포츠와 브랜드 전략을 결합해 산업 메시지 방향을 바꾸고 있다. 단순 후원을 넘어 실제 활동과 연결하는 체험 방식이 확산되면서 치료 중심에서 예방·관리 중심으로 이동하는 흐름을 집약적으로 드러낸 것. 업계는 이러한 변화가 소비자 인식 전환을 이끌어 제약·헬스케어 산업이 '제품'에서 '생활 기반 건강 경험'으로 확장하는 계기가 될 수 있다고 보고 있다.HK이노엔은 대한산악연맹 '히말라야 사트 피크 원정대'를 공식 후원하며 극한 환경에서 진행하는 고산 원정을 브랜드와 연결했다. 해발 6000m,local,10,애보트,,,0.8101246746516029,,1.0,0.8101246746516029,8.002523633536732,7.0,8.67087272256122,False
2026-04-16,Client,2026-04-11 06:02:00,Naver News,http://www.newsmp.com/news/articleView.html?idxno=252645,"노보노디스크ㆍ릴리 매출 급증, 노바티스 선두 등극","지난해 노보노디스크와 릴리가 비만치료제를 앞세워 외형을 크게 확대한 가운데 노바티스는 화이자를 넘어 다국적 제약사 한국법인 중 매출액 선두로 올라섰다.의약뉴스가 10일까지 감사보고서를 제출한 다국적 제약사 한국법인 34개사의 실적을 집계한 결과, 합산 매출액이 9조 5214억원으로 전년대비 8.5% 증가한 것으로 집계됐다.같은 기간 영업이익은 4292억원으로 14.5%, 순이익은 4393억원으로 22.6% 증가, 영업이익률은 4.3%에서 4.5%로, 순이익률은 4.1%에서 4.6%로 확대됐다.업체별로는 위고비와 마운자로.","[의약뉴스] 지난해 노보노디스크와 릴리가 비만치료제를 앞세워 외형을 크게 확대한 가운데 노바티스는 화이자를 넘어 다국적 제약사 한국법인 중 매출액 선두로 올라섰다.의약뉴스가 10일까지 감사보고서를 제출한 다국적 제약사 한국법인 34개사의 실적을 집계한 결과, 합산 매출액이 9조 5214억원으로 전년대비 8.5% 증가한 것으로 집계됐다.같은 기간 영업이익은 4292억원으로 14.5%, 순이익은 4393억원으로 22.6% 증가, 영업이익률은 4.3%에서 4.5%로, 순이익률은 4.1%에서 4.6%로 확대됐다.업체별로는 위고비와 마운자로",local,10,헤일리온,,,0.8096644112847632,,1.0,0.8096644112847632,8.000590527396005,7.0,8.667650878993342,False
2026-04-16,Client,2026-04-15 07:44:00,Naver News,https://www.medigatenews.com/news/1840078738,"MEDI:GATE NEWS 휴온스바이오파마, 이정희 신임 대표 선임…중국 수출 본격화","휴온스바이오파마 이정희 신임 대표. 사진=휴온스글로벌 [메디게이트뉴스 이지원 기자] 휴온스그룹 보툴리눔 톡신 전문기업 휴온스바이오파마는 신임 대표로 이정희 전무이사를 선임했다고 14일 밝혔다. 신규 선임된 이정희 대표는 1976년생으로 핀란드 알토대학교(옛 헬싱키 경영경제대학교)에서 MBA 석사를 취득했다. 이후 입센코리아, 한화제약, 휴젤, 대웅제약, 제테마, 종근당바이오 등에서 23년 이상 근무하며 피부 의료 미용 시장에서 마케팅, 영업 및 전략기획업무 전문가로 경력을 쌓았다.","휴온스바이오파마 이정희 신임 대표. 사진=휴온스글로벌 [메디게이트뉴스 이지원 기자] 휴온스그룹 보툴리눔 톡신 전문기업 휴온스바이오파마는 신임 대표로 이정희 전무이사를 선임했다고 14일 밝혔다. 신규 선임된 이정희 대표는 1976년생으로 핀란드 알토대학교(옛 헬싱키 경영경제대학교)에서 MBA 석사를 취득했다. 이후 입센코리아, 한화제약, 휴젤, 대웅제약, 제테마, 종근당바이오 등에서 23년 이상 근무하며 피부 의료 미용 시장에서 마케팅, 영업 및 전략기획업무 전문가로 경력을 쌓았다. 그는 휴젤과 대웅제약 근무 당시 해외 사업개발을 담당하며 글로벌 시장 진출 기틀을 마련했다. 휴온스바이오파마는 1월 중국 국가약품감독관리국(NMPA)으로부터 보툴리눔 톡신 '휴톡스(Hutox, 국내 제품명 리즈톡스·LIZTOX)' 100단위의 품목허가를 받고 지난달 첫 출하를 개시했다. 휴온스바이오파마 이정희 대표는",local,10,입센,,,0.8053236736911717,,1.0,0.8053236736911717,7.982359429502921,7.0,8.637265715838202,False
2026-04-16,BD,2026-04-15 16:06:00,Naver News,http://www.fnnews.com/news/202604151521503508,"조달청, AI·바이오 등 '혁신제품' 60개 새로 지정","조달청, AI·바이오 등 '혁신제품' 60개 새로 지정 조달청이 인공지능과 바이오, 기후테크 등 첨단 기술을 접목해 국민 안전을 지키는 혁신제품 60개를 새로 지정했다. 조달청은 앞으로 AI 제품 별도 평가 트랙을 신설하고, 지방정부와 협력해 지역 유망 제품을 발굴하는 등 혁신조달 체계를 고도화할 방침이다. 백승보 조달청장은 ""민간의 혁신을 정부가 선제 구매하는 혁신조달은 기술개발을 이끄는 핵심 정책수단""이라며 ""제품 발굴부터 구매 확산까지 전 과정을 확대해 AI 등 신산업 분야의 혁신성장을 견인하고 공공서비스 수준을 높이겠다""고 말했다.","조달청, AI·바이오 등 '혁신제품' 60개 새로 지정
조달청이 인공지능과 바이오, 기후테크 등 첨단 기술을 접목해 국민 안전을 지키는 혁신제품 60개를 새로 지정했다.
조달청은 앞으로 AI 제품 별도 평가 트랙을 신설하고, 지방정부와 협력해 지역 유망 제품을 발굴하는 등 혁신조달 체계를 고도화할 방침이다.
백승보 조달청장은 ""민간의 혁신을 정부가 선제 구매하는 혁신조달은 기술개발을 이끄는 핵심 정책수단""이라며 ""제품 발굴부터 구매 확산까지 전 과정을 확대해 AI 등 신산업 분야의 혁신성장을 견인하고 공공서비스 수준을 높이겠다""고 말했다.",local,10,콜드체인,,,0.8048693333171878,,1.0,0.8048693333171878,7.9804511999321885,7.0,8.634085333220314,False
2026-04-16,Client,2026-04-16 18:46:00,Naver News,http://www.newsmp.com/news/articleView.html?idxno=252734,"다이이찌산쿄, 산토리에 컨슈머헬스케어 사업 매각","일본 제약사 다이이찌산쿄가 혁신 의약품 사업에 집중하기 위해 컨슈머헬스케어 사업을 주류 및 음료회사 산토리 홀딩스에 매각했다.다이이찌산쿄는 연결 자회사인 다이이찌산쿄 헬스케어(DSHC) 지분 전량을 산토리에 양도하기로 합의했다고 15일 밝혔다. 주식 양도 대가는 총 2465억 엔(약 2조2800억 원) 규모로 예상된다.주식 양도는 단계적으로 진행될 예정이다. 다이이찌산쿄는 2026년 6월 DSHC 발행주식의 30%를 산토리 홀딩스에 넘기고, 전체 절차는 2029년 6월까지 완료할 계획이다.다이이찌산쿄는 일본에서 건강 수.","[의약뉴스] 일본 제약사 다이이찌산쿄가 혁신 의약품 사업에 집중하기 위해 컨슈머헬스케어 사업을 주류 및 음료회사 산토리 홀딩스에 매각했다.다이이찌산쿄는 연결 자회사인 다이이찌산쿄 헬스케어(DSHC) 지분 전량을 산토리에 양도하기로 합의했다고 15일 밝혔다. 주식 양도 대가는 총 2465억 엔(약 2조2800억 원) 규모로 예상된다.주식 양도는 단계적으로 진행될 예정이다. 다이이찌산쿄는 2026년 6월 DSHC 발행주식의 30%를 산토리 홀딩스에 넘기고, 전체 절차는 2029년 6월까지 완료할 계획이다.다이이찌산쿄는 일본에서 건강 수",local,10,MSD,,,0.8029968576192145,,1.0,0.8029968576192145,7.9725868020007,7.0,8.6209780033345,False
2026-04-16,Client,2026-04-16 10:50:00,Naver News,http://www.press9.kr/news/articleView.html?idxno=75131,"천식·COPD 치료의 열쇠는 흡입기…""쓰는 법 모르면 약 먹어도 효과 없어""","천식과 COPD(만성폐쇄성폐질환) 치료에서 흡입제가 결정적 역할을 함에도 국내 환자 대부분이 흡입제를 제대로 처방받지 못하거나 올바르게 사용하지 못하고 있으며, 이를 바로잡을 교육 인프라조차 제도적으로 뒷받침되지 않고 있다는 지적이 나왔다.한국아스트라제네카가 15일 개최한 호흡기질환 미디어 세션에서 이진국 가톨릭대 서울성모병원 호흡기알레르기내과 교수는 천식과 ""천식도 COPD도 먹는 약으로 치료하는 병이 아니다""라고 강조했다. 적은 양으로도 병이 있는 기도에 직접 약이 전달되기 때문에 효과는 크고 부작용은 적은 반면,.","[프레스나인] 천식과 COPD(만성폐쇄성폐질환) 치료에서 흡입제가 결정적 역할을 함에도 국내 환자 대부분이 흡입제를 제대로 처방받지 못하거나 올바르게 사용하지 못하고 있으며, 이를 바로잡을 교육 인프라조차 제도적으로 뒷받침되지 않고 있다는 지적이 나왔다.한국아스트라제네카가 15일 개최한 호흡기질환 미디어 세션에서 이진국 가톨릭대 서울성모병원 호흡기알레르기내과 교수는 천식과 ""천식도 COPD도 먹는 약으로 치료하는 병이 아니다""라고 강조했다. 적은 양으로도 병이 있는 기도에 직접 약이 전달되기 때문에 효과는 크고 부작용은 적은 반면,",local,10,아스트라제네카,,,0.8026549051549172,,1.0,0.8026549051549172,7.971150601650651,7.0,8.61858433608442,False
2026-04-16,Client,2026-04-16 06:00:00,Naver News,https://www.pharmnews.com/news/articleView.html?idxno=302865,"J&J '얼리다정', 조기 병용요법으로 전립선암 생존 연장 입증 - 팜뉴스","고령화 시대, 남성이 제일 경계해야 할 암은 무엇일까. 많은 환자들이 폐암을 떠올릴 수 있다. 그러나 최근 데이터는 다른 사실을 보여준다.","[팜뉴스=김민건 기자] 고령화 시대, 남성이 제일 경계해야 할 암은 무엇일까. 많은 환자들이 폐암을 떠올릴 수 있다. 그러나 최근 데이터는 다른 사실을 보여준다.",local,10,얀센,,,0.8023847639295721,,1.0,0.8023847639295721,7.970016008504203,7.0,8.616693347507006,False
2026-04-16,BD,2026-04-16 19:24:00,Naver News,https://www.joongdo.co.kr/web/view.php?key=20260416010005252,"대전우리병원 박철웅 대표원장, 멕시코에서 척추내시경 학술대회",대전우리병원 박철웅 대표원장이 멕시코에서 열린 국제 척추 내시경 학회에서 척추내시경 수술법을 발표했다. 박철웅 대표원장은 4월 15일과 17일(현지시각) 멕시코 칸쿤에서 개최된 '..,대전우리병원 박철웅 대표원장이 멕시코에서 열린 국제 척추 내시경 학회에서 척추내시경 수술법을 발표했다. 박철웅 대표원장은 4월 15일과 17일(현지시각) 멕시코 칸쿤에서 개최된 '..,local,10,합병,,,0.8020190686028934,,1.0,0.8020190686028934,7.968480088132152,7.0,8.614133480220254,False
2026-04-16,BD,2026-04-16 06:02:00,Naver News,https://www.yakup.com/news/index.html?mode=view&cat=16&nid=326030,"[약업신문]산도스, 강산도 두 번 변한 바이오시밀러 여정!",유럽 각국에서 총 19억 달러 이상의 의료비를 절감할 수 있었고..산도스社는 세계 최초의 바이오시밀러 의약품으로 재조합 인체 성장 호르몬제 ‘옴니트로프’(소마트로핀)가 유럽에서 허가를 취득한 후 20주...,유럽 각국에서 총 19억 달러 이상의 의료비를 절감할 수 있었고..산도스社는 세계 최초의 바이오시밀러 의약품으로 재조합 인체 성장 호르몬제 ‘옴니트로프’(소마트로핀)가 유럽에서 허가를 취득한 후 20주...,local,10,특허만료,,,0.8012873377956622,,1.0,0.8012873377956622,7.965406818741782,7.0,8.609011364569636,False
2026-04-16,Client,2026-04-16 18:30:00,Naver News,https://mdtoday.co.kr/news/view/1065605227329014,[메디컬투데이 - 쇼츠뉴스] 췌장암 치료의 새로운 희망...신약 ′엘라글루십′ 1년 생존율 두배 개선,"· 노스웨스턴대학교 연구진이 개발한 신약 ′엘라글루십′을 기존 항암화학요법과 병용 투여한 결과, 전이성 췌장암 환자의 1년 생존율이 기존 대비 두 배 높은 44%로 확인되었습니다.· 해당 약물은 종양 미세환경 내 GSK-3 베타 단백질을 표적으 ...","· 노스웨스턴대학교 연구진이 개발한 신약 ′엘라글루십′을 기존 항암화학요법과 병용 투여한 결과, 전이성 췌장암 환자의 1년 생존율이 기존 대비 두 배 높은 44%로 확인되었습니다.· 해당 약물은 종양 미세환경 내 GSK-3 베타 단백질을 표적으 ...",local,10,GSK,,,0.8005614098029058,,1.0,0.8005614098029058,7.962357921172204,7.0,8.603929868620341,False
2026-04-16,BD,2026-04-13 13:52:00,Naver News,https://www.hitnews.co.kr/news/articleView.html?idxno=75367,IL-31 겨눈 '넴루비오' 허가…아토피 치료 선택지 확대,"갈더마코리아의 '넴루비오(성분 네몰리주맙)'가 국내 품목허가를 획득했다. 인터루킨(IR)-31을 표적하는 새로운 기전으로, 심한 가려움을 호소하지만 기존 치료제에 반응이 충분하지 않았던 환자들에게 새로운 치료옵션이 될 것으로 기대된다.갈더마코리아는 13일 다국적 제약사 출입기자단을 대상으로 아토피피부염 치료제 넴루비오 허가 기념 미디어 세션을 개최했다.연자로 나선 김정은 가톨릭대학교 은평성모병원 피부과 교수는 ""아토피피부염(AD)은 지속적이고 심한 가려운과 피부 병변이 재발하는 만성 질환""이라며 ""경증 환자들조차도 가려움이 가장 고.","갈더마코리아의 '넴루비오(성분 네몰리주맙)'가 국내 품목허가를 획득했다. 인터루킨(IR)-31을 표적하는 새로운 기전으로, 심한 가려움을 호소하지만 기존 치료제에 반응이 충분하지 않았던 환자들에게 새로운 치료옵션이 될 것으로 기대된다.갈더마코리아는 13일 다국적 제약사 출입기자단을 대상으로 아토피피부염 치료제 넴루비오 허가 기념 미디어 세션을 개최했다.연자로 나선 김정은 가톨릭대학교 은평성모병원 피부과 교수는 ""아토피피부염(AD)은 지속적이고 심한 가려운과 피부 병변이 재발하는 만성 질환""이라며 ""경증 환자들조차도 가려움이 가장 고",local,10,생물학적제제,,,0.8002075032528411,,1.0,0.8002075032528411,7.960871513661932,7.0,8.601452522769886,False
2026-04-16,Client,2026-04-15 17:34:00,Naver News,https://www.sentv.co.kr/article/view/sentv202604150104,"한독, 부채 비율 제약업계 1위…수익성 개선 '과제'",국내 주요 제약사 중 한독의 부채비율이 업계 평균을 크게 웃도는 것으로 확인됐습니다. 매년 부채비율이 늘어나고 있는데요. 그 배경과 향후 개선 가.,국내 주요 제약사 중 한독의 부채비율이 업계 평균을 크게 웃도는 것으로 확인됐습니다. 매년 부채비율이 늘어나고 있는데요. 그 배경과 향후 개선 가,local,10,한독,,,0.799207988763863,,1.0,0.799207988763863,7.956673552808224,7.0,8.594455921347041,False
2026-04-16,Client,2026-04-16 15:35:00,Naver News,https://www.donga.com/news/Health/article/all/20260416/133751372/1,빅파마·빅테크 ‘AI 신약’ 동맹…‘블록버스터’ 신약 나오나,"인공지능(AI)이 신약 개발에도 활용되며 글로벌 빅파마와 빅테크 간 합종연횡이 본격화되고 있다. 빅파마, 빅테크 각자의 경쟁에서 이제는 ‘연합전’의 형태로 경쟁의 양상이 더욱 복잡하고 치열해지는 모양새다. 특히 비만치료제 영역에서 각축전을 벌이고 있는 노보디스크와 일….","인공지능(AI)이 신약 개발에도 활용되며 글로벌 빅파마와 빅테크 간 합종연횡이 본격화되고 있다. 빅파마, 빅테크 각자의 경쟁에서 이제는 ‘연합전’의 형태로 경쟁의 양상이 더욱 복잡하고 치열해지는 모양새다. 특히 비만치료제 영역에서 각축전을 벌이고 있는 노보디스크와 일…",local,10,릴리,,,0.7970974642575065,,1.0,0.7970974642575065,7.947809349881528,7.0,8.579682249802545,False
2026-04-16,Client,2026-04-16 06:34:00,Naver News,http://www.docdocdoc.co.kr/news/articleView.html?idxno=3038286,CT 검사 세계 1위 한국…바이엘이 제시한 '최적화' 해법,"영상검사가 급증하면서 영상의학과는 ‘속도와 정확성’을 동시에 요구받는 영역이 됐다. 환자 한 명당 판독 시간이 수 초에 불과할 정도로 업무 부담은 커졌고, 인력 부족과 자원 제약 문제도 구조적으로 심화되고 있다.이 같은 환경에서 조영제 기업들도 단순 제품 공급을 넘어 검사 과정 전반을 개선하는 방향으로 전략을 바꾸고 있다. 바이엘 역시 조영제에 더해 인젝터, 소프트웨어, 워크플로우까지 아우르는 ‘솔루션 프로바이더’로 전환을 추진 중이다.","영상검사가 급증하면서 영상의학과는 ‘속도와 정확성’을 동시에 요구받는 영역이 됐다. 환자 한 명당 판독 시간이 수 초에 불과할 정도로 업무 부담은 커졌고, 인력 부족과 자원 제약 문제도 구조적으로 심화되고 있다.이 같은 환경에서 조영제 기업들도 단순 제품 공급을 넘어 검사 과정 전반을 개선하는 방향으로 전략을 바꾸고 있다. 바이엘 역시 조영제에 더해 인젝터, 소프트웨어, 워크플로우까지 아우르는 ‘솔루션 프로바이더’로 전환을 추진 중이다. CT·MRI 영상 획득부터 심혈관 인터벤션까지 진단 전반을 지원한다는 전략으로, 2030년 비전",local,10,바이엘,,,0.7956764743314311,,1.0,0.7956764743314311,7.94184119219201,7.0,8.569735320320017,False
2026-04-16,Client,2026-04-16 10:52:00,Naver News,http://www.press9.kr/news/articleView.html?idxno=75135,"한미약품, 호중구감소증 신약 '롤론티스' 자가투여 편의성 높였다","한미약품이 중증호중구감소증 신약 '롤론티스(성분명 에플라페그라스팀)'의 제형을 개선, 자가투여 편의성을 높였다.식품의약품안전처는 지난 14일 한미약품 '롤론티스오토인젝터주'를 허가했다.롤론티스는 지난 2021년 33번째 국산 신약으로 허가 받은 약물로, 장기지속형 G-CSF(호중구성장인자) 계열 치료제다. 항암화학요법으로 인해 발생하는 중증 호중구감소증의 발현 기간을 줄이는 데 사용되며, 고형암 및 악성 림프종 환자에게 항암주기당 1회 피하주사로 투여한다.항암화학요법 이후 약 24시간 뒤에 피하주사를 하면 되는데, 기.","[프레스나인] 한미약품이 중증호중구감소증 신약 '롤론티스(성분명 에플라페그라스팀)'의 제형을 개선, 자가투여 편의성을 높였다.식품의약품안전처는 지난 14일 한미약품 '롤론티스오토인젝터주'를 허가했다.롤론티스는 지난 2021년 33번째 국산 신약으로 허가 받은 약물로, 장기지속형 G-CSF(호중구성장인자) 계열 치료제다. 항암화학요법으로 인해 발생하는 중증 호중구감소증의 발현 기간을 줄이는 데 사용되며, 고형암 및 악성 림프종 환자에게 항암주기당 1회 피하주사로 투여한다.항암화학요법 이후 약 24시간 뒤에 피하주사를 하면 되는데, 기",local,10,암젠,,,0.7944637895946737,,1.0,0.7944637895946737,7.93674791629763,7.0,8.561246527162716,False
2026-04-16,BD,2026-04-15 16:26:00,Naver News,https://www.businesspost.co.kr/BP?command=article_view&num=435785,"일동제약 R&D 자회사 합병으로 '약가 인하' 대응, 윤웅섭 수익성 부담은...",정부가 추진하는 제네릭 및 특허만료 의약품 약가 산정률 개편이 현실화될 경우 인증 유지 여부는 약가 우대 등 정책적 혜택과 연결되는 만큼 수익성과 직결될 수밖에 없다. 실제 일동제약의 연구개발 투자 비중은... ,정부가 추진하는 제네릭 및 특허만료 의약품 약가 산정률 개편이 현실화될 경우 인증 유지 여부는 약가 우대 등 정책적 혜택과 연결되는 만큼 수익성과 직결될 수밖에 없다. 실제 일동제약의 연구개발 투자 비중은... ,local,10,특허만료,,,0.7942543979872149,,1.0,0.7942543979872149,7.9358684715463035,7.0,8.559780785910505,False
2026-04-16,Client,2026-04-17 06:00:00,Naver News,https://www.pharmnews.com/news/articleView.html?idxno=302897,[기자의 펜] 티루캡이 주목받는 이유는 신약이라서가 아니다 - 팜뉴스,"HR+/HER2- 전이성 유방암 치료는 빠르게 진화하고 있다. CDK4/6 억제제가 등장하며 1차 치료 성적은 분명히 달라졌고, 실제 의료.","[팜뉴스=김민건 기자] HR+/HER2- 전이성 유방암 치료는 빠르게 진화하고 있다. CDK4/6 억제제가 등장하며 1차 치료 성적은 분명히 달라졌고, 실제 의료",local,10,아스트라제네카,,,0.7935694997033105,,1.0,0.7935694997033105,7.9329918987539045,7.0,8.554986497923174,False
2026-04-16,Client,2026-04-14 19:26:00,Naver News,http://www.newsmp.com/news/articleView.html?idxno=252700,"JW중외제약, 세계 혈우인의 날 맞아 여성 혈우병 교육용 만화책 배포 外","◇JW중외제약, 세계 혈우인의 날 맞아 여성 혈우병 교육용 만화책 배포JW중외제약은 오는 17일 ‘세계 혈우인의 날'을 맞아 여성 혈우병 환자와 보인자를 위한 교육용 만화책 ‘조금 달라도 괜찮아, 우리는 함께니까!’를 제작해 배포한다고 14일 밝혔다.이번 만화책 제작은 JW중외제약이 매년 전개하는 혈우병 환자 지원 프로그램인 ‘브라보 캠페인(BRAVO Campaign)’의 일환으로 기획했다.상대적으로 주목받지 못했던 여성 혈우병 환자와 보인자에 대한 사회적 이해를 높이고 환우 가족이 자녀에게 질환을 쉽게 설명할 수 있도록 돕는다는.","◇JW중외제약, 세계 혈우인의 날 맞아 여성 혈우병 교육용 만화책 배포JW중외제약은 오는 17일 ‘세계 혈우인의 날'을 맞아 여성 혈우병 환자와 보인자를 위한 교육용 만화책 ‘조금 달라도 괜찮아, 우리는 함께니까!’를 제작해 배포한다고 14일 밝혔다.이번 만화책 제작은 JW중외제약이 매년 전개하는 혈우병 환자 지원 프로그램인 ‘브라보 캠페인(BRAVO Campaign)’의 일환으로 기획했다.상대적으로 주목받지 못했던 여성 혈우병 환자와 보인자에 대한 사회적 이해를 높이고 환우 가족이 자녀에게 질환을 쉽게 설명할 수 있도록 돕는다는",local,10,입센,,,0.7884208276819897,,1.0,0.7884208276819897,7.911367476264356,7.0,8.518945793773927,False
2026-04-16,Client,2026-04-16 10:26:00,Naver News,https://biz.sbs.co.kr/article_hub/20000304646?division=NAVER,[하우머니] 속 불투명한 제약·바이오주…1분기 진단은?,"머니쇼 '하우머니' -강하나 작가, 서울대 의과학 박사Q.ACR, 관전 포인트?Q.노보노디스크, 오픈AI와 손 잡고 일라이 릴리에게 승부수...경구용 비만 신약 현황은?Q.""암세포만 골라 공격한다""…ADC 영역 넓히는 K-바이오&nbs….","머니쇼 '하우머니' -강하나 작가, 서울대 의과학 박사Q.ACR, 관전 포인트?Q.노보노디스크, 오픈AI와 손 잡고 일라이 릴리에게 승부수...경구용 비만 신약 현황은?Q.""암세포만 골라 공격한다""…ADC 영역 넓히는 K-바이오&nbs…",local,10,릴리,,,0.7818086899809316,,1.0,0.7818086899809316,7.883596497919912,7.0,8.47266082986652,False
2026-04-16,Client,2026-04-15 13:34:00,Naver News,https://www.etoday.co.kr/news/view/2575968,"“특허절벽 끄떡없어”…빅파마, 신약으로 매출 공백 메운다",글로벌 빅파마들이 블록버스터 의약품 특허 만료에도 불구하고 신약 포트폴리오를 앞세워 견조한 성장세를 이어가고 있다.,(사진제공=존슨앤드존슨)글로벌 빅파마들이 블록버스터 의약품 특허 만료에도 불구하고 신약 포트폴리오를 앞세워 견조한 성장세를 이어가고 있다. 과,local,10,애브비,,,0.7811986760557527,,1.0,0.7811986760557527,7.881034439434162,7.0,8.468390732390269,False
2026-04-16,Client,2026-04-16 06:02:00,Naver News,https://www.yakup.com/news/index.html?mode=view&cat=12&nid=326038,[약업신문][DIA 2026] RMM 패러다임 전환…“정보 전달 넘어 행동 변화로”,암젠코리아 오윤선 Country Head of Global Patient Safety가 발표를 진행하고 있다. © 약업신문 = 최윤수 기자제약 산업 내 ‘리스크 최소화 전략(Risk Minimization)’을 둘러싼 메디컬 커뮤니케이션 패러다임 전...,암젠코리아 오윤선 Country Head of Global Patient Safety가 발표를 진행하고 있다. © 약업신문 = 최윤수 기자제약 산업 내 ‘리스크 최소화 전략(Risk Minimization)’을 둘러싼 메디컬 커뮤니케이션 패러다임 전...,local,10,암젠,,,0.7695153612324817,,1.0,0.7695153612324817,7.831964517176422,7.0,8.386607528627371,False
2026-04-16,Client,2026-04-16 14:32:00,Naver News,http://www.whosaeng.com/169867,"≪후생신보≫ 외음부 건조증 치료, 비호르몬 기반 치료 옵션 확대 필요",외음부 건조증 관리에 있어 비호르몬 치료 옵션의 확대가 필요하다는 지적이 제기됐다. 기존 합성 호르몬 중심 접근에서 벗어나 비호르.,【후생신보】  외음부 건조증 관리에 있어 비호르몬 치료 옵션의 확대가 필요하다는 지적이 제기됐다. 기존 합성 호르몬 중심 접근에서 벗어나 비호르,local,10,바이오젠,,,0.7621277807986372,,1.0,0.7621277807986372,7.800936679354276,7.0,8.334894465590459,False
2026-04-16,Client,2026-04-16 06:02:00,Naver News,https://www.apsk.co.kr/news/articleView.html?idxno=539113,"AACR 2026, 췌장암 공포 사라지나…K-제약바이오 역대급 공세 주목 - 메디팜스투데이",마땅한 치료제가 없어 절망의 암으로 불리며 포기해야 했던 췌장암·대장암 환자들에게 희망의 빛이 보이고 있다.오는 17일(현지시간) 미국 샌디에이고에서 개막하는 2.,마땅한 치료제가 없어 절망의 암으로 불리며 포기해야 했던 췌장암·대장암 환자들에게 희망의 빛이 보이고 있다.오는 17일(현지시간) 미국 샌디에이고에서 개막하는 2,local,10,암젠,,,0.7582953846865342,,1.0,0.7582953846865342,7.784840615683443,7.0,8.30806769280574,False
2026-04-16,Client,2026-04-16 21:08:00,Naver News,https://www.medipana.com/news/articleView.html?idxno=409798,[풀버전] 메디파나뉴스 창간 20주년 기념 심포지엄 현장,국내 제약·바이오·보건의료 전문 언론 메디파나뉴스가 창간 20주년을 맞아 4월 1일 오후 2시 서울 방배동 한국제약바이오협회 4층.,[메디파나뉴스 = 이정수 기자] 국내 제약·바이오·보건의료 전문 언론 메디파나뉴스가 창간 20주년을 맞아 4월 1일 오후 2시 서울 방배동 한국제약바이오협회 4층,local,10,베링거인겔하임,,,0.7496939357067057,,1.0,0.7496939357067057,7.748714529968163,7.0,8.24785754994694,False
2026-04-16,Client,2026-04-15 15:36:00,Naver News,https://www.news2day.co.kr/article/20260415500122,[N2 뷰] '100조 눈 앞' 국내 자가면역질환 시장...K-바이오 진짜 승자 나오나,상반기 자본시장을 달군 RNA 치료제 열풍의 바통을 이어받아 100조원대 글로벌 자가면역질환 잭팟을 터트릴 국내 기업이 등장할지 관심이 높아지고 있다. 15일 제약·바이오업계에 따르면 올해 상반기 바이오 섹터의 주도권은 평균 수익률 37.3%.,[뉴스투데이=임성지 기자] 상반기 자본시장을 달군 RNA 치료제 열풍의 바통을 이어받아 100조원대 글로벌 자가면역질환 잭팟을 터트릴 국내 기업이 등장할지 관심이 높아지고 있다. 15일 제약·바이오업계에 따르면 올해 상반기 바이오 섹터의 주도권은 평균 수익률 37.3%,local,10,사노피,,,0.7417767151053114,,1.0,0.7417767151053114,7.715462203442307,7.0,8.19243700573718,False
2026-04-16,Product Approval,2026-04-17 05:16:00,Naver News,https://www.medicaltimes.com/Main/News/NewsView.html?ID=1168302&ref=naverpc,[메디칼타임즈] 도네페질 고용량도 철수 흐름…중요해지는 선택과 집중,"지난 2021년 도네페질 성분에 대한 관심 증가에 따라 우후죽순 허가를 받았던 고용량 제제들이 결국 철수를 선택하는 사례가 늘고 있다.특히 올해의 경우 관심 증가에 따라 다수가 뛰어들었던 품목들에서 이탈자가 늘고 있어, 각 제약사들의 선택과 집중의 중요성이 더욱 커지고 있는 모습이다.16일 식품의약품안전처에 따르면 이달 들어 도네페질 고용량 제제의 유효기간 만료가 이어지고 있다.도네페질 성분 제제는 알츠하이머형 치매증상의 치료에 쓰이는 성분으로 현재 가장 많이 처방되는 성분으로 꼽힌다.도네페질 제제는 뇌에서 기억, 인지기능에 중요한 역할을 하는 신경전달물질인 아세틸콜린이 정상적으로 유지되도록 해 인지기능 개선에 도움을 준다.오리지널인 아리셉트 23mg 제품사진 .이에 다양한 제형과 함께 정제의 경우 5mg, 10mg과 함께 중등도에서 중증의 알츠하이머형 치매증상에 쓰이는 23mg 등이 국내 허가를 받았다.최근에는 부작용을 줄이고 세밀한 용량으로 처방하기 쉬운 3mg 저용량도 허가를 받은 상황이다.다만 고용량인 23mg의 경우 과거 오리지널인 아리셉트가 2013년 국내 허가를 받았으나, 추가적인 품목이 다수 확대되지는 않았다.5mg과 10mg의 경우 100여 개에 달하는 품목이 허가를 받았으나 23mg 용량은 2019년까지 7개 품목 허가에 그쳤다.하지만 2020년 말부터 2021년까지 다시 관심을 받으면서 다수의 제약사들이 연이어 허가를 받았다.이에 지난 2021년에만 25개 품목이 허가를 받았고, 이중 올해 13개 품목이 유효기간 만료로 시장에서 사라지게 된 상황.또한 이후 허가를 받은 품목 중에도 실제 급여 출시돼 시장에서 활용되는 품목은 거의 없어 추가적인 이탈 역시 이어질 것으로 예상된다.실제로 도네페질 고용량 제제의 경우 처방이 많은 성분 중에서도 실제 처방 규모 자체가 미미한 수준이었다.이에 계단식 약가제도 등에 따라 제네릭을 일단 확보했으나 실질적인 시장성이 없어 이를 포기했을 것으로 분석된다.문제는 이같은 모습은 올해 지속적으로 반복되는 상황이다.실제로 도네페질 고용량에 앞서 올해 들어 젤잔즈 제네릭 및 자디앙 후발주자들이 다수 허가를 받았다가 실제 출시 시점에서는 이를 포기하고 철수하는 사례가 이어진 바 있다.결국 일부 관심 증가에 따라 허가 받은 품목들이 유효기간 갱신조차 하지 못한 채 대부분 시장에서 사라지게 되는 사례가 반복되는 것이다.이런 상황에서 최근 정부는 약가제도 개편을 통해 약가 인하 및 '다품목 등재 관리'를 예고하고 있는 상태다.즉 이처럼 다수의 품목이 허가를 받는다 해도 대부분이 시장에서 사라지는 경우 역시 확대될 전망이다.이에 국내 제약사들은 실제 품목 허가를 위한 노력에 더해 각 경쟁사의 선택 등에 대해서도 한층 더 고민할 수밖에 없을 것으로 예상된다.","[메디칼타임즈=허성규 기자] 지난 2021년 도네페질 성분에 대한 관심 증가에 따라 우후죽순 허가를 받았던 고용량 제제들이 결국 철수를 선택하는 사례가 늘고 있다.특히 올해의 경우 관심 증가에 따라 다수가 뛰어들었던 품목들에서 이탈자가 늘고 있어, 각 제약사들의 선택과 집중의 중요성이 더욱 커지고 있는 모습이다.16일 식품의약품안전처에 따르면 이달 들어 도네페질 고용량 제제의 유효기간 만료가 이어지고 있다.도네페질 성분 제제는 알츠하이머형 치매증상의 치료에 쓰이는 성분으로 현재 가장 많이 처방되는 성분으로 꼽힌다.도네페질 제제는 뇌에서 기억, 인지기능에 중요한 역할을 하는 신경전달물질인 아세틸콜린이 정상적으로 유지되도록 해 인지기능 개선에 도움을 준다.오리지널인 아리셉트 23mg 제품사진 .이에 다양한 제형과 함께 정제의 경우 5mg, 10mg과 함께 중등도에서 중증의 알츠하이머형 치매증상에 쓰이는 23mg 등이 국내 허가를 받았다.최근에는 부작용을 줄이고 세밀한 용량으로 처방하기 쉬운 3mg 저용량도 허가를 받은 상황이다.다만 고용량인 23mg의 경우 과거 오리지널인 아리셉트가 2013년 국내 허가를 받았으나, 추가적인 품목이 다수 확대되지는 않았다.5mg과 10mg의 경우 100여 개에 달하는 품목이 허가를 받았으나 23mg 용량은 2019년까지 7개 품목 허가에 그쳤다.하지만 2020년 말부터 2021년까지 다시 관심을 받으면서 다수의 제약사들이 연이어 허가를 받았다.이에 지난 2021년에만 25개 품목이 허가를 받았고, 이중 올해 13개 품목이 유효기간 만료로 시장에서 사라지게 된 상황.또한 이후 허가를 받은 품목 중에도 실제 급여 출시돼 시장에서 활용되는 품목은 거의 없어 추가적인 이탈 역시 이어질 것으로 예상된다.실제로 도네페질 고용량 제제의 경우 처방이 많은 성분 중에서도 실제 처방 규모 자체가 미미한 수준이었다.이에 계단식 약가제도 등에 따라 제네릭을 일단 확보했으나 실질적인 시장성이 없어 이를 포기했을 것으로 분석된다.문제는 이같은 모습은 올해 지속적으로 반복되는 상황이다.실제로 도네페질 고용량에 앞서 올해 들어 젤잔즈 제네릭 및 자디앙 후발주자들이 다수 허가를 받았다가 실제 출시 시점에서는 이를 포기하고 철수하는 사례가 이어진 바 있다.결국 일부 관심 증가에 따라 허가 받은 품목들이 유효기간 갱신조차 하지 못한 채 대부분 시장에서 사라지게 되는 사례가 반복되는 것이다.이런 상황에서 최근 정부는 약가제도 개편을 통해 약가 인하 및 '다품목 등재 관리'를 예고하고 있는 상태다.즉 이처럼 다수의 품목이 허가를 받는다 해도 대부분이 시장에서 사라지는 경우 역시 확대될 전망이다.이에 국내 제약사들은 실제 품목 허가를 위한 노력에 더해 각 경쟁사의 선택 등에 대해서도 한층 더 고민할 수밖에 없을 것으로 예상된다.",local,2,용량,,,0.6062853534583577,,0.2,0.6062853534583577,7.706398484525103,12.0,4.843997474208503,False
2026-04-16,BD,2026-04-16 11:30:00,Naver News,https://view.asiae.co.kr/article/2026041608381910633,"FDA, 유전자치료 규제 불확실성 해소…툴젠 등 국내 기업 시장 개척 청신호",미국 식품의약국(FDA)이 초희귀 질환 환자를 위한 맞춤형 유전자 치료제 안전성 가이드라인 초안을 공개했다.,미국 식품의약국(FDA)이 초희귀 질환 환자를 위한 맞춤형 유전자 치료제 안전성 가이드라인 초안을 공개했다.,local,10,생물학적제제,,,0.7351127741215605,,1.0,0.7351127741215605,7.687473651310555,7.0,8.145789418850924,False
2026-04-16,Client,2026-04-15 16:50:00,Naver News,https://www.biospectator.com/view/news_view.php?varAtcId=28419,"FDA, 릴리 '경구 GLP-1'에 ""추가 안전성 데이터 요구""","미국 식품의약국(FDA)이 일라이릴리(Eli Lilly)의 경구용 GLP-1 비만치료제 ‘파운다요(Foundayo, orforglipron)’에 대해 추가적인 안전성 데이터를 요구했다.FDA는 릴리에게 전달한 서한에.","미국 식품의약국(FDA)이 일라이릴리(Eli Lilly)의 경구용 GLP-1 비만치료제 ‘파운다요(Foundayo, orforglipron)’에 대해 추가적인 안전성 데이터를 요구했다.FDA는 릴리에게 전달한 서한에",local,10,노보노디스크,,,0.7945440284981045,,1.0,0.7945440284981045,6.7370849196920375,4.0,8.56180819948673,False
2026-04-16,Reimbursement,2026-04-17 06:02:00,Naver News,https://www.apsk.co.kr/news/articleView.html?idxno=539165,도수치료 4만원·2주 15회 제한 유력...비급여 생태계 '흔들' - 메디팜스투데이,보건복지부가 도수치료를 포함한 주요 비급여 항목을 '관리급여' 체제 편입 움직임을 본격화하면서 의료 현장의 긴장감이 최고조에 달하고 있다.정부는 실손보험료 인상의.,보건복지부가 도수치료를 포함한 주요 비급여 항목을 '관리급여' 체제 편입 움직임을 본격화하면서 의료 현장의 긴장감이 최고조에 달하고 있다.정부는 실손보험료 인상의,local,2,급여,,,0.633324871450315,,0.2,0.633324871450315,6.619964460091323,9.0,5.033274100152204,False
2026-04-16,Product Approval,2026-04-17 06:08:00,Naver News,http://www.newsmp.com/news/articleView.html?idxno=252741,"후두음성언어학회 ""언어치료 급여화, 서비스 질 저하 우려”","정부가 ‘언어치료’에 대해 급여화 및 관리급여 전환 검토에 나선 가운데, 의료계에서 진료 질 저하를 우려하는 목소리 나와 이목이 쏠린다.앞서 보건복지부는 지난달 ‘2026년도 제1차 비급여관리정책협의체’에서 언어치료의 급여화 방안 등을 포함해 추가적인 검토를 진행하기로 합의한 바 있다.그동안 언어치료에는 급여가 적용되지 않아 실손보험 누수의 주범이라는 지적과 함께, 정작 치료가 절실한 환자들에게는 경제적 장벽으로 작용한다는 비판을 동시에 받아왔다.대한의사협회는 언어치료라는 큰 틀을 한 번에 재단하기보다는, 필수적인 치료.","[의약뉴스] 정부가 ‘언어치료’에 대해 급여화 및 관리급여 전환 검토에 나선 가운데, 의료계에서 진료 질 저하를 우려하는 목소리 나와 이목이 쏠린다.앞서 보건복지부는 지난달 ‘2026년도 제1차 비급여관리정책협의체’에서 언어치료의 급여화 방안 등을 포함해 추가적인 검토를 진행하기로 합의한 바 있다.그동안 언어치료에는 급여가 적용되지 않아 실손보험 누수의 주범이라는 지적과 함께, 정작 치료가 절실한 환자들에게는 경제적 장벽으로 작용한다는 비판을 동시에 받아왔다.대한의사협회는 언어치료라는 큰 틀을 한 번에 재단하기보다는, 필수적인 치료",local,2,적응증,,,0.5224311243753111,,0.2,0.5224311243753111,6.554210722376307,10.0,4.257017870627178,False
2026-04-16,Reimbursement,2026-04-17 06:38:00,Naver News,https://www.dailymedi.com/news/news_view.php?wr_id=935705,"의협 ""상병수당 도입 반대, 시기상조""","상병급여를 지급토록 규정하는 내용을 담고 있다. 정부가 보건사회연구원에 의뢰한 연구용역 결과에 따르면... 의협은 ""건강보험 재정은 주로 환자 질병 진단 및 치료 과정에서 발생하는 요양급여비용에 사용되며 한정된... ","상병급여를 지급토록 규정하는 내용을 담고 있다. 정부가 보건사회연구원에 의뢰한 연구용역 결과에 따르면... 의협은 ""건강보험 재정은 주로 환자 질병 진단 및 치료 과정에서 발생하는 요양급여비용에 사용되며 한정된... ",local,2,급여,,,0.4421835978361155,,0.2,0.4421835978361155,5.817171110911685,9.0,3.6952851848528088,False
2026-04-16,Product Approval,2026-04-16 22:24:00,Naver News,http://www.thefirstmedia.net/news/articleView.html?idxno=198191,"JW신약, 저용량 미녹시딜 고혈압 치료제 ‘미녹파즈정 2.5mg’ 출시","JW신약이 저용량 미녹시딜 성분의 고혈압 치료제 ‘미녹파즈정 2.5mg’을 출시하고 본격적인 시장 공략에 나섰다.16일 회사 측에 따르면 이번 신제품은 기존 5mg 대비 절반 수준 용량으로, 환자의 상태에 따라 보다 정밀한 용량 조절이 가능하도록 설계된 것이 특징이다.미녹파즈정 2.5mg은 증후성 고혈압과 표적기관 손상에 따른 고혈압, 기존 치료에 반응하지 않는 불응성 고혈압 환자 등을 주요 적응증으로 한다.미녹시딜은 말초 혈관에 직접 작용해 혈압을 낮추는 약물로, 환자별 치료 반응에 따라 용량을 세밀하게 조절.","JW신약이 저용량 미녹시딜 성분의 고혈압 치료제 &lsquo;미녹파즈정 2.5mg&rsquo;을 출시하고 본격적인 시장 공략에 나섰다.16일 회사 측에 따르면 이번 신제품은 기존 5mg 대비 절반 수준 용량으로, 환자의 상태에 따라 보다 정밀한 용량 조절이 가능하도록 설계된 것이 특징이다.미녹파즈정 2.5mg은 증후성 고혈압과 표적기관 손상에 따른 고혈압, 기존 치료에 반응하지 않는 불응성 고혈압 환자 등을 주요 적응증으로 한다.미녹시딜은 말초 혈관에 직접 작용해 혈압을 낮추는 약물로, 환자별 치료 반응에 따라 용량을 세밀하게 조절",local,2,신제품,,,0.3291606925288156,,0.2,0.3291606925288156,5.742474908621025,10.0,2.9041248477017088,False
2026-04-16,Reimbursement,2026-04-17 06:02:00,Naver News,https://www.dailypharm.com/user/news/337592?REFERER=NP,[데일리팜][기자의 눈] 무색해진 판결…실리마린에 꽂힌 정부의 집요함,"정부가 기어코 실리마린 성분의 급여 재평가에 다시 나선다. 정부는 실리마린을 은행엽엑스, 도베실산과 함께 재평가하는 방안을 확정, 이달 중 건강보험정책심의위원회에 상정할 계획이다. 장기 소송전 끝에 제약사가 승소하며 급여 잔류가 확정되는 듯했으나, 정부는 판결 직후 기다렸다는 듯 재평가 카드를 다시 꺼내 들었다. 이번 재평가 재추진을 보면서 정부가 이미 ‘급여 삭제’라….","정부가 기어코 실리마린 성분의 급여 재평가에 다시 나선다. 정부는 실리마린을 은행엽엑스, 도베실산과 함께 재평가하는 방안을 확정, 이달 중 건강보험정책심의위원회에 상정할 계획이다. 장기 소송전 끝에 제약사가 승소하며 급여 잔류가 확정되는 듯했으나, 정부는 판결 직후 기다렸다는 듯 재평가 카드를 다시 꺼내 들었다. 이번 재평가 재추진을 보면서 정부가 이미 ‘급여 삭제’라…",local,2,급여,,,0.3603927396958933,,0.2,0.3603927396958933,5.473649506722752,9.0,3.122749177871253,False
2026-04-16,Product Approval,2026-04-16 18:46:00,Naver News,http://www.newsmp.com/news/articleView.html?idxno=252731,"서울시약사회, 약포지ㆍ시럽병 등 소모품 생산ㆍ유통업체 긴급 방문 점검","중동 전쟁 장기화로 인한 석유화학 원료 수급 불안이 약국 조제 소모품 공급 차질로 이어지고 있는 가운데, 서울특별시약사회(회장 김위학)가 15일 생산 및 유통업체 2곳을 긴급 방문해 현장 상황을 직접 점검하고 대응 방안을 논의했다다.서울시약사회는 약국 조제용 소모품 가격 인상 우려가 약국에 직접적인 영향을 미친다는 판단 하에, 업계 애로사항을 청취하고 대응 방안을 함께 모색하기 위해 이번 방문 점검을 진행했다고 밝혔다.이에 메디칼현대와 자동 포장기 약포지 유통업체 GC메디아이(구 유비케어)를 차례로 방문했다.김위학 회장은 메디칼현대.","중동 전쟁 장기화로 인한 석유화학 원료 수급 불안이 약국 조제 소모품 공급 차질로 이어지고 있는 가운데, 서울특별시약사회(회장 김위학)가 15일 생산 및 유통업체 2곳을 긴급 방문해 현장 상황을 직접 점검하고 대응 방안을 논의했다다.서울시약사회는 약국 조제용 소모품 가격 인상 우려가 약국에 직접적인 영향을 미친다는 판단 하에, 업계 애로사항을 청취하고 대응 방안을 함께 모색하기 위해 이번 방문 점검을 진행했다고 밝혔다.이에 메디칼현대와 자동 포장기 약포지 유통업체 GC메디아이(구 유비케어)를 차례로 방문했다.김위학 회장은 메디칼현대",local,2,제형,,,0.25855027824043986,,0.2,0.25855027824043986,5.445911168609848,10.0,2.409851947683079,False
2026-04-16,Client,2026-04-15 18:56:00,Naver News,https://www.asiatoday.co.kr/view.php?key=20260415010004839,중국 뚫은 휴온스바이오파마…이정희 체제로 글로벌 확대 드라이브,휴온스바이오파마가 이정희 신임 대표를 선임하며 글로벌 사업 확대에 드라이브를 걸 전망이다. 의료 미용 분야의 해외 사업개발 전문가인 이 대표를 영입해 최근 진입한 중국 시장에서 본격적인 매출 확보에 나설 것으로 보인다. 다만 중국 보툴리눔 톡신 시장은 이미 경쟁이 치..,휴온스바이오파마가 이정희 신임 대표를 선임하며 글로벌 사업 확대에 드라이브를 걸 전망이다. 의료 미용 분야의 해외 사업개발 전문가인 이 대표를 영입해 최근 진입한 중국 시장에서 본격적인 매출 확보에 나설 것으로 보인다. 다만 중국 보툴리눔 톡신 시장은 이미 경쟁이 치..,local,10,애브비,,,0.8593282069165449,,1.0,0.8593282069165449,5.409178469049489,0.0,9.015297448415815,False
2026-04-16,BD,2026-04-10 06:06:00,Naver News,http://www.newsmp.com/news/articleView.html?idxno=252622,제약사 R&D 재편 속 신약 개발 ‘완주 역량’에 이목집중,"국내 제약사들 사이에서 신약 개발 전주기 역량을 강화하려는 움직임이 확대되고 있다.후보물질 확보를 넘어 임상과 허가, 상업화까지 아우르는 체계를 갖추기 위해 조직 재편과 외부 인재 영입, 투자 확대에 나서는 모습이다.최근 업계에서는 외부에서 연구개발 부문 리더를 영입하거나 개발 지원 조직을 재정비하는 사례가 잇따르고 있다. 글로벌 임상과 인허가, 사업개발(BD) 경험을 갖춘 인물을 전면에 배치하는 흐름이다.일동제약은 지난 1일 박재홍 사장을 R&D본부장으로 선임했다. 그는 얀센, 다케다제약, 베링거인겔하임 등 글로벌 제.","[의약뉴스] 국내 제약사들 사이에서 신약 개발 전주기 역량을 강화하려는 움직임이 확대되고 있다.후보물질 확보를 넘어 임상과 허가, 상업화까지 아우르는 체계를 갖추기 위해 조직 재편과 외부 인재 영입, 투자 확대에 나서는 모습이다.최근 업계에서는 외부에서 연구개발 부문 리더를 영입하거나 개발 지원 조직을 재정비하는 사례가 잇따르고 있다. 글로벌 임상과 인허가, 사업개발(BD) 경험을 갖춘 인물을 전면에 배치하는 흐름이다.일동제약은 지난 1일 박재홍 사장을 R&D본부장으로 선임했다. 그는 얀센, 다케다제약, 베링거인겔하임 등 글로벌 제",local,10,안텐진,,,0.857572015899977,,1.0,0.857572015899977,5.401802466779903,0.0,9.003004111299838,False
2026-04-16,Client,2026-04-11 10:00:00,Naver News,https://www.news1.kr/bio/pharmaceutical-bio/6132670,상처 이후까지 책임진다…흉터 관리 인식 바꾼 '이 약'[약전약후],"실리콘 겔·시트, 초기 단계 1차 치료 옵션으로 자리잡아 1522명 관찰 연구서 80% 이상 개선…임상으로 확인된 효과 기온이 오르며 캠핑, 등산, 자전거 등 야외 활동이 늘고 있다. 활동량이 증가할수록 긁힘이나 찰과상, 화상 등 피부 손상도 함께 늘어난다. 대부분의 상처는 시간이 ….","실리콘 겔·시트, 초기 단계 1차 치료 옵션으로 자리잡아 1522명 관찰 연구서 80% 이상 개선…임상으로 확인된 효과 기온이 오르며 캠핑, 등산, 자전거 등 야외 활동이 늘고 있다. 활동량이 증가할수록 긁힘이나 찰과상, 화상 등 피부 손상도 함께 늘어난다. 대부분의 상처는 시간이 …",local,10,메나리니,,,0.8431458247809508,,1.0,0.8431458247809508,5.341212464079993,0.0,8.902020773466655,False
2026-04-16,Client,2026-04-14 08:22:00,Naver News,http://www.edaily.co.kr/news/newspath.asp?newsid=02597766645416120,"'혁신성 식약처도 인정'...유엑스엔, 세계 첫 무효소 연속혈당측정기 상용화 속도",코넥스 의료기기 기업 유엑스엔(UXN)이 세계 최초로 개발한 무효소 방식의 연속혈당측정기(CGM) 상용화를 위한 최종 관문에 진입했다. 유엑스엔은 올해 상반기 확증 임상에 진입해 연내 품목허가 절차 진행을 목표로 하고 있다. 박세진 유엑스엔 대표. (사진=유엑스엔)1...,코넥스 의료기기 기업 유엑스엔(UXN)이 세계 최초로 개발한 무효소 방식의 연속혈당측정기(CGM) 상용화를 위한 최종 관문에 진입했다. 유엑스엔은 올해 상반기 확증 임상에 진입해 연내 품목허가 절차 진행을 목표로 하고 있다. 박세진 유엑스엔 대표. (사진=유엑스엔)1...,local,10,애보트,,,0.8381931534571658,,1.0,0.8381931534571658,5.320411244520096,0.0,8.86735207420016,False
2026-04-16,BD,2026-04-15 13:45:00,Naver News,https://www.mydaily.co.kr/page/view/2026041423232634054,"“신약 개발 리스크 최소화”…제약바이오, ‘검증된 R&D 리더’ 쟁탈전","막대한 비용·시간 투입, R&D 설계가 생존 요건 전문 인력 중심으로 연구 조직 체질 개선 가속화 임상과 허가 경험을 갖춘 인재 확보가 제약바이오 신약 개발의 핵심 과제로 부상했다. 막대한 비용과 시간의 효율적 매니지먼트를 위해서다. 14일 제약바이오업계에 따르면 최근 주요 제약사는 외부 전문가 영입과 함께 연구개발(R&D) 조직 전면 재정비에 나섰다. 신약 개발 전주기를 관리할 수 있는 리더급 인재를 중심으로 조직을 재편하는 흐름이다.","막대한 비용·시간 투입, R&D 설계가 생존 요건
전문 인력 중심으로 연구 조직 체질 개선 가속화
[마이데일리 = 이호빈 기자] 임상과 허가 경험을 갖춘 인재 확보가 제약바이오 신약 개발의 핵심 과제로 부상했다. 막대한 비용과 시간의 효율적 매니지먼트를 위해서다.
14일 제약바이오업계에 따르면 최근 주요 제약사는 외부 전문가 영입과 함께 연구개발(R&D) 조직 전면 재정비에 나섰다. 신약 개발 전주기를 관리할 수 있는 리더급 인재를 중심으로 조직을 재편하는 흐름이다.
일동제약은 글로벌 제약사 출신인 박재홍 사장을 R&D 수장으로 영입했다. 박 사장은 얀센, 다케다제약, 베링거인겔하임 등 글로벌 빅파마에서 신약 임상 개발과 허가 전략, 제품 출시 과정 전반을 경험한 인물이다. 하버드 의대 연구원 출신의 기초 연구 역량과 동아에스티 최고과학책임자(CSO) 시절의 조직 운영 경험을 바탕으로, 일동제약은 기존 파이프라인의 임상 성공률을 높이고 글로벌 기술이전 체계를 공고히 한다는 구상이다.
유유제약은 류현기 개발본부장을 영입하며 연구 성과를 제품화로 연결하는 실행력을 강화했다. 성균관대 약대 출신의 류 본부장은 광동제약, 한화제약 등에서 고부가가치 개량신약 파이프라인 구축과 다국적 제약사와의 코프로모션을 주도해온 인물이다. 유유제약은 류 상무를 필두로 말초순환 개선제 타나민, 골다공증 치료제 맥스마빌의 뒤를 잇는 수익 중심의 차세대 개량신약과 특화 제형 개발에 집중할 방침이다.
메디톡스 역시 20년 이상 글로벌 임상 경험을 보유한 이태상 상무를 영입해 해외 시장 공략에 속도를 내고 있다. 한국얀센 글로벌 임상팀에서 미국과 유럽 등 선진국 허가를 주도해온 이 상무는 보툴리눔 톡신 제제와 히알루론산 필러의 글로벌 시장 진출 가속화를 담당한다. 특히 계열사 뉴메코의 보툴리눔 톡신 뉴럭스 해외 허가 확대 등 글로벌 사업 확장에 힘을 실을 예정이다.
조직 통합 움직임도 활발하다. SK바이오사이언스는 감염병 연구사업관리(PM) 전문가인 마상호 부사장을 연구지원실장으로 영입했다. 비임상부터 임상, 규제 대응까지 전 주기를 아우르는 마 부사장의 경험을 활용해, 연구기획부터 임상검체분석(GCLP)까지 통합 관리하는 유기적인 프로세스를 구축했다. 이를 통해 차세대 폐렴구균 백신 등 주요 프로젝트의 실행력을 극대화한다는 전략이다.
동화약품 또한 연구개발본부장에 장재원 전무를 선임하며 체질 개선에 나섰다. 한미약품, 대웅제약 등을 거치며 신약 개발뿐만 아니라 경영(MBA)과 법률 역량까지 갖춘 장 전무는 동화약품의 R&D 무게 중심을 개량신약에서 신약 개발로 옮기는 중책을 맡았다. 시간과 비용 효율성을 고려한 전략적 R&D를 통해 파이프라인의 성공 가능성을 높이는 데 초점을 맞추고 있다.
한국보건산업진흥원 통계에 따르면 지난 25년간 허가된 국산 신약 38개의 평균 개발 비용은 약 423억원, 개발 기간은 10.7년으로 집계됐다. 국내 바이오헬스 기업 연구개발비는 2020년 3조4293억원에서 2024년 4조4743억원으로 증가했다.
이러한 투자 확대에도 불구하고 글로벌 빅파마와의 R&D 투입 자원 격차는 여전히 크다. 미국 식품의약국(FDA) 승인을 목표로 하는 글로벌 신약 개발에는 평균 12~15년의 기간과 20억~30억달러(약 2조6000억~4조원)에 달하는 자본이 투입된다. 단순 수치상으로도 국산 신약 대비 수십 배 이상의 자본이 단일 프로젝트에 집중되는 구조다.
자본력의 한계가 명확한 국내 기업 입장에서 글로벌 수준의 임상 실패는 단순한 연구 중단을 넘어 경영 전반의 위기로 직결될 수 있다. 수년에 걸친 시간과 막대한 자본이 투입되는 만큼, 실패 리스크를 최소화하는 것이 R&D의 핵심 과제로 부상했다. 제약사들이 앞다퉈 글로벌 사령탑 영입에 나서는 이유도 이 지점에 있다.
제약바이오업계 관계자는 “막대한 비용과 시간이 투입되는 신약개발 과정에서 임상 실패는 기업 전반에 영향을 미칠 수밖에 없다”며 “결국 리스크를 얼마나 관리하느냐가 핵심이고, 이를 위해 글로벌 경험을 갖춘 R&D 리더 확보가 필수적인 상황”이라고 말했다.
이호빈 기자
hblee@mydaily.co.kr
- ⓒ마이데일리(
www.mydaily.co.kr
).
                                        무단전재&재배포 금지 -",local,10,베링거인겔하임,,,0.835939841760199,,1.0,0.835939841760199,5.310947335392835,0.0,8.851578892321392,False
2026-04-16,BD,2026-04-16 16:52:00,Naver News,https://www.dailyvet.co.kr/news/industry/280539,"“접종 선택지 넓혔다” 녹십자수의약품 캐니플루-맥스, 피하접종(SC) 허가 추가","녹십자수의약품(대표 나승식)이 개 인플루엔자 백신 ‘캐니플루-맥스 주(개 인플루엔자 불활화백신)’(캐니플루-맥스)’의 피하(SC) 접종을 추가로 허가받으며 임상 현장에서의 활용도를 한층 넓혔다. 이번 허가 변경으로 기존 근육주사(IM)뿐만 아니라 피하접종(SC)이 가능해지면서, 반려견의 상태나 보호자의 성향에 따라 보다 유연하게 접종 방식을 선택할 수 있게 됐다. 특히 보정이 어려운 개체나 근육주사(IM)를 부담스러워하는 보호자에게 피하 접종 옵션이 훌륭한 대안이 될 것으로 보인다.","녹십자수의약품(대표 나승식)이 개 인플루엔자 백신 ‘캐니플루-맥스 주(개 인플루엔자 불활화백신)’(캐니플루-맥스)’의 피하(SC) 접종을 추가로 허가받으며 임상 현장에서의 활용도를 한층 넓혔다. 이번 허가 변경으로 기존 근육주사(IM)뿐만 아니라 피하접종(SC)이 가능해지면서, 반려견의 상태나 보호자의 성향에 따라 보다 유연하게 접종 방식을 선택할 수 있게 됐다. 특히 보정이 어려운 개체나 근육주사(IM)를 부담스러워하는 보호자에게 피하 접종 옵션이 훌륭한 대안이 될 것으로 보인다. 2009년…",local,10,백신,,,0.8295340662456059,,1.0,0.8295340662456059,5.284043078231545,0.0,8.806738463719242,False
2026-04-16,Client,2026-04-16 10:04:00,Naver News,https://www.rapportian.com/news/articleView.html?idxno=234781,"“체중 관리 약물 치료, 더 강한 효과 대신 ‘맞춤화’에 집중한다”","체중 관리는 오랜 기간 동안 덜 먹고 더 움직이는 것이라는 단순 공식으로 설명돼 왔다. 그러나 실제 임상 현장에서는 이보다 훨씬 복합적인 요소가 작용한다. 개인의 기초대사량, 인슐.","체중 관리는 오랜 기간 동안 덜 먹고 더 움직이는 것이라는 단순 공식으로 설명돼 왔다. 그러나 실제 임상 현장에서는 이보다 훨씬 복합적인 요소가 작용한다. 개인의 기초대사량, 인슐",local,10,마운자로,,,0.8290380441483552,,1.0,0.8290380441483552,5.2819597854230915,0.0,8.803266309038486,False
2026-04-16,Client,2026-04-15 12:10:00,Naver News,https://www.kpanews.co.kr/news/articleView.html?idxno=533015,"베링거·암젠, 초기 면역 파이프라인 ‘정리’…1상 후보 잇단 개발 중단 - 약사공론",베링거인겔하임(Boehringer Ingelheim)이 경구 면역조절제 BI 3009947의 개발을 중단했다. 회사는 건강한 남성 40명을 등록한 1상 임상을 종.,베링거인겔하임(Boehringer Ingelheim)이 경구 면역조절제 BI 3009947의 개발을 중단했다. 회사는 건강한 남성 40명을 등록한 1상 임상을 종,local,10,베링거인겔하임,,,0.8279921038981379,,1.0,0.8279921038981379,5.277566836372179,0.0,8.795944727286965,False
2026-04-16,BD,2026-04-17 06:02:00,Naver News,https://www.dailypharm.com/user/news/337581?REFERER=NP,"[데일리팜]이노엔·대웅·제일, P-CAB 적응증 강화…후발주자 견제","국내 P-CAB(칼륨 경쟁적 위산분비 억제제) 시장을 선점한 주요 제약사들이 적응증 확대를 통해 시장 지배력 강화에 나서고 있다. 다수의 후발주자 진입이 예고된 가운데 기존 품목의 활용 범위를 넓혀 경쟁력을 키우겠다는 전략으로 풀이된다. HK이노엔, 대웅제약, 제일약품 등은 자사 P-CAB 품목을 중심으로 적응증 다변화와 처방 영역 확대에 속도를 내고 있다. 위식도역류질환(GERD)에….","국내 P-CAB(칼륨 경쟁적 위산분비 억제제) 시장을 선점한 주요 제약사들이 적응증 확대를 통해 시장 지배력 강화에 나서고 있다. 다수의 후발주자 진입이 예고된 가운데 기존 품목의 활용 범위를 넓혀 경쟁력을 키우겠다는 전략으로 풀이된다. HK이노엔, 대웅제약, 제일약품 등은 자사 P-CAB 품목을 중심으로 적응증 다변화와 처방 영역 확대에 속도를 내고 있다. 위식도역류질환(GERD)에…",local,10,제네릭,,,0.823940353925997,,1.0,0.823940353925997,5.260549486489187,0.0,8.767582477481978,False
2026-04-16,Client,2026-04-17 06:08:00,Naver News,http://www.newsmp.com/news/articleView.html?idxno=252746,"PCSK9 항체, 무사건 죽상경화성 심혈관질환 환자에도 이득","PCSK9 항체가 허혈성 사건을 겪지 않은 죽상경화성 심혈관질환 환자에게도 허혈성 사건 및 사망의 위험을 줄였다는 연구 결과가 보고됐다.16일, 유럽심장학회 학술지 European Heart Journal에는 Optum Research Database를 통해 2016년부터 2022년 사이 허혈성 사건 이력이 없는 죽상경화성 심혈관질환 환자 중 레파타(성분명 에볼로쿠맙, 암젠)나 프랄런트(성분명 알리로쿠맙, 사노피) 등 PCAK9 항체를 투약한 환자와 이를 투약하지 않은 환자들을 비교한 코호트 분석 결과가 게재됐다.연구진.","[의약뉴스] PCSK9 항체가 허혈성 사건을 겪지 않은 죽상경화성 심혈관질환 환자에게도 허혈성 사건 및 사망의 위험을 줄였다는 연구 결과가 보고됐다.16일, 유럽심장학회 학술지 European Heart Journal에는 Optum Research Database를 통해 2016년부터 2022년 사이 허혈성 사건 이력이 없는 죽상경화성 심혈관질환 환자 중 레파타(성분명 에볼로쿠맙, 암젠)나 프랄런트(성분명 알리로쿠맙, 사노피) 등 PCAK9 항체를 투약한 환자와 이를 투약하지 않은 환자들을 비교한 코호트 분석 결과가 게재됐다.연구진",local,10,사노피,,,0.821988280452221,,1.0,0.821988280452221,5.252350777899328,0.0,8.753917963165547,False
2026-04-16,Client,2026-04-15 11:08:00,Naver News,https://www.ebn.co.kr/news/articleView.html?idxno=1705486,"1Q 실적 주춤했지만…한미약품, '비만약·기술이전'으로 반등 준비 - 이비엔(EBN)뉴스센터",한미약품의 올해 1분기 실적에 경고음이 울렸다. 고마진 임상 시료 공급 중단과 계절적 요인이 겹치며 시장의 기대치를 밑돌 것이라는 전망이 지배적인다.다만 하반기.,한미약품의 올해 1분기 실적에 경고음이 울렸다. 고마진 임상 시료 공급 중단과 계절적 요인이 겹치며 시장의 기대치를 밑돌 것이라는 전망이 지배적인다.다만 하반기,local,10,머크,,,0.8154090311857988,,1.0,0.8154090311857988,5.224717930980355,0.0,8.707863218300592,False
2026-04-16,Client,2026-04-16 12:38:00,Naver News,https://www.yakup.com/news/index.html?mode=view&cat=12&nid=326078,"[약업신문]신약개발, 마라톤 아닌 110m 허들 경주… KDDF, 16조 기술수출 딛고 임상 완주 정조준",KDDF는 출범 5주년을 맞아 16일 기자간담회를 개최했다. ©약업신문=김홍식 기자국가신약개발사업단(KDDF)이 출범 5년 만에 누적 기술수출 16조 원을 돌파하며 한국 제약·바이오 산업의 든든한 '베이스캠프' 역할...,KDDF는 출범 5주년을 맞아 16일 기자간담회를 개최했다. ©약업신문=김홍식 기자국가신약개발사업단(KDDF)이 출범 5년 만에 누적 기술수출 16조 원을 돌파하며 한국 제약·바이오 산업의 든든한 '베이스캠프' 역할...,local,10,로슈,,,0.8148774283686332,,1.0,0.8148774283686332,5.2224851991482595,0.0,8.704141998580432,False
2026-04-16,BD,2026-04-15 17:28:00,Naver News,https://www.hankyung.com/article/2026041533681,"앤스로픽, 노바티스 CEO 영입…오픈AI·구글과 '바이오 경쟁'","앤스로픽, 노바티스 CEO 영입…오픈AI·구글과 '바이오 경쟁', 신약 개발·임상 현장에 AI 접목 이달 생명공학 스타트업도 인수.","앤스로픽, 노바티스 CEO 영입…오픈AI·구글과 '바이오 경쟁', 신약 개발&middot;임상 현장에 AI 접목 이달 생명공학 스타트업도 인수",local,10,노보노디스크,,,0.8148494484297399,,1.0,0.8148494484297399,5.222367683404907,0.0,8.70394613900818,False
2026-04-16,Client,2026-04-14 12:02:00,Naver News,https://new.dailypharm.com/user/news/337488?REFERER=NP,[데일리팜]백혈병 표적치료제 '반플리타' 등장…치료전략 변화 예고,"FLT3-ITD 변이 급성골수성백혈병(AML) 표적치료제 반플리타가 국내 허가를 받으면서 치료 전략 변화 가능성이 제기되고 있다. 유도·공고요법 병용부터 유지요법까지 전주기에 걸친 치료 옵션이 추가된 데다, 전체생존기간(OS) 개선 등 임상적 이점을 입증하면서 재발 위험이 높은 환자군에서 새로운 대안으로 부상할 전망이다. 14일 한국다이이찌산쿄는 서울 중구 플라자호텔에서 반플리….","FLT3-ITD 변이 급성골수성백혈병(AML) 표적치료제 반플리타가 국내 허가를 받으면서 치료 전략 변화 가능성이 제기되고 있다. 유도·공고요법 병용부터 유지요법까지 전주기에 걸친 치료 옵션이 추가된 데다, 전체생존기간(OS) 개선 등 임상적 이점을 입증하면서 재발 위험이 높은 환자군에서 새로운 대안으로 부상할 전망이다. 14일 한국다이이찌산쿄는 서울 중구 플라자호텔에서 반플리…",local,10,아스텔라스,,,0.8121669898141951,,1.0,0.8121669898141951,5.211101357219619,0.0,8.685168928699365,False
2026-04-16,Client,2026-04-16 15:46:00,Naver News,https://www.medicopharma.co.kr/news/articleView.html?idxno=67792,"GSK, B7-H4 표적 ADC 초기 임상서 유효성 확인","GSK가 B7-H4를 표적하는 항체약물접합체(ADC) 후보물질의 초기 임상에서 의미 있는 항암 효과를 확인하며 부인암 치료 영역 공략에 속도를 내고 있다.16일 업계에 따르면, GSK는 최근 글로벌 1상 임상 ‘BEHOLD-1’ 연구 결과를 발표하고, 개.","[메디코파마뉴스=이호빈 기자] GSK가 B7-H4를 표적하는 항체약물접합체(ADC) 후보물질의 초기 임상에서 의미 있는 항암 효과를 확인하며 부인암 치료 영역 공략에 속도를 내고 있다.16일 업계에 따르면, GSK는 최근 글로벌 1상 임상 ‘BEHOLD-1’ 연구 결과를 발표하고, 개",local,10,GSK,,,0.811875220448531,,1.0,0.811875220448531,5.209875925883829,0.0,8.683126543139716,False
2026-04-16,BD,2026-04-16 13:00:00,Naver News,http://www.mkhealth.co.kr/news/articleView.html?idxno=78274,"제약업계, R&D '운영 방식' 재설계…건강 시장 대응 전략 전환","국내외 제약업계가 연구개발(R&D) 규모 확대 중심 전략에서 벗어나 자원 배분과 의사결정 구조, 외부 협력 방식 등을 포함한 전반적인 운영 체계 재편에 나섰다. 투자 불확실성과 비용 부담이 확대된 환경에서 성공 가능성이 높은 후보물질에 자원을 집중하고, 개발 속도를 높이기 위한 구조 전환이 가속하는 흐름이다. 기업별 실행 방식은 달랐지만, 연구개발 효율성과 상업화 가능성을 동시에 끌어올리려는 공통된 방향성을 확인할 수 있다는 시각이다.일동제약은 지난 13일 이사회를 열고 신약 연구개발 자회사 유노비아를 흡수합병하기로 의결했다.","국내외 제약업계가 연구개발(R&D) 규모 확대 중심 전략에서 벗어나 자원 배분과 의사결정 구조, 외부 협력 방식 등을 포함한 전반적인 운영 체계 재편에 나섰다. 투자 불확실성과 비용 부담이 확대된 환경에서 성공 가능성이 높은 후보물질에 자원을 집중하고, 개발 속도를 높이기 위한 구조 전환이 가속하는 흐름이다. 기업별 실행 방식은 달랐지만, 연구개발 효율성과 상업화 가능성을 동시에 끌어올리려는 공통된 방향성을 확인할 수 있다는 시각이다.일동제약은 지난 13일 이사회를 열고 신약 연구개발 자회사 유노비아를 흡수합병하기로 의결했다. 10",local,10,화이자,,,0.8069267035382984,,1.0,0.8069267035382984,5.189092154860853,0.0,8.648486924768088,False
2026-04-16,Client,2026-04-16 12:38:00,Naver News,https://www.kpanews.co.kr/news/articleView.html?idxno=533091,"SK바이오팜, 엑스코프리 성장에 실적 '점프'…R&D 확대는 부담 - 약사공론",SK바이오팜이 뇌전증 신약 ‘엑스코프리’의 안정적인 성장세를 기반으로 실적 개선 흐름을 이어가는 가운데 방사성의약품(RPT) 등 신규 파이프라인을 앞세워 중장기.,SK바이오팜이 뇌전증 신약 ‘엑스코프리’의 안정적인 성장세를 기반으로 실적 개선 흐름을 이어가는 가운데 방사성의약품(RPT) 등 신규 파이프라인을 앞세워 중장기,local,10,노바티스,,,0.8022301924328941,,1.0,0.8022301924328941,5.169366808218155,0.0,8.615611347030258,False
2026-04-16,BD,2026-04-16 07:02:00,Naver News,https://www.thebell.co.kr/free/content/ArticleView.asp?key=202604150719176060104448,"[더벨][AACR 2026] 삼성바이오에피스, 첫 항암신약 공개 '2조 파드셉' 겨...",이 후보물질은 글로벌 빅파마 아스텔라스(Astellas Pharma)와 화이자(Pfizer)가 인수한 시젠(Seagen)이 개발한 넥틴-4 표적 ADC 파드셉(Padcev)을 겨냥한다. 동일 타깃을 기반으로 하되 독성 프로파일을 낮추는 방향으로... ,이 후보물질은 글로벌 빅파마 아스텔라스(Astellas Pharma)와 화이자(Pfizer)가 인수한 시젠(Seagen)이 개발한 넥틴-4 표적 ADC 파드셉(Padcev)을 겨냥한다. 동일 타깃을 기반으로 하되 독성 프로파일을 낮추는 방향으로... ,local,10,아스텔라스,,,0.8015494899127078,,1.0,0.8015494899127078,5.166507857633372,0.0,8.610846429388953,False
2026-04-16,Client,2026-04-16 10:58:00,Naver News,https://www.digitaltoday.co.kr/news/articleView.html?idxno=657465,다이어트 주사 효과 못 본다면…'병용요법' 대안 부상,"GLP-1 계열 약물이 '다이어트 만병통치약' 수준으로 흥행하고 있는 가운데, 체중 감량 효과를 충분히 보지 못하는 환자가 최대 20%에 이를 수 있다는 연구 결과가 나왔다. 그렇다면 해결 방법은 무엇일까.15일(현지시간) 메디컬뉴스튜데이(MNT)는 최근 발표된 검토 논문을 인용, 날트렉손·부프로피온(NB-ER) 복합제 '콘트레이브'(Contrave)를 함께 쓰는 병용요법이 대안이 될 수 있다고 전했다.GLP-1 수용체 작용제는 최근 몇 년간 제2형 당뇨병 치료뿐 아니라 비만 치료와 체중 감량 수요로 빠.","[디지털투데이 이윤서 기자] GLP-1 계열 약물이 '다이어트 만병통치약' 수준으로 흥행하고 있는 가운데, 체중 감량 효과를 충분히 보지 못하는 환자가 최대 20%에 이를 수 있다는 연구 결과가 나왔다. 그렇다면 해결 방법은 무엇일까.15일(현지시간) 메디컬뉴스튜데이(MNT)는 최근 발표된 검토 논문을 인용, 날트렉손·부프로피온(NB-ER) 복합제 '콘트레이브'(Contrave)를 함께 쓰는 병용요법이 대안이 될 수 있다고 전했다.GLP-1 수용체 작용제는 최근 몇 년간 제2형 당뇨병 치료뿐 아니라 비만 치료와 체중 감량 수요로 빠",local,10,위고비,,,0.7957252434255417,,1.0,0.7957252434255417,5.142046022387275,0.0,8.570076703978792,False
2026-04-16,BD,2026-04-13 18:40:00,Naver News,http://www.newsmp.com/news/articleView.html?idxno=252667,"바이오엔텍, HER2 표적 ADC 자궁내막암 2상에서 효능 입증","독일 생명공학기업 바이오엔텍(BioNTech)과 중국 듀얼리티바이오(DualityBio)의 항체-약물 접합체(ADC) 후보물질이 자궁내막암 임상 2상 시험에서 임상적으로 유의미한 효능을 입증했다.바이오엔텍은 이전 면역관문 억제제 치료 여부와 관계없이 1차 항암화학요법 도중 또는 이후 질병이 진행된 HER2 발현 진행성 자궁내막암 환자를 대상으로 트라스투주맙 파미르테칸(trastuzumab pamirtecan, BNT323/DB-1303)을 평가한 임상 2상 코호트의 1차 분석에서 긍정적인 결과를 11일 발표했다.이 코호.","[의약뉴스] 독일 생명공학기업 바이오엔텍(BioNTech)과 중국 듀얼리티바이오(DualityBio)의 항체-약물 접합체(ADC) 후보물질이 자궁내막암 임상 2상 시험에서 임상적으로 유의미한 효능을 입증했다.바이오엔텍은 이전 면역관문 억제제 치료 여부와 관계없이 1차 항암화학요법 도중 또는 이후 질병이 진행된 HER2 발현 진행성 자궁내막암 환자를 대상으로 트라스투주맙 파미르테칸(trastuzumab pamirtecan, BNT323/DB-1303)을 평가한 임상 2상 코호트의 1차 분석에서 긍정적인 결과를 11일 발표했다.이 코호",local,10,생물학적제제,,,0.7947152309800618,,1.0,0.7947152309800618,5.137803970116259,0.0,8.563006616860433,False
2026-04-16,Client,2026-04-16 13:30:00,Naver News,https://www.inthenews.co.kr/news/article.html?no=85538,"[실적보다 모멘텀] 한미약품, 신약이벤트를 기다리자","증권사들은 한미약품의 1분기 실적이 시장 컨센서스를 하회할 것으로 전망하고 있습니다. 하지만 증권사들은 상반기 이벤트인 MASH(대사이상 지방간염) 치료제 임상 공개 등 이벤트를 기다릴때라고 제시하고 있습니다. 김선아 하나증권 연구원은 한미약품 1분기 연결매출을 전년동기 수준인 3908억원, 영업이익은 0.8% 감소한 585억원으로 추.","인더뉴스 박호식 기자ㅣ증권사들은 한미약품의 1분기 실적이 시장 컨센서스를 하회할 것으로 전망하고 있습니다. 하지만 증권사들은 상반기 이벤트인 MASH(대사이상 지방간염) 치료제 임상 공개 등 이벤트를 기다릴때라고 제시하고 있습니다. 김선아 하나증권 연구원은 한미약품 1분기 연결매출을 전년동기 수준인 3908억원, 영업이익은 0.8% 감소한 585억원으로 추",local,10,MSD,,,0.7910052630990705,,1.0,0.7910052630990705,5.122222105016095,0.0,8.537036841693492,False
2026-04-16,Supply Issues,2026-04-16 10:11:00,Naver News,https://www.ohmynews.com/NWS_Web/View/at_pg.aspx?CNTN_CD=A0003225055&CMPT_CD=P0010&utm_source=naver&utm_medium=newsearch&utm_campaign=naver_news,대웅제약 '거점도매' 거래 방침에 유통업계 반발... 양측 쟁점은?,"대웅제약이 전국을 10개 권역으로 나눠 5개 거점 도매업체에만 독점 공급하는 '블록형 거점도매' 정책을 시행하면서 유통업계와 갈등이 심화되고 있다. 한국의약품유통협회는 이를 ""중소 도매상 생존권 위협""이라며 21일 본사 앞 규탄대회를 예고했다. 유통협회는 우월적 지위 남용과 유통 계급제 조장이라 비판하는 반면, ...","대웅제약이 전국을 10개 권역으로 나눠 5개 거점 도매업체에만 독점 공급하는 '블록형 거점도매' 정책을 시행하면서 유통업계와 갈등이 심화되고 있다. 한국의약품유통협회는 이를 ""중소 도매상 생존권 위협""이라며 21일 본사 앞 규탄대회를 예고했다. 유통협회는 우월적 지위 남용과 유통 계급제 조장이라 비판하는 반면, ...",local,2,품절,,,0.37093531984521927,,0.2,0.37093531984521927,5.117928343349921,8.0,3.196547238916535,False
2026-04-16,Client,2026-04-16 14:30:00,Naver News,http://www.edaily.co.kr/news/newspath.asp?newsid=04178726645416776,"국가신약개발사업단 2단계 진입…""K바이오, 로슈·노보처럼 도약 가능""","""인구와 면적이 우리나라의 5분의1 정도 되는 스위스의 로슈, 노바티스와 덴마크의 노보 노디스크가 얼마나 (신약 개발을) 잘 하나. 우리나라도 충분히 빠른 시간 안에 신약개발 강국으로 도약하는 것이 가능하다고 생각한다.""박영민 국가신약개발사업단장은 16일 서울 여의도...","""인구와 면적이 우리나라의 5분의1 정도 되는 스위스의 로슈, 노바티스와 덴마크의 노보 노디스크가 얼마나 (신약 개발을) 잘 하나. 우리나라도 충분히 빠른 시간 안에 신약개발 강국으로 도약하는 것이 가능하다고 생각한다.""박영민 국가신약개발사업단장은 16일 서울 여의도...",local,10,로슈,,,0.788635275528952,,1.0,0.788635275528952,5.112268157221598,0.0,8.520446928702663,False
2026-04-16,Distribution,2026-04-17 06:04:00,Naver News,https://www.bosa.co.kr/news/articleView.html?idxno=3002884,분당서울대병원 의약품 입찰 마무리 엠제이팜 압도적 1위 - 의학신문,2300억원 규모 분당서울대병원 의약품 입찰 시장에서 엠제이팜이 압도적인 1위 낙찰업체로 등극했다.17일 관련업계에 따르면 분당서.,[의학신문·일간보사=김상일 기자]2300억원 규모 분당서울대병원 의약품 입찰 시장에서 엠제이팜이 압도적인 1위 낙찰업체로 등극했다.17일 관련업계에 따르면 분당서,local,10,의약품유통,,,0.7883038899212037,,1.0,0.7883038899212037,5.110876337669055,0.0,8.518127229448424,False
2026-04-16,Client,2026-04-16 22:06:00,Naver News,https://www.thelec.kr/news/articleView.html?idxno=55219,"삼성바이오에피스, 화이자 '파드셉'에 도전장 - 디일렉(THE ELEC)",삼성바이오에피스가 첫 신약 후보물질의 글로벌 임상을 시작했다. 기존 항암제보다 더 효과적이며 부작용이 적은 치료제를 만든다. 바이오시밀러 중심 기업에서 신약 개발.,삼성바이오에피스가 첫 신약 후보물질의 글로벌 임상을 시작했다. 기존 항암제보다 더 효과적이며 부작용이 적은 치료제를 만든다. 바이오시밀러 중심 기업에서 신약 개발,local,10,용량,,,0.7877163289350433,,1.0,0.7877163289350433,5.108408581527181,0.0,8.514014302545302,False
2026-04-16,Client,2026-04-15 15:46:00,Naver News,http://www.whitepaper.co.kr/news/articleView.html?idxno=261074,"유한양행, 기술수출 성과 가속… 렉라자 성장·희귀질환 신약 지정","유한양행이 기술수출한 폐암 치료제 ‘렉라자’의 글로벌 매출이 빠르게 늘고 있다. 동시에 고셔병 치료제 후보물질은 미국 식품의약국(FDA) 희귀의약품으로 지정되며 연구개발에 속도를 내고 있다.15일 관련 업계에 따르면, 존슨앤드존슨(J&J)의 올해 1분기 렉라자(성분명 레이저티닙)·리브리반트(성분명 아미반타맙) 병용요법 매출은 2억5700만달러(약 3786억원)로 전년 동기 대비 82% 증가했다. 직전 분기와 비교해서도 19% 성장했다.지역별로는 미국 매출이 1억7500만달러(약 2578억원)로 전년 동기.","[화이트페이퍼=김혜인 기자] 유한양행이 기술수출한 폐암 치료제 ‘렉라자’의 글로벌 매출이 빠르게 늘고 있다. 동시에 고셔병 치료제 후보물질은 미국 식품의약국(FDA) 희귀의약품으로 지정되며 연구개발에 속도를 내고 있다.15일 관련 업계에 따르면, 존슨앤드존슨(J&J)의 올해 1분기 렉라자(성분명 레이저티닙)·리브리반트(성분명 아미반타맙) 병용요법 매출은 2억5700만달러(약 3786억원)로 전년 동기 대비 82% 증가했다. 직전 분기와 비교해서도 19% 성장했다.지역별로는 미국 매출이 1억7500만달러(약 2578억원)로 전년 동기",local,10,얀센,,,0.7874229087766329,,1.0,0.7874229087766329,5.107176216861857,0.0,8.51196036143643,False
2026-04-16,Product Approval,2026-04-17 05:56:00,Naver News,https://www.monews.co.kr/news/articleView.html?idxno=410740,"더블유에스메디칼, 신장질환 특화 포트폴리오 강화 - 메디칼업저버",의약품 유통 전문기업 더블유에스메디칼(주)(이하 WS메디칼)이 신장질환 치료 영역에서 제품 포트폴리오를 강화하면서 시장 공략에 나섰다.,[메디칼업저버 신형주 기자] 의약품 유통 전문기업 더블유에스메디칼(주)(이하 WS메디칼)이 신장질환 치료 영역에서 제품 포트폴리오를 강화하면서 시장 공략에 나섰다,local,2,제형,,,0.1746841199049055,,0.2,0.1746841199049055,5.093673303600603,10.0,1.8227888393343386,False
2026-04-16,Product Approval,2026-04-17 06:02:00,Naver News,https://www.dailypharm.com/user/news/337582?REFERER=NP,"[데일리팜]항체치료제 '누칼라 오토인젝터', 약가협상 최종 타결","항체치료제 누칼라의 자가주사 제형이 보험급여권에 진입할 전망이다. 취재 결과, 한국GSK는 최근 국민건강보험공단과 누칼라 오토인젝터(메폴리주맙)에 대한 약가협상을 최종 타결했다. 이 약은 지난 1월 건강보험심사평가원 약제급여평가위원회가 제시한 평가금액 이하 수용 조건을 받아 들이고 3월부터 약가협상에 돌입한 바 있다. 누칼라 오토인젝터는 기존 누칼라 대비 적응증이 추….","항체치료제 누칼라의 자가주사 제형이 보험급여권에 진입할 전망이다. 취재 결과, 한국GSK는 최근 국민건강보험공단과 누칼라 오토인젝터(메폴리주맙)에 대한 약가협상을 최종 타결했다. 이 약은 지난 1월 건강보험심사평가원 약제급여평가위원회가 제시한 평가금액 이하 수용 조건을 받아 들이고 3월부터 약가협상에 돌입한 바 있다. 누칼라 오토인젝터는 기존 누칼라 대비 적응증이 추…",local,2,출시,,,0.36397033118494454,,0.2,0.36397033118494454,5.088675390976767,8.0,3.1477923182946115,False
2026-04-16,Product Approval,2026-04-17 06:18:00,Naver News,https://www.kpanews.co.kr/news/articleView.html?idxno=533138,"휴메딕스, GMP 정기실사 ‘기타’ 지적 다수…적합판정 유지 - 약사공론","식품의약품안전처의 의약품 제조소 GMP 정기실태조사 결과가 공개되면서, 제약사 품질관리 수준을 평가하는 기준이 ‘문서 보유’에서 ‘현장 운영’으로 이동하고 있는.","식품의약품안전처의 의약품 제조소 GMP 정기실태조사 결과가 공개되면서, 제약사 품질관리 수준을 평가하는 기준이 ‘문서 보유’에서 ‘현장 운영’으로 이동하고 있는",local,2,제형,,,0.4584870166617532,,0.2,0.4584870166617532,5.085645469979363,7.0,3.8094091166322723,False
2026-04-16,BD,2026-04-16 10:28:00,Naver News,http://www.newsmp.com/news/articleView.html?idxno=252727,BMSㆍ베인캐피털 합작 면역질환 신약 개발사 공식 출범,"브리스톨마이어스스퀴브(BMS)로부터 면역학 파이프라인 라이선스를 확보한 미국 생명공학기업 비라인 메디신스(Beeline Medicines)가 공식 출범했다.비라인 메디신스는 15일 공식 출범을 발표하며, 자가면역 및 염증성 질환 환자의 삶을 변화시키기 위해 해당 분야를 선도하는 정밀 치료제를 개발ㆍ제공하는 것을 사명으로 내세웠다.앞서 지난해 7월 BMS는 글로벌 사모펀드 베인캐피털(Bain Capital)과 협력해 자가면역질환 치료 신약 개발에 주력하는 독립 바이오제약회사를 설립했다고 발표한 바 있다.회사의 초기 포트폴.","[의약뉴스] 브리스톨마이어스스퀴브(BMS)로부터 면역학 파이프라인 라이선스를 확보한 미국 생명공학기업 비라인 메디신스(Beeline Medicines)가 공식 출범했다.비라인 메디신스는 15일 공식 출범을 발표하며, 자가면역 및 염증성 질환 환자의 삶을 변화시키기 위해 해당 분야를 선도하는 정밀 치료제를 개발ㆍ제공하는 것을 사명으로 내세웠다.앞서 지난해 7월 BMS는 글로벌 사모펀드 베인캐피털(Bain Capital)과 협력해 자가면역질환 치료 신약 개발에 주력하는 독립 바이오제약회사를 설립했다고 발표한 바 있다.회사의 초기 포트폴",local,10,BMS,,,0.7814523742595901,,1.0,0.7814523742595901,5.082099971890279,0.0,8.470166619817132,False
2026-04-16,Client,2026-04-15 18:12:00,Naver News,https://www.thelec.kr/news/articleView.html?idxno=55120,"SK바이오팜, RPT 항암 신약 임상…'제2의 세노바메이트' 목표 - 디일렉(THE ELEC)",SK바이오팜이 방사성의약품(RPT) 시장에서 차별화된 원소를 앞세운다. 루테튬 기반 치료제보다 정확하고 강력한 악티늄 기반 치료제를 개발하며 항암 치료의 새로운.,SK바이오팜이 방사성의약품(RPT) 시장에서 차별화된 원소를 앞세운다. 루테튬 기반 치료제보다 정확하고 강력한 악티늄 기반 치료제를 개발하며 항암 치료의 새로운,local,10,바이엘,,,0.780839790295856,,1.0,0.780839790295856,5.079527119242595,0.0,8.465878532070992,False
2026-04-16,Client,2026-04-16 17:22:00,Naver News,http://www.newsmp.com/news/articleView.html?idxno=252725,"진행성 담도암 1차 치료, GC와 임핀지 또는 S-1이 최선의 선택","진행성 담도암 1차 치료에서는 여전히 젬시타빈+시스플라틴(GC)이 핵심 축이며, 이 가운데 임핀지(성분명 더발루맙, 아스트라제네카)나 S-1 병용요법이 최선의 선택이라는 연구 결과가 발표됐다.15일, 미국의학회지 JAMA NetworkOpen에는 2000년부터 2024년 사이에 게재된 담도암 관련 연구들에 대한 메타분석 결과가 게재됐다. 연구진은 PubMed와 Embase, Cochrane Central을 통해 절제 불가능한 국소 진행성 또는 전이성 담도암 관련 임상 2상과 3상 중 무진행생존율(Progression-F.","[의약뉴스] 진행성 담도암 1차 치료에서는 여전히 젬시타빈+시스플라틴(GC)이 핵심 축이며, 이 가운데 임핀지(성분명 더발루맙, 아스트라제네카)나 S-1 병용요법이 최선의 선택이라는 연구 결과가 발표됐다.15일, 미국의학회지 JAMA NetworkOpen에는 2000년부터 2024년 사이에 게재된 담도암 관련 연구들에 대한 메타분석 결과가 게재됐다. 연구진은 PubMed와 Embase, Cochrane Central을 통해 절제 불가능한 국소 진행성 또는 전이성 담도암 관련 임상 2상과 3상 중 무진행생존율(Progression-F",local,10,암젠,,,0.7785609179353911,,1.0,0.7785609179353911,5.069955855328642,0.0,8.449926425547737,False
2026-04-16,Client,2026-04-15 10:58:00,Naver News,https://www.medicopharma.co.kr/news/articleView.html?idxno=67772,"한미약품, 비만·당뇨 3중 작용제 글로벌 임상 착수…노보·릴리 추격","한미약품이 차세대 비만·당뇨 치료제 시장을 겨냥한 ‘트리플 작용제’ 임상에 본격 진입했다.15일 미국 임상사이트 클리니컬트라이얼즈에 따르면 한미약품은 GLP-1, GIP(위 억제 펩타이드), 글루카곤 수용체를 동시에 타깃하는 삼중 작용제 ‘HM15275’.","[메디코파마뉴스=최원석 기자] 한미약품이 차세대 비만·당뇨 치료제 시장을 겨냥한 ‘트리플 작용제’ 임상에 본격 진입했다.15일 미국 임상사이트 클리니컬트라이얼즈에 따르면 한미약품은 GLP-1, GIP(위 억제 펩타이드), 글루카곤 수용체를 동시에 타깃하는 삼중 작용제 ‘HM15275’",local,10,노보노디스크,,,0.7723123950571175,,1.0,0.7723123950571175,5.043712059239893,0.0,8.406186765399822,False
2026-04-16,Client,2026-04-17 06:02:00,Naver News,https://www.bosa.co.kr/news/articleView.html?idxno=3003148,아스텔라스 '세티데그라십' 췌관선암 3상 임상 착수 - 의학신문,일본 아스텔라스제약은 표적단백질 분해유도제 '세티데그라십'(setidegrasib)에 대해 KRAS G12D 변이 양성 전이성.,[의학신문·일간보사=정우용 기자] 일본 아스텔라스제약은 표적단백질 분해유도제 '세티데그라십'(setidegrasib)에 대해 KRAS G12D 변이 양성 전이성,local,10,아스텔라스,,,0.7684713856695812,,1.0,0.7684713856695812,5.02757981981224,0.0,8.379299699687067,False
2026-04-16,Reimbursement,2026-04-17 06:06:00,Naver News,https://www.medipana.com/news/articleView.html?idxno=409903,MRI 인력기준 완화에 의사들 '한숨'…진단 신뢰성 저하 우려 - 메디파나뉴스,"MRI 인력 기준 완화를 둘러싼 논쟁이 단순한 규제 조정 범위를 넘어, 의료영상 품질관리 체계와 진단 신뢰성을 둘러싼 구조적 문제.","[메디파나뉴스 = 박으뜸 기자] MRI 인력 기준 완화를 둘러싼 논쟁이 단순한 규제 조정 범위를 넘어, 의료영상 품질관리 체계와 진단 신뢰성을 둘러싼 구조적 문제",local,2,급여,,,0.2528043941014914,,0.2,0.2528043941014914,5.021778455226264,9.0,2.3696307587104397,False
2026-04-16,Product Approval,2026-04-17 06:02:00,Naver News,https://www.dailypharm.com/user/news/337587?REFERER=NP,[데일리팜]표제기 이부프로펜 감기약 속속 등장…종근당 모드콜도 가세,"작년부터 해열진통소염제 이부프로펜 성분이 함유된 감기약이 표준제조기준에 추가되면서 신제품이 속속 등장하고 있다. 모드콜 브랜드로 OTC 감기약 시장에서 인기를 끌고 있는 종근당도 이부프로펜 감기약을 새로 내놨다. 식품의약품안전처는 지난 15일 종근당 모드콜이부노즈연질캡슐을 허가했다. 이 약은 이부프로펜, 슈도에페드린염산염, 클로르페니라민말레산염이 함유된 감기약이….","작년부터 해열진통소염제 이부프로펜 성분이 함유된 감기약이 표준제조기준에 추가되면서 신제품이 속속 등장하고 있다. 모드콜 브랜드로 OTC 감기약 시장에서 인기를 끌고 있는 종근당도 이부프로펜 감기약을 새로 내놨다. 식품의약품안전처는 지난 15일 종근당 모드콜이부노즈연질캡슐을 허가했다. 이 약은 이부프로펜, 슈도에페드린염산염, 클로르페니라민말레산염이 함유된 감기약이…",local,2,제형,,,0.40832605584212445,,0.2,0.40832605584212445,4.874969434536923,7.0,3.458282390894871,False
2026-04-16,Client,2026-04-16 07:02:00,Naver News,https://www.thebell.co.kr/free/content/ArticleView.asp?key=202604141236574640108046,"[더벨][AACR 2026] K-바이오 40곳 최대 출격, 구두 발표 베리스모·알지노...","화이자, 존슨앤존슨, 로슈 등 글로벌 빅파마부터 유망 바이오텍까지 폭넓게 참여해 주요 신약 후보물질을 소개한다. AACR은 미국임상종양학회(ASCO), 유럽종양학회(ESMO)와 함께 세계 3대 암학회로 꼽히지만 성격은... ","화이자, 존슨앤존슨, 로슈 등 글로벌 빅파마부터 유망 바이오텍까지 폭넓게 참여해 주요 신약 후보물질을 소개한다. AACR은 미국임상종양학회(ASCO), 유럽종양학회(ESMO)와 함께 세계 3대 암학회로 꼽히지만 성격은... ",local,10,로슈,,,0.7303175797555508,,1.0,0.7303175797555508,4.867333834973313,0.0,8.112223058288855,False
2026-04-16,Reimbursement,2026-04-17 06:02:00,Naver News,https://www.dailypharm.com/user/news/337599?REFERER=NP,"[데일리팜]""바이오시밀러 선택한 환자 인센티브""…처방 활성화 추진","바이오시밀러의 국내 처방 활성화를 유도하고, AI 및 디지털치료기기(DTx) 등 혁신의료기기의 특성에 맞는 정당한 보상체계 마련 등이 추진된다. 정부는 16일 정부세종청사에서 김민석 국무총리 주재로 국가바이오혁신위원회 출범식을 갖고, 제1차 회의를 열어 4개 전략 24개 과제를 포함한 바이오헬스 분야 규제합리화 로드맵을 확정했다. 바이오시밀러 처방 시 환자 인센티브 도입…재정….","바이오시밀러의 국내 처방 활성화를 유도하고, AI 및 디지털치료기기(DTx) 등 혁신의료기기의 특성에 맞는 정당한 보상체계 마련 등이 추진된다. 정부는 16일 정부세종청사에서 김민석 국무총리 주재로 국가바이오혁신위원회 출범식을 갖고, 제1차 회의를 열어 4개 전략 24개 과제를 포함한 바이오헬스 분야 규제합리화 로드맵을 확정했다. 바이오시밀러 처방 시 환자 인센티브 도입…재정…",local,2,급여,,,0.2110658700598981,,0.2,0.2110658700598981,4.846476654251572,9.0,2.0774610904192867,False
2026-04-16,Supply Issues,2026-04-16 18:00:00,Naver News,https://www.nongmin.com/article/20260416500516,타이레놀 품귀현상 생기나…영국 “전쟁 지속땐 약 부족사태”,중동 전쟁이 계속되면 수주 내에 영국의 공공의료 체계인 ‘국민보건서비스(NHS)’가 약 부족 사태를 맞을 수 있다는 경고가 나왔다. NHS 처방약 중 85%를 생산하는 제약업체들의 협의체인 메디신즈 UK는 “의약품 활성 성분 제조에 사용되는 일부 화학물질과 용매의 공급.,중동 전쟁이 계속되면 수주 내에 영국의 공공의료 체계인 ‘국민보건서비스(NHS)’가 약 부족 사태를 맞을 수 있다는 경고가 나왔다. NHS 처방약 중 85%를 생산하는 제약업체들의 협의체인 메디신즈 UK는 “의약품 활성 성분 제조에 사용되는 일부 화학물질과 용매의 공급,local,2,품귀,,,0.5391367619869971,,0.2,0.5391367619869971,4.6243744003453875,5.0,4.3739573339089795,False
2026-04-16,Product Approval,2026-04-17 06:20:00,Naver News,https://www.yakup.com/news/index.html?mode=view&cat=12&nid=326110,"[약업신문]동아에스티, 스티렌큐정 급만성 위염 적응증 품목허가 신청",동아에스티가 급만성위염 치료제 스티렌큐정(애엽95%에탄올연조엑스(20→1)) 품목허가를 16일 식품의약품안전처에  신청했다.이번 신청은 467명을 대상으로 진행해 안전성과 비열등성을 입증한  '다기관...,동아에스티가 급만성위염 치료제 스티렌큐정(애엽95%에탄올연조엑스(20→1)) 품목허가를 16일 식품의약품안전처에  신청했다.이번 신청은 467명을 대상으로 진행해 안전성과 비열등성을 입증한  '다기관...,local,2,허가,,,0.33908247412481274,,0.2,0.33908247412481274,4.5841463913242135,7.0,2.973577318873689,False
2026-04-16,Supply Issues,2026-04-16 14:31:00,Naver News,https://www.sidae.com/article/2026041613182159273,"""이러다 링거 못 맞나""JW중외제약, 매출 30%인데 중동 전쟁 '당혹' - 동행미디어 시대",미국·이란 전쟁 여파로 주요 해상무역로인 호르무즈 해협이 사실상 막히면서 수액제 포장재 등의 원자재 우려가 심화하고 있다. 수액을 주된 사업으로 영위하는 JW중외제약의 경우 단기적 영향은 적겠으나 사태가 장기화하면 피해가 불가피할 전망이다.,미국·이란 전쟁 여파로 주요 해상무역로인 호르무즈 해협이 사실상 막히면서 수액제 포장재 등의 원자재 우려가 심화하고 있다. 수액을 주된 사업으로 영위하는 JW중외제약의 경우 단기적 영향은 적겠으나 사태가 장기화하면 피해가 불가피할 전망이다.,local,2,품귀,,,0.44582900870978354,,0.2,0.44582900870978354,4.232481836581091,5.0,3.7208030609684846,False
2026-04-16,Product Approval,2026-04-17 06:06:00,Naver News,https://www.pharmnews.com/news/articleView.html?idxno=302894,"KDDF 출범 5년차 성적표 '99점'...""글로벌 경쟁력 강화 "" - 팜뉴스","국가신약개발사업단(KDDF/이하 사업단)이 출범 5주년을 맞아 그간의 성과를 결산하고, 2026년부터 시작될 2단계 사업의 청사진을 공개했.","[팜뉴스=김응민 기자] 국가신약개발사업단(KDDF/이하 사업단)이 출범 5주년을 맞아 그간의 성과를 결산하고, 2026년부터 시작될 2단계 사업의 청사진을 공개했",local,2,신약,,,0.241929012308432,,0.2,0.241929012308432,4.176101851695415,7.0,2.2935030861590238,False
2026-04-16,Product Approval,2026-04-17 06:02:00,Naver News,https://www.yakup.com/news/index.html?mode=view&cat=12&nid=326105,"[약업신문]다이이산쿄, OTC 사업 매각…항암 중심 전환","다이이찌산쿄(Daiichi Sankyo)가 일반의약품(OTC) 사업을 분리하고 혁신 신약, 특히 항암제 중심 전략으로의 전환을 본격화한다. 글로벌 제약업계 전반에서 이어지고 있는 ‘컨슈머 헬스 분리’ 흐름에 동참하는 행...","다이이찌산쿄(Daiichi Sankyo)가 일반의약품(OTC) 사업을 분리하고 혁신 신약, 특히 항암제 중심 전략으로의 전환을 본격화한다. 글로벌 제약업계 전반에서 이어지고 있는 ‘컨슈머 헬스 분리’ 흐름에 동참하는 행...",local,2,적응증,,,0.220278905699249,,0.2,0.220278905699249,4.085171403936846,7.0,2.141952339894743,False
2026-04-16,Therapeutic Areas,2026-04-16 22:51:00,Naver News,https://www.ytn.co.kr/_ln/0104_202604162251299486,"""전쟁 길어지면 몇 주 안에 의약품 대란...진통제·항암제도 고갈""","미국과 이란의 종전 협상을 놓고 막판 줄다리기가 계속되는 가운데, 자칫 전쟁이 더 길어질 경우 몇 주 안에 전 세계적인 의약품 대란이 올 수 있다는 우려가 제기됐습니...","미국과 이란의 종전 협상을 놓고 막판 줄다리기가 계속되는 가운데, 자칫 전쟁이 더 길어질 경우 몇 주 안에 전 세계적인 의약품 대란이 올 수 있다는 우려가 제기됐습니...",local,2,항암제,,,0.3970853270624385,,0.2,0.3970853270624385,4.027758373662241,5.0,3.3795972894370694,False
2026-04-16,Supply Issues,2026-04-16 10:58:00,Naver News,https://it.chosun.com/news/articleView.html?idxno=2023092160456,주사기 재고 4516만개인데 동네 병원은 ‘품절’,중동 전쟁 장기화 여파로 의료용 소모품 수급 불안이 현실화되는 가운데 정부 집계상 수천만 개의 재고가 존재함에도 일선 의료기관에서는 ‘품절’을 호소하는 기현상이 발생하고 있다. 생산과 재고는 정상인데 현장은 비어 있는 이른바 ‘보이지 않는 병목’이 의료 공급망을 흔들고 있다는 지적이다.,중동 전쟁 장기화 여파로 의료용 소모품 수급 불안이 현실화되는 가운데 정부 집계상 수천만 개의 재고가 존재함에도 일선 의료기관에서는 ‘품절’을 호소하는 기현상이 발생하고 있다. 생산과 재고는 정상인데 현장은 비어 있는 이른바 ‘보이지 않는 병목’이 의료 공급망을 흔들고 있다는 지적이다,local,2,품절,,,0.39273108772229715,,0.2,0.39273108772229715,4.009470568433648,5.0,3.34911761405608,False
2026-04-16,Therapeutic Areas,2026-04-15 14:25:00,Naver News,https://news.sbs.co.kr/news/endPage.do?news_id=N1008518569&plink=ORI&cooper=NAVER,"미혼은 못 받는 난임치료휴가, 그 댓글에 대한 이야기 [취재파일]","《""영구 불임 예상"" 난자 동결하려는데…""애 누구랑 낳냐""》 기사가 나간 지 사흘이 지난 오늘까지, 포털사이트에 업로드된 기사에는 댓글이 300여 개 달렸습니다.","《""영구 불임 예상"" 난자 동결하려는데…""애 누구랑 낳냐""》 기사가 나간 지 사흘이 지난 오늘까지, 포털사이트에 업로드된 기사에는 댓글이 300여 개 달렸습니다.",local,2,불임,,,0.34218201196158354,,0.2,0.34218201196158354,3.7971644502386503,5.0,2.9952740837310845,False
2026-04-16,Supply Issues,2026-04-16 10:14:00,Naver News,https://www.imaeil.com/page/view/2026041610085264468,주사기 생산 '그대로'라는데 왜 없나…정은경 '재고 물량 충분히 확보',"미국-이란 전쟁 여파로 주사기·주사침·물약통·약포지 등 의료 소모품 수급 불안 우려가 커지는 가운데, 정부가 ""전쟁 전과 후 생산량은 달라진 게 없다""고 진단했다. 보건복지부는 15일 오후 경기 안산 한국백신에서 대한의사협회, 대한투석협회, 주사기 제조·수입업체와 함께 '혈액투석 의원 대상 주사기 공급 핫라인 구축 협약식'을 열었다. 중동전쟁으로 의료제품 공급망 불안이 확산하자 민관이 공동 대응 체계를 마련한 것이다.","미국-이란 전쟁 여파로 주사기·주사침·물약통·약포지 등 의료 소모품 수급 불안 우려가 커지는 가운데, 정부가 ""전쟁 전과 후 생산량은 달라진 게 없다""고 진단했다.
보건복지부는 15일 오후 경기 안산 한국백신에서 대한의사협회, 대한투석협회, 주사기 제조·수입업체와 함께 '혈액투석 의원 대상 주사기 공급 핫라인 구축 협약식'을 열었다. 중동전쟁으로 의료제품 공급망 불안이 확산하자 민관이 공동 대응 체계를 마련한 것이다.
이번 협약에 따라 의사협회와 주사기 제조·수입업체들은 6월 말까지 유통 질서를 해치지 않는 범위 내에서 혈액투석 의원급 의료기관에 필요한 주사기를 우선 공급하고, 필요 시 공급 대상을 확대하기로 했다.
최근 들어 평소 의료소모품 재고를 많이 쌓아두지 않는 의원급 의료기관과 약국들이 나프타를 원료로 생산하는 의료 소모품 수급에 큰 어려움을 겪고 있다.
가격이 크게 오른 건 물론이고, 기존 거래처의 재고가 바닥나 수소문해 찾은 도매업체에 주문을 넣어도 물량을 확보하기 어렵다는 등의 목소리가 쏟아지고 있다.
한 의료계 관계자는 ""일주일 전 여러 군데 주문을 넣었는데 품절을 이유로 주문 취소가 되고 물건을 받을 수 없었다""고 토로했다.
약국도 비상이다. 약포지, 물약통 구매에 어려움을 겪고 있어서다.
다만 정은경 복지부 장관은 이날 협약식에서 ""이번 주사기 공급 핫라인 구축으로 필수의료제품 공급체계에서 최소한의 안전망이 갖춰졌다""고 평가했다.
그는 이어 ""4월 14일 오후 5시 기준 재고량은 4천500만개 수준""이라며 ""월 생산량이 약 8천만개인 점을 감안하면 제조 물량은 충분히 확보된 상태""라고 설명했다. 5월에도 산업부 차원에서 의료제품 원료를 최우선 공급하기로 했고, 상당 부분을 확보하고 있어 생산에는 큰 문제가 없을 것이라는게 정 장관의 설명이다.
정부 판단대로라면 현재 위기의 본질은 생산 차질보다 분배 불균형에 가깝다. 공장 라인은 정상 가동 중이고 원료 확보도 진행되고 있지만, 특정 유통 단계에서 물량이 묶이거나 일부 기관에 쏠릴 경우 현장에서는 공급 부족을 체감할 수 있다.
정 장관은 ""유통 단계에서 필요한 의료기관에 골고루 공급될 수 있도록 관리하겠다""며 ""재고 부족 의료기관이 발생하지 않도록 의료계와 소통하겠다""고 강조했다.",local,2,품절,,,0.3305396647667766,,0.2,0.3305396647667766,3.7482665920204616,5.0,2.913777653367436,False
2026-04-16,Therapeutic Areas,2026-04-17 05:02:00,Naver News,https://www.hani.co.kr/arti/hanihealth/medical/1254626.html,“새로운 뇌종양 항암제 등장…환자 재발 예방 가능성 커져” [건강한겨레],뇌종양은 그 이름만으로도 덜컥 겁이 나는 질환이다. 질환에 대한 정보를 쉽게 접할 수도 없어 흔히 ‘불치병’으로 생각된다. 뇌종양은 그 종류에 따라 예후가 천차만별이다. 매년 발생하는 원발성 뇌종양 환자 10명 중 7명 내외는 수술로 거의 완치가 가능하고 재발도 거의.,뇌종양은 그 이름만으로도 덜컥 겁이 나는 질환이다. 질환에 대한 정보를 쉽게 접할 수도 없어 흔히 ‘불치병’으로 생각된다. 뇌종양은 그 종류에 따라 예후가 천차만별이다. 매년 발생하는 원발성 뇌종양 환자 10명 중 7명 내외는 수술로 거의 완치가 가능하고 재발도 거의,local,2,항암제,,,0.30767388172570515,,0.2,0.30767388172570515,3.6522303032479613,5.0,2.753717172079936,False
2026-04-16,Reimbursement,2026-04-16 17:49:00,Naver News,https://www.sedaily.com/article/20033503?ref=naver,"中, 기업에 혁신신약 가격 결정권 허용…韓과 격차 더 벌어진다",중국 정부가 혁신 신약을 개발한 기업에 가격 결정권을 일부 허용하는 방식으로 약가 체계를 개편한다. 제약·바이오 기업이 높은 연구개발(R&D) 비용과 위험을 반영한 ‘합리적 고가’를 설정할 수 있도록 해 혁신 신약에 강력한 인센티브를 주겠다는 의미다.,중국 정부가 혁신 신약을 개발한 기업에 가격 결정권을 일부 허용하는 방식으로 약가 체계를 개편한다. 제약·바이오 기업이 높은 연구개발(R&D) 비용과 위험을 반영한 ‘합리적 고가’를 설정할 수 있도록 해 혁신 신약에 강력한 인센티브를 주겠다는 의미다. 중국이 이미 글로,local,2,약가,,,0.20139688584947482,,0.2,0.20139688584947482,3.6058669205677947,6.0,2.009778200946324,False
2026-04-16,Therapeutic Areas,2026-04-16 17:10:00,Naver News,https://www.incheonilbo.com/news/articleView.html?idxno=1321027,"고정용 ㈜아이젠파마코리아 대표, 단국대 총동창회장 연임",제약 분야에서 30년 경력을 쌓은 전문가가 단국대학교 27만 동문의 수장직을 다시 맡는다. 1985년 단국대 경제학과(35회)를 졸업한 고정용 ㈜아이젠파마코리아 대표는 삼일제약과 태준제약을 거쳐 2013년 난임 치료 전문기업을 설립해 출산율 제고에 기여해온 인물이다.고 회장의 차기 행.,제약 분야에서 30년 경력을 쌓은 전문가가 단국대학교 27만 동문의 수장직을 다시 맡는다. 1985년 단국대 경제학과(35회)를 졸업한 고정용 ㈜아이젠파마코리아 대표는 삼일제약과 태준제약을 거쳐 2013년 난임 치료 전문기업을 설립해 출산율 제고에 기여해온 인물이다.고 회장의 차기 행,local,2,난임,,,0.27156290311813547,,0.2,0.27156290311813547,3.500564193096169,5.0,2.500940321826948,False
2026-04-16,Therapeutic Areas,2026-04-16 18:16:00,Naver News,https://www.ajunews.com/view/20260415143331392,[K-의료관광 100만 시대] 중증 질환까지 확장... 언어·동선·사후관리까지 경쟁력↑ | 아주경제,외국인 환자 100만명 시대에 접어들면서 한국 의료관광이 피부·미용 중심에서 암·난임 등 전문 치료 영역으로 빠르게 확장되고 있다.단순 ...,외국인 환자 100만명 시대에 접어들면서 한국 의료관광이 피부·미용 중심에서 암·난임 등 전문 치료 영역으로 빠르게 확장되고 있다.단순 ...,local,2,난임,,,0.2665137634065946,,0.2,0.2665137634065946,3.4793578063076973,5.0,2.465596343846162,False
2026-04-16,Therapeutic Areas,2026-04-16 18:20:00,Naver News,https://sports.donga.com/life/article/all/20260416/133755628/1,"[‘아기 만드는 의사’ 조정현의 자자손손] 난자의 장날, 정자의 마라톤","1년은 365일, 시간으로 치면 8760시간이다. 그렇다면 그 긴 시간 가운데 난자가 배란돼 정자를 기다리는 시간은 얼마나 될까. 고작 150시간에서 200시간 정도다. 다시 말해 1년 내내 장이 서는 시장이 아니라 1년에 딱 열두 번 서는 장날과 같은 셈이다.","1년은 365일, 시간으로 치면 8760시간이다. 그렇다면 그 긴 시간 가운데 난자가 배란돼 정자를 기다리는 시간은 얼마나 될까. 고작 150시간에서 200시간 정도다. 다시 말해 1년 내내 장이 서는 시장이 아니라 1년에 딱 열두 번 서는 장날과 같은 셈이다. 평균…",local,2,난임,,,0.256999265835258,,0.2,0.256999265835258,3.4393969165080835,5.0,2.398994860846806,False
2026-04-16,Therapeutic Areas,2026-04-16 12:16:00,Naver News,https://www.biotimes.co.kr/news/articleView.html?idxno=31121,"자궁건강 위협하는 여성질환 자궁근종, 정확한 진단 필요 - 바이오타임즈","자궁근종, 난소낭종 등 부인과 종양질환은 여성에게 흔하게 발생한다. 특히 최근에는 늦은 임신·출산연령이 늦어지며, 여성의 생애주기 변화로 부인과.","[바이오타임즈] 자궁근종, 난소낭종 등 부인과 종양질환은 여성에게 흔하게 발생한다. 특히 최근에는 늦은 임신·출산연령이 늦어지며, 여성의 생애주기 변화로 부인과",local,2,불임,,,0.23037782867650713,,0.2,0.23037782867650713,3.3275868804413298,5.0,2.21264480073555,False
2026-04-16,Therapeutic Areas,2026-04-17 01:02:00,Naver News,https://www.webeconomy.co.kr/news/articleView.html?idxno=2144693,"셀트리온 ""유럽서 항암제·자가면역질환 치료제 처방 확대"" - 웹이코노미","셀트리온은 16일 배포 자료에서 ""유럽 주요국에서 항암제와 자가면역질환 치료제가 주요 입찰 성과와 처방 확산으로 빠르게 시장에 안착하고 있다""고 자체 평가했다.배.","셀트리온은 16일 배포 자료에서 ""유럽 주요국에서 항암제와 자가면역질환 치료제가 주요 입찰 성과와 처방 확산으로 빠르게 시장에 안착하고 있다""고 자체 평가했다.배",local,2,항암제,,,0.2249736940440481,,0.2,0.2249736940440481,3.304889514985002,5.0,2.1748158583083366,False
2026-04-16,Therapeutic Areas,2026-04-14 15:28:00,Naver News,http://www.beyondpost.co.kr/view.php?ud=20260414152509411746a9e4dd7f_30,"남성 불임 초래하는 정계정맥류, 올바른 치료 방법은?","정계정맥류는 남성 불임을 야기하는 대표적인 질환이다. 실제로 한 번도 아이를 갖지 못한 남성 불임 환자의 35%, 두 번째나 세 번째 임신이 되지 않은 남성의 85%가 정계정맥류 질환을 갖고 있다. 정계정맥류로 인해 부신과 신장의 독성 대사 물질이 역류하게 되고 고인 정맥혈로 인해 음낭 내부의 온도가 올라가는 것은 물론 산소도 부족해지기 때문이다. 결과적으로 고환 내 남성호르몬은 계속 감소하고 정자의 수와 운동성도 감소한다.","[비욘드포스트 이순곤 기자]  정계정맥류는 남성 불임을 야기하는 대표적인 질환이다. 실제로 한 번도 아이를 갖지 못한 남성 불임 환자의 35%, 두 번째나 세 번째 임신이 되지 않은 남성의 85%가 정계정맥류 질환을 갖고 있다. 정계정맥류로 인해 부신과 신장의 독성 대사 물질이 역류하게 되고 고인 정맥혈로 인해 음낭 내부의 온도가 올라가는 것은 물론 산소도 부족해지기 때문이다.
결과적으로 고환 내 남성호르몬은 계속 감소하고 정자의 수와 운동성도 감소한다. 미성숙 형태, 무정형 형태 등 비정상 정자가 늘어나면서 정상 정자 비율은 더욱 줄어들게 된다. 따라서 남성 불임 문제를 해결하기 위해서는 정계정맥류를 반드시 치료해야 한다.
정계정맥류는 하지정맥류와 연관 지어서 이해하면 더 쉽다. 고환에서 심장으로 이동하는 정맥이 모여 있는 곳을 정계라고 하는데 그 부분이 하지정맥류처럼 부푸는 것을 정계정맥류라고 한다. 고환 상단의 정맥 다발은 그물처럼 자리 잡고 있는데 그 정맥 다발이 비정상적으로 확장되는 것이다. 중력 방향으로 높은 압력을 받아서 혈액이 역류하게 되고 그 결과 정맥이 늘어나고 구불구불해지는 것이다.
특히 정계정맥류의 85% 이상은 좌측 고환에서 발생한다. 좌측 정맥 길이가 우측 정맥 길이보다 길기도 하고 우측 정맥은 직경이 큰 대정맥으로 비스듬히 연결되기 때문에 상대적으로 혈액의 흐름이 원활한 반면, 좌측 정맥은 신정맥으로 거의 직각으로 연결되기 때문이다.
정계정맥류가 의심된다면 한 가지 검사로만 정계정맥류를 진단하기보다 여러 가지 검사를 복합적으로 진행하는 것이 바람직하다. 가장 먼저 눈으로 보는 시진과 신체검사를 진행한다. 또한 정계정맥류가 악화한 경우에 고환이 수축하기도 하므로 고환 체적계(Testicular Volumeter)를 이용해 고환 크기도 측정한다. 고환의 크기와 정맥의 늘어난 직경 등을 알 수 있어 사실상 가장 정확한 검사인 색조 도플러 초음파 검사도 진행한다.
정계정맥류로 진단된 후 환자들이 가장 많이 하는 질문은 ‘자연치유가 가능하냐’는 것이다. 하지만 확진된 정계정맥류 환자의 경우 자연치유 가능성은 거의 없다고 보면 된다. 오히려 시간이 지날수록 계속 악화한다. 약물치료도 거의 효과가 없기 때문에 수술 적응증에 해당한다면 수술을 진행하는 게 좋다.
고환의 크기가 반대편 정상 고환보다 20% 이상 축소된 경우도 수술 적응증에 해당한다. 고환의 크기와 고환의 생식 능력은 정비례하기 때문에 고환의 크기가 20% 이상 위축됐다는 건 생식 기능 저하를 암시한다. 이 같은 경우는 반드시 정계정맥류 수술을 진행해야 한다. 마지막으로 정계정맥류로 인한 고환 통증이 심각한 경우에도 수술을 진행하는 게 좋다.
골드만비뇨의학과 서울역점 김태헌 원장은 ""교과서적으로 정계정맥류 치료 후 환자의 50~80% 정도는 정액검사 수치가 정상으로 돌아오고 30~40%의 환자는 그 결과 자연임신이 가능해진다""며 ""국소마취 혹은 척추마취 후 30분에서 1시간 정도면 수술이 종료되는 만큼 수술 적응증에 해당한다면 꼭 비뇨의학과 전문의에게 자세한 상담을 받아 보길 권한다""고 전했다.
sglee640@beyondpost.co.kr",local,2,불임,,,0.21469209417467178,,0.2,0.21469209417467178,3.2617067955336214,5.0,2.1028446592227024,False
2026-04-16,Reimbursement,2026-04-16 06:00:00,Naver News,https://www.pharmnews.com/news/articleView.html?idxno=302868,SK바이오팜 '뇌전증 신약' 국내 론칭 초읽기...3분기 보험등재 가시화 - 팜뉴스,미국 시장을 평정하며 'K-바이오'의 저력을 증명한 SK바이오팜의 뇌전증 혁신 신약 세노바메이트(미국명 엑스코프리)가 마침내 국내 보험 등재를 위한 카운트다운에.,미국 시장을 평정하며 'K-바이오'의 저력을 증명한 SK바이오팜의 뇌전증 혁신 신약 세노바메이트(미국명 엑스코프리)가 마침내 국내 보험 등재를 위한 카운트다운에,local,2,보험등재,,,0.11339546486505829,,0.2,0.11339546486505829,3.236260952433245,6.0,1.393768254055408,False
2026-04-16,Supply Issues,2026-04-16 04:39:00,Naver News,https://www.donga.com/news/Economy/article/all/20260416/133748666/2,"버티기, 셧다운, 패닉… 전쟁 48일째 ‘에너지 공급망’ 한계 내몰려",최모 씨(36)는 지난 주말 딸과 함께 소아과를 찾았다가 어린이용 빈 물약통을 받지 못했다. 플라스틱의 기초 원료인 나프타 수급이 불안해지며 동네 약국에 ‘비상’이 걸렸기 때문이다. 경기 안성시에서 식당을 운영하는 김준혁 씨(31)는 “한 달 전 주문한 플라스틱 배달….,최모 씨(36)는 지난 주말 딸과 함께 소아과를 찾았다가 어린이용 빈 물약통을 받지 못했다. 플라스틱의 기초 원료인 나프타 수급이 불안해지며 동네 약국에 ‘비상’이 걸렸기 때문이다. 경기 안성시에서 식당을 운영하는 김준혁 씨(31)는 “한 달 전 주문한 플라스틱 배달…,local,2,품귀,,,0.19073120474369032,,0.2,0.19073120474369032,3.1610710599234992,5.0,1.9351184332058322,False
2026-04-16,Therapeutic Areas,2026-04-15 08:50:00,Naver News,https://jhealthmedia.joins.com/news/articleView.html?idxno=32366,자궁내막증은 재발 잦다? 맞춤형 절제로 근본 치료해야 - 헬스중앙,자궁내막은 자궁 안쪽에 위치하며 생리 주기에 따라 두꺼워졌다가 탈락하는 조직이다. 자궁내막증은 이 조직이 자궁이 아닌 다른 곳에 달라붙어 증식하는 질환이다.,자궁내막은 자궁 안쪽에 위치하며 생리 주기에 따라 두꺼워졌다가 탈락하는 조직이다. 자궁내막증은 이 조직이 자궁이 아닌 다른 곳에 달라붙어 증식하는 질환이다. 자궁,local,2,불임,,,0.1762674632603335,,0.2,0.1762674632603335,3.1003233456934005,5.0,1.8338722428223342,False
2026-04-16,Product Approval,2026-04-17 06:38:00,Naver News,https://www.viva100.com/article/20260416500669,"美 FDA 패스트트랙 획득 ‘낭보’… K-신약, 상업화 ‘가속 페달’","최근 국내 제약·바이오 기업의 신약 후보물질들이 잇따라 식품의약국(FDA)의 ‘패스트트랙’ 지정을 획득하며 전환점을 맞았다는 평가다. 패스트트랙 지정은 미충족 의료 수요와 혁신성을 동시에 인정받은 결과로, 향후 허가 및 상업화에 속도가 붙을 전망이다.","최근 국내 제약·바이오 기업의 신약 후보물질들이 잇따라 식품의약국(FDA)의 ‘패스트트랙’ 지정을 획득하며 전환점을 맞았다는 평가다. 패스트트랙 지정은 미충족 의료 수요와 혁신성을 동시에 인정받은 결과로, 향후 허가 및 상업화에 속도가 붙을 전망이다. 16일 관련 업계",local,2,허가,,,0.21136501390998766,,0.2,0.21136501390998766,1.2477330584219481,0.0,2.0795550973699135,False
2026-04-16,Product Approval,2026-04-17 06:08:00,Naver News,http://www.newsmp.com/news/articleView.html?idxno=252745,"한올바이오파마, 안구건조증ㆍ파킨슨병 치료제 개발 로드맵 제시","한올바이오파마가 자가면역질환에 이어 안과ㆍ신경질환 치료제 등 핵심 파이프라인의 후속 개발 일정을 구체화했다.바토클리맙과 아이메로프루바트는 적응증 확대를, 안구건조증 바이오신약 HL036(탄파너셉트)과 파킨슨병 치료제 HL192는 후속 개발을 진행한다는 방침이다.한올바이오파마는 최근 공개한 IR 자료에서 3개 치료제, 7개 적응증을 기반으로 10억달러 이상 로열티 잠재력을 확보하는 것을 중장기 목표로 설정하고, 2026년부터 2028년까지 연도별 개발 일정을 공개했다.이 가운데 이뮤노반트에 기술수출한 HL161은 바토클리.","[의약뉴스] 한올바이오파마가 자가면역질환에 이어 안과ㆍ신경질환 치료제 등 핵심 파이프라인의 후속 개발 일정을 구체화했다.바토클리맙과 아이메로프루바트는 적응증 확대를, 안구건조증 바이오신약 HL036(탄파너셉트)과 파킨슨병 치료제 HL192는 후속 개발을 진행한다는 방침이다.한올바이오파마는 최근 공개한 IR 자료에서 3개 치료제, 7개 적응증을 기반으로 10억달러 이상 로열티 잠재력을 확보하는 것을 중장기 목표로 설정하고, 2026년부터 2028년까지 연도별 개발 일정을 공개했다.이 가운데 이뮤노반트에 기술수출한 HL161은 바토클리",local,2,신약,,,0.18775552367985396,,0.2,0.18775552367985396,1.1485731994553865,0.0,1.9142886657589777,False
2026-04-16,Product Approval,2026-04-17 06:02:00,Naver News,https://www.yakup.com/news/index.html?mode=view&cat=12&nid=326096,[약업신문]국내 신약 파이프라인 2162개 역대 최대…글로벌 갭 줄일 넥스트 모달리티 관건,"김순남 국가신약개발사업단 R&D 본부장. ©약업신문=김홍식 기자대한민국 신약개발 생태계가 매서운 속도로 팽창하고 있다. 국내 기업과 연구기관들이 보유한 신약 파이프라인이 2,100개를 가뿐히 돌파하며 역...","김순남 국가신약개발사업단 R&amp;amp;D 본부장. ©약업신문=김홍식 기자대한민국 신약개발 생태계가 매서운 속도로 팽창하고 있다. 국내 기업과 연구기관들이 보유한 신약 파이프라인이 2,100개를 가뿐히 돌파하며 역...",local,2,적응증,,,0.17966457217577536,,0.2,0.17966457217577536,1.1145912031382565,0.0,1.8576520052304275,False
2026-04-16,Product Approval,2026-04-17 06:10:00,Naver News,https://medicalworldnews.co.kr/news/view.php?idx=1510974148,"페니트리움바이오, 표적항암제 내성 극복 신약후보 ‘페니트리움’ 통합치료기전 발표","페니트리움바이오사이언스가 16일 서울프레스센터에서 ‘통합치료기전 연구발표회’를 열고, 대주주인 씨앤팜(CNPharm)의 AI 신약개발팀이 도출한 신약 후보물질 ‘페니트리움’의 다중 질환 통합치료기전을 공식 발표했다. 이번에 공개된 내용은 비임상 단계 연구 결과로, 회사 측은 향후 글로벌 임상 진입을 준비 중인 단계라고 설명했다.◆종양 미세환경(TME) 제어 기반 기전 제시회사 측에 따르면, 이번 연구의 핵심은 질환을 일으키는 세포(Se.","페니트리움바이오사이언스가 16일 서울프레스센터에서 ‘통합치료기전 연구발표회’를 열고, 대주주인 씨앤팜(CNPharm)의 AI 신약개발팀이 도출한 신약 후보물질 ‘페니트리움’의 다중 질환 통합치료기전을 공식 발표했다. 이번에 공개된 내용은 비임상 단계 연구 결과로, 회사 측은 향후 글로벌 임상 진입을 준비 중인 단계라고 설명했다.◆종양 미세환경(TME) 제어 기반 기전 제시회사 측에 따르면, 이번 연구의 핵심은 질환을 일으키는 세포(Se",local,2,신약,,,0.16490386104508994,,0.2,0.16490386104508994,1.0525962163893776,0.0,1.7543270273156293,False
2026-04-16,Product Approval,2026-04-17 06:10:00,Naver News,http://www.consumernews.co.kr/news/articleView.html?idxno=754226,한미약품·동아에스티 'K-바이오' 자존심 건다...美 AACR서 항암제 연구성과 9건씩 공개,한미약품(대표 황상연)과 동아에스티(대표 정재훈)가 미국암연구학회(AACR 2026)에서 항암제 연구 성과에 대해 공개한다. 한미약품은 다양한 모달리티의 후보물질을 발굴해 낸 연구개발 역량을 내세운다. 동아에스티는 발표의 절반 이상을 ‘이중항체 ADC(항체-약물 접합체)’에 집중해 기술 정체성을 명확히 한다는 전략이다.17일 업계에 따르면 글로벌 3대 암학회 중 하나로 꼽히는 ‘AACR 2026’이 미국 캘리포니아주 샌디에이고 22일까지 진행된다.,한미약품(대표 황상연)과 동아에스티(대표 정재훈)가 미국암연구학회(AACR 2026)에서 항암제 연구 성과에 대해 공개한다. 한미약품은 다양한 모달리티의 후보물질을 발굴해 낸 연구개발 역량을 내세운다. 동아에스티는 발표의 절반 이상을 ‘이중항체 ADC(항체-약물 접합체)’에 집중해 기술 정체성을 명확히 한다는 전략이다.17일 업계에 따르면 글로벌 3대 암학회 중 하나로 꼽히는 ‘AACR 2026’이 미국 캘리포니아주 샌디에이고 22일까지 진행된다. 한미약품과 동아에스티가 나란히 9건의 연구성과를 공개한다. 국내 제약·바이오 기업 중,local,2,신약,,,0.14016689187358639,,0.2,0.14016689187358639,0.9487009458690626,0.0,1.5811682431151044,False
