date,category,published_date,site_name,url,title,summary,content,region,score_ag,keywords,reward_x,rl_score,lgbm_score,reward_y,strategic_score,lgbm_component,strategic_score_norm,final_score,is_top20
2026-08-28,BD,2026-08-24 12:06:00,Naver News,https://www.medicaltimes.com/Main/News/NewsView.html?ID=1170329&ref=naverpc,"[메디칼타임즈] 종근당 조직개편에 쏠린 시선, 다국적사 공동판매 재평가","최근 종근당이 하반기를 맞아 조직개편을 단행하면서 이를 둘러싼 관심이 다국적 제약업계에까지 미치고 있다.정부의 약가제도 개편, 원자재 가격 상승 등 대내외적인 경영 불확실성이 커진 가운데, 국내 매출 상위 제약사인 종근당이 꺼내 든 조직 효율화 카드가 향후 업계 전반에 어떤 파장을 불러올지 관심이 집중되는 양상이다.지난 달 종근당이 임직원들에게 전달한 안내문을 재구성한 사진이다.조직 효율화 필수 과제… 희망퇴직설 선 그어21일 제약업계에 따르면, 최근 종근당은 하반기와 맞물려 유사한 직무를 수행하는 조직을 통폐합하고 의사결정 단계를 축소하는 내용의 조직개편을 단행한 것으로 나타났다.이 같은 내용은 지난달 초 종근당 김영주 대표가 임직원에게 전달한 안내문이 뒷받침한다.김 대표는 서한을 통해.","[메디칼타임즈=문성호 기자]최근 종근당이 하반기를 맞아 조직개편을 단행하면서 이를 둘러싼 관심이 다국적 제약업계에까지 미치고 있다.정부의 약가제도 개편, 원자재 가격 상승 등 대내외적인 경영 불확실성이 커진 가운데, 국내 매출 상위 제약사인 종근당이 꺼내 든 조직 효율화 카드가 향후 업계 전반에 어떤 파장을 불러올지 관심이 집중되는 양상이다.지난 달 종근당이 임직원들에게 전달한 안내문을 재구성한 사진이다.조직 효율화 필수 과제… 희망퇴직설 선 그어21일 제약업계에 따르면, 최근 종근당은 하반기와 맞물려 유사한 직무를 수행하는 조직을 통폐합하고 의사결정 단계를 축소하는 내용의 조직개편을 단행한 것으로 나타났다.이 같은 내용은 지난달 초 종근당 김영주 대표가 임직원에게 전달한 안내문이 뒷받침한다.김 대표는 서한을 통해",local,10,바이엘,,,0.9710820090152816,1.0,13.0,9.710820090152817,5.909090909090909,8.190128417728054,True
2026-08-28,BD,2026-08-27 02:00:00,Naver News,http://www.mkhealth.co.kr/news/articleView.html?idxno=79757,"익숙한 브랜드에 새 옷 입힌다…제약사, 소비자 접점 확대","제약사들이 소비자에게 익숙한 기존 브랜드의 브랜드 아이덴티티(BI)와 패키지를 재정비하고 제품군과 소비자 접점을 넓히고 있다. 단순히 제품 외관을 바꾸는 데 그치지 않고 브랜드 정체성을 강화하거나 기존 인지도를 활용해 제품군과 소비자층, 유통채널을 확대하는 방식이다.27일 제약업계에 따르면 JW중외제약은 아이케어 브랜드 '프렌즈(Frenz)' 통합 BI를 새롭게 구축하고 기존 의약품 중심에서 화장품과 의료기기, 식품까지 아우르는 '토탈 아이케어' 브랜드로 확장한다.프렌즈는 일반의약품 '프렌즈 아이드롭점안액'을 중심으로 성장한 브랜드.","제약사들이 소비자에게 익숙한 기존 브랜드의 브랜드 아이덴티티(BI)와 패키지를 재정비하고 제품군과 소비자 접점을 넓히고 있다. 단순히 제품 외관을 바꾸는 데 그치지 않고 브랜드 정체성을 강화하거나 기존 인지도를 활용해 제품군과 소비자층, 유통채널을 확대하는 방식이다.27일 제약업계에 따르면 JW중외제약은 아이케어 브랜드 '프렌즈(Frenz)' 통합 BI를 새롭게 구축하고 기존 의약품 중심에서 화장품과 의료기기, 식품까지 아우르는 '토탈 아이케어' 브랜드로 확장한다.프렌즈는 일반의약품 '프렌즈 아이드롭점안액'을 중심으로 성장한 브랜드",local,10,코프로모션,,,0.9602515941049578,,13.0,9.602515941049578,5.909090909090909,8.125145928266111,True
2026-08-28,Distribution,2026-08-27 16:44:00,Naver News,https://www.sisajournal-e.com/news/articleView.html?idxno=423348,"[단독] 먼디파마, 100억대 진통제 ‘노스판’ 영업 재개···삼진 계약 종료 - 시사저널e",다국적 제약사인 한국먼디파마가 삼진제약과 계약 종료로 마약성 진통제 ‘노스판패취’ 공급권과 영업권을 회수한 것으로 확인됐다.,[시사저널e=이상구 의약전문기자] 다국적 제약사인 한국먼디파마가 삼진제약과 계약 종료로 마약성 진통제 ‘노스판패취’ 공급권과 영업권을 회수한 것으로 확인됐다. 유,local,10,지오영,,,0.8959893494936163,,15.0,8.959893494936162,6.8181818181818175,8.103208824234425,True
2026-08-28,Distribution,2026-08-28 06:02:00,Naver News,https://www.dailypharm.com/user/news/341844?REFERER=NP,[데일리팜]허가·급여부터 유통까지…신약 출시 전략도 '조합' 시대,"신약 하나를 국내 시장에 내놓기까지 제약사는 여러 차례 선택의 순간을 맞는다. 제약사는 임상부터 업무를 자체적으로 수행할지 외부 전문기업의 도움을 받을지, 허가 이후 급여와 약가는 어떤 방식으로 준비할지 등을 결정해야 한다. 제품 홍보는 인하우스 조직과 PR에이전시의 역할을 나눠야 하고, 출시 이후에는 자체 영업조직을 가동할지 국내 제약사와 공동판매에 나설지 선택지가….","신약 하나를 국내 시장에 내놓기까지 제약사는 여러 차례 선택의 순간을 맞는다. 제약사는 임상부터 업무를 자체적으로 수행할지 외부 전문기업의 도움을 받을지, 허가 이후 급여와 약가는 어떤 방식으로 준비할지 등을 결정해야 한다. 제품 홍보는 인하우스 조직과 PR에이전시의 역할을 나눠야 하고, 출시 이후에는 자체 영업조직을 가동할지 국내 제약사와 공동판매에 나설지 선택지가…",local,10,CSO,,,0.9131370203332406,1.0,14.0,9.131370203332406,6.363636363636363,8.02427666745399,True
2026-08-28,BD,2026-08-28 05:42:00,Naver News,https://www.hitnews.co.kr/news/articleView.html?idxno=78669,대웅제약-종근당 '3년 펙수클루 동행 지속 가능? 곳곳서 이상징후,펙수클루를 공동 판매해온 종근당과 대웅제약 간 이상징후가 감지된다. 진위가 확인되지 않은 '펙수클루 공급을 8월로 마감한다'는 메시지가 나도는가하면 유통업체들은 재고 확보 움직임에 나섰다.26일 유통업계 및 약국가에 따르면 '종근당 내부에서 펙수클루(성분명 펙수프라잔)의 판매가 8월까지 진행될 예정'이라는 메시지가 나오고 있다. 메시지를 받은 업체들도 종근당 내부에서 받았다고 밝히고 있다.문자의 내용은 펙수클루의 재고가 소진될 경우 추가 공급이 어려운 만큼 회사 상황에 맞춰 대비하라는 내용이다.,펙수클루를 공동 판매해온 종근당과 대웅제약 간 이상징후가 감지된다. 진위가 확인되지 않은 '펙수클루 공급을 8월로 마감한다'는 메시지가 나도는가하면 유통업체들은 재고 확보 움직임에 나섰다.26일 유통업계 및 약국가에 따르면 '종근당 내부에서 펙수클루(성분명 펙수프라잔)의 판매가 8월까지 진행될 예정'이라는 메시지가 나오고 있다. 메시지를 받은 업체들도 종근당 내부에서 받았다고 밝히고 있다.문자의 내용은 펙수클루의 재고가 소진될 경우 추가 공급이 어려운 만큼 회사 상황에 맞춰 대비하라는 내용이다. 펙수클루 20mg 제품이 품절로 추가,local,10,코프로모션,,,0.9427706306980906,,13.0,9.427706306980907,5.909090909090909,8.020260147824908,True
2026-08-28,Distribution,2026-08-26 06:02:00,Naver News,https://new.dailypharm.com/user/news/341336?REFERER=NP,"[데일리팜]감축 넘어 '선택과 집중'…다국적사, 포트폴리오 다이어트",다국적제약사의 조직 운영 방식이 달라지고 있다. 글로벌 본사의 사업 포트폴리오 재편에 따라 국내에서도 희망퇴직프로그램(ERP)이 반복되는 가운데 기존 사업과 품목의 운영을 외부 파트너에게 넘기는 움직임도 함께 나타나고 있다. 과거 조직 재편이 인력 감축과 비용 효율화에 초점이 맞춰졌다면 최근에는 어떤 사업과 기능을 내부에 남길 것인지까지 재조정하는 모습이다.,다국적제약사의 조직 운영 방식이 달라지고 있다. 글로벌 본사의 사업 포트폴리오 재편에 따라 국내에서도 희망퇴직프로그램(ERP)이 반복되는 가운데 기존 사업과 품목의 운영을 외부 파트너에게 넘기는 움직임도 함께 나타나고 있다. 과거 조직 재편이 인력 감축과 비용 효율화에 초점이 맞춰졌다면 최근에는 어떤 사업과 기능을 내부에 남길 것인지까지 재조정하는 모습이다. 성장성이…,local,10,DKSH,,,0.8977161622758392,1.0,13.0,8.977161622758391,5.909090909090909,7.749933337291399,True
2026-08-28,BD,2026-08-28 12:18:00,Naver News,https://www.pinpointnews.co.kr/news/articleView.html?idxno=481492,제약사 영업조직 재편…CSO 활용 전략 엇갈려,"약가 인하 국면에서 제약사들이 영업조직의 비용 효율화에 속도를 내고 있다. 덩치가 큰 직영 영업조직을 일괄적으로 줄이기보다는 거래처와 품목에 따라 자체 영업과 CSO(영업대행사)를 조합하거나, 의원급 영업을 CSO로 전환하는 등 회사별 대응 방식이 달라지는 모습이다.28일 업계에 따르면 일동제약은 오는 9월부터 의원급 의료기관을 대상으로 CSO 영업을 부분 도입한다. 기존 영업조직과 인력은 그대로 유지하면서 거래 규모가 미미했거나 거래가 없었던 의원, 신규 거래처 등을 CSO에 맡기는 방식이다.일동제약은 최근 심사를 거쳐 CSO 법.","약가 인하 국면에서 제약사들이 영업조직의 비용 효율화에 속도를 내고 있다. 덩치가 큰 직영 영업조직을 일괄적으로 줄이기보다는 거래처와 품목에 따라 자체 영업과 CSO(영업대행사)를 조합하거나, 의원급 영업을 CSO로 전환하는 등 회사별 대응 방식이 달라지는 모습이다.28일 업계에 따르면 일동제약은 오는 9월부터 의원급 의료기관을 대상으로 CSO 영업을 부분 도입한다. 기존 영업조직과 인력은 그대로 유지하면서 거래 규모가 미미했거나 거래가 없었던 의원, 신규 거래처 등을 CSO에 맡기는 방식이다.일동제약은 최근 심사를 거쳐 CSO 법",local,10,코프로모션,,,0.8937824053921827,,13.0,8.937824053921826,5.909090909090909,7.72633079598946,True
2026-08-28,Distribution,2026-08-25 15:05:00,Naver News,https://www.mt.co.kr/thebio/2026/08/26/2026082514174069970,뒤숭숭한 외국계 제약사…잇단 구조조정 '칼바람' - 머니투데이,블록버스터(연매출 1조원 이상) 의약품의 특허 만료 등으로 성장 정체가 우려되면서 전 세계적으로 조직 슬림화에 나섰고 국내 법인들도 그 영향을 받은 것으로 풀이된다. 25일 제약업계에 따르면 지난달부터 국내 일부 다국적 제약사들이 대규모 조직 재편에 들어갔다.,블록버스터(연매출 1조원 이상) 의약품의 특허 만료 등으로 성장 정체가 우려되면서 전 세계적으로 조직 슬림화에 나섰고 국내 법인들도 그 영향을 받은 것으로 풀이된다. 25일 제약업계에 따르면 지난달부터 국내 일부 다국적 제약사들이 대규모 조직 재편에 들어갔다.,local,10,DKSH,,,0.9796266138511159,1.0,10.0,9.79626613851116,4.545454545454545,7.695941501288513,False
2026-08-28,BD,2026-08-27 06:02:00,Naver News,https://www.dailypharm.com/user/news/341700?REFERER=NP,"[데일리팜]제약사는 슬림화, 외주는 전문화…재편되는 제약 서비스 시장","에이전트의 시대가 돼 버렸다. 다국적제약사들이 사업 우선순위에 따라 조직을 재편하는 사이 제약사 외부에서는 관련 업무를 지원하는 서비스 산업의 존재감이 커지고 있다. 과거에도 법률 자문과 홍보, 경제성평가 등 주요 업무를 외부 전문기업에 맡기는 것은 일반적이었다. 최근 나타나는 변화는 외부에서 담당하는 업무의 범위와 깊이다. 신약의 급여와 약가, 경제성평가, 정책 대응….","에이전트의 시대가 돼 버렸다. 다국적제약사들이 사업 우선순위에 따라 조직을 재편하는 사이 제약사 외부에서는 관련 업무를 지원하는 서비스 산업의 존재감이 커지고 있다. 과거에도 법률 자문과 홍보, 경제성평가 등 주요 업무를 외부 전문기업에 맡기는 것은 일반적이었다. 최근 나타나는 변화는 외부에서 담당하는 업무의 범위와 깊이다. 신약의 급여와 약가, 경제성평가, 정책 대응…",local,10,특허만료,,,0.9772516369938125,1.0,10.0,9.772516369938124,4.545454545454545,7.681691640144693,True
2026-08-28,Client,2026-08-28 05:30:00,Naver News,https://www.medicaltimes.com/Main/News/NewsView.html?ID=1170417&ref=naverpc,"[메디칼타임즈] MSD·아스텔라스·한국머크, 요로상피암 시장 복잡한 셈법","방광암(요로상피세포암) 치료 트렌드가 대전환기를 맞이한 가운데, 글로벌 제약사들과 국내 법인들이 얽히고설킨 복잡한 급여 전략 속에서 치열한 수싸움을 벌이고 있다. 최근 1차 치료 시장과 수술 전후 보조요법을 둘러싼 이해관계가 맞물리면서 국내 항암제 시장의 판도를 가를 핵심 변수로 부상했다.국내 요로상피암 시장을 차지 혹은 수성하기 위한 한국MSD, 한국아스텔라스제약, 한국머크 헬스케어의 고민이 더 커지는 양상이다. 왼쪽부터 키트루다, 파드셉, 바벤시오 제품사진이다.28일 제약업계에 따르면, 한국아스텔라스제약과 한국MSD는 국민건강보험공단과 요로상피암 1차 요법인 항체-약물 복합체(ADC) '파드셉(엔포투맙베도틴)'과 면역항암제 '키트루다(펨브롤주맙)' 병용요법의 약가협상을 진행 중이다.","[메디칼타임즈=문성호 기자]방광암(요로상피세포암) 치료 트렌드가 대전환기를 맞이한 가운데, 글로벌 제약사들과 국내 법인들이 얽히고설킨 복잡한 급여 전략 속에서 치열한 수싸움을 벌이고 있다. 최근 1차 치료 시장과 수술 전후 보조요법을 둘러싼 이해관계가 맞물리면서 국내 항암제 시장의 판도를 가를 핵심 변수로 부상했다.국내 요로상피암 시장을 차지 혹은 수성하기 위한 한국MSD, 한국아스텔라스제약, 한국머크 헬스케어의 고민이 더 커지는 양상이다. 왼쪽부터 키트루다, 파드셉, 바벤시오 제품사진이다.28일 제약업계에 따르면, 한국아스텔라스제약과 한국MSD는 국민건강보험공단과 요로상피암 1차 요법인 항체-약물 복합체(ADC) '파드셉(엔포투맙베도틴)'과 면역항암제 '키트루다(펨브롤주맙)' 병용요법의 약가협상을 진행 중이다. 이미 두 차례 협상을 연장해 오는 9월 중순까지 건보공단과 합의점을 찾아내야 하는 상황으로, 합의에 이르지 못할 경우 결렬 혹은 부분 급여 논의로 이어질 가능성도 배제할 수 없다.글로벌 요로상피암 시장에서는 이미 몇 년 전부터 '파드셉-키트루다' 병용요법이 1차 치료의 강력한 표준으로 자리 잡았다. 이런 가운데 최근 또 다른 변수가 급부상했다. 바로 지난 7월 국내 식약처 허가를 받은 '근침윤성 방광암의 수술 전후(Perioperative) 보조요법(KEYNOTE-905 연구 등)' 영역이다. 글로벌 규제 기관의 승인을 거친 이 조기·국소 진행성 치료 전략은 시장 규모가 대단히 크지만, 국내 법인들의 셈법은 한층 더 복잡해졌다.특히 한국MSD의 고민이 깊다. 현재 전이성 1차 치료제로서 키트루다의 건보 급여 협상을 진행 중인 상황에서, 만약 1차 급여가 먼저 성사될 경우 거대한 시장성을 가진 수술 전후 보조요법은 향후 재정 당국의 높은 문턱에 가로막히거나 후순위로 밀려날 수 있기 때문이다.실제로 앞서 삼중음성유방암(TNBC) 1차 치료 급여화 당시, 조기 유방암 단계에서 수술 전후 보조요법으로 이미 키트루다를 썼던 환자들이 정작 전이·재발 후 1차 치료 단계에서는 '이전 면역항암제 투여 이력' 때문에 급여 혜택을 받지 못하는 선례가 발생한 바 있다. 이처럼 조기·보조요법 시장이 먼저 열리거나 꼬일 경우, 나중에 전이성 1차 급여 단계에서 환자들이 치료제 선택에서 배제되는 구조적 모순이 반복될 수 있다는 점이 MSD의 고심을 깊게 만드는 요인이다.다만 MSD 관계자는",local,10,아스텔라스,,,0.973057381376009,1.0,10.0,9.73057381376009,4.545454545454545,7.656526106437872,True
2026-08-28,BD,2026-08-25 17:34:00,Naver News,https://www.sedaily.com/article/20083159?ref=naver,재위탁땐 제약사 사전동의 추진…‘하청 피라미드’ 막는다,보건복지부가 25일 국내 도입 20여 년 만에 의약품 영업 대행(CSO) 제도를 본격적으로 수술대에 올리는 것은 CSO가 제약 영업 현장에 빠르게 확산된 데 비해 관리·감독 체계가 이를 따라가지 못했기 때문이다. 관리 감독의 사각지대에 머물면서 약품 영업을 위한 불법.,보건복지부가 25일 국내 도입 20여 년 만에 의약품 영업 대행(CSO) 제도를 본격적으로 수술대에 올리는 것은 CSO가 제약 영업 현장에 빠르게 확산된 데 비해 관리·감독 체계가 이를 따라가지 못했기 때문이다. 관리 감독의 사각지대에 머물면서 약품 영업을 위한 불법,local,10,판촉영업자,,,0.9664414127522322,,10.0,9.664414127522322,4.545454545454545,7.616830294695212,True
2026-08-28,Distribution,2026-08-25 16:44:00,Naver News,https://www.dailypharm.com/user/news/341777?REFERER=NP,"[데일리팜]보고신약, 추석 맞아 온라인 약국몰 할인·증정 행사","보고신약이 9월 추석 명절을 맞아 온라인팜과 바로팜, 더샵 등 주요 온라인 약국몰에서 약사 대상 프로모션을 진행한다. 이번 행사는 명절을 앞두고 선물용 건강제품을 준비하는 약국의 구매 부담을 낮추고 실질적인 혜택을 제공하기 위해 마련됐다. 보고신약은 9월 한 달간 약국몰별로 추석 시즌에 맞춘 할인·증정 행사를 선보일 예정이다. 온라인팜에서는 추석 분위기를 반영한 세 가지….","보고신약이 9월 추석 명절을 맞아 온라인팜과 바로팜, 더샵 등 주요 온라인 약국몰에서 약사 대상 프로모션을 진행한다. 이번 행사는 명절을 앞두고 선물용 건강제품을 준비하는 약국의 구매 부담을 낮추고 실질적인 혜택을 제공하기 위해 마련됐다. 보고신약은 9월 한 달간 약국몰별로 추석 시즌에 맞춘 할인·증정 행사를 선보일 예정이다. 온라인팜에서는 추석 분위기를 반영한 세 가지…",local,10,바로팜,,,0.9587063119428808,,10.0,9.587063119428809,4.545454545454545,7.570419689839103,False
2026-08-28,Client,2026-08-28 06:10:00,Naver News,http://www.consumernews.co.kr/news/articleView.html?idxno=762486,[소비자가 뽑은 참 좋은 브랜드-박카스] 추억 자극하고 트렌드 입히고…X세대서 MZ까지 접점 확대,"동아제약(대표 백상환) 박카스가 ‘2026 소비자가 뽑은 참 좋은 브랜드’ 드링크제 부문에서 1위를 차지했다.광동제약 '비타500', 현대약품 ‘미에로화이바’, 동아오츠카 ‘오로나민C’, 일양약품 ‘원비디’ 등 경쟁 브랜드를 압도적인 득표율로 제치고 소비자 선택을 받았다.올해 출시 63주년을 맞은 박카스는 오랜 브랜드 헤리티지를 유지하면서도 X세대부터 MZ세대까지 세대별 소비자와 접점을 넓히며 국민 피로회복제의 입지를 이어가고 있다.박카스는 올해 세대별 소비자와 소통하는 마케팅에 힘을 싣고 있다. 주요 소비층인 X세대를 대상으로는.","동아제약(대표 백상환) 박카스가 ‘2026 소비자가 뽑은 참 좋은 브랜드’ 드링크제 부문에서 1위를 차지했다.광동제약 '비타500', 현대약품 ‘미에로화이바’, 동아오츠카 ‘오로나민C’, 일양약품 ‘원비디’ 등 경쟁 브랜드를 압도적인 득표율로 제치고 소비자 선택을 받았다.올해 출시 63주년을 맞은 박카스는 오랜 브랜드 헤리티지를 유지하면서도 X세대부터 MZ세대까지 세대별 소비자와 접점을 넓히며 국민 피로회복제의 입지를 이어가고 있다.박카스는 올해 세대별 소비자와 소통하는 마케팅에 힘을 싣고 있다. 주요 소비층인 X세대를 대상으로는",local,10,현대약품,,,0.9123125456233827,,10.0,9.123125456233828,4.545454545454545,7.292057091922115,True
2026-08-28,Reimbursement,2026-08-28 12:06:00,Naver News,https://www.dailypharm.com/user/news/341868?REFERER=NP,[데일리팜]유나이티드 '페노듀오' 내달 급여...200억대 시장 공략,"한국유나이티드제약의 페노듀오캡슐(프라바스타틴, 페노피브릭산)이 내달 급여 진입하며, 연 매출 230억원의 ‘프라바페닉스’ 시장을 본격 공략한다. SK케미칼과 동화약품이 동일 성분의 제품을 함께 등재하면서 세 회사의 영업력을 바탕으로 시장 점유율 확대에 나설 전망이다. 27일 업계에 따르면, 유나이티드제약은 지난 5월 허가를 받은 이상지질혈증 2제 복합제 페노듀오캡슐을 내달….","한국유나이티드제약의 페노듀오캡슐(프라바스타틴, 페노피브릭산)이 내달 급여 진입하며, 연 매출 230억원의 ‘프라바페닉스’ 시장을 본격 공략한다. SK케미칼과 동화약품이 동일 성분의 제품을 함께 등재하면서 세 회사의 영업력을 바탕으로 시장 점유율 확대에 나설 전망이다. 27일 업계에 따르면, 유나이티드제약은 지난 5월 허가를 받은 이상지질혈증 2제 복합제 페노듀오캡슐을 내달…",local,2,급여,,,0.9123577886335688,,9.0,9.123577886335688,4.090909090909091,7.110510368165049,True
2026-08-28,BD,2026-08-28 14:02:00,Naver News,https://www.mdtoday.co.kr/news/articleView.html?idxno=610050,비만약 열풍 그다음은…글로벌 제약사 M&A ‘큰손’ - 메디컬투데이,글로벌 제약 업계가 비만 치료제로 거둔 막대한 수익을 바탕으로 차세대 성장동력 발굴에 총력을 기울이고 있다. 세계 1위 제약사인.,[mdtoday = 유정민 기자] 글로벌 제약 업계가 비만 치료제로 거둔 막대한 수익을 바탕으로 차세대 성장동력 발굴에 총력을 기울이고 있다. 세계 1위 제약사인,local,10,M&A,,,0.8999280684257468,,9.0,8.999280684257467,4.090909090909091,7.035932046918117,True
2026-08-28,BD,2026-08-27 11:56:00,Naver News,https://www.dailypharm.com/user/news/341824?REFERER=NP,[데일리팜]핵심 원료가격 8년새 25%↑…코대원 철수 고민했던 이유,대원제약이 판매 중단을 고려한 ‘코대원정’의 핵심 원료의약품 가격이 8년 전보다 25% 증가한 것으로 나타났다. 대원제약은 37원에 불과한 보험약가로 인한 채산성 악화를 이유로 생산 중단을 결정했지만 처방 수요 공백 우려가 커지자 판매 지속을 결정했다. 코대원 시리즈의 후속 제품으로 등장한 코대원플러스가 시장에 안착했고 코대원의 점유율이 3%에 불과하다는 점도 공급 중단 결….,대원제약이 판매 중단을 고려한 ‘코대원정’의 핵심 원료의약품 가격이 8년 전보다 25% 증가한 것으로 나타났다. 대원제약은 37원에 불과한 보험약가로 인한 채산성 악화를 이유로 생산 중단을 결정했지만 처방 수요 공백 우려가 커지자 판매 지속을 결정했다. 코대원 시리즈의 후속 제품으로 등장한 코대원플러스가 시장에 안착했고 코대원의 점유율이 3%에 불과하다는 점도 공급 중단 결…,local,10,특허만료,,,0.8962079946767423,,9.0,8.962079946767423,4.090909090909091,7.01361160442409,True
2026-08-28,BD,2026-08-28 12:24:00,Naver News,http://www.medisobizanews.com/news/articleView.html?idxno=141612,‘음료 전문’ 벗고 전문약 체질개선…광동제약 ‘제약 본성’ 나온다,"광동제약이 그동안 외형 성장을 이끌어온 식음료(F&B) 중심의 사업 구조에서 벗어나 고부가가치 전문의약품을 미래 성장동력으로 삼고 체질 개선에 속도를 내고 있다. 다국적 제약사의 블록버스터 백신 국내 유통을 시작으로 희귀질환 치료제 라인업을 강화하며 수익성을 제고한다는 구상이다.광동제약의 최근 반기보고서에 따르면 지난 상반기 연결기준 매출액은 전년 동기8029억원 대비 5.96% 증가한 8507억원을 기록했다. 영업이익은 103억원, 당기순이익은 81억원으로 집계됐다.연 매출 1조5000억원을 상회하는 견조한 외형.","광동제약이 그동안 외형 성장을 이끌어온 식음료(F&B) 중심의 사업 구조에서 벗어나 고부가가치 전문의약품을 미래 성장동력으로 삼고 체질 개선에 속도를 내고 있다. 다국적 제약사의 블록버스터 백신 국내 유통을 시작으로 희귀질환 치료제 라인업을 강화하며 수익성을 제고한다는 구상이다.광동제약의 최근 반기보고서에 따르면 지난 상반기 연결기준 매출액은 전년 동기8029억원 대비 5.96% 증가한 8507억원을 기록했다. 영업이익은 103억원, 당기순이익은 81억원으로 집계됐다.연 매출 1조5000억원을 상회하는 견조한 외형",local,10,코프로모션,,,0.7730372607512088,,13.0,7.730372607512088,5.909090909090909,7.001859928143617,False
2026-08-28,BD,2026-08-28 12:26:00,Naver News,https://www.kpanews.co.kr/news/articleView.html?idxno=541651,상설 컨트롤타워 없는 '필수의약품 공급' 국감 이슈 '재부상' - 약사공론,비대면진료에 이은 약배송 문제가 '뜨거운 이슈'로 떠오른 가운데 필수의약품 공급대란 문제가 국정감사 이슈 가운데 하나로 꼽혔다.국회입법조사처는 최근 발간한 '20.,비대면진료에 이은 약배송 문제가 '뜨거운 이슈'로 떠오른 가운데 필수의약품 공급대란 문제가 국정감사 이슈 가운데 하나로 꼽혔다.국회입법조사처는 최근 발간한 '20,local,10,제네릭,,,0.9485388748705762,,7.0,9.485388748705763,3.1818181818181817,6.96396052195073,False
2026-08-28,Client,2026-08-25 15:28:00,Naver News,https://www.fetv.co.kr/news/articleView.html?idxno=308932,"[혁신형 인증 영향도] 한독, 금융비용 부담에 'R&D 기준' 미달되나 - FETV",보건복지부가 제네릭(복제약) 약가제도와 혁신형 제약기업 인증제도를 잇달아 손질하면서 제약업계의 셈법도 복잡해지고 있다. FETV는 제도개편이 제약사.,[편집자 주] 보건복지부가 제네릭(복제약) 약가제도와 혁신형 제약기업 인증제도를 잇달아 손질하면서 제약업계의 셈법도 복잡해지고 있다. FETV는 제도개편이 제약사,local,10,한독,,,0.9448130447953549,,7.0,9.448130447953549,3.1818181818181817,6.941605541499402,True
2026-08-28,Client,2026-08-27 06:00:00,Naver News,https://www.bosa.co.kr/news/articleView.html?idxno=3010612,다국적제약 ‘친환경 체질 개선’ 속도… 포장재 감축부터 넷제로까지 - 의학신문,"주요 다국적제약사들이 온실가스 감축, 친환경 포장재 전환, 자원 재활용 등 환경 경영 목표 달성을 위해 구체적인 실행에 나서고 있.","[의학신문·일간보사=김상일 기자]주요 다국적제약사들이 온실가스 감축, 친환경 포장재 전환, 자원 재활용 등 환경 경영 목표 달성을 위해 구체적인 실행에 나서고 있",local,10,오가논,,,0.9429107019273664,1.0,7.0,9.429107019273664,3.1818181818181817,6.930191484291471,True
2026-08-28,Client,2026-08-25 12:00:00,Naver News,http://www.press9.kr/news/articleView.html?idxno=81609,알테오젠 SC ‘가격수명’ 흔드는 美 약가…큐렉스 다음은?[알테오젠과 키트루다③],"알테오젠의 피하주사(SC) 제형 플랫폼 ALT-B4를 둘러싼 미국 약가 변수가 키트루다 큐렉스(QLEX)를 넘어 후속 기술이전 제품으로 확대되고 있다. 기존 정맥주사(IV) 의약품에 ALT-B4를 적용해 SC 제형으로 바꾸는 개발이 늘면서 원제품의 메디케어 약가협상 일정이 후속 SC 제품의 가격에도 영향을 미치는 구조가 만들어지고 있다.GSK의 면역항암제 젬퍼리와 다이이찌산쿄·아스트라제네카의 항체약물접합체(ADC) 엔허투가 대표적이다. GSK는 젬퍼리, 다이이찌산쿄는 엔허투에 ALT-B4를 적용한 SC 제형을 개발하고.","[프레스나인] 알테오젠의 피하주사(SC) 제형 플랫폼 ALT-B4를 둘러싼 미국 약가 변수가 키트루다 큐렉스(QLEX)를 넘어 후속 기술이전 제품으로 확대되고 있다. 기존 정맥주사(IV) 의약품에 ALT-B4를 적용해 SC 제형으로 바꾸는 개발이 늘면서 원제품의 메디케어 약가협상 일정이 후속 SC 제품의 가격에도 영향을 미치는 구조가 만들어지고 있다.GSK의 면역항암제 젬퍼리와 다이이찌산쿄·아스트라제네카의 항체약물접합체(ADC) 엔허투가 대표적이다. GSK는 젬퍼리, 다이이찌산쿄는 엔허투에 ALT-B4를 적용한 SC 제형을 개발하고",local,10,다이이찌산쿄,,,0.9388756340948221,,7.0,9.388756340948222,3.1818181818181817,6.905981077296206,True
2026-08-28,Product Approval,2026-08-28 11:50:00,Naver News,https://www.mdtoday.co.kr/news/articleView.html?idxno=610042,"경남제약 ‘칼로’, 올리브영 유통망 넓힌다…스틱형 건기식 선봬 - 메디컬투데이",경남제약의 다이어트 건강식품 브랜드 ‘칼로(Kalo)’가 올리브영 온·오프라인 채널에 신제품을 선보이며 2030 소비자 접점 확.,[mdtoday = 김주성 기자] 경남제약의 다이어트 건강식품 브랜드 ‘칼로(Kalo)’가 올리브영 온·오프라인 채널에 신제품을 선보이며 2030 소비자 접점 확,local,2,신제품,,,0.8366210517906634,,10.0,8.366210517906634,4.545454545454545,6.837908128925799,True
2026-08-28,BD,2026-08-28 06:02:00,Naver News,https://www.yakup.com/news/index.html?mode=view&cat=12&nid=331680,"[약업신문]“혁신 의약품,첫 글로벌 승인후 3개월 내 주요국 허가”…‘규제 시차’ 해법은?",Irene Chan 일라이릴리 아시아태평양 지역 글로벌 규제정책·전략 디렉터가 발표를 진행하고 있다. © 약업신문 = 최윤수 기자혁신 의약품의 글로벌 최초 승인 이후 각국 환자들이 실제 치료제에 접근하기까지 발생...,Irene Chan 일라이릴리 아시아태평양 지역 글로벌 규제정책·전략 디렉터가 발표를 진행하고 있다. © 약업신문 = 최윤수 기자혁신 의약품의 글로벌 최초 승인 이후 각국 환자들이 실제 치료제에 접근하기까지 발생...,local,10,생물학적제제,,,0.9268184090558667,,7.0,9.268184090558666,3.1818181818181817,6.833637727062472,False
2026-08-28,Product Approval,2026-08-28 11:38:00,Naver News,https://www.wolyo.co.kr/news/articleView.html?idxno=317020,"[단독] '제로칼로리'로는 부족해...롯데칠성, '펩시 프리바이오틱' 제품 등록 - 월요신문",국내에서 펩시콜라를 유통·판매하는 롯데칠성음료가 프리바이오틱을 앞세운 신제품 출시를 검토하며 '웰니스 탄산음료' 시장 공략에 나선다. 미국을 중심으로 확산한 '건.,국내에서 펩시콜라를 유통·판매하는 롯데칠성음료가 프리바이오틱을 앞세운 신제품 출시를 검토하며 '웰니스 탄산음료' 시장 공략에 나선다. 미국을 중심으로 확산한 '건,local,2,신제품,,,0.8349742930727155,,10.0,8.349742930727155,4.545454545454545,6.828027576618111,False
2026-08-28,BD,2026-08-27 17:06:00,Naver News,http://www.press9.kr/news/articleView.html?idxno=81754,"종근당, 자카비 제네릭 경쟁 뛰어든다…품목허가 신청 완료",종근당이 한국노바티스의 골수섬유증 치료제 '자카비(성분명 룩소리티닙)' 제네릭 시장에 도전장을 던졌다. 이미 대웅제약이 염변경 약물로 우선판매품목허가를 확보한 가운데 국내 제약사들의 경쟁이 본격화하는 모습이다.식품의약품안전처 통지의약품 현황에 따르면 최근 룩소리티닙 성분 4개 품목의 허가 신청이 접수됐다. 허가를 신청한 제약사는 공개되지 않았지만 자카비의 특허에 도전한 제약사가 대웅제약과 종근당 두 곳 뿐이라는 점을 감안하면 종근당이 허가를 신청했을 것으로 추정된다.이번 허가 신청은 앞서 대웅제약이 허가를 받은 제네릭.,[프레스나인] 종근당이 한국노바티스의 골수섬유증 치료제 '자카비(성분명 룩소리티닙)' 제네릭 시장에 도전장을 던졌다. 이미 대웅제약이 염변경 약물로 우선판매품목허가를 확보한 가운데 국내 제약사들의 경쟁이 본격화하는 모습이다.식품의약품안전처 통지의약품 현황에 따르면 최근 룩소리티닙 성분 4개 품목의 허가 신청이 접수됐다. 허가를 신청한 제약사는 공개되지 않았지만 자카비의 특허에 도전한 제약사가 대웅제약과 종근당 두 곳 뿐이라는 점을 감안하면 종근당이 허가를 신청했을 것으로 추정된다.이번 허가 신청은 앞서 대웅제약이 허가를 받은 제네릭,local,10,노바티스,,,0.9227313519701129,,7.0,9.227313519701129,3.1818181818181817,6.809115384547949,False
2026-08-28,Supply Issues,2026-08-28 06:02:00,Naver News,https://www.dailypharm.com/user/news/341860?REFERER=NP,"[데일리팜]""약국서 사는 기미·여드름 크림""…제약사들 신제품 러시","기미, 색소침착, 여드름을 집에서 직접 관리하려는 소비자가 늘면서 약국에서 처방전 없이 살 수 있는 피부 치료제(일반의약품) 시장이 달아오르고 있다. 여기에 SNS를 타고 한국 약국 제품이 필수 쇼핑 코스로 떠오르며 외국인 관광객 수요까지 폭발하자, 제약사들이 앞다퉈 신제품 허가를 받으며 시장 선점에 나섰다. 27일 식품의약품안전처 의약품 품목허가 현황에 따르면, 대표적인….","기미, 색소침착, 여드름을 집에서 직접 관리하려는 소비자가 늘면서 약국에서 처방전 없이 살 수 있는 피부 치료제(일반의약품) 시장이 달아오르고 있다. 여기에 SNS를 타고 한국 약국 제품이 필수 쇼핑 코스로 떠오르며 외국인 관광객 수요까지 폭발하자, 제약사들이 앞다퉈 신제품 허가를 받으며 시장 선점에 나섰다. 27일 식품의약품안전처 의약품 품목허가 현황에 따르면, 대표적인…",local,2,품절,,,0.9825654964257435,1.0,5.0,9.825654964257435,2.2727272727272725,6.80448388764537,True
2026-08-28,Client,2026-08-28 13:30:00,Naver News,http://www.newsmp.com/news/articleView.html?idxno=257752,"상장 제약사 이익잉여금, 전기말 대비 3.4% 증가","올해 들어 상장 제약사들의 이익잉여금이 소폭 증가한 것으로 나타났다.의약뉴스가 11, 12월 결산 상장 제약사들의 이익잉여금을 집계한 결과, 조사대상 66개사가 총 14조 5653억원으로 지난해 기말 대비 4766억원이 늘어난 것으로 확인됐다.이 기간 업체당 평균 이익잉여금은 2135억원에서 2207억원으로 72억원, 약 3.4% 증가했다.업체별로는 조사대상 66개사 가운데 43개사의 영업이익 규모가 확대된 반면, 23개사는 축소됐다.이 가운데 대웅제약의 이익잉여금 규모는 8434억원에서 9411억원으로 1000억 가까.","[의약뉴스] 올해 들어 상장 제약사들의 이익잉여금이 소폭 증가한 것으로 나타났다.의약뉴스가 11, 12월 결산 상장 제약사들의 이익잉여금을 집계한 결과, 조사대상 66개사가 총 14조 5653억원으로 지난해 기말 대비 4766억원이 늘어난 것으로 확인됐다.이 기간 업체당 평균 이익잉여금은 2135억원에서 2207억원으로 72억원, 약 3.4% 증가했다.업체별로는 조사대상 66개사 가운데 43개사의 영업이익 규모가 확대된 반면, 23개사는 축소됐다.이 가운데 대웅제약의 이익잉여금 규모는 8434억원에서 9411억원으로 1000억 가까",local,10,한독,,,0.9102567935216513,,7.0,9.102567935216513,3.1818181818181817,6.73426803385718,True
2026-08-28,Supply Issues,2026-08-28 06:36:00,Naver News,https://www.viva100.com/article/20260827501065,약 배송 시대 성큼⋯제약사 수요예측·재고관리 인프라 ‘주목’,"‘비대면 약 배송’ 시대가 코앞으로 다가오면서 효율적인 의약품 재고관리가 새로운 과제로 떠오르고 있다. 이에 수요예측·재고관리 시스템을 일찌감치 구축해온 제약사들의 행보에 관심이 쏠린다. 27일 업계에 따르면, 정부는 올해 말 비대면 진료 제도화를 앞두고 현재 일부 환.","‘비대면 약 배송’ 시대가 코앞으로 다가오면서 효율적인 의약품 재고관리가 새로운 과제로 떠오르고 있다. 이에 수요예측·재고관리 시스템을 일찌감치 구축해온 제약사들의 행보에 관심이 쏠린다. 27일 업계에 따르면, 정부는 올해 말 비대면 진료 제도화를 앞두고 현재 일부 환",local,2,품절,,,0.967104862289085,,5.0,9.67104862289085,2.2727272727272725,6.711720082825419,False
2026-08-28,BD,2026-08-27 12:32:00,Naver News,http://www.medisobizanews.com/news/articleView.html?idxno=141573,"혁신형 제약기업 신청 D-3주… 업계, ‘인증 맞춤’ 서류 작업 열공",정부가 추진 중인 약가제도 개편 여파로 제약업계가 '혁신형 제약기업' 신규 인증을 얻기 위해 사활을 걸고 있다. 제네릭 약가 인하 폭이 커지는 상황에서 혁신형 인증 유무가 약가 방어의 핵심 열쇠로 떠올랐기 때문이다.26일 제약업계에 따르면 보건복지부가 공고한 '2026년도 혁신형 제약기업 신규인증' 신청 마감일(9월 18일)이 3주 앞으로 다가오면서 일선 제약사 개발ㆍRAㆍ회계 부서의 서류 준비 작업이 최고조에 달하고 있다.업계가 이번 인증에 사활을 거는 가장 큰 이유는 단연 '약가 산정률 우대'다. 개편안에 따라 신규 제네릭 약가.,정부가 추진 중인 약가제도 개편 여파로 제약업계가 '혁신형 제약기업' 신규 인증을 얻기 위해 사활을 걸고 있다. 제네릭 약가 인하 폭이 커지는 상황에서 혁신형 인증 유무가 약가 방어의 핵심 열쇠로 떠올랐기 때문이다.26일 제약업계에 따르면 보건복지부가 공고한 '2026년도 혁신형 제약기업 신규인증' 신청 마감일(9월 18일)이 3주 앞으로 다가오면서 일선 제약사 개발ㆍRAㆍ회계 부서의 서류 준비 작업이 최고조에 달하고 있다.업계가 이번 인증에 사활을 거는 가장 큰 이유는 단연 '약가 산정률 우대'다. 개편안에 따라 신규 제네릭 약가,local,10,CSO,,,0.9036165359872406,,7.0,9.036165359872406,3.1818181818181817,6.694426488650716,False
2026-08-28,Client,2026-08-27 06:00:00,Naver News,https://www.apsk.co.kr/news/articleView.html?idxno=540264,美 약가협상 소송서 빅파마들 '연전연패'…국산 신약도 'IRA 변수' 커지나 - 메디팜스투데이,미국 정부의 메디케어 의약품 가격협상을 막으려던 글로벌 제약사들이 소송에서 잇따라 고배를 마시고 있다. 지난 5월 미국 연방대법원이 주요 빅파마의 상고를 받아들이.,미국 정부의 메디케어 의약품 가격협상을 막으려던 글로벌 제약사들이 소송에서 잇따라 고배를 마시고 있다. 지난 5월 미국 연방대법원이 주요 빅파마의 상고를 받아들이,local,10,노보노디스크,,,0.9029469747211905,,7.0,9.029469747211905,3.1818181818181817,6.690409121054415,False
2026-08-28,BD,2026-08-28 09:40:00,Naver News,https://www.medipana.com/news/articleView.html?idxno=416683,45% 약가제도 '두 개의 시계'…기등재약 인하는 내년 4월로 - 메디파나뉴스,"제네릭과 특허만료 의약품의 약가 산정률을 45%로 낮추는 제도가 시행에 들어갔지만, 기존 등재 의약품의 실제 가격 조정은 내년 4월부터 시작될 전망이다. 새로 등재되는 의약품에는 이미 개편된 산정기준이 적용되는 반면, 기등재 의약품은 재평가와 이의신청을 거쳐 단계적으로 가격을 조정하는 구조다. 이에 따라 동일한 약가제도 안에서 신규 품목과 기존 품목에 서로.","제네릭과 특허만료 의약품의 약가 산정률을 45%로 낮추는 제도가 시행에 들어갔지만, 기존 등재 의약품의 실제 가격 조정은 내년 4월부터 시작될 전망이다. 새로 등재되는 의약품에는 이미 개편된 산정기준이 적용되는 반면, 기등재 의약품은 재평가와 이의신청을 거쳐 단계적으로 가격을 조정하는 구조다. 이에 따라 동일한 약가제도 안에서 신규 품목과 기존 품목에 서로",local,10,제네릭,,,0.8980463694259067,,7.0,8.980463694259067,3.1818181818181817,6.661005489282712,False
2026-08-28,Client,2026-08-27 20:30:00,Naver News,https://news.hidoc.co.kr/news/articleView.html?idxno=66716,국산 1호 GLP-1 비만약 나온다…한미 ‘에페’ 연내 출시 목표 - 하이닥,위고비와 마운자로 등 수입 제품이 주도해온 국내 GLP-1 비만치료제 시장에 한미약품이 독자 개발한 국산 신약 ‘에페(성분명 에페글레나타이드)’가 가세할 전망이다.,위고비와 마운자로 등 수입 제품이 주도해온 국내 GLP-1 비만치료제 시장에 한미약품이 독자 개발한 국산 신약 ‘에페(성분명 에페글레나타이드)’가 가세할 전망이다,local,10,마운자로,,,0.8020390417983746,,10.0,8.020390417983746,4.545454545454545,6.630416068972066,False
2026-08-28,BD,2026-08-27 19:16:00,Naver News,http://www.finomy.com/news/articleView.html?idxno=260140,"종근당, 2조원 문턱서 '두 성장축' 키운다",현대경제신문 전수연 기자 | 종근당이 도입 의약품을 발판으로 연매출 2조원에 다가서고 있다. 위고비가 매출 상위 품목으로 올라서면서 상품매출 비중도 절반을 넘어섰다. 외형 성장을 이어가는 동시에 자체 연구개발(R&D)에는 꾸준히 자금을 투입하며 바이오시밀러(바이오의약품 복제약)와 항체.,현대경제신문 전수연 기자 | 종근당이 도입 의약품을 발판으로 연매출 2조원에 다가서고 있다. 위고비가 매출 상위 품목으로 올라서면서 상품매출 비중도 절반을 넘어섰다. 외형 성장을 이어가는 동시에 자체 연구개발(R&D)에는 꾸준히 자금을 투입하며 바이오시밀러(바이오의약품 복제약)와 항체,local,10,노바티스,,,0.8015088104840711,,10.0,8.01508810484071,4.545454545454545,6.627234681086245,False
2026-08-28,Client,2026-08-25 06:00:00,Naver News,https://www.bosa.co.kr/news/articleView.html?idxno=3010627,800억원 규모 한양대병원 입찰 리스트 분석해보니... - 의학신문,"진료재료 제외, OTC업체 참가 등 관심을 끌고 있는 한양대병원 의약품 입찰서 규모가 가장 큰 제약사는 어디고 어떤 의약품들이 포.","[의학신문·일간보사=김상일 기자]진료재료 제외, OTC업체 참가 등 관심을 끌고 있는 한양대병원 의약품 입찰서 규모가 가장 큰 제약사는 어디고 어떤 의약품들이 포",local,10,메나리니,,,0.8907553120592897,,7.0,8.907553120592897,3.1818181818181817,6.617259145083011,False
2026-08-28,Reimbursement,2026-08-28 09:30:00,Naver News,http://www.hansbiz.co.kr/news/articleView.html?idxno=860255,트럼프 약가 압박 확대…다음 타깃은 중견 바이오,"트럼프 미국 행정부가 대형 제약사에 이어 중견 바이오제약사로 최혜국 대우(MFN) 약가 협약을 확대한다. 해외 주요국 수준으로 메디케이드 공급가격을 낮추는 대신 의약품 관세 면제와 메디케어 강제 약가 인하 시범사업 제외라는 유인책을 제시하면서, 판매 제품이 한두 개에 집중된 중견 바이오기업들의 셈법이 복잡해질 것으로 보인다.28일 한국바이오협회가 블룸버그 등 외신을 인용해 공개한 자료에 따르면 백악관은 여러 중견 바이오제약사와 새로운 MFN 약가 협약을 발표할 예정이다. 발표는 이르면 오는 31일.","| 서울=한스경제 허승아 기자 | 트럼프 미국 행정부가 대형 제약사에 이어 중견 바이오제약사로 최혜국 대우(MFN) 약가 협약을 확대한다. 해외 주요국 수준으로 메디케이드 공급가격을 낮추는 대신 의약품 관세 면제와 메디케어 강제 약가 인하 시범사업 제외라는 유인책을 제시하면서, 판매 제품이 한두 개에 집중된 중견 바이오기업들의 셈법이 복잡해질 것으로 보인다.28일 한국바이오협회가 블룸버그 등 외신을 인용해 공개한 자료에 따르면 백악관은 여러 중견 바이오제약사와 새로운 MFN 약가 협약을 발표할 예정이다. 발표는 이르면 오는 31일",local,2,약가,,,0.9203144544763198,,6.0,9.203144544763198,2.727272727272727,6.61279581776701,False
2026-08-28,BD,2026-08-25 06:01:00,Naver News,https://biz.chosun.com/science-chosun/bio/2026/08/25/AX55CI7GLNGDPLE3ARJ4S6XPKU/?utm_source=naver&utm_medium=original&utm_campaign=biz,"‘국내 조영제 1위’ 동국생명과학, 인벤테라 신약 확보·생산능력 3배↑…‘시장 독주’ 시동","국내 조영제 1위 동국생명과학, 인벤테라 신약 확보·생산능력 3배↑시장 독주 시동 인벤테라, 조영제 신약 연내 허가 신청동국은 국내외 독점 판매   동국, 안성공장에 170억원 투자해 증축2028년 생산능력 3배 확대   CMO 사업도 확대34개국 수출망 앞세워 해외시장 공략.","국내 조영제 1위 동국생명과학, 인벤테라 신약 확보·생산능력 3배↑시장 독주 시동 인벤테라, 조영제 신약 연내 허가 신청동국은 국내외 독점 판매   동국, 안성공장에 170억원 투자해 증축2028년 생산능력 3배 확대   CMO 사업도 확대34개국 수출망 앞세워 해외시장 공략",local,10,바이엘,,,0.8886167047424912,,7.0,8.886167047424912,3.1818181818181817,6.6044275011822196,False
2026-08-28,Distribution,2026-08-25 18:33:00,Naver News,https://www.venturesquare.net/1108349/,"쌓인 제약 데이터를 ‘쓰는 상품’으로…비알피커넥트, 태블로 혁신 사례 공개","바로팜의 자회사 비알피커넥트가 세일즈포스 태블로의 연례 컨퍼런스 ‘DataFam Seoul 2026’에서 제약 데이터 상품화 사례를 발표했다. 박영규 대표는 제약 데이터가 실제 의사결정에 활용되기 위한 조건으로 연속성과 유연성, 정확성을 제시했다. 비알피커넥트는 데이터팀이 태블로로 직접 구축·개선하는 방식을 통해 국내외 제약사에 17개 대시보드를 제공하고 있다.","바로팜의 자회사 비알피커넥트가 세일즈포스 태블로의 연례 컨퍼런스 ‘DataFam Seoul 2026’에서 제약 데이터 상품화 사례를 발표했다. 박영규 대표는 제약 데이터가 실제 의사결정에 활용되기 위한 조건으로 연속성과 유연성, 정확성을 제시했다. 비알피커넥트는 데이터팀이 태블로로 직접 구축·개선하는 방식을 통해 국내외 제약사에 17개 대시보드를 제공하고 있다.",local,10,바로팜,,,0.7840609724985103,,10.0,7.840609724985103,4.545454545454545,6.52254765317288,False
2026-08-28,Product Approval,2026-08-28 12:26:00,Naver News,https://www.kpanews.co.kr/news/articleView.html?idxno=541790,GLP-1 '컴패니언 영양' 시장 열린다…네슬레·보충제·제약사 각축 - 약사공론,글루카곤유사펩타이드-1(GLP-1) 계열 비만치료제 확산으로 파생된 영양 문제를 겨냥한 소비재 시장이 빠르게 확대되고 있다.현재 미국 성인의 11%가 체중 감량.,글루카곤유사펩타이드-1(GLP-1) 계열 비만치료제 확산으로 파생된 영양 문제를 겨냥한 소비재 시장이 빠르게 확대되고 있다.현재 미국 성인의 11%가 체중 감량,local,2,제형,,,0.9532743365737606,,4.0,9.532743365737606,1.8181818181818183,6.446918746715291,False
2026-08-28,Product Approval,2026-08-28 12:26:00,Naver News,https://www.kpanews.co.kr/news/articleView.html?idxno=541798,'돔페리돈' 허가사항 손질…‘크롬 친화 세포종’ 투여 금기 신설 - 약사공론,식품의약품안전처가 돔페리돈 성분 제제 38품목의 허가사항을 손질한다. 크롬 친화 세포종 환자나 크롬 친화 세포종이 의심되는 환자의 경우 심각한 고혈압을 유발할 수.,식품의약품안전처가 돔페리돈 성분 제제 38품목의 허가사항을 손질한다. 크롬 친화 세포종 환자나 크롬 친화 세포종이 의심되는 환자의 경우 심각한 고혈압을 유발할 수,local,2,제형,,,0.8619885941544135,,7.0,8.619885941544135,3.1818181818181817,6.444658837653753,False
2026-08-28,Client,2026-08-28 06:42:00,Naver News,http://www.docdocdoc.co.kr/news/articleView.html?idxno=3042210,"""환자는 부작용부터 묻는다""…다변화된 요로상피암 치료 전략, 선택은?","요로상피세포암 1차 치료 지형 변화 속에 치료 지속성과 후속 치료 가능성은 물론 ""환자의 가치관""까지 고려한 치료 전략이 강조되고 있다.한국머크는 지난 27일 서울 중구 써밋원에서 '바벤시오'(성분명 아벨루맙) 급여 3주년을 맞아 '요로상피세포암 치료에서 장기 생존과 치료 연속성'을 주제로 미디어 마스터클래스를 열고, 요로상피세포암 치료 환경 변화와 바벤시오의 임상적 성과를 다뤘다.요로상피세포암은 국내 방광암 환자 90% 이상을 차지한다. 최근까지 진행성 요로상피세포암 환자 5년 생존율은 8% 수준에 불과했다. 환자 약 90%가 6.","요로상피세포암 1차 치료 지형 변화 속에 치료 지속성과 후속 치료 가능성은 물론 ""환자의 가치관""까지 고려한 치료 전략이 강조되고 있다.한국머크는 지난 27일 서울 중구 써밋원에서 '바벤시오'(성분명 아벨루맙) 급여 3주년을 맞아 '요로상피세포암 치료에서 장기 생존과 치료 연속성'을 주제로 미디어 마스터클래스를 열고, 요로상피세포암 치료 환경 변화와 바벤시오의 임상적 성과를 다뤘다.요로상피세포암은 국내 방광암 환자 90% 이상을 차지한다. 최근까지 진행성 요로상피세포암 환자 5년 생존율은 8% 수준에 불과했다. 환자 약 90%가 6",local,10,BMS,,,0.8235234826845942,,8.0,8.235234826845941,3.6363636363636367,6.39568635065302,False
2026-08-28,Client,2026-08-28 13:29:00,Naver News,https://www.joongang.co.kr/article/25457042,"“6억 강력 항암제” 싸진다…혈액암 환자, 의사에 물어볼 3가지","국내 허가 CAR-T는 노바티스의 킴리아, 얀센의 카빅티, 길리어드의 예스카타, 그리고 올해 허가된 국산 CAR-T인 큐로셀의 림카토까지 네 가지다. 더 이상 먼 나라의 치료가 아니다. 문제는 이 기적 같은 치료가... ","국내 허가 CAR-T는 노바티스의 킴리아, 얀센의 카빅티, 길리어드의 예스카타, 그리고 올해 허가된 국산 CAR-T인 큐로셀의 림카토까지 네 가지다. 더 이상 먼 나라의 치료가 아니다. 문제는 이 기적 같은 치료가... ",local,10,노바티스,,,0.8464812653465277,,7.0,8.464812653465277,3.1818181818181817,6.3516148648064386,False
2026-08-28,Client,2026-08-27 12:00:00,Naver News,https://www.medicaltimes.com/Main/News/NewsView.html?ID=1170400&ref=naverpc,"[메디칼타임즈] 위암 신약 빌로이 약가협상 지연, 아스텔라스 전략 시험대","한국아스텔라스제약의 전이성 위암 신약 '빌로이(졸베툭시맙)'의 건강보험 급여 등재를 위한 마지막 관문인 약가 협상이 난항을 겪고 있다. 당초 예상됐던 시한 내 타결이 불투명해지면서 협상 기간 연장이 유력한 것으로 파악됐다.최근 한국아스텔라스와 국민건강보험공단은 빌로이의 급여 적정가격을 두고 막판 줄다리기를 이어가고 있다.27일 제약업계에 따르면, 최근 한국아스텔라스와 국민건강보험공단은 빌로이의 급여 적정가격을 두고 막판 줄다리기를 이어가고 있다.앞서 빌로이는 지난 6월 건강보험심사평가원 약제급여평가위원회(약평위)를 통과하며 급여 등재의 큰 고비를 넘겼다. 이후 공단과 곧바로 약가 협상에 돌입하며 기대를 모았으나, 제약사와 건보공단 간 합의점을 찾지 못해 협상 기간이 연장될 가능성이 매우 높아진 상태다.빌로이는 클라우딘(CLDN) 18.2 발현 양성이면서 HER2 음성인 국소 진행성 혹은 전이성 위·식도 접합부 선암 환자의 1차 치료제로 허가된 국내 최초의 표적치료제다.그동안 HER2 양성 위암에 비해 치료 옵션이 턱없이 부족했던 HER2 음성 환자들에게 새로운 희망으로 떠올랐지만, 동반진단(CDx) 수가 연계 등 복잡한 쟁점들이 부상하면서 급여 등재에 시간이 지체된 바 있다.연세암병원 정민규 교수(종양내과)는.","[메디칼타임즈=문성호 기자]한국아스텔라스제약의 전이성 위암 신약 '빌로이(졸베툭시맙)'의 건강보험 급여 등재를 위한 마지막 관문인 약가 협상이 난항을 겪고 있다. 당초 예상됐던 시한 내 타결이 불투명해지면서 협상 기간 연장이 유력한 것으로 파악됐다.최근 한국아스텔라스와 국민건강보험공단은 빌로이의 급여 적정가격을 두고 막판 줄다리기를 이어가고 있다.27일 제약업계에 따르면, 최근 한국아스텔라스와 국민건강보험공단은 빌로이의 급여 적정가격을 두고 막판 줄다리기를 이어가고 있다.앞서 빌로이는 지난 6월 건강보험심사평가원 약제급여평가위원회(약평위)를 통과하며 급여 등재의 큰 고비를 넘겼다. 이후 공단과 곧바로 약가 협상에 돌입하며 기대를 모았으나, 제약사와 건보공단 간 합의점을 찾지 못해 협상 기간이 연장될 가능성이 매우 높아진 상태다.빌로이는 클라우딘(CLDN) 18.2 발현 양성이면서 HER2 음성인 국소 진행성 혹은 전이성 위·식도 접합부 선암 환자의 1차 치료제로 허가된 국내 최초의 표적치료제다.그동안 HER2 양성 위암에 비해 치료 옵션이 턱없이 부족했던 HER2 음성 환자들에게 새로운 희망으로 떠올랐지만, 동반진단(CDx) 수가 연계 등 복잡한 쟁점들이 부상하면서 급여 등재에 시간이 지체된 바 있다.연세암병원 정민규 교수(종양내과)는",local,10,아스텔라스,,,0.754471672878861,,10.0,7.544716728788609,4.545454545454545,6.345011855454984,False
2026-08-28,BD,2026-08-27 17:10:00,Naver News,http://www.lkp.news/news/articleView.html?idxno=83397,수익성 반등한 일동제약…신약 사업화에 힘 싣는다,"일동제약이 수익성 회복을 바탕으로 사업 경쟁력을 높이는 단계에 들어섰다. 연구개발 조직과 파이프라인을 본사에 결집해 신약 사업화의 실행력을 높이고 전문의약품 영업 체계를 다듬어 판매 기반을 넓힌다는 구상이다.◆ 실적 안정성 높인 일동제약, 신약 개발 체.","[리버티코리아포스트=정시윤 기자]일동제약이 수익성 회복을 바탕으로 사업 경쟁력을 높이는 단계에 들어섰다. 연구개발 조직과 파이프라인을 본사에 결집해 신약 사업화의 실행력을 높이고 전문의약품 영업 체계를 다듬어 판매 기반을 넓힌다는 구상이다.◆ 실적 안정성 높인 일동제약, 신약 개발 체",local,10,코프로모션,,,0.7236410095795333,,11.0,7.236410095795333,5.0,6.341846057477199,False
2026-08-28,BD,2026-08-26 06:04:00,Naver News,https://www.monews.co.kr/news/articleView.html?idxno=413403,"비아트리스, 제네릭 강자에서 혁신신약 플레이어로 - 메디칼업저버",비아트리스가 제네릭 중심 사업구조에서 벗어나 혁신신약을 새로운 성장축으로 삼는 체질 개선에 속도를 내고 있다.세계적인 제네릭 전문기업으로 출발한 비아트리스는 최근.,비아트리스가 제네릭 중심 사업구조에서 벗어나 혁신신약을 새로운 성장축으로 삼는 체질 개선에 속도를 내고 있다.세계적인 제네릭 전문기업으로 출발한 비아트리스는 최근,local,10,오가논,,,0.8395632094381328,,7.0,8.395632094381329,3.1818181818181817,6.310106529356069,False
2026-08-28,BD,2026-08-28 12:26:00,Naver News,https://www.kpanews.co.kr/news/articleView.html?idxno=541783,기등재약 약가인하 내년 4월로 연기…산정 기준은 '올해 9월' - 약사공론,정부가 기등재 의약품의 약가인하를 내년 4월로 늦춘다. 다만 제약업계가 꾸준히 요구해 온 약가인하 기준 시점은 올해 9월 1일로 확정됐다.이에 따라 기등재 의약품.,정부가 기등재 의약품의 약가인하를 내년 4월로 늦춘다. 다만 제약업계가 꾸준히 요구해 온 약가인하 기준 시점은 올해 9월 1일로 확정됐다.이에 따라 기등재 의약품,local,10,제네릭,,,0.8393837074315481,,7.0,8.393837074315481,3.1818181818181817,6.309029517316561,False
2026-08-28,Product Approval,2026-08-28 11:30:00,Naver News,https://www.mdtoday.co.kr/news/articleView.html?idxno=610016,모양∙포장 유사한 의약품을 잘못 조제 및 투여…보건당국 주의보 발령 - 메디컬투데이,포장이 유사한 의약품을 의료기관이 잘못 조제하거나 투여하는 환자 안전사고에 대해 주의경보가 내려졌다.의료기관평가인증원은 ‘유사.,[mdtoday = 김미경 기자] 포장이 유사한 의약품을 의료기관이 잘못 조제하거나 투여하는 환자 안전사고에 대해 주의경보가 내려졌다.의료기관평가인증원은 ‘유사,local,2,제형,,,0.8166179851234152,,7.0,8.166179851234151,3.1818181818181817,6.172435183467763,False
2026-08-28,Client,2026-08-26 15:20:00,Naver News,https://www.asiatime.co.kr/article/20260826500318,"임신중지약 '미프진' 허가속도 붙나…""임신 주수·처방 기준 필요""","기속행위 판단…허가 요건 충족시 식약처 허가해야 지난달 이 대통령, 임신중지 의약품 도입 검토 지시 현대약품 '미프진' 세번째 품목허가 신청…심사 진행 [아시아타임즈=김지수 기자] 이재명 대통령이 국무회의에서 언급한 임신중지 의약품 '미프진' 도입에 속도가 붙을 전망이.","기속행위 판단…허가 요건 충족시 식약처 허가해야 지난달 이 대통령, 임신중지 의약품 도입 검토 지시 현대약품 '미프진' 세번째 품목허가 신청…심사 진행 [아시아타임즈=김지수 기자] 이재명 대통령이 국무회의에서 언급한 임신중지 의약품 '미프진' 도입에 속도가 붙을 전망이",local,10,현대약품,,,0.7204148194314082,,10.0,7.204148194314081,4.545454545454545,6.140670734770267,False
2026-08-28,Product Approval,2026-08-28 12:26:00,Naver News,https://www.kpanews.co.kr/news/articleView.html?idxno=541776,먹는 비만약·PROTAC까지…상반기 잡은 차세대 신약은 - 약사공론,상반기 미국식품의약국(FDA)의 선택을 받은 신약들은 경구형 치료제로의 패러다임 전환과 표적단백질분해제(PROTAC) 등 신규 모달리티의 상용화로 요약된다.국가신.,상반기 미국식품의약국(FDA)의 선택을 받은 신약들은 경구형 치료제로의 패러다임 전환과 표적단백질분해제(PROTAC) 등 신규 모달리티의 상용화로 요약된다.국가신,local,2,적응증,,,0.8745358959161238,,4.0,8.745358959161237,1.8181818181818183,5.974488102769469,False
2026-08-28,BD,2026-08-28 12:10:00,Naver News,https://medicalworldnews.co.kr/news/view.php?idx=1510976884,"[8월 제약사이모저모⑽] 한미약품, 셀트리온, 한국애브비, 메디톡스 등 소식","한미약품, 셀트리온, 한국애브비, 메디톡스 등 제약사 주요 내용은 다음과 같다.◆한미약품, 항혈전제 ‘피도글정’ HOST-EXAM 10년 추적 연구 발표한미약품이 지난 1~2일 그랜드 인터컨티넨탈 서울 파르나스에서 전국 심혈관질환 전문의 100여명이 참석한 가운데 심혈관계 질환 예방 전략의 최신 임상 근거를 공유하는 ‘SYMPOSIUM ON PREVENTION WITH GLORY’ 심포지엄을 개최했다.한미약품 혁신성장부문 김나영 부사장은 “이번.","한미약품, 셀트리온, 한국애브비, 메디톡스 등 제약사 주요 내용은 다음과 같다.◆한미약품, 항혈전제 ‘피도글정’ HOST-EXAM 10년 추적 연구 발표한미약품이 지난 1~2일 그랜드 인터컨티넨탈 서울 파르나스에서 전국 심혈관질환 전문의 100여명이 참석한 가운데 심혈관계 질환 예방 전략의 최신 임상 근거를 공유하는 ‘SYMPOSIUM ON PREVENTION WITH GLORY’ 심포지엄을 개최했다.한미약품 혁신성장부문 김나영 부사장은 “이번",local,10,파트너십,,,0.7381856865527233,,8.0,7.381856865527233,3.6363636363636367,5.883659573861794,False
2026-08-28,Client,2026-08-28 08:16:00,Naver News,https://www.medipana.com/news/articleView.html?idxno=416676,"GSK B형간염 신약 '힙사고', 日서 세계 최초 승인…기능적 완치 19% - 메디파나뉴스","장기간 항바이러스제를 복용해야 했던 만성 B형간염 환자에게 '기능적 완치'를 목표로 하는 새로운 치료제가 처음 등장했다. 일본 후생노동성은 GSK의 만성 B형간염 치료제 '힙사고(Hibsago, 성분명 베피로비르센)'를 승인했다. 이번 허가는 베피로비르센의 세계 최초 승인인 동시에 일본에서 만성 B형간염의 기능적 완치를 목적으로 허가된 첫 치료제다.","장기간 항바이러스제를 복용해야 했던 만성 B형간염 환자에게 '기능적 완치'를 목표로 하는 새로운 치료제가 처음 등장했다. 일본 후생노동성은 GSK의 만성 B형간염 치료제 '힙사고(Hibsago, 성분명 베피로비르센)'를 승인했다. 이번 허가는 베피로비르센의 세계 최초 승인인 동시에 일본에서 만성 B형간염의 기능적 완치를 목적으로 허가된 첫 치료제다. 투여",local,10,GSK,,,0.7543237299510875,,7.0,7.543237299510875,3.1818181818181817,5.798669652433797,False
2026-08-28,Client,2026-08-27 09:48:00,Naver News,https://www.medipana.com/news/articleView.html?idxno=416613,"매출 85% 신약…中 한소제약, 빅파마 R&D 파트너로 - 메디파나뉴스",중국 한소제약이 복제약 중심의 사업구조에서 벗어나 혁신신약 판매와 글로벌 기술수출을 양대 축으로 하는 연구개발 기업으로 전환하고 있다. 한소제약의 2026년 상반기 실적 및 사업보고서에 따르면 올해 상반기 매출은 83억400만위안으로 전년 동기 대비 11.7% 증가했다. 이 가운데 혁신신약 매출은 70억9200만위안으로 15.4% 늘었다.,중국 한소제약이 복제약 중심의 사업구조에서 벗어나 혁신신약 판매와 글로벌 기술수출을 양대 축으로 하는 연구개발 기업으로 전환하고 있다. 한소제약의 2026년 상반기 실적 및 사업보고서에 따르면 올해 상반기 매출은 83억400만위안으로 전년 동기 대비 11.7% 증가했다. 이 가운데 혁신신약 매출은 70억9200만위안으로 15.4% 늘었다. 전체 매출에서 차,local,10,GSK,,,0.6598439983321228,,10.0,6.598439983321228,4.545454545454545,5.777245808174555,False
2026-08-28,BD,2026-08-25 07:12:00,Naver News,https://www.newsway.co.kr/news/view?ud=2026082414024897707,"시밀러 넘어 신약으로…종근당, 안과사업 보폭 확대",지난해에는 바이엘코리아와 황반변성 치료제 '아일리아'의 국내 공동판매·유통 계약도 체결했다. 올해 상반기 루센비에스와 잘라탄 매출은 각각 48억2200만원과 93억6400만원을 기록했다. 종근당은 루센비에스를 통해... ,지난해에는 바이엘코리아와 황반변성 치료제 '아일리아'의 국내 공동판매·유통 계약도 체결했다. 올해 상반기 루센비에스와 잘라탄 매출은 각각 48억2200만원과 93억6400만원을 기록했다. 종근당은 루센비에스를 통해... ,local,10,바이엘,,,0.5590590284078488,,13.0,5.5905902840784885,5.909090909090909,5.717990534083457,False
2026-08-28,Reimbursement,2026-08-28 10:02:00,Naver News,https://www.pharmnews.com/news/articleView.html?idxno=305907,"트럼프의 약가 인하 승부수, 중견 바이오에 관세 혜택 제시 - 팜뉴스",트럼프 행정부가 중견 제약사 대상의 자발적 약가 협약을 추진한다. 블룸버그 통신 보도와 한국바이오협회 이슈브리핑에 따르면 미국 백악관은 이.,[팜뉴스=우정민 기자] 트럼프 행정부가 중견 제약사 대상의 자발적 약가 협약을 추진한다. 블룸버그 통신 보도와 한국바이오협회 이슈브리핑에 따르면 미국 백악관은 이,local,2,약가,,,0.7654661167109585,,6.0,7.654661167109586,2.727272727272727,5.683705791174842,False
2026-08-28,BD,2026-08-28 12:18:00,Naver News,https://www.ebn.co.kr/news/articleView.html?idxno=1722088,"[기자수첩] 성공땐 1조, 실패땐 0…K바이오 '숫자 착시' 걷어내자 - 이비엔(EBN)뉴스센터",제약·바이오 시장에서 가장 무서운 숫자는 어쩌면 마이너스보다 '0'일지 모른다.시장은 신약이 성공했을 때 얼마를 벌 수 있는지는 끊임없이 이야기한다.,제약·바이오 시장에서 가장 무서운 숫자는 어쩌면 마이너스보다 '0'일지 모른다.시장은 신약이 성공했을 때 얼마를 벌 수 있는지는 끊임없이 이야기한다. 수천억원의,local,10,적응증,,,0.7310714100241056,,7.0,7.310714100241055,3.1818181818181817,5.6591557328719055,False
2026-08-28,BD,2026-08-28 10:32:00,Naver News,https://dealsite.co.kr/articles/168000,"[제약+] GC녹십자, 프랑스 백신기업과 전략적 파트너십 체결 外 - 딜사이트","GC녹십자가 프랑스 오시백스와 차세대 독감백신 개발을 위한 전략적 파트너십을 체결했습니다. 양사는 지씨플루와 OVX836을 결합한 프리미엄 복합 백신 개발을 통해 수익 모델을 다각화할 계획입니다. 이 외에도 대웅제약의 KHF 2026 참가, 에이비엘바이오의 임상 데이터 공개 등 주요 제약·바이오 소식이 발표되었습니다.","GC녹십자가 프랑스 오시백스와 차세대 독감백신 개발을 위한 전략적 파트너십을 체결했습니다. 양사는 지씨플루와 OVX836을 결합한 프리미엄 복합 백신 개발을 통해 수익 모델을 다각화할 계획입니다. 이 외에도 대웅제약의 KHF 2026 참가, 에이비엘바이오의 임상 데이터 공개 등 주요 제약·바이오 소식이 발표되었습니다.",local,10,항암제,,,0.695565364381737,,8.0,6.95565364381737,3.6363636363636367,5.627937640835877,False
2026-08-28,Client,2026-08-28 07:50:00,Naver News,https://news.bizwatch.co.kr/article/healthcare/2026/08/25/0038,"[K-신약]③연매출 1000억 넘긴 히트작, 블록버스터 되려면?","국산 신약은 1호 신약에서 출발해 43호 신약에 이르기까지 수많은 도전과 시행착오를 거치며 영역을 넓혀왔다. 최근 상업화와 글로벌 시장 진출로 성과를 내고 있지만, 모든 신약이 시장에서 성공하는 것은 아니다.","국산 신약은 1호 신약에서 출발해 43호 신약에 이르기까지 수많은 도전과 시행착오를 거치며 영역을 넓혀왔다. 최근 상업화와 글로벌 시장 진출로 성과를 내고 있지만, 모든 신약이 시장에서 성공하는 것은 아니다. ...",local,10,얀센,,,0.7243800216508687,,7.0,7.243800216508687,3.1818181818181817,5.6190074026324845,False
2026-08-28,Client,2026-08-28 11:40:00,Naver News,http://www.docdocdoc.co.kr/news/articleView.html?idxno=3042217,"암젠 '블린사이토', 재발 잦은 급성림프모구성백혈병 급여 확대","급성림프모구성백혈병(ALL) 치료제 블린사이토(성분명 블리나투모맙)가 오는 9월부터 전구 B세포 급성림프모구성백혈병 1차 공고요법으로 건강보험 급여 기준이 확대된다.암젠코리아는 28일 건강보험심사평가원 공고에 따라 블린사이토의 1차 관해 공고요법에 건강보험 급여가 적용된다고 밝혔다. 대상은 진단 당시 1세 이상인 필라델피아 염색체 음성(Ph-)·CD19 양성 전구 B세포 급성림프모구성백혈병 환자 중 유도요법 후 관해에 도달하고 미세잔존질환(MRD) 음성이 확인된 환자다. 진단 시 연령이 18세 미만이면 최대 2주기, 성인은 최대 4.","급성림프모구성백혈병(ALL) 치료제 블린사이토(성분명 블리나투모맙)가 오는 9월부터 전구 B세포 급성림프모구성백혈병 1차 공고요법으로 건강보험 급여 기준이 확대된다.암젠코리아는 28일 건강보험심사평가원 공고에 따라 블린사이토의 1차 관해 공고요법에 건강보험 급여가 적용된다고 밝혔다. 대상은 진단 당시 1세 이상인 필라델피아 염색체 음성(Ph-)·CD19 양성 전구 B세포 급성림프모구성백혈병 환자 중 유도요법 후 관해에 도달하고 미세잔존질환(MRD) 음성이 확인된 환자다. 진단 시 연령이 18세 미만이면 최대 2주기, 성인은 최대 4",local,10,암젠,,,0.6168290303969789,,10.0,6.168290303969789,4.545454545454545,5.519156000563691,False
2026-08-28,Client,2026-08-28 11:16:00,Naver News,https://www.medipana.com/news/articleView.html?idxno=416705,수술 없는 직장암 치료 현실로?…GSK '젬퍼리' 美 우선심사 - 메디파나뉴스,"GSK의 면역항암제 '젬퍼리'가 항암화학요법과 방사선치료, 수술 없이 특정 국소진행성 직장암을 치료하는 새로운 경로에 한 걸음 다가섰다. 완전반응이 확인된 환자에게 기존 표준치료를 추가하지 않고 경과를 관찰하는 방식이다. 허가될 경우 직장암 치료에서 암 제거뿐 아니라 직장과 배변 기능을 보존하는 것이 주요 치료목표로 부상할 전망이다. 28일 GSK에 따르면.","GSK의 면역항암제 '젬퍼리'가 항암화학요법과 방사선치료, 수술 없이 특정 국소진행성 직장암을 치료하는 새로운 경로에 한 걸음 다가섰다. 완전반응이 확인된 환자에게 기존 표준치료를 추가하지 않고 경과를 관찰하는 방식이다. 허가될 경우 직장암 치료에서 암 제거뿐 아니라 직장과 배변 기능을 보존하는 것이 주요 치료목표로 부상할 전망이다. 28일 GSK에 따르면",local,10,GSK,,,0.6821685490363787,,7.0,6.821685490363787,3.1818181818181817,5.365738566945545,False
2026-08-28,Client,2026-08-28 09:08:00,Naver News,https://www.koreahealthlog.com/news/articleView.html?idxno=58683,"고령·재발 이슈 '방광암', 치료 옵션 다양해져…맞춤치료 가능한 환경必","방광암이 80%를 차지하는 요로상피암의 국내 치료환경이 2016년 면역항암제의 도입을 시작으로 크게 변화됐지만, 진료현장에서는 여전히 미충족 수요들이 존재하는 현실이 조명됐다. 요로상피암은 환자의 평균 나이가 73~74세이고 진행·전이성 요로상피암 환자의 경우 항암치료에 반응해도 재발률이 70%에 달해 후속 치료를 잘 이어갈 수 있는 환경이 필요하지만 신약 급여 등이 발목을 잡고 있다. 서울성모병원 종양내과 김인호 교수는 지난 27일 한국머크 헬스케어가 면역항암제 ‘바벤시오(성분명 아벨루맙)’의 요로상피암 국내 급여 3주년을 맞아.","방광암이 80%를 차지하는 요로상피암의 국내 치료환경이 2016년 면역항암제의 도입을 시작으로 크게 변화됐지만, 진료현장에서는 여전히 미충족 수요들이 존재하는 현실이 조명됐다. 요로상피암은 환자의 평균 나이가 73~74세이고 진행·전이성 요로상피암 환자의 경우 항암치료에 반응해도 재발률이 70%에 달해 후속 치료를 잘 이어갈 수 있는 환경이 필요하지만 신약 급여 등이 발목을 잡고 있다. 서울성모병원 종양내과 김인호 교수는 지난 27일 한국머크 헬스케어가 면역항암제 ‘바벤시오(성분명 아벨루맙)’의 요로상피암 국내 급여 3주년을 맞아",local,10,머크,,,0.5900039842687747,,10.0,5.900039842687747,4.545454545454545,5.358205723794466,False
2026-08-28,Client,2026-08-28 06:02:00,Naver News,https://www.dailypharm.com/user/news/341867?REFERER=NP,"[데일리팜]9월 1일 최고가가 53.55%…""약가 계속 떨어졌는데"" 불만",제약업계의 관심을 모았던 기등재 의약품에 대한 약가인하 ‘기준 시점’이 2026년 9월로 확정됐다. 업계에선 2012년 4월 일괄 약가인하 시점을 기준으로 삼을 것을 정부에 요청했으나 받아들여지지 않았다. 기준 시점을 언제로 잡느냐에 따라 예상 손실액이 더 크게 불어나는 구조라는 점에서 제약업계의 우려가 깊어지는 모습이다. 45% 산정률 환산 기준 시점 2026년 9월 확정…업계 요청….,제약업계의 관심을 모았던 기등재 의약품에 대한 약가인하 ‘기준 시점’이 2026년 9월로 확정됐다. 업계에선 2012년 4월 일괄 약가인하 시점을 기준으로 삼을 것을 정부에 요청했으나 받아들여지지 않았다. 기준 시점을 언제로 잡느냐에 따라 예상 손실액이 더 크게 불어나는 구조라는 점에서 제약업계의 우려가 깊어지는 모습이다. 45% 산정률 환산 기준 시점 2026년 9월 확정…업계 요청…,local,10,한독,,,0.6789768777407407,,7.0,6.7897687774074065,3.1818181818181817,5.346588539171716,False
2026-08-28,Client,2026-08-26 06:58:00,Naver News,https://www.dailypharm.com/user/news/341780?REFERER=NP,[데일리팜]샤페론 누세핀 ‘전신 염증 증후군 치료 조성물’ 특허 등록 결정,데일리팜=이석준 기자] 샤페론은 자사의 정맥주사용 염증복합체(inflammasome) 억제제 ‘누세핀(NuSepin)’의 핵심 용도가 특허청으로부터 특허결정을 받았다고 25일 밝혔다. 이번 출원은 원인을 가리지 않는 ‘혈관마비 증후군’과 그 상위 개념인 ‘전신염증반응증후군(SIRS)’ 전반으로 대상 질환을 넓혔다. 특정 원인이 아니라 전신적 과염증으로 혈관 긴장도가 소실되고 다발성 장기 부전….,데일리팜=이석준 기자] 샤페론은 자사의 정맥주사용 염증복합체(inflammasome) 억제제 ‘누세핀(NuSepin)’의 핵심 용도가 특허청으로부터 특허결정을 받았다고 25일 밝혔다. 이번 출원은 원인을 가리지 않는 ‘혈관마비 증후군’과 그 상위 개념인 ‘전신염증반응증후군(SIRS)’ 전반으로 대상 질환을 넓혔다. 특정 원인이 아니라 전신적 과염증으로 혈관 긴장도가 소실되고 다발성 장기 부전…,local,10,노보노디스크,,,0.6758045765953075,,7.0,6.758045765953074,3.1818181818181817,5.327554732299117,False
2026-08-28,Distribution,2026-08-28 13:14:00,Naver News,https://www.fashionbiz.co.kr/article/229007,"바이오던스, 올영세일·산리오캐릭터즈 컬래버… 한정 기획 2종 출시",뷰티셀렉션(대표 박재빈)의 글로벌 스킨케어 브랜드 바이오던스(BIODANCE)가 8월 30일부터 9월 5일까지 진행되는 CJ올리브영 ‘9월 올영세일’에 참여한다.,뷰티셀렉션(대표 박재빈)의 글로벌 스킨케어 브랜드 바이오던스(BIODANCE)가 8월 30일부터 9월 5일까지 진행되는 CJ올리브영 ‘9월 올영세일’에 참여한다.,local,10,CJ,,,0.4933300505521216,,13.0,4.933300505521216,5.909090909090909,5.323616666949093,False
2026-08-28,Client,2026-08-28 10:54:00,Naver News,https://www.mk.co.kr/article/12138610,‘마운자로’에 밀리던 노보 반격…‘알약’ 선점하고 차세대 신약 임상 3상 출격 - 매일경제,노보의 ‘위고비 필’ 美 처방 17.6만건 돌파 릴리 ‘파운다요’ 대비 5배 많아 압승 평가 차세대 ‘제나감티드’ 국내도 허가.,노보의 ‘위고비 필’ 美 처방 17.6만건 돌파 릴리 ‘파운다요’ 대비 5배 많아 압승 평가 차세대 ‘제나감티드’ 국내도 허가,local,10,릴리,,,0.8786184742914839,,0.0,8.78618474291484,0.0,5.2717108457489035,False
2026-08-28,Client,2026-08-21 09:28:00,Naver News,https://www.pharmnews.com/news/articleView.html?idxno=305743,뼈 변하는 희귀질환 FOP 치료제 Pasatru FDA 승인 - 팜뉴스,미국 식품의약국(FDA)이 리제네론 파마슈티컬스(Regeneron Pharmaceuticals)의 Pasatru(garetosmab-grt.,[팜뉴스=우정민 기자] 미국 식품의약국(FDA)이 리제네론 파마슈티컬스(Regeneron Pharmaceuticals)의 Pasatru(garetosmab-grt,local,10,입센,,,0.6647310519212227,,7.0,6.647310519212227,3.1818181818181817,5.261113584254609,False
2026-08-28,Distribution,2026-08-27 17:12:00,Naver News,https://www.newsway.co.kr/news/view?ud=2026082713440822850,"물류도 저탄소로…지오영 ""2034년 탄소배출 최대 60% 감축""",지오영이 물류센터의 에너지 효율을 높이고 배송차량을 전기차로 전환하는 등 저탄소 의약품 물류... 27일 업계에 따르면 지오영은 최근 지속가능경영보고서를 발간해 2023년을 기준으로 2034년까지 스코프(Scope)... ,지오영이 물류센터의 에너지 효율을 높이고 배송차량을 전기차로 전환하는 등 저탄소 의약품 물류... 27일 업계에 따르면 지오영은 최근 지속가능경영보고서를 발간해 2023년을 기준으로 2034년까지 스코프(Scope)... ,local,10,지오영,,,0.507414839297857,,12.0,5.07414839297857,5.454545454545454,5.226307217605323,False
2026-08-28,BD,2026-08-28 07:40:00,Naver News,https://www.medicopharma.co.kr/news/articleView.html?idxno=69314,한올 바토클리맙 中 BLA 심사 계속…중재 끝나고 기존 계약 수익구조 유지,"한올바이오파마의 바토클리맙 중국 사업을 둘러싼 불확실성이 국제중재에서 허가심사로 이동했다. 국제상업회의소(ICC)가 한올바이오파마의 계약해지 통보를 무효로 판단하면서 중국 권리를 되찾는 시도는 마무리됐고, 2017년 하버바이오메드와 체결한 기존 라이선스.","[메디코파마뉴스=정재노 기자] 한올바이오파마의 바토클리맙 중국 사업을 둘러싼 불확실성이 국제중재에서 허가심사로 이동했다. 국제상업회의소(ICC)가 한올바이오파마의 계약해지 통보를 무효로 판단하면서 중국 권리를 되찾는 시도는 마무리됐고, 2017년 하버바이오메드와 체결한 기존 라이선스",local,10,보험등재,,,0.5603240156532219,,10.0,5.603240156532219,4.545454545454545,5.18012591210115,False
2026-08-28,BD,2026-08-28 13:26:00,Naver News,http://www.bizwnews.com/news/articleView.html?idxno=144546,"[헬스 HOT 뉴스] 비보존제약, '어나프라주' 中 하이난 공급…""현지 진출 시동""",비보존제약이 비마약성 진통제 '어나프라주'의 완제품 공급 계약을 체결하며 중국 시장 진출에 나선다.비보존제약은 중국 하이난성 소재 G사와 어나프라주 완제품 공급 계약을 체결했다고 28일 밝혔다.회사에 따르면 이번 계약은 중국 정부가 의료·바이오 특화 지역으로 지정한 하이난성 보아오 러청 국제의료관광선행구(博鳌乐城国际医疗旅游先行区)를 중심으로 이뤄진다.해당 의료특구에서는 해외에서 허가된 혁신 의약품에 대해 중국 국가약품감독관리국(NMPA)의 정식 허가 절차와 별도로 신속한 임상 사용과 제한적 허가가 가능하다고 한다.회사.,[비즈월드] 비보존제약이 비마약성 진통제 '어나프라주'의 완제품 공급 계약을 체결하며 중국 시장 진출에 나선다.비보존제약은 중국 하이난성 소재 G사와 어나프라주 완제품 공급 계약을 체결했다고 28일 밝혔다.회사에 따르면 이번 계약은 중국 정부가 의료·바이오 특화 지역으로 지정한 하이난성 보아오 러청 국제의료관광선행구(博鳌乐城国际医疗旅游先行区)를 중심으로 이뤄진다.해당 의료특구에서는 해외에서 허가된 혁신 의약품에 대해 중국 국가약품감독관리국(NMPA)의 정식 허가 절차와 별도로 신속한 임상 사용과 제한적 허가가 가능하다고 한다.회사,local,10,판권,,,0.6152299487337795,,8.0,6.152299487337794,3.6363636363636367,5.145925146948131,False
2026-08-28,Client,2026-08-28 00:00:00,Naver News,https://www.pharmnews.com/news/articleView.html?idxno=305837,고베서 야마가타까지…일본서 본 다국적제약사의 진심 - 팜뉴스,고베공항에서 시내로 들어가는 길이었다. 익숙한 제약사 이름이 붙은 건물들이 눈에 들어왔다. 베링거인겔하임과 일라이 릴리.한국에서도 수없이.,[팜뉴스=김민건 기자] 고베공항에서 시내로 들어가는 길이었다. 익숙한 제약사 이름이 붙은 건물들이 눈에 들어왔다. 베링거인겔하임과 일라이 릴리.한국에서도 수없이,local,10,노바티스,,,0.6452918508349806,,7.0,6.452918508349806,3.1818181818181817,5.1444783777371565,False
2026-08-28,Reimbursement,2026-08-28 07:48:00,Naver News,https://www.medicopharma.co.kr/news/articleView.html?idxno=69315,"HLB 리라푸그라티닙, 美 허가 앞두고 中 경쟁약 추가…현지 진입 속도 중요",HLB가 글로벌 권리를 확보한 담관암 신약 리라푸그라티닙(lirafugratinib)의 미국 허가 결정을 한 달 앞두고 중국에서는 같은 FGFR2 융합·재배열 환자군을 겨냥한 경쟁약이 추가됐다. 미국 허가심사에는 직접적인 영향을 주지 않지만 글로벌 권리를.,[메디코파마뉴스=정재노 기자] HLB가 글로벌 권리를 확보한 담관암 신약 리라푸그라티닙(lirafugratinib)의 미국 허가 결정을 한 달 앞두고 중국에서는 같은 FGFR2 융합·재배열 환자군을 겨냥한 경쟁약이 추가됐다. 미국 허가심사에는 직접적인 영향을 주지 않지만 글로벌 권리를,local,2,보험등재,,,0.8529268244292141,,0.0,8.52926824429214,0.0,5.117560946575284,False
2026-08-28,Distribution,2026-08-28 08:40:00,Naver News,https://www.bosa.co.kr/news/articleView.html?idxno=3010970,파주 평화경제특구에 ‘10만평 의약·바이오 물류 거점’ 들어선다 - 의학신문,파주 평화경제특구 내에 10만 평 규모의 대형 의약·바이오 첨단 물류 거점이 전격 조성된다. 수도권 북부권을 아우르는 최대 규모의.,[의학신문·일간보사=김상일 기자]파주 평화경제특구 내에 10만 평 규모의 대형 의약·바이오 첨단 물류 거점이 전격 조성된다. 수도권 북부권을 아우르는 최대 규모의,local,10,콜드체인,,,0.5495998650966359,,10.0,5.495998650966359,4.545454545454545,5.115781008761633,False
2026-08-28,Product Approval,2026-08-28 13:48:00,Naver News,http://digitalchosun.dizzo.com/site/data/html_dir/2026/08/28/2026082880086.html,"美 MFN 약가 협약, 중견 바이오텍 확대 전망…국내 제약·바이오 영향은",블룸버그통신은 26일(현지 시간) 복수의 소식통을 인용해 트럼프 행정부가 여러 중견 바이오제약사와 새로운 약가 협약을 이르면 오는 31일 발표할 예정이라고 보도했다. 협약에 참여할 기업은 공개되지 않았다. 로이터통신도 해당 보도를 전하면서 내용을 즉시 독립적으로 확인하지는 못했다고 밝혔다. 블룸버그 보도에 따르면 협약에 참여하는 제약사는 주정부 메디케이드 프로그램에 외래 처방의약품을 공급할 때 주정부가 지급하는 가격을 해당 기업이 해외에서 받는 가격과 연동하게 된다.,"블룸버그통신은 26일(현지 시간) 복수의 소식통을 인용해 트럼프 행정부가 여러 중견 바이오제약사와 새로운 약가 협약을 이르면 오는 31일 발표할 예정이라고 보도했다. 협약에 참여할 기업은 공개되지 않았다. 로이터통신도 해당 보도를 전하면서 내용을 즉시 독립적으로 확인하지는 못했다고 밝혔다.
블룸버그 보도에 따르면 협약에 참여하는 제약사는 주정부 메디케이드 프로그램에 외래 처방의약품을 공급할 때 주정부가 지급하는 가격을 해당 기업이 해외에서 받는 가격과 연동하게 된다. 다만 각 주의 메디케이드 프로그램이 협약에 참여할지는 선택사항이다. 이에 따라 협약 체결만으로 미국 전체 주정부 메디케이드에 MFN 가격이 일괄 적용되는 구조는 아니다.
협약 기업은 미국 정부가 추진 중인 메디케어에서 유사한 약가 인하를 의무화하는 시범 사업에서 제외될 것으로 전해졌다. 일부 협상에서는 의약품 관세 완화도 논의되고 있는 것으로 알려졌다.
이번 협약이 현실화하면 미국 정부의 MFN 약가 협상 대상은 기존 대형 제약사에서 중견 바이오제약사로 확대된다. 트럼프 행정부는 지난해부터 화이자, 일라이 릴리, 암젠 등을 포함한 17개 대형 제약사와 자발적 MFN 약가 협약을 체결해 왔다.
중견 바이오텍들은 MFN 정책에 대한 우려를 제기해 왔다. 올해 초 미국 바이오텍 10곳이 결성한 ‘미국 중견 바이오테크 연합(Midsized Biotech Alliance of America·MBAA)’에는 한국바이오협회 바이오경제연구센터 집계 기준 이달 현재 13개사가 참여하고 있다.
이들 중견 바이오텍은 대형 제약사보다 판매 제품군이 적고 미충족 의료 수요를 겨냥한 신약 개발 등에 상당한 위험자본이 필요해 MFN 정책에 상대적으로 취약할 수 있다고 주장해 왔다.
MFN 협약의 범위가 앞으로 더 넓어질 가능성도 있다. 백악관은 지난 5월 발표한 MFN 약가 정책 보고서에서 향후 미국 내 단일공급 브랜드 의약품과 바이오의약품 제조사 대부분과 유사한 협약을 체결할 것으로 예상한다고 밝혔다. 이에 따라 미국에서 의약품을 직접 판매하거나 현지 사업을 확대하는 국내 제약·바이오 기업이 향후 협약 대상에 포함될지, 포함될 경우 가격 정책과 미국 사업에 어떤 영향을 받을지가 확인해야 할 부분으로 남는다.
다만 이번 중견 바이오제약사 협약의 참여 기업과 구체적인 적용 범위는 아직 공개되지 않아 국내 기업의 대상 여부나 실제 영향을 판단하기는 이르다. 백악관은 블룸버그에 추가 MFN 협상을 진전시키고 있다면서도 협약이나 관련 행사는 정부가 공식 발표하기 전까지 추측으로 봐야 한다고 밝혔다.",local,2,신약,,,0.6393544135776985,,7.0,6.393544135776985,3.1818181818181817,5.108853754193463,False
2026-08-28,Distribution,2026-08-25 17:12:00,Naver News,http://www.lawissue.co.kr/view.php?ud=202608251710019957204ead0791_12,"비알피커넥트, 제약 데이터 상품화·분석 플랫폼 구축 사례 소개",바로팜 자회사 비알피커넥트는 세일즈포스의 데이터·AI 컨퍼런스 ‘DataFam Seoul 2026’에서 제약산업 데이터를 분석 서비스로 구축한 사례를 발표했다고 20일 밝혔다.비알피커넥트는 이번 행사에서 바로팜이 보유한 제약·헬스케어 데이터를 고객이 활용할 수 있는 데이터 상품으로 구성.,바로팜 자회사 비알피커넥트는 세일즈포스의 데이터·AI 컨퍼런스 ‘DataFam Seoul 2026’에서 제약산업 데이터를 분석 서비스로 구축한 사례를 발표했다고 20일 밝혔다.비알피커넥트는 이번 행사에서 바로팜이 보유한 제약·헬스케어 데이터를 고객이 활용할 수 있는 데이터 상품으로 구성,local,10,바로팜,,,0.5465829427931685,,10.0,5.465829427931686,4.545454545454545,5.097679474940829,False
2026-08-28,Product Approval,2026-08-28 13:48:00,Naver News,https://www.mdtoday.co.kr/news/articleView.html?idxno=610075,"대원헬스, 피로 개선 건기식 ‘발효 돈태반킹’ 출시 - 메디컬투데이",대원제약의 건강기능식품 브랜드 대원헬스가 피로 개선 기능성을 인정받은 원료를 활용한 신제품을 선보인다.대원헬스는 개별인정형 건강.,[mdtoday = 차혜영 기자] 대원제약의 건강기능식품 브랜드 대원헬스가 피로 개선 기능성을 인정받은 원료를 활용한 신제품을 선보인다.대원헬스는 개별인정형 건강,local,2,신제품,,,0.5424929542214512,,10.0,5.424929542214512,4.545454545454545,5.073139543510525,False
2026-08-28,Product Approval,2026-08-28 13:30:00,Naver News,https://www.onews.tv/news/articleView.html?idxno=285749,동아제약 ‘아일로’부터 아모레 ‘한율’까지…산리오 캐릭터 입고 뷰티 영토 확장,"제약사와 뷰티 기업이 인기 캐릭터 IP(지식재산권)를 활용해 이너뷰티 및 스킨·헤어케어 시장 내 고객 접점을 넓히고 있다. 동아제약과 아모레퍼시픽은 산리오캐릭터즈와의 협업을 통해 각 사의 주요 브랜드 라인업에 캐릭터 디자인과 전용 굿즈를 적용한 한정판 기획 상품을 올리브영에서 선보인다고 28일 밝혔다.시나모롤, 쿠로미, 한교동, 포차코, 헬로키티 등 산리오의 주요 캐릭터들이 브랜드별로 일대일 매칭됐으며, 오는 30일부터 올리브영 전국 오프라인 매장과 온라인몰, 글로벌몰에서 판매를 시작한다.","(서울=열린뉴스통신) 박소연 기자 = 제약사와 뷰티 기업이 인기 캐릭터 IP(지식재산권)를 활용해 이너뷰티 및 스킨·헤어케어 시장 내 고객 접점을 넓히고 있다. 동아제약과 아모레퍼시픽은 산리오캐릭터즈와의 협업을 통해 각 사의 주요 브랜드 라인업에 캐릭터 디자인과 전용 굿즈를 적용한 한정판 기획 상품을 올리브영에서 선보인다고 28일 밝혔다.시나모롤, 쿠로미, 한교동, 포차코, 헬로키티 등 산리오의 주요 캐릭터들이 브랜드별로 일대일 매칭됐으며, 오는 30일부터 올리브영 전국 오프라인 매장과 온라인몰, 글로벌몰에서 판매를 시작한다. 동아",local,2,신제품,,,0.6322514881298983,,7.0,6.322514881298983,3.1818181818181817,5.066236201506662,False
2026-08-28,BD,2026-08-27 09:52:00,Naver News,https://www.koreahealthlog.com/news/articleView.html?idxno=58667,"[단독] ‘고작 1년 더’…소아크론병 경장식 지원, 정부 생색내기 논란","정부의 경장식(영양식) 지원 기간 제한으로 수많은 소아·청소년 크론병 환아와 가족들이 치료비 부담에 직면한 가운데, 최근 보건복지부가 내놓은 개선책이 생색내기용 임시방편에 불과하다는 비판이 제기되고 있다.보건복지부가 개혁신당 이주영 의원실에 제출한 '크론병 환자에 대한 지원 관련' 자료에 따르면, 정부는 현행 크론병 식이지원 지침의 주요 사항인 '1년 지원 제한'을 유지하되, 생물학적 제재를 사용 중임에도 효과가 없는 환아 등에 한해 진단서 제출을 거쳐 최대 1년만 추가 지원하는 방안을 검토 중이다.복지부는 또 소아크론병 환자들에.","정부의 경장식(영양식) 지원 기간 제한으로 수많은 소아·청소년 크론병 환아와 가족들이 치료비 부담에 직면한 가운데, 최근 보건복지부가 내놓은 개선책이 생색내기용 임시방편에 불과하다는 비판이 제기되고 있다.보건복지부가 개혁신당 이주영 의원실에 제출한 '크론병 환자에 대한 지원 관련' 자료에 따르면, 정부는 현행 크론병 식이지원 지침의 주요 사항인 '1년 지원 제한'을 유지하되, 생물학적 제재를 사용 중임에도 효과가 없는 환아 등에 한해 진단서 제출을 거쳐 최대 1년만 추가 지원하는 방안을 검토 중이다.복지부는 또 소아크론병 환자들에",local,10,생물학적제제,,,0.6251706515478702,,7.0,6.251706515478702,3.1818181818181817,5.023751182014494,False
2026-08-28,Client,2026-08-26 07:02:00,Naver News,https://bravo.etoday.co.kr/view/atc_view/19900,“알츠하이머 치료제 인슐린처럼”… 美서 집에서 맞는 ‘레켐비’ 출시,병원에서 정맥주사로 맞아야 했던 알츠하이머병 치료제를 당뇨 환자가 인슐린을 맞듯 집에서 주사할 수 있는 길이 열렸다.일본 에자이와.,(어도비 스톡)병원에서 정맥주사로 맞아야 했던 알츠하이머병 치료제를 당뇨 환자가 인슐린을 맞듯 집에서 주사할 수 있는 길이 열렸다.일본 에자이와,local,10,바이오젠,,,0.5268116731303059,,10.0,5.268116731303058,4.545454545454545,4.979051856963653,False
2026-08-28,Reimbursement,2026-08-28 12:10:00,Naver News,https://www.bosa.co.kr/news/articleView.html?idxno=3011011,"고신대복음병원, 중증소아 재택의료 시범사업 운영 홍보 - 의학신문",고신대학교복음병원(병원장 최종순)이 8월부터 운영을 시작한 ‘중증소아 재택의료 시범사업’ 알리기에 나섰다. 고신대복음병원은 27일.,[의학신문·일간보사=이균성 기자]고신대학교복음병원(병원장 최종순)이 8월부터 운영을 시작한 ‘중증소아 재택의료 시범사업’ 알리기에 나섰다. 고신대복음병원은 27일,local,2,급여,,,0.5554020940981675,,9.0,5.554020940981675,4.090909090909091,4.968776200952641,False
2026-08-28,BD,2026-08-25 18:16:00,Naver News,https://www.mdtoday.co.kr/news/articleView.html?idxno=609625,국내 제약바이오 기술수출 17조 돌파…조 단위 '빅딜' 잇따라 - 메디컬투데이,국내 제약바이오 기업들의 기술수출이 올해 들어 17조원을 넘어섰다. 25일 한국제약바이오협회에 따르면 올해 국내 제약바이오 기업.,[mdtoday = 김주성 기자] 국내 제약바이오 기업들의 기술수출이 올해 들어 17조원을 넘어섰다. 25일 한국제약바이오협회에 따르면 올해 국내 제약바이오 기업,local,10,바이오젠,,,0.6097725231924436,,7.0,6.097725231924436,3.1818181818181817,4.931362411881934,False
2026-08-28,Reimbursement,2026-08-26 06:12:00,Naver News,https://www.hitnews.co.kr/news/articleView.html?idxno=78634,핀테플라·베오바·브레즈트리 등 신약 내달 급여권 진입,"드라벳증후군 치료제 '핀테플라', 만성폐쇄성폐질환(COPD) 치료제 '브레즈트리', 미만성 거대 B세포 림프종(DLBCL) 치료제 '폴라이비', 과민성 방광 치료제 '베오바' 등 신약 4개 품목이 9월 건강보험 급여권에 진입한다.보건복지부 건강보험정책심의위원회는 이들 신약의 건강보험 급여 적용과 상한금액을 25일 의결했다. 핀테플라액의 표시 상한금액은 315만원, 브레즈트리에어로스피어흡입제는 5만2000원, 폴라이비주는 1308만5000원이다. 베오바정은 386원으로 결정됐다.","드라벳증후군 치료제 '핀테플라', 만성폐쇄성폐질환(COPD) 치료제 '브레즈트리', 미만성 거대 B세포 림프종(DLBCL) 치료제 '폴라이비', 과민성 방광 치료제 '베오바' 등 신약 4개 품목이 9월 건강보험 급여권에 진입한다.보건복지부 건강보험정책심의위원회는 이들 신약의 건강보험 급여 적용과 상한금액을 25일 의결했다. 핀테플라액의 표시 상한금액은 315만원, 브레즈트리에어로스피어흡입제는 5만2000원, 폴라이비주는 1308만5000원이다. 베오바정은 386원으로 결정됐다. 핀테플라는 별도 합의 상한금액을 적용하는 약가유연계약",local,2,보험등재,,,0.6048365272441557,,7.0,6.048365272441557,3.1818181818181817,4.901746436192207,False
2026-08-28,Client,2026-08-24 05:52:00,Naver News,https://www.kpanews.co.kr/news/articleView.html?idxno=541217,"한국메나리니, '엔잘엑스'로 항암 시장 출사표…Specialty Care 대전환 - 약사공론",140년 역사의 글로벌 제약그룹 메나리니의 한국법인 한국메나리니가 취임 3년 차를 맞은 배한준 대표의 지휘 아래 대대적인 체질 개선과 외형 확장에 나서고 있다.,140년 역사의 글로벌 제약그룹 메나리니의 한국법인 한국메나리니가 취임 3년 차를 맞은 배한준 대표의 지휘 아래 대대적인 체질 개선과 외형 확장에 나서고 있다.,local,10,메나리니,,,0.5968038494763295,,7.0,5.968038494763295,3.1818181818181817,4.85355036958525,False
2026-08-28,Client,2026-08-28 12:02:00,Naver News,https://www.hitnews.co.kr/news/articleView.html?idxno=78707,"임신중지약 허가 '새 국면'... 식약처 ""법제처 해석 적극 검토""","식품의약품안전처가 임신중지의약품 허가와 관련해 법제처 해석 등을 포함한 관계부처 논의에 들어갔다. 수년째 답보 상태인 임신중지의약품 허가를 둘러싼 법적 쟁점에 법제처가 해석을 내놓은 데 따른 후속 논의다. 현재 식약처 심사가 진행 중인 현대약품 '미프지미소'의 허가 향방에도 관심이 쏠린다.식약처 관계자는 27일 ""임신중지 의약품과 관련해 법제처 해석 등을 포함해 성평등부, 보건복지부 등 관계부처와 논의 중""이라며 ""정부 입장이 결정되면 추후에 밝히겠다""고 전했다.현재 식약처가 심사 중인 품목 가운데에는 현대약품의 미프지미소(미페프리.","식품의약품안전처가 임신중지의약품 허가와 관련해 법제처 해석 등을 포함한 관계부처 논의에 들어갔다. 수년째 답보 상태인 임신중지의약품 허가를 둘러싼 법적 쟁점에 법제처가 해석을 내놓은 데 따른 후속 논의다. 현재 식약처 심사가 진행 중인 현대약품 '미프지미소'의 허가 향방에도 관심이 쏠린다.식약처 관계자는 27일 ""임신중지 의약품과 관련해 법제처 해석 등을 포함해 성평등부, 보건복지부 등 관계부처와 논의 중""이라며 ""정부 입장이 결정되면 추후에 밝히겠다""고 전했다.현재 식약처가 심사 중인 품목 가운데에는 현대약품의 미프지미소(미페프리",local,10,현대약품,,,0.5815639779472013,,7.0,5.815639779472013,3.1818181818181817,4.762111140410481,False
2026-08-28,Client,2026-08-21 08:18:00,Naver News,https://www.medipana.com/news/articleView.html?idxno=416325,"FDA, '몸속에 두 번째 뼈' 생기는 희귀질환 치료제 승인 - 메디파나뉴스","미국 식품의약국(FDA)이 근육과 인대 등 연조직에 뼈가 생기면서 신체 움직임을 제한하는 초희귀질환의 새로운 치료제를 승인했다. 미국 바이오제약기업 리제네론 파마슈티컬스(Regeneron Pharmaceuticals)는 FDA가 '파사트루(Pasatru, 성분명 garetosmab-grts)'를 성인 진행성 골화성 섬유형성이상(FOP) 치료제로 승인했다고.","미국 식품의약국(FDA)이 근육과 인대 등 연조직에 뼈가 생기면서 신체 움직임을 제한하는 초희귀질환의 새로운 치료제를 승인했다. 미국 바이오제약기업 리제네론 파마슈티컬스(Regeneron Pharmaceuticals)는 FDA가 '파사트루(Pasatru, 성분명 garetosmab-grts)'를 성인 진행성 골화성 섬유형성이상(FOP) 치료제로 승인했다고",local,10,입센,,,0.5758742308976474,,7.0,5.758742308976474,3.1818181818181817,4.727972658113157,False
2026-08-28,Client,2026-08-28 13:36:00,Naver News,http://www.inews24.com/view/1999340,"노보 노디스크, 위고비 이을 차세대 비만 신약 韓 임상 3상 돌입",GLP-1·아밀린 동시 자극 이중 작용제⋯'위고비' 이을 차세대로 꼽혀 노보 노디스크가 '위고비'를 이을 차세대 비만 치료제로 개발 중인 '제나감티드'의 국내 임상 3상에 돌입한다. 28일 업계에 따르면 노보는 지난 26일 식품의약품안전처로부터 과체중 또는 비만인 아시아 성인을 대상으로 제나감티드의 유효성과 안전성을 평가하는 임상 3상 시험계획(IND)을 승인받았다.,GLP-1&middot;아밀린 동시 자극 이중 작용제⋯'위고비' 이을 차세대로 꼽혀 노보 노디스크가 '위고비'를 이을 차세대 비만 치료제로 개발 중인 '제나감티드'의 국내 임상 3상에 돌입한다. 28일 업계에 따르면 노보는 지난 26일 식품의약품안전처로부터 과체중 또는 비만인 아시아 성인을 대상으로 제나감티드의 유효성과 안전성을 평가하는 임상 3상 시험계획(IND)을 승인받았다.,local,10,용량,,,0.783919453947167,,0.0,7.83919453947167,0.0,4.703516723683002,False
2026-08-28,Client,2026-08-27 06:06:00,Naver News,https://www.medipana.com/news/articleView.html?idxno=416596,"""탈모 치료는 장기전…모발이식 후에도 '프로페시아' 관리 필요"" - 메디파나뉴스","""﻿남성형 탈모가 의심된다면 모발과 두피의 변화를 주의 깊게 살펴보고, 초기에 전문가의 진단을 받아 약물치료 등 필요한 치료를 시작하는 것이 좋다. 가족력이 있거나 탈모로 인한 외모 변화를 우려한다면 증상이 뚜렷해질 때까지 기다리기보다 가능한 빨리 병원을 방문해 조기에 진료를 받는 것이 바람직하다."" 정재헌 모건피부과 원장은 최근 메디파나뉴스와 만난 자리에.","""﻿남성형 탈모가 의심된다면 모발과 두피의 변화를 주의 깊게 살펴보고, 초기에 전문가의 진단을 받아 약물치료 등 필요한 치료를 시작하는 것이 좋다. 가족력이 있거나 탈모로 인한 외모 변화를 우려한다면 증상이 뚜렷해질 때까지 기다리기보다 가능한 빨리 병원을 방문해 조기에 진료를 받는 것이 바람직하다."" 정재헌 모건피부과 원장은 최근 메디파나뉴스와 만난 자리에",local,10,오가논,,,0.558537482043803,,7.0,5.58537482043803,3.1818181818181817,4.623952164990091,False
2026-08-28,Reimbursement,2026-08-28 13:06:00,Naver News,https://www.naeil.com/news/read/600390?ref=naver,"미 FDA, 췌장암 치료제 ‘라손큐’ 승인","췌장암은 조기 발견이 어렵고 전이 뒤 치료 선택지가 제한돼 대표적인 난치암으로 꼽힌다. 미국 식품의약국(FDA)이 26일(현지시간) 광범위 RAS 표적치료제 ‘다락손라시브’를 승인하면서 치료 지형에 변화가 시작됐다. 임상 3상에서 기존 항암화학요법보다 전체생존기간 중앙값을 6.7개월에서 13.2개월로 늘렸다. 하지만 ‘완치’와는 거리가 있고 월 3만9800달러에 이르는 가격과 부작용 관리, 국내 허가·급여가 과제다.","췌장암은 조기 발견이 어렵고 전이 뒤 치료 선택지가 제한돼 대표적인 난치암으로 꼽힌다. 미국 식품의약국(FDA)이 26일(현지시간) 광범위 RAS 표적치료제 ‘다락손라시브’를 승인하면서 치료 지형에 변화가 시작됐다. 임상 3상에서 기존 항암화학요법보다 전체생존기간 중앙값을 6.7개월에서 13.2개월로 늘렸다. 하지만 ‘완치’와는 거리가 있고 월 3만9800달러에 이르는 가격과 부작용 관리, 국내 허가·급여가 과제다. 레볼루션 메디신스의 경구용 항암제 라손큐(Rasonque·성분명 다락손라시브)의 대상은 한 차례 이상 전신치료를 받았거나 다제 병용 전신치료를 받기 어려운 환자다. 모든 췌장암 환자에게 곧바로 쓰는 1차 치료제나 수술 가능한 초기암의 완치 치료제가 아니다. 다락손라시브는 암세포 증식을 이끄는 ‘RAS 단백질’이 활성화된 상태를 억제하는 다중 선택적 저해제다. 췌관선암의 90% 이상에서 RAS 경로 이상이 관찰된다. 하지만 RAS 단백질은 표면에 약물이 결합할 만한",local,2,급여,,,0.5580825139967652,,7.0,5.5808251399676525,3.1818181818181817,4.6212223567078645,False
2026-08-28,Distribution,2026-08-28 09:29:00,Naver News,https://view.asiae.co.kr/article/2026082809293160448,"지오영, 인천계양소방서와 물류센터 화재 안전점검",의약품유통기업 지오영은 지난 26일 인천 계양구 효성동 인천센터에서 인천계양소방서와 합동으로 소방서장 현장확인 및 현지적응훈련을 진행했다고 28일 밝혔다.,의약품유통기업 지오영은 지난 26일 인천 계양구 효성동 인천센터에서 인천계양소방서와 합동으로 소방서장 현장확인 및 현지적응훈련을 진행했다고 28일 밝혔다.,local,10,지오영,,,0.2936641732851504,,15.0,2.9366417328515038,6.8181818181818175,4.489257766983629,False
2026-08-28,Client,2026-08-28 10:10:00,Naver News,https://www.greened.kr/news/articleView.html?idxno=348632,[리테일 트렌드] ‚위고비・마운자로 효과'? — 패션업계 빅사이즈 없애기 성공할까?,"전 세계에서 과체중 인구가 가장 많은 미국와 영국의 패션 어패럴 시장에서 이른바 ‚플러스 사이즈(plus size)‘로 불리는 빅사이즈 기성복이 점점 찾아보기 어려워지고 있다.8월 26일 자 블룸버그 통신은 스웨덴 본사의 다국적 글로벌 SPA 기업 H&M이 올해 2026년 추동 시즌 여성복 컬렉션부터 3XL 및 4XL의 플러스 사이즈 의류 판매를 중단하기로 했다고 보도했다.오젬픽(Ozempic), 위고비(Wegovy), 마운자로(Mounjaro), 젭바운드(Zepbound) 등의 제약품 명으.","[녹색경제신문 = 박진아 유럽 주재기자] 전 세계에서 과체중 인구가 가장 많은 미국와 영국의 패션 어패럴 시장에서 이른바 ‚플러스 사이즈(plus size)‘로 불리는 빅사이즈 기성복이 점점 찾아보기 어려워지고 있다.8월 26일 자 블룸버그 통신은 스웨덴 본사의 다국적 글로벌 SPA 기업 H&M이 올해 2026년 추동 시즌 여성복 컬렉션부터 3XL 및 4XL의 플러스 사이즈 의류 판매를 중단하기로 했다고 보도했다.오젬픽(Ozempic), 위고비(Wegovy), 마운자로(Mounjaro), 젭바운드(Zepbound) 등의 제약품 명으",local,10,위고비,,,0.6069412581517377,,4.0,6.069412581517377,1.8181818181818183,4.368920276183154,False
2026-08-28,BD,2026-08-28 06:00:00,Naver News,https://daily.hankooki.com/news/articleView.html?idxno=1400036,"국내 판권 넘어 글로벌 권리까지…K바이오, 기술도입 보폭 넓힌다","국내 제약·바이오기업의 기술도입 전략이 다변화되고 있다. 국내 판권 확보나 국내 바이오벤처 후보물질 도입에 더해 해외 자산의 글로벌 개발·상업화 권리를 직접 확보하는 사례도 늘고 있다. 글로벌 임상과 인허가 경험을 쌓고 해외 판매망까지 구축하면서 외부에서 도입한 자산을 세계 시장에 내놓을 수 있는 역량을 갖추게 된 결과로 풀이된다.◇글로벌 권리 확대…SK바이오팜, 후기임상까지28일 업계에 따르면 SK바이오팜은 미국 바이오기업 바이오헤이븐으로부터 뇌전증 신약 후보물질 ‘오파칼림’을 도입하는 계약을 체결했다.","[데일리한국 최성수 기자] 국내 제약·바이오기업의 기술도입 전략이 다변화되고 있다. 국내 판권 확보나 국내 바이오벤처 후보물질 도입에 더해 해외 자산의 글로벌 개발·상업화 권리를 직접 확보하는 사례도 늘고 있다. 글로벌 임상과 인허가 경험을 쌓고 해외 판매망까지 구축하면서 외부에서 도입한 자산을 세계 시장에 내놓을 수 있는 역량을 갖추게 된 결과로 풀이된다.◇글로벌 권리 확대…SK바이오팜, 후기임상까지28일 업계에 따르면 SK바이오팜은 미국 바이오기업 바이오헤이븐으로부터 뇌전증 신약 후보물질 ‘오파칼림’을 도입하는 계약을 체결했다.",local,10,판권,,,0.48279536031634046,,8.0,4.8279536031634045,3.6363636363636367,4.351317616443497,False
2026-08-28,BD,2026-08-28 10:10:00,Naver News,https://www.mhns.co.kr/news/articleView.html?idxno=758090,수십조 인수 나선 글로벌… 한국 바이오는 '희귀병' 승부,"글로벌 제약·바이오 업계의 신약 개발 전략이 극명하게 갈리고 있다. 막대한 현금 동원력을 갖춘 다국적 대형 제약사들이 수십조 원대 인수합병(M&A)으로 미래 원천기술을 대거 흡수하는 반면, 국내 제약사들은 신속한 허가와 시장 독점이 유리한 '희귀난치성 질환' 치료제 개발에 역량을 집중.","글로벌 제약·바이오 업계의 신약 개발 전략이 극명하게 갈리고 있다. 막대한 현금 동원력을 갖춘 다국적 대형 제약사들이 수십조 원대 인수합병(M&A)으로 미래 원천기술을 대거 흡수하는 반면, 국내 제약사들은 신속한 허가와 시장 독점이 유리한 '희귀난치성 질환' 치료제 개발에 역량을 집중",local,10,릴리,,,0.4454717787185551,,9.0,4.454717787185551,4.090909090909091,4.309194308674967,False
2026-08-28,Client,2026-08-27 07:06:00,Naver News,https://www.medicopharma.co.kr/news/articleView.html?idxno=69285,"삼천당제약, 비젠프리 다음은 8㎎…고용량 독립 개발과제로 구체화",삼천당제약이 아일리아 바이오시밀러 비젠프리(SCD411)의 개발축을 고용량 8㎎까지 확대하고 있다. 기존 2㎎ 제품의 글로벌 허가와 판매를 진행하는 동시에 후속 고용량 제품을 별도 프로젝트로 분리하면서 차기 시장 대응에 나섰다.바이오시밀러 연구과제 단일.,[메디코파마뉴스=정재노 기자] 삼천당제약이 아일리아 바이오시밀러 비젠프리(SCD411)의 개발축을 고용량 8㎎까지 확대하고 있다. 기존 2㎎ 제품의 글로벌 허가와 판매를 진행하는 동시에 후속 고용량 제품을 별도 프로젝트로 분리하면서 차기 시장 대응에 나섰다.바이오시밀러 연구과제 단일,local,10,리제네론,,,0.5048470997804572,,7.0,5.048470997804571,3.1818181818181817,4.301809871410016,False
2026-08-28,BD,2026-08-27 07:08:00,Naver News,https://www.newsway.co.kr/news/view?ud=2026082615102865543,"빅파마 'M&A·기술도입' 열풍…K-바이오, 5년 저평가 늪 탈출할까[In Dept...","파트너십 대상은 로슈(Roche), 제넨텍(Genentech), 일라이 릴리(Eli Lilly), GSK, 아스트라제네카(AstraZeneca)... 테사로·GSK(2억8500만달러), 바이오젠(5억7900만달러)에 이어 최근 비공개 파트너사와 3억6500만달러 규모의 추가... ","파트너십 대상은 로슈(Roche), 제넨텍(Genentech), 일라이 릴리(Eli Lilly), GSK, 아스트라제네카(AstraZeneca)... 테사로·GSK(2억8500만달러), 바이오젠(5억7900만달러)에 이어 최근 비공개 파트너사와 3억6500만달러 규모의 추가... ",local,10,GSK,,,0.352817285853661,,12.0,3.5281728585366103,5.454545454545454,4.2987218969401475,False
2026-08-28,BD,2026-08-28 13:22:00,Naver News,http://www.press9.kr/news/articleView.html?idxno=81798,"차바이오텍 계열 SMG, 싱가포르 영상의학 3개사 매각…여성·난임 사업 집중","차바이오텍 계열 싱가포르 메디컬 그룹(Singapore Medical Group·SMG)이 싱가포르 영상의학 사업을 매각했다. 호주 난임 전문기업 시티 퍼틸리티(City Fertility)를 SMG 산하로 편입하고 현지 여성의학 법인에 ‘CHA’ 브랜드를 적용한 데 이어 영상의학 자산을 정리하면서 여성의학과 난임치료 사업에 무게를 싣고 있다.28일 싱가포르 현지 자료 등에 따르면 SMG는 지난 6월11일 노베나 래디올로지(Novena Radiology), 라이프스캔 이미징(Lifescan Imaging), 파러파크 래.","[프레스나인] 차바이오텍 계열 싱가포르 메디컬 그룹(Singapore Medical Group·SMG)이 싱가포르 영상의학 사업을 매각했다. 호주 난임 전문기업 시티 퍼틸리티(City Fertility)를 SMG 산하로 편입하고 현지 여성의학 법인에 ‘CHA’ 브랜드를 적용한 데 이어 영상의학 자산을 정리하면서 여성의학과 난임치료 사업에 무게를 싣고 있다.28일 싱가포르 현지 자료 등에 따르면 SMG는 지난 6월11일 노베나 래디올로지(Novena Radiology), 라이프스캔 이미징(Lifescan Imaging), 파러파크 래",local,10,인수,,,0.43469937252279595,,9.0,4.34699372522796,4.090909090909091,4.244559871500412,False
2026-08-28,BD,2026-08-28 13:44:00,Naver News,https://www.tokenpost.kr/news/cryptocurrency/399551,"66% 오른 에스피엑스6900, 미결제약정 엇갈렸다 - TokenPost",에스피엑스6900(SPX)이 8월 19~26일 코인로어(CoinLore) 종가 기준 66.6% 상승하며 현물과 파생시장에서 거래 관심을 키웠다. 다만 미결제약정(OI)과 현재가는 집계처마다 차이가 커 단일 수치만으로 시장 흐름을 단정하기는...,에스피엑스6900(SPX)이 8월 19~26일 코인로어(CoinLore) 종가 기준 66.6% 상승하며 현물과 파생시장에서 거래 관심을 키웠다. 다만 미결제약정(OI)과 현재가는 집계처마다 차이가 커 단일 수치만으로 시장 흐름을 단정하기는...,local,10,파트너십,,,0.4019195404735694,,10.0,4.019195404735695,4.545454545454545,4.229699061023235,False
2026-08-28,Supply Issues,2026-08-26 18:40:00,Naver News,https://www.pharmnews.com/news/articleView.html?idxno=305867,"서울시약사회, 전현희 의원에 국회 계류 약사 현안 법률안 입법 촉구서 전달 - 팜뉴스",서울특별시약사회는 지난 18일 국회를 방문해 더불어민주당 전현희 의원(서울 중구·성동구갑)에게 '국회 계류 약사 현안 관련 법률안 입법촉구.,[팜뉴스=김응민 기자] 서울특별시약사회는 지난 18일 국회를 방문해 더불어민주당 전현희 의원(서울 중구·성동구갑)에게 '국회 계류 약사 현안 관련 법률안 입법촉구,local,2,품절,,,0.5389076631900777,,5.0,5.389076631900776,2.2727272727272725,4.1425368882313744,False
2026-08-28,Client,2026-08-28 07:42:00,Naver News,https://www.sedaily.com/article/20084114?ref=naver,난공불락 췌장암…40년 만에 ‘표적치료’ 길 열렸다,미국 식품의약국(FDA)이 범(汎)-RAS(Pan-RAS) 변이를 억제하는 췌장암 치료제를 승인했다. 단일 변이가 아닌 다양한 RAS 변이를 동시에 억제하는 치료제가 허가된 것은 이번이 처음이다. RAS 변이는 폐암·췌장암·대장암 등 주요 난치암의 발병에 관여하는 만큼.,미국 식품의약국(FDA)이 범(汎)-RAS(Pan-RAS) 변이를 억제하는 췌장암 치료제를 승인했다. 단일 변이가 아닌 다양한 RAS 변이를 동시에 억제하는 치료제가 허가된 것은 이번이 처음이다. RAS 변이는 폐암·췌장암·대장암 등 주요 난치암의 발병에 관여하는 만큼,local,10,암젠,,,0.47704131930975585,,7.0,4.770413193097559,3.1818181818181817,4.134975188585808,False
2026-08-28,Client,2026-08-28 06:02:00,Naver News,https://www.yakup.com/news/index.html?mode=view&cat=12&nid=331683,[약업신문][제약 AI 대전환 ⑥] 데모버전 넘어 업무 완결성으로… 성공적인 제약 AI PoC 조건은?,"- 1~2편: 단순 챗봇 도입의 한계와 환각 리스크, GxP 규제 충돌 등 제약 현장이 직면한 현실적 장벽 진단- 3편: 글로벌 선도 제약사들의 성공 방정식인 ‘엔드투엔드(End-...","[제약 AI 대전환 시리즈 1~5편 핵심 요약]- 1~2편: 단순 챗봇 도입의 한계와 환각 리스크, GxP 규제 충돌 등 제약 현장이 직면한 현실적 장벽 진단- 3편: 글로벌 선도 제약사들의 성공 방정식인 ‘엔드투엔드(End-...",local,10,아스트라제네카,,,0.38249809830840126,,10.0,3.8249809830840125,4.545454545454545,4.113170408032225,False
2026-08-28,Distribution,2026-08-26 16:20:00,Naver News,https://m.skyedaily.com/news_view.html?ID=310488,“바이오 시장으로 투자 몰릴 것”… CPHI 2026 개막,“우리나라 제약·바이오의 앞날이 창창하다는 확신이 들었다” 25일 서울시 강남구 코엑스에서 막을 올린 ‘CPHI/H...,“우리나라 제약·바이오의 앞날이 창창하다는 확신이 들었다” 25일 서울시 강남구 코엑스에서 막을 올린 ‘CPHI/H...,local,10,DKSH,,,0.38227765434455285,,10.0,3.8227765434455288,4.545454545454545,4.111847744249135,False
2026-08-28,Reimbursement,2026-08-28 12:40:00,Naver News,https://www.medipana.com/news/articleView.html?idxno=416711,"政, 직원 리베이트에 '혁신형 제약' 재심의 확고…감경 여지 주목 - 메디파나뉴스","제약사가 무혐의 처분을 받았더라도 소속 직원 불법 리베이트가 확인됐다면, 혁신형 제약기업 자격을 다시 심사해야 한다는 정부 방침이 재확인됐다. 다만 실질적 귀책 여부, 사전 예방과 사후 개선 노력 등을 감경 요소로 활용해야 한다는 의견에 대해선 논의 가능성이 점쳐진다. 복지부, 리베이트 인증취소 '과잉 제재' 논란 일축 28일 보건복지부가 국회에 제출한 서.","제약사가 무혐의 처분을 받았더라도 소속 직원 불법 리베이트가 확인됐다면, 혁신형 제약기업 자격을 다시 심사해야 한다는 정부 방침이 재확인됐다. 다만 실질적 귀책 여부, 사전 예방과 사후 개선 노력 등을 감경 요소로 활용해야 한다는 의견에 대해선 논의 가능성이 점쳐진다. 복지부, 리베이트 인증취소 '과잉 제재' 논란 일축 28일 보건복지부가 국회에 제출한 서",local,2,약가,,,0.4925128030131379,,6.0,4.925128030131379,2.727272727272727,4.045985908987918,False
2026-08-28,Product Approval,2026-08-28 13:34:00,Naver News,https://www.asiatoday.co.kr/kn/view.php?key=20260828010009814,췌장암 신약 등장…국내 제약·의료계도 치료 한계 뚫는다,수년간 기대를 모아온 췌장암 영역에서 혁신 신약이 등장했다. 높은 개발 난이도를 뚫어내기 위한 국내·외 제약·바이오 업계와 의료 현장의 도전에 관심이 집중되고 있다.28일 업계에 따르면 미국 식품의약국(FDA)은 미국 바이오 기업 레볼루션 메디슨스가 개발한 췌장선암..,수년간 기대를 모아온 췌장암 영역에서 혁신 신약이 등장했다. 높은 개발 난이도를 뚫어내기 위한 국내·외 제약·바이오 업계와 의료 현장의 도전에 관심이 집중되고 있다.28일 업계에 따르면 미국 식품의약국(FDA)은 미국 바이오 기업 레볼루션 메디슨스가 개발한 췌장선암..,local,2,적응증,,,0.44687941897486866,,7.0,4.468794189748687,3.1818181818181817,3.954003786576485,False
2026-08-28,Distribution,2026-08-25 16:16:00,Naver News,https://www.shinailbo.co.kr/news/articleView.html?idxno=5054775,"심평원 울산경남본부, 마산종합사회복지관 등 14곳에 폐의약품 수거함 설치 - 신아일보",건강보험심사평가원(이하 심평원) 울산경남본부는 마산시니어클럽과 25일 경남 창원시 심평원 울산경남본부에서 폐의약품 안심처리사업 업무협약을 맺었다고 밝혔다.심평원.,건강보험심사평가원(이하 심평원) 울산경남본부는 마산시니어클럽과 25일 경남 창원시 심평원 울산경남본부에서 폐의약품 안심처리사업 업무협약을 맺었다고 밝혔다.심평원,local,10,용마,,,0.35330913240596257,,10.0,3.5330913240596256,4.545454545454545,3.9380366126175934,False
2026-08-28,Client,2026-08-28 08:22:00,Naver News,https://www.medipana.com/news/articleView.html?idxno=416677,"FDA, 온난 자가면역 용혈성 빈혈 첫 치료제 '이마비' 승인 - 메디파나뉴스","미국에서 온난 자가면역 용혈성 빈혈 환자를 위한 최초의 허가 치료제가 등장했다. 기존에는 코르티코스테로이드와 면역억제제 등에 의존해 왔지만, 질환 발생에 관여하는 병원성 항체를 직접 줄이는 표적치료 선택지가 마련됐다. 미국 식품의약국(FDA)은 25일(현지 시각) 얀센 바이오텍의 '이마비(Imaavy, 성분명 니포칼리맙-aahu)'를 온난 자가면역 용혈성.","미국에서 온난 자가면역 용혈성 빈혈 환자를 위한 최초의 허가 치료제가 등장했다. 기존에는 코르티코스테로이드와 면역억제제 등에 의존해 왔지만, 질환 발생에 관여하는 병원성 항체를 직접 줄이는 표적치료 선택지가 마련됐다. 미국 식품의약국(FDA)은 25일(현지 시각) 얀센 바이오텍의 '이마비(Imaavy, 성분명 니포칼리맙-aahu)'를 온난 자가면역 용혈성",local,10,얀센,,,0.4440619148248232,,7.0,4.440619148248232,3.1818181818181817,3.9370987616762116,False
2026-08-28,Client,2026-08-28 08:06:00,Naver News,https://www.medipana.com/news/articleView.html?idxno=416675,"FDA, 자니다타맙·티슬렐리주맙 위암 1차치료 승인 - 메디파나뉴스","HER2 양성 진행성 위암 치료에 이중특이항체와 면역관문억제제를 결합한 새로운 1차 병용요법이 등장했다. 미국 식품의약국(FDA)은 25일(현지 시간) 재즈 파마슈티컬스의 '자히라(Ziihera, 성분명 자니다타맙)'와 비원 메디슨의 '테빔브라(Tevimbra, 티슬렐리주맙)', 항암화학요법 병용요법을 HER2 양성 진행성 위암 등의 1차치료제로 승인했다고.","HER2 양성 진행성 위암 치료에 이중특이항체와 면역관문억제제를 결합한 새로운 1차 병용요법이 등장했다. 미국 식품의약국(FDA)은 25일(현지 시간) 재즈 파마슈티컬스의 '자히라(Ziihera, 성분명 자니다타맙)'와 비원 메디슨의 '테빔브라(Tevimbra, 티슬렐리주맙)', 항암화학요법 병용요법을 HER2 양성 진행성 위암 등의 1차치료제로 승인했다고",local,10,로슈,,,0.44335359888424547,,7.0,4.433535988842455,3.1818181818181817,3.932848866032746,False
2026-08-28,Client,2026-08-27 16:00:00,Naver News,https://www.pinpointnews.co.kr/news/articleView.html?idxno=481165,"보험 웰에이징, ‘노화 치료’보다 ‘노화 측정’ 먼저 온다","보험사의 웰에이징 헬스케어에 가장 먼저 들어올 기술은 노화를 되돌리는 치료제가 아니라 DNA 변화로 ‘생물학적 나이’를 재는 후성유전체 검사라는 전망이 나왔다. CRISPR 기반 액체생검과 미세잔존질환(MRD) 모니터링은 장기간 검증이 필요하지만, 노화 정도를 측정해 운동·영양·생활습관 관리를 돕는 기술은 이미 상용화 문턱을 넘고 있어서다. 보험의 역할도 사후 치료비 지급에서 가입자의 노화 속도를 측정하고 늦추는 관리 서비스로 넓어질 수 있다는 분석이다.27일 서울 영등포구 보험연구원에서 열린 제72회 산학세미나 ‘노화를 치료하는.","보험사의 웰에이징 헬스케어에 가장 먼저 들어올 기술은 노화를 되돌리는 치료제가 아니라 DNA 변화로 ‘생물학적 나이’를 재는 후성유전체 검사라는 전망이 나왔다. CRISPR 기반 액체생검과 미세잔존질환(MRD) 모니터링은 장기간 검증이 필요하지만, 노화 정도를 측정해 운동·영양·생활습관 관리를 돕는 기술은 이미 상용화 문턱을 넘고 있어서다. 보험의 역할도 사후 치료비 지급에서 가입자의 노화 속도를 측정하고 늦추는 관리 서비스로 넓어질 수 있다는 분석이다.27일 서울 영등포구 보험연구원에서 열린 제72회 산학세미나 ‘노화를 치료하는",local,10,노바티스,,,0.44302983462299594,,7.0,4.430298346229959,3.1818181818181817,3.9309062804652477,False
2026-08-28,Distribution,2026-08-28 10:07:00,Naver News,https://www.yna.co.kr/view/AKR20260828023600017?input=1195m,"[바이오스냅] 식약처, 국립중앙박물관서 '건강한 조리법' 알려","지오영, 소방당국과 물류센터 안전점검 딥노이드 딥뉴로 브레인세그, 인허가 절차 완료... ▲ 지오영은 지난 26일 인천센터에서 인천계양소방서와 함께 현지 적응 훈련을 진행했다고 28일 밝혔다. 훈련은 화재 상황을... ","지오영, 소방당국과 물류센터 안전점검 딥노이드 딥뉴로 브레인세그, 인허가 절차 완료... ▲ 지오영은 지난 26일 인천센터에서 인천계양소방서와 함께 현지 적응 훈련을 진행했다고 28일 밝혔다. 훈련은 화재 상황을... ",local,10,지오영,,,0.28325923277022425,,12.0,2.8325923277022422,5.454545454545454,3.881373578439527,False
2026-08-28,Client,2026-08-28 06:46:00,Naver News,https://www.pinpointnews.co.kr/news/articleView.html?idxno=481314,"파마리서치, 의료기기 브랜드평판 1위…리가켐바이오·클래시스 2·3위","파마리서치가 8월 의료기기 상장기업 브랜드평판에서 1위를 차지했다. 리가켐바이오와 클래시스가 뒤를 이은 가운데 의료기기 상장기업 전체 브랜드 빅데이터는 한 달 전보다 8% 넘게 감소했다.한국기업평판연구소는 28일 의료기기 상장기업 57개 브랜드를 대상으로 브랜드평판을 분석한 결과 파마리서치, 리가켐바이오, 클래시스 순으로 나타났다고 밝혔다.이번 조사는 지난달 28일부터 이달 28일까지 의료기기 상장기업 브랜드 빅데이터 2191만9777개를 분석해 이뤄졌다. 지난 7월 2394만7060개와 비교하면 8.47% 감소했다.브랜드평판지수는.","파마리서치가 8월 의료기기 상장기업 브랜드평판에서 1위를 차지했다. 리가켐바이오와 클래시스가 뒤를 이은 가운데 의료기기 상장기업 전체 브랜드 빅데이터는 한 달 전보다 8% 넘게 감소했다.한국기업평판연구소는 28일 의료기기 상장기업 57개 브랜드를 대상으로 브랜드평판을 분석한 결과 파마리서치, 리가켐바이오, 클래시스 순으로 나타났다고 밝혔다.이번 조사는 지난달 28일부터 이달 28일까지 의료기기 상장기업 브랜드 빅데이터 2191만9777개를 분석해 이뤄졌다. 지난 7월 2394만7060개와 비교하면 8.47% 감소했다.브랜드평판지수는",local,10,한독,,,0.42908071724792285,,7.0,4.290807172479228,3.1818181818181817,3.84721157621481,False
2026-08-28,Client,2026-08-25 08:32:00,Naver News,https://www.edaily.co.kr/News/Read?newsId=02597766645550928&mediaCodeNo=257&utm_source=naver&utm_medium=referral&utm_campaign=news_syndication&utm_content=original_article,"내년 IPO 나서는 웰트...강성지 대표 “LLM 공세, 답은 환자 데이터, 클리니컬 스마트로 새 판 짤 것”","""이제는 제품을 만드는 시대가 아니라 지능을 만드는 시대로 가고 있다. 구글을 비롯한 글로벌 빅테크 기업들의 거대언어모델(LLM) 공세가 거세지만, 웰트는 실제 처방 현장에서...","이 기사는 2026년08월12일 08시15분에 팜이데일리 프리미엄 콘텐츠로 선공개 되었습니다. ""이제는 제품을 만드는 시대가 아니라 지능을 만드는 시대로 가고 있다. 구글을 비롯한 글로벌 빅테크 기업들의 거대언어모델(LLM) 공세가 거세지만, 웰트는 실제 처방 현장에서...",local,10,한독,,,0.42029560114206455,,7.0,4.202956011420645,3.1818181818181817,3.79450087957966,False
2026-08-28,BD,2026-08-28 11:36:00,Naver News,https://www.newsquest.co.kr/news/articleView.html?idxno=272500,"“SK바이오팜 1조짜리 승부수, 엑스코프리 다음은?…‘오파칼림’으로 뇌전증 왕좌 굳힌다”","SK바이오팜이 바이오헤이븐으로부터 뇌전증 신약 후보 물질인 오파칼림(Opakalim BHV-7000)을 도입하는 계약을 지난 26일 체결했다. Opakalim은 칼륨 채널(Kv7)을 선택적으로 활성화하는 물질로, 현재 pivotal 임상2/3(RISE-2: NCT06132893, RISE-3: NCT06309966) 시험이 진행 중이다. RISE-3 임상은 환자 등록을 마친 상태이며, Biohaven이 올해 8월에 공개한 자료에 따르면 올해 하반기 75㎎(고용량) 투약군의 탑라인 결과 발표가 예정돼 있다.","【뉴스퀘스트=장원수 기자】SK바이오팜이 바이오헤이븐으로부터 뇌전증 신약 후보 물질인 오파칼림(Opakalim BHV-7000)을 도입하는 계약을 지난 26일 체결했다. Opakalim은 칼륨 채널(Kv7)을 선택적으로 활성화하는 물질로, 현재 pivotal 임상2/3(RISE-2: NCT06132893, RISE-3: NCT06309966) 시험이 진행 중이다. RISE-3 임상은 환자 등록을 마친 상태이며, Biohaven이 올해 8월에 공개한 자료에 따르면 올해 하반기 75㎎(고용량) 투약군의 탑라인 결과 발표가 예정돼 있다.",local,10,제형,,,0.38748462336052764,,8.0,3.8748462336052762,3.6363636363636367,3.77945319470862,False
2026-08-28,BD,2026-08-28 13:45:00,Naver News,https://www.imaeil.com/page/view/2026082809281171413,경북 칠곡 왜관병원 응급실…'아르바이트 공중보건의사 고용 의혹',"경북 칠곡군 왜관병원이 계약기간을 5개월 앞당겨 지난 7월 31일 응급실 문을 닫아 계약위반 논란을 빚은 데 이어(매일신문 7월 23일·8월 19일자 보도) 응급실 아르바이트 공중보건의사를 고용했다는 의혹이 제기돼 철저한 조사가 필요할 것으로 보인다. 27일 매일신문이 입수한 자료에 따르면 왜관병원이 응급실 당직의사로 절반 이상 아르바이트 의사를 고용했으며, 아르바이트 의사 가운데 공중보건의사가 근무했다는 의혹을 받고 있다. 공중보건의사는 병역 대체복무이기 때문에 원칙적으로 다른 의료기관에서의 진료가 제한된다.","경북 칠곡군 왜관병원이 계약기간을 5개월 앞당겨 지난 7월 31일 응급실 문을 닫아 계약위반 논란을 빚은 데 이어(매일신문 7월 23일·8월 19일자 보도) 응급실 아르바이트 공중보건의사를 고용했다는 의혹이 제기돼 철저한 조사가 필요할 것으로 보인다.
27일 매일신문이 입수한 자료에 따르면 왜관병원이 응급실 당직의사로 절반 이상 아르바이트 의사를 고용했으며, 아르바이트 의사 가운데 공중보건의사가 근무했다는 의혹을 받고 있다.
공중보건의사는 병역 대체복무이기 때문에 원칙적으로 다른 의료기관에서의 진료가 제한된다.
왜관병원에 2025년 1년 동안 응급실 당직의사로 총 12명이 근무한 것으로 파악됐다. 이 가운데 아르바이트 의사가 6~8명 정도인 것으로 분석됐다.
앞서 왜관병원은 칠곡군에 2026년 1월 1일부터 12월 31일까지 야간 및 공휴일 24시간 응급실 진료체계를 유지해 긴급환자 5천명을 진료한다는 계획으로 '당직의료기관 운영'에 따른 보조금 2억1천만원을 신청해 받았다.
왜관병원이 제출한 사업계획서에는 '보조금 2억1천만원을 당직의사 수당 및 간호사 등 인건비 지출에만 사용한다'고 명시돼 있다.
게다가 칠곡군보건소 측이 제시한 '응급실 당직근무 수당표'에 따르면 올해 1월부터 당직수당은 평일 60만원에서 80만원, 토요일 80만원에서 110만원, 일요일 100만원에서 150만원, 공휴일 120만원에서 170만원으로 각각 인상됐다.
그렇지만 왜관병원 한 당직의사는 ""그동안 턱없는 당직수당을 받으면서 봉사를 했다""면서 ""평일 당직수당으로 실제 60만원, 일요일도 지난해와 같은 100만원을 받았다""고 말한 바 있다.
특히 올 연말까지 사용해야 할 보조금이 7월 31일 응급실 문을 닫으면서 남아 있는 보조금이 없는 것으로 알려졌다.
왜관병원이 제출한 사업계획서에 따르면 응급실 당직의사 및 간호사 수당으로 월 평균 1천750여만원을 지급하도록 돼 있다.
또한 8월부터 12월까지 잔여 기간(5개월) 보조금 8천700여만원이 남아있어야 한다.
왜관읍 주민 A씨는 ""그동안 병원을 믿고 응급실을 이용했는데 아르바이트 의사가 진료를 했다고 하니 황당하고, 의료사고가 놨었다면 어쩔뻔했나""라며 ""왜관병원이 제출한 보조금 지출 정산서류만 볼 것이 아니라 실제 지급내역과 공중보건의사 고용 등에 대해서도 철저하게 조사해야 한다""고 말했다.
이에 대해, 왜관병원 측은 ""야간 및 공휴일에는 당직의사를 구하기가 힘들어서 아르바이트 의사를 고용할 수 밖에 없는 실정""이라고 설명한 반면 공중보건의사 고용 및 보조금 지출 등에 대해 여러차례 전화 및 문자로 질의를 했지만 답변을 거부했다.",local,10,계약,,,0.32608865831738476,,10.0,3.2608865831738476,4.545454545454545,3.7747137680861265,False
2026-08-28,Therapeutic Areas,2026-08-28 13:00:00,Naver News,https://www.mdtoday.co.kr/news/articleView.html?idxno=609988,"서울미즈병원, 산부인과 전문의 이정수 과장 초빙 - 메디컬투데이","서울미즈병원은 산부인과 전문의 이정수 과장을 새롭게 초빙하고, 오는 9월 1일부터 진료를 시작한다고 밝혔다.이정수 과장은 을지대.","[mdtoday = 김미경 기자] 서울미즈병원은 산부인과 전문의 이정수 과장을 새롭게 초빙하고, 오는 9월 1일부터 진료를 시작한다고 밝혔다.이정수 과장은 을지대",local,2,난임,,,0.4623554490788992,,5.0,4.623554490788992,2.2727272727272725,3.6832236035643042,False
2026-08-28,BD,2026-08-27 18:02:00,Naver News,https://www.ajunews.com/view/20260827142744855,20년 만에 국내서 '세계폐암학회'… K-항암제 '글로벌 쇼 케이스' | 아주경제,K-항암제 기술을 선보이는 국제적인 학술대회가 대한민국에서 열린다. 업계에서는 20년 만의 서울 개최를 계기로 국내 항암 신약의 글로벌 인지도가 높아지고 다국적 ...,K-항암제 기술을 선보이는 국제적인 학술대회가 대한민국에서 열린다. 업계에서는 20년 만의 서울 개최를 계기로 국내 항암 신약의 글로벌 인지도가 높아지고 다국적 ...,local,10,CSO,,,0.3968875898876081,,7.0,3.968875898876081,3.1818181818181817,3.654052812052921,False
2026-08-28,Client,2026-08-26 15:30:00,Naver News,http://www.the-biz.co.kr/news/articleView.html?idxno=726860,특허 지킨 앱티스… 글로벌 제약사 줄 세울 '무기' 챙겼다 - THE Biz(더비즈),=서동민 기자] 글로벌 항암제 시장의 최대 격전지로 떠오른 항체약물접합체(ADC) 경쟁의 무게중심이 달라졌다. 과거에는 암세포를 찾아가는.,[THE Biz(더비즈)=서동민 기자] 글로벌 항암제 시장의 최대 격전지로 떠오른 항체약물접합체(ADC) 경쟁의 무게중심이 달라졌다. 과거에는 암세포를 찾아가는,local,10,다이이찌산쿄,,,0.3888037057847622,,7.0,3.888037057847622,3.1818181818181817,3.605549507435846,False
2026-08-28,BD,2026-08-28 12:10:00,Naver News,https://www.bosa.co.kr/news/articleView.html?idxno=3011013,국내 ‘마지막 탄광’ 막장까지 내려간 전공의들 - 의학신문,의학책에서 배운 ‘진폐증’과 탄광 막장에서 마주한 진폐증은 달랐다. 서울성모병원 직업환경의학과 전공의들이 내년 폐광을 앞둔 국내.,[의학신문·일간보사=김현기 기자] 의학책에서 배운 ‘진폐증’과 탄광 막장에서 마주한 진폐증은 달랐다. 서울성모병원 직업환경의학과 전공의들이 내년 폐광을 앞둔 국내,local,10,합병,,,0.38839906114180905,,7.0,3.8839906114180907,3.1818181818181817,3.603121639578127,False
2026-08-28,BD,2026-08-27 14:34:00,Naver News,https://www.forbeskorea.co.kr/news/articleView.html?idxno=402441,김종우 듀켐바이오 부회장 - 한국형 바이오의 미래 - 포브스코리아(Forbes Korea),국내 방사성의약품 시장을 개척해온 김종우 듀켐바이오 부회장은 전국 생산·공급망 구축과 진단제 사업 확대를 통해 회사를 한국 시장점유율 1위 기업으로 키워냈다.,국내 방사성의약품 시장을 개척해온 김종우 듀켐바이오 부회장은 전국 생산·공급망 구축과 진단제 사업 확대를 통해 회사를 한국 시장점유율 1위 기업으로 키워냈다. 김,local,10,아스트라제네카,,,0.324521109435456,,9.0,3.24521109435456,4.090909090909091,3.5834902929763723,False
2026-08-28,Client,2026-08-27 04:00:00,Naver News,http://weekly.chosun.com/news/articleView.html?idxno=54536,위고비의 반전… 식욕 스위치 활성화한다,"지금 전 세계에서 가장 주목받는 비만 치료제는 위고비와 마운자로 같은 ‘글루카곤 유사 펩타이드-1(GLP-1)’ 계열 약물이다. 보통 GLP-1 계열 약물은 뇌의 신경세포를 억제해 배고픔을 잊게 만든다는 게 기존의 유력한 가설이었다. 그런데 이러한 통념을 뒤집는 정반대의 연구 결과가 나와 이목을 집중시키고 있다. 미국 예일대 의대 연구팀에 따르면, GLP-1 계열 약물은 오히려 배고픔을 유발하는 신경세포를 활성화해 지방을 줄이고 체중 감량을 이끈다고 한다.","지금 전 세계에서 가장 주목받는 비만 치료제는 위고비와 마운자로 같은 ‘글루카곤 유사 펩타이드-1(GLP-1)’ 계열 약물이다. 보통 GLP-1 계열 약물은 뇌의 신경세포를 억제해 배고픔을 잊게 만든다는 게 기존의 유력한 가설이었다. 그런데 이러한 통념을 뒤집는 정반대의 연구 결과가 나와 이목을 집중시키고 있다. 미국 예일대 의대 연구팀에 따르면, GLP-1 계열 약물은 오히려 배고픔을 유발하는 신경세포를 활성화해 지방을 줄이고 체중 감량을 이끈다고 한다. 배고픔을 관장하는 신경세포가 깨어나는데도 어떻게 지방이 감소하는 것일까. 그",local,10,노보노디스크,,,0.591879168942896,,0.0,5.918791689428961,0.0,3.5512750136573765,False
2026-08-28,Client,2026-08-25 13:18:00,Naver News,http://www.press9.kr/news/articleView.html?idxno=81614,"한미약품, 제넨텍 선택받은 이유는…UCN2 '비만 경쟁구도' 바꾼다[Pipeline Review]",글루카곤 유사 펩타이드-1(GLP-1)을 비롯한 인크레틴 계열 비만치료제의 감량 효과가 높아지면서 글로벌 신약 개발 경쟁이 체중을 얼마나 줄이는지를 넘어 무엇을 줄이고 무엇을 남기는지로 확장되고 있다. 지방을 줄이면서 치료 중 동반될 수 있는 근육 손실을 최소화하는 '감량의 질'이 새로운 차별화 기준으로 떠올랐다.한미약품의 HM17321을 선택한 제넨텍과 모회사 로슈의 전략도 같은 양상을 보인다. 로슈는 강력한 체중 감량을 노리는 인크레틴과 아밀린 후보물질을 이미 확보한 데 이어 근육 손실을 비만 치료의 별도 미충족.,[프레스나인] 글루카곤 유사 펩타이드-1(GLP-1)을 비롯한 인크레틴 계열 비만치료제의 감량 효과가 높아지면서 글로벌 신약 개발 경쟁이 체중을 얼마나 줄이는지를 넘어 무엇을 줄이고 무엇을 남기는지로 확장되고 있다. 지방을 줄이면서 치료 중 동반될 수 있는 근육 손실을 최소화하는 '감량의 질'이 새로운 차별화 기준으로 떠올랐다.한미약품의 HM17321을 선택한 제넨텍과 모회사 로슈의 전략도 같은 양상을 보인다. 로슈는 강력한 체중 감량을 노리는 인크레틴과 아밀린 후보물질을 이미 확보한 데 이어 근육 손실을 비만 치료의 별도 미충족,local,10,리제네론,,,0.5838792186663153,,0.0,5.838792186663153,0.0,3.503275311997892,False
2026-08-28,Product Approval,2026-08-28 13:29:00,Naver News,https://www.edaily.co.kr/News/Read?newsId=03493206645551912&mediaCodeNo=257&utm_source=naver&utm_medium=referral&utm_campaign=news_syndication&utm_content=original_article,"“손발 저림 반복 또는 지속된다면, ‘말초신경병증’의심해 봐야”","“손발 저림이 반복되거나 지속된다면, ‘말초신경병증’일 수 있습니다.”  부천세종병원 이현준 과장(신경과)은 “손발 저림은 매우 흔한 증상이고, 모든 손발 저림이 심각한 질환을 의미하는 것은 아니다”라며 “말초신경병증은 매우 다양한 원인으로 나타날 수 있는데 증상이 ...","“손발 저림이 반복되거나 지속된다면, ‘말초신경병증’일 수 있습니다.”  부천세종병원 이현준 과장(신경과)은 “손발 저림은 매우 흔한 증상이고, 모든 손발 저림이 심각한 질환을 의미하는 것은 아니다”라며 “말초신경병증은 매우 다양한 원인으로 나타날 수 있는데 증상이 ...",local,2,용량,,,0.37025696526215485,,7.0,3.7025696526215484,3.1818181818181817,3.4942690643002017,False
2026-08-28,BD,2026-08-26 06:06:00,Naver News,https://www.monews.co.kr/news/articleView.html?idxno=413434,BMI 높은 류마티스관절염 환자서 JAK 억제제 치료반응↓ - 메디칼업저버,류마티스관절염 환자에서 체질량지수(BMI)가 높을수록 JAK 억제제 치료반응이 단계적으로 감소하는 것으로 나타났다.특히 BMI≥40k.,[메디칼업저버 이지현 기자] 류마티스관절염 환자에서 체질량지수(BMI)가 높을수록 JAK 억제제 치료반응이 단계적으로 감소하는 것으로 나타났다.특히 BMI≥40k,local,10,생물학적제제,,,0.369549844291558,,7.0,3.6954984429155804,3.1818181818181817,3.4900263384766212,False
2026-08-28,Client,2026-08-26 13:21:00,Naver News,https://www.newspim.com/news/view/20260826000407,3조 기술수출했는데 몸값은 6400억?…한미약품 비만약 계산법,한미약품이 차세대 비만치료제 'HM17321(LA-UCN2)'을 제넨텍에 최대 3조원대 규모로 기술수출하면서 신약 가치에 대한 시장의 관심도 높아지고 있다. 다만 최대 3조2000억원에 달하는 계약 규모와 별개로 일부 증권사가.,[서울=뉴스핌] 김신영 기자 = 한미약품이 차세대 비만치료제 'HM17321(LA-UCN2)'을 제넨텍에 최대 3조원대 규모로 기술수출하면서 신약 가치에 대한 시장의 관심도 높아지고 있다. 다만 최대 3조2000억원에 달하는 계약 규모와 별개로 일부 증권사가,local,10,노보노디스크,,,0.2783461870147731,,10.0,2.7834618701477307,4.545454545454545,3.4882589402704562,False
2026-08-28,BD,2026-08-27 21:03:00,Naver News,https://www.sportsworldi.com/newsView/20260827515197,마운자로 주사 후 복통? “모든 복통이 합병증은 아니지만 관리 필요”,최근 영국에서 비만치료제 주사를 사용하던 70대 여성이 심한 복통으로 응급실을 찾았다가 귀가한 뒤 수시간 만에 숨진 사례가 알려지면서 비만치료제 사용 중 발생하는 복통에 대한 관심이 커지고 있다. 영국 언론에 따르면 노퍽주에 거주하던 캐롤라인 새비지(73)는 2024년 7월 체중 관리를 위해 비만치료제 주사를 처방받아 약 4개월간 체중을 128㎏에서 114㎏으로 감량했다. 이후 투여량을 7.,최근 영국에서 비만치료제 주사를 사용하던 70대 여성이 심한 복통으로 응급실을 찾았다가 귀가한 뒤 수시간 만에 숨진 사례가 알려지면서 비만치료제 사용 중 발생하는 복통에 대한 관심이 커지고 있다. 영국 언론에 따르면 노퍽주에 거주하던 캐롤라인 새비지(73)는 2024년 7월 체중 관리를 위해 비만치료제 주사를 처방받아 약 4개월간 체중을 128㎏에서 114㎏으로 감량했다. 이후 투여량을 7.,local,10,마운자로,,,0.3675792333092167,,7.0,3.675792333092167,3.1818181818181817,3.478202672582573,False
2026-08-28,Reimbursement,2026-08-28 13:19:00,Naver News,https://www.newsis.com/view/NISX20260828_0003766927,성남시에 분당제생병원서 영양제 기탁 등[성남소식],"경기 성남시는 의료법인 대진의료재단 분당제생병원이 개원 28주년을 맞아 1000만원 상당의 영양제를 기탁했다고 28일 밝혔다.기탁품은 비타민 A·D·E와 B1·B2·B6 등 23가지 성분이 함유된 고함량 멀티비타민 385통으로, 1통당 120정(4개월분)이다. 시는 의료급여 수급자 등 저소득 취약계층 385명에게 1통씩 전달..","[성남=뉴시스] 신정훈 기자 = 경기 성남시는 의료법인 대진의료재단 분당제생병원이 개원 28주년을 맞아 1000만원 상당의 영양제를 기탁했다고 28일 밝혔다.기탁품은 비타민 A·D·E와 B1·B2·B6 등 23가지 성분이 함유된 고함량 멀티비타민 385통으로, 1통당 120정(4개월분)이다. 시는 의료급여 수급자 등 저소득 취약계층 385명에게 1통씩 전달..",local,2,급여,,,0.3044505465636042,,9.0,3.044505465636042,4.090909090909091,3.4630669157452614,False
2026-08-28,Reimbursement,2026-08-28 12:38:00,Naver News,https://www.koreahealthlog.com/news/articleView.html?idxno=58694,"당뇨병·대사질환, 개별 치료 넘어 ‘환자 중심 통합 관리’ 시대로","만성콩팥병과 심혈관질환, 당뇨병 등 상호 긴밀하게 연결된 만성질환을 개별 질환이 아닌 ‘환자 한 사람’의 관점에서 예방·치료하는 대대적인 만성질환 관리체계 전환이 추진된다.대한신장학회, 대한심장학회, 대한당뇨병학회 등 국내 3대 전문학회는 최근 실무자 회의를 열고, ‘한국 심혈관-콩팥-대사질환 협의체(가칭 Korean CKM Alliance)’를 발족해 국내 의료환경에 최적화된 통합 진료 체계를 구축하기로 뜻을 모았다.그동안 이들 질환은 진료과별로 분절되어 대응해 왔으나, 이번 협의체 출범을 통해 3개 학회의 임상 경험과 연구 역량.","만성콩팥병과 심혈관질환, 당뇨병 등 상호 긴밀하게 연결된 만성질환을 개별 질환이 아닌 ‘환자 한 사람’의 관점에서 예방·치료하는 대대적인 만성질환 관리체계 전환이 추진된다.대한신장학회, 대한심장학회, 대한당뇨병학회 등 국내 3대 전문학회는 최근 실무자 회의를 열고, ‘한국 심혈관-콩팥-대사질환 협의체(가칭 Korean CKM Alliance)’를 발족해 국내 의료환경에 최적화된 통합 진료 체계를 구축하기로 뜻을 모았다.그동안 이들 질환은 진료과별로 분절되어 대응해 왔으나, 이번 협의체 출범을 통해 3개 학회의 임상 경험과 연구 역량",local,2,급여,,,0.35823409621231433,,7.0,3.5823409621231432,3.1818181818181817,3.4221318500011586,False
2026-08-28,Distribution,2026-08-26 10:10:00,Naver News,https://www.pinpointnews.co.kr/news/articleView.html?idxno=480602,"나이벡, 독보적 펩타이드 약물 전달 기술로 비만치료제 게임체인저 떠오르나","비만치료제 테마가 26일 글로벌 비만치료제 시장의 폭발적 성장세와 더불어 국내 주요 제약·바이오 기업들의 차세대 파이프라인 임상 진전 소식에 힘입어 오름세를 보이고 있다.GLP-1 수용체 작용제 기반 치료제 개발과 장기지속형 주사제 플랫폼 기술에 대한 관심이 집중되면서 관련 기술력을 보유한 종목으로 자금이 들어오고 있다.가장 강한 매수세가 쏠리며 상승세를 이끄는 종목은 한미약품이다.한국거래소에 따르면 이날 오전 10시5분 현재 한미약품은 11.48% 오른 558,500원에 거래중이다. 자체 개발 중인 비만치료제 파이프라인의 임상 성.","비만치료제 테마가 26일 글로벌 비만치료제 시장의 폭발적 성장세와 더불어 국내 주요 제약·바이오 기업들의 차세대 파이프라인 임상 진전 소식에 힘입어 오름세를 보이고 있다.GLP-1 수용체 작용제 기반 치료제 개발과 장기지속형 주사제 플랫폼 기술에 대한 관심이 집중되면서 관련 기술력을 보유한 종목으로 자금이 들어오고 있다.가장 강한 매수세가 쏠리며 상승세를 이끄는 종목은 한미약품이다.한국거래소에 따르면 이날 오전 10시5분 현재 한미약품은 11.48% 오른 558,500원에 거래중이다. 자체 개발 중인 비만치료제 파이프라인의 임상 성",local,10,블루엠텍,,,0.5600151794812914,,0.0,5.6001517948129145,0.0,3.3600910768877488,False
2026-08-28,BD,2026-08-28 10:34:00,Naver News,https://www.medipana.com/news/articleView.html?idxno=416696,"SCL사이언스, 지혈제 판로 확대…암 백신 美 임상 정조준 - 메디파나뉴스","SCL사이언스가 바이오물류 사업을 기반으로 외형 성장세를 이어가는 가운데, 체내용 지혈제 '이노씰 플러스 DL'의 적응증 확대와 공급계약을 계기로 병원 시장 공략에 나섰다. 자회사 네오젠로직의 인공지능(AI) 기반 개인맞춤형 암 백신은 2027년 미국 임상 진입을 목표로 개발을 진행 중이다. 28일 증권업계에 따르면 SCL사이언스는 이노씰 플러스 DL의 사.","SCL사이언스가 바이오물류 사업을 기반으로 외형 성장세를 이어가는 가운데, 체내용 지혈제 '이노씰 플러스 DL'의 적응증 확대와 공급계약을 계기로 병원 시장 공략에 나섰다. 자회사 네오젠로직의 인공지능(AI) 기반 개인맞춤형 암 백신은 2027년 미국 임상 진입을 목표로 개발을 진행 중이다. 28일 증권업계에 따르면 SCL사이언스는 이노씰 플러스 DL의 사",local,10,유통계약,,,0.31643145328375516,,8.0,3.1643145328375515,3.6363636363636367,3.3531341742479857,False
2026-08-28,BD,2026-08-27 17:49:00,Naver News,https://www.ppss.kr/news/articleView.html?idxno=307686,"'적자 바이오' 공식 깬 에임드바이오…창립 8년, 진짜 승부는 지금부터 - ㅍㅍㅅㅅ PPSS",8년 전 병원에서 출발한 에임드바이오가 조 단위 기술수출을 실제 임상과 흑자로 바꾸며 ‘계약만 큰 바이오’의 공식을 깨고 있다.27일 제.,(PPSS 이주환 기자) 8년 전 병원에서 출발한 에임드바이오가 조 단위 기술수출을 실제 임상과 흑자로 바꾸며 ‘계약만 큰 바이오’의 공식을 깨고 있다.27일 제,local,10,베링거인겔하임,,,0.31366773034461803,,8.0,3.1366773034461803,3.6363636363636367,3.336551836613163,False
2026-08-28,BD,2026-08-28 11:54:00,Naver News,https://biz.sbs.co.kr/article_hub/20000331360?division=NAVER,네이버가 노리는 4조 시장…AI 의사비서' 만든다,"네이버가 의사와 환자의 대화를 자동으로 기록으로 만들어주는 'AI 진료기록비서' 기술 개발에 나섭니다.단순히 대화를 받아쓰는 수준을 넘어, 의료적 정보를 골라 기록하고 관련 의료정보까지 찾아주는 기술인데요.이미 해외 빅테크 기업들이 진출해 있는 상황에서 네이버까지 가세하면서, 시장 경쟁이 더욱 치열해질 전망입니다.취재기자….","[앵커]네이버가 의사와 환자의 대화를 자동으로 기록으로 만들어주는 'AI 진료기록비서' 기술 개발에 나섭니다.단순히 대화를 받아쓰는 수준을 넘어, 의료적 정보를 골라 기록하고 관련 의료정보까지 찾아주는 기술인데요.이미 해외 빅테크 기업들이 진출해 있는 상황에서 네이버까지 가세하면서, 시장 경쟁이 더욱 치열해질 전망입니다.취재기자…",local,10,인수,,,0.2698615638212,,9.0,2.6986156382120003,4.090909090909091,3.2555330192908367,False
2026-08-28,Client,2026-08-28 10:14:00,Naver News,https://www.news1.kr/bio/pharmaceutical-bio/6272372,비만약 시장 정조준한 삼성바이오로직스…3조원 베팅 승부수,"Access Denied You don't have permission to access ""http://www.news1.kr/bio/pharmaceutical-bio/6272372"" on this server. Reference #18.60aace17.1787893647.3958aca1 https://errors.edgesuite.net/18.60aace17.1787893647.3958aca1.","Access Denied
You don't have permission to access ""http://www.news1.kr/bio/pharmaceutical-bio/6272372"" on this server.
Reference #18.60aace17.1787893647.3958aca1
https://errors.edgesuite.net/18.60aace17.1787893647.3958aca1",local,10,릴리,,,0.32729682473329297,,7.0,3.27296824733293,3.1818181818181817,3.23650822112703,False
2026-08-28,Client,2026-08-28 12:02:00,Naver News,https://www.monews.co.kr/news/articleView.html?idxno=413345,면역항암제 시작 3주 뒤 '영양·면역상태'가 예후 갈랐다 - 메디칼업저버,"진행성 비소세포폐암(NSCLC) 환자에서 면역항암제 치료를 시작하기 전 뿐만 아니라 치료 2주기 후 환자의 영양, 면역 상태를 평가하.","[메디칼업저버 양영구 기자] 진행성 비소세포폐암(NSCLC) 환자에서 면역항암제 치료를 시작하기 전 뿐만 아니라 치료 2주기 후 환자의 영양, 면역 상태를 평가하",local,10,MSD,,,0.32575652637379177,,7.0,3.2575652637379178,3.1818181818181817,3.2272664309700234,False
2026-08-28,BD,2026-08-28 13:16:00,Naver News,https://chmbc.co.kr/article/mMBcWK0ThjNiRdD,"춘천시, '조혈모 세포 이식 환자' 예방접종 지원 ::::: 기사","춘천시가 조혈모세포이식 환자의 예방접종 비용 지원 대상을 기존 12세 이하에서 전 연령으로 확대합니다. 지원 대상은 2026년 1월 1일 이후 조혈모세포이식을 받은 환자로, 연령 제한 없이 이식일로부터 최대 3년간 지원합니다. 지원 백신은 B형간염과 디프테리아, 파상풍 등 감염병 15종에 대한 백신 17종으로, 접종은 백신 종류에 따라 이식 후 최소 3개월부터 가능합니다.","춘천시가 조혈모세포이식 환자의
예방접종 비용 지원 대상을
기존 12세 이하에서 전 연령으로 확대합니다.
지원 대상은 2026년 1월 1일 이후
조혈모세포이식을 받은 환자로,
연령 제한 없이 이식일로부터
최대 3년간 지원합니다.
지원 백신은 B형간염과 디프테리아, 파상풍 등 감염병 15종에 대한 백신 17종으로,
접종은 백신 종류에 따라 이식 후
최소 3개월부터 가능합니다.
예방접종은 주소지와 관계없이
전국 국가예방접종 위탁의료기관에서 받을 수 있고, 춘천시보건소에서는 접종하지 않습니다.
접종 가능한 의료기관과
기관별 보유 백신은 질병관리청
'예방접종도우미' 누리집에서
확인할 수 있습니다.",local,10,백신,,,0.32107812272619074,,7.0,3.2107812272619074,3.1818181818181817,3.1991960090844174,False
2026-08-28,Client,2026-08-25 17:54:00,Naver News,https://www.sisajournal-e.com/news/articleView.html?idxno=423299,"보로노이, VRN11 글로벌 임상 확대···공동개발도 모색 - 시사저널e",보로노이가 핵심 신약후보물질의 임상 확대에 속도를 내면서 연구개발(R&D) 비용도 증가하고 있다. 글로벌 임상 지역을 넓히고 개발 범위.,[시사저널e=최성근 기자] 보로노이가 핵심 신약후보물질의 임상 확대에 속도를 내면서 연구개발(R&D) 비용도 증가하고 있다. 글로벌 임상 지역을 넓히고 개발 범위,local,10,다이이찌산쿄,,,0.5278944374293281,,0.0,5.278944374293281,0.0,3.1673666245759686,False
2026-08-28,Client,2026-08-28 00:40:00,Naver News,https://medicalworldnews.co.kr/news/view.php?idx=1510976868,"애브비, 세계폐암학회서 차세대 폐암 치료제 데이터 발표",애브비가 9월 14일부터 스위스 바르셀로나에서 열리는 2026 세계폐암학회(WCLC)에서 비소세포폐암(NSCLC)과 소세포폐암(SCLC)을 아우르는 폐암 포트폴리오의 신규 임상·중개연구 및 실사용 데이터를 발표한다고 27일 밝혔다. 이번 발표는 차세대 면역치료제와 표적 항체-약물 접합체(ADC) 전반을 포괄한다.◆“상호보완적 파이프라인으로 맞춤형 치료 기반 마련”애브비 고형암 및 혈액암 치료 분야 부사장 겸 치료영역 책임자 대진 아비도.,애브비가 9월 14일부터 스위스 바르셀로나에서 열리는 2026 세계폐암학회(WCLC)에서 비소세포폐암(NSCLC)과 소세포폐암(SCLC)을 아우르는 폐암 포트폴리오의 신규 임상·중개연구 및 실사용 데이터를 발표한다고 27일 밝혔다. 이번 발표는 차세대 면역치료제와 표적 항체-약물 접합체(ADC) 전반을 포괄한다.◆“상호보완적 파이프라인으로 맞춤형 치료 기반 마련”애브비 고형암 및 혈액암 치료 분야 부사장 겸 치료영역 책임자 대진 아비도,local,10,애브비,,,0.5177240697429835,,0.0,5.177240697429834,0.0,3.1063444184579003,False
2026-08-28,BD,2026-08-28 12:30:00,Naver News,https://www.medipana.com/news/articleView.html?idxno=416709,"K바이오 미래, '초기투자'에 달렸다…리더들이 던진 제언 - 메디파나뉴스","국내 바이오산업의 지속적인 성장을 위해 초기 바이오기업에 대한 투자 확대가 필요하다는 업계 제언이 나왔다. 연구개발 초기 단계에서는 투자 위험이 상대적으로 큰 만큼 정부가 일정 부분 역할을 하고, 이후 민간 자본이 이어지는 구조가 필요하다는 의견이다. 28일 열린 GBC 2026 'K-바이오 혁신 리더스 토크'에서 국내 바이오기업 대표들은 글로벌 경쟁이 심.","국내 바이오산업의 지속적인 성장을 위해 초기 바이오기업에 대한 투자 확대가 필요하다는 업계 제언이 나왔다. 연구개발 초기 단계에서는 투자 위험이 상대적으로 큰 만큼 정부가 일정 부분 역할을 하고, 이후 민간 자본이 이어지는 구조가 필요하다는 의견이다. 28일 열린 GBC 2026 'K-바이오 혁신 리더스 토크'에서 국내 바이오기업 대표들은 글로벌 경쟁이 심",local,10,인수,,,0.24248357602699444,,9.0,2.4248357602699446,4.090909090909091,3.091265092525603,False
2026-08-28,Client,2026-08-26 10:45:00,Naver News,https://www.newsis.com/view/NISX20260826_0003763074,더 정교해졌다…'피한방울' 알츠하이머 진단법 승인,"피 한방울로 알츠하이머를 진단하는 시대가 지난해 처음 열린 가운데, 더 정교하고 편리한 방법으로 알츠하이머를 진단할 수 있는 방법이 추가로 승인을 받았다.26일 관련 업계에 따르면, 미국 식품의약국(FDA)은 글로벌 빅파마 로슈와 일라이 릴리가 공동 개발한 알츠하이머 혈액검사 ‘일렉시스 인산화 타우 217’(pTau217)을 ..","[서울=뉴시스]황재희 기자 = 피 한방울로 알츠하이머를 진단하는 시대가 지난해 처음 열린 가운데, 더 정교하고 편리한 방법으로 알츠하이머를 진단할 수 있는 방법이 추가로 승인을 받았다.26일 관련 업계에 따르면, 미국 식품의약국(FDA)은 글로벌 빅파마 로슈와 일라이 릴리가 공동 개발한 알츠하이머 혈액검사 ‘일렉시스 인산화 타우 217’(pTau217)을 ..",local,10,바이오젠,,,0.2988093290345625,,7.0,2.988093290345625,3.1818181818181817,3.0655832469346476,False
2026-08-28,Therapeutic Areas,2026-08-23 22:50:00,Naver News,https://www.ccdailynews.com/news/articleView.html?idxno=2435624,"청주시, 영구 불임 예상 시민 난자·정자 냉동비 지원","충북 청주시가 질병 치료 등으로 영구적인 불임이 예상되는 시민에게 난자·정자 냉동 비용을 지원한다.23일 시에 따르면 ‘영구 불임 예상 난자·정자 냉동 지원사업’은 항암치료나 난소·고환 절제 등으로 생식기능 손상이 예상되는 시민이 치료 전 생식세포를 채취해 동결·보존할 수 있도록 비용 일부를 지원하는 사업이다.지원 대상은 관련 법령에 따른 의학적 사유로 영구적 불임이 예상돼 생식기능 보전이 필요한 시민이다. 난임시술 의료기관에서 생식세포를 채취·동결한 뒤 신청할 수 있다.지원금은 본인부담금의 50% 범위에서 여성은 최대 200만원,.","충북 청주시가 질병 치료 등으로 영구적인 불임이 예상되는 시민에게 난자·정자 냉동 비용을 지원한다.23일 시에 따르면 ‘영구 불임 예상 난자·정자 냉동 지원사업’은 항암치료나 난소·고환 절제 등으로 생식기능 손상이 예상되는 시민이 치료 전 생식세포를 채취해 동결·보존할 수 있도록 비용 일부를 지원하는 사업이다.지원 대상은 관련 법령에 따른 의학적 사유로 영구적 불임이 예상돼 생식기능 보전이 필요한 시민이다. 난임시술 의료기관에서 생식세포를 채취·동결한 뒤 신청할 수 있다.지원금은 본인부담금의 50% 범위에서 여성은 최대 200만원,",local,2,불임,,,0.34959895597392315,,5.0,3.4959895597392316,2.2727272727272725,3.006684644934448,False
2026-08-28,Client,2026-08-24 11:02:00,Naver News,https://www.ebn.co.kr/news/articleView.html?idxno=1721373,K바이오 '기대주→수익주' 변모…글로벌 큰손들도 반했다 - 이비엔(EBN)뉴스센터,글로벌 자산운용사들이 국내 제약·바이오 시장에서 투자 보폭을 넓히고 있다. 블랙록을 비롯한 해외 큰손들이 주요 제약·바이오 기업의 지분을 잇달아 늘리는 한편 성장.,글로벌 자산운용사들이 국내 제약·바이오 시장에서 투자 보폭을 넓히고 있다. 블랙록을 비롯한 해외 큰손들이 주요 제약·바이오 기업의 지분을 잇달아 늘리는 한편 성장,local,10,로레알,,,0.2784800331970497,,7.0,2.784800331970497,3.1818181818181817,2.943607471909571,False
2026-08-28,Client,2026-08-27 11:11:00,Naver News,https://economist.co.kr/article/view/ecn202608270020,기술 팔던 K-바이오의 반격… SK바이오팜이 바꾼 공식,그동안 국내 제약·바이오 기업의 주력 성장 모델은 초기 임상 단계에서의 기술 수출(L/O)이었다. 자체 해외 상용화망을 갖추지 못해 신약 권리를.,그동안 국내 제약·바이오 기업의 주력 성장 모델은 초기 임상 단계에서의 기술 수출(L/O)이었다. 자체 해외 상용화망을 갖추지 못해 신약 권리를,local,10,화이자,,,0.4857617548174299,,0.0,4.857617548174299,0.0,2.9145705289045796,False
2026-08-28,Client,2026-08-25 05:52:00,Naver News,https://www.kpanews.co.kr/news/articleView.html?idxno=541396,"베링거인겔하임, '안전성 사건'에 일본 1상 시험 중단 - 약사공론",베링거인겔하임(Boehringer Ingelheim)이 임상 개발 중인 경구용 저분자 화합물의 임상 1상 시험을 '안전성 사건' 평가를 이유로 중단했다.,베링거인겔하임(Boehringer Ingelheim)이 임상 개발 중인 경구용 저분자 화합물의 임상 1상 시험을 '안전성 사건' 평가를 이유로 중단했다. 다만 회,local,10,바이엘,,,0.4800168736164117,,0.0,4.800168736164117,0.0,2.8801012416984704,False
2026-08-28,BD,2026-08-28 11:16:00,Naver News,http://www.wsobi.com/news/articleView.html?idxno=317184,"GC녹십자·대웅제약, 佛 오시백스와 차세대 독감백신 개발 MOU·‘mRNA 핵심’ 이온화지질 美 특허 등록 - 여성소비자신문",GC녹십자가 프랑스 소재의 백신 개발 전문 바이오 기업 오시백스(Osivax)와 전략적 파트너십을 체결한 가운데 ...,[여성소비자신문 이명진 기자] GC녹십자가 프랑스 소재의 백신 개발 전문 바이오 기업 오시백스(Osivax)와 전략적 파트너십을 체결한 가운데 ...,local,10,백신,,,0.1745639698596758,,10.0,1.745639698596758,4.545454545454545,2.8655656373398726,False
2026-08-28,Product Approval,2026-08-28 12:06:00,Naver News,https://www.dailypharm.com/user/news/341865?REFERER=NP,"[데일리팜]삼성·셀트 시밀러 출사표…키트루다, 국내서 얼마나 팔렸나",삼성바이오에피스와 셀트리온이 항암제 키트루다의 국내 바이오시밀러 시장에 출사표를 던졌다. 키트루다는 최근 1년간 국내 매출이 6000억원에 육박할 정도로 초대형 시장을 형성하고 있다. 키트루다는 국내 간판 바이오시밀러 기업들이 진출하는 역대 최대 규모의 시장이라는 점에서 시장 진출과 선점을 위한 치열한 경쟁이 예상된다. 28일 금융감독원에 따르면 삼성바이오에피스와 셀….,삼성바이오에피스와 셀트리온이 항암제 키트루다의 국내 바이오시밀러 시장에 출사표를 던졌다. 키트루다는 최근 1년간 국내 매출이 6000억원에 육박할 정도로 초대형 시장을 형성하고 있다. 키트루다는 국내 간판 바이오시밀러 기업들이 진출하는 역대 최대 규모의 시장이라는 점에서 시장 진출과 선점을 위한 치열한 경쟁이 예상된다. 28일 금융감독원에 따르면 삼성바이오에피스와 셀…,local,2,적응증,,,0.2609738091554651,,7.0,2.609738091554651,3.1818181818181817,2.8385701276600632,False
2026-08-28,Product Approval,2026-08-28 14:00:00,Naver News,https://news.hidoc.co.kr/news/articleView.html?idxno=66739,"췌장암 생존기간 2배 늘린 ‘먹는 약’ 개발... 美 FDA도 승인, ""기존 항암제 넘어섰다"" - 하이닥",먹는 표적치료제로 치료가 어려운 전이성 췌장암 환자의 생존기간을 두 배로 늘렸다는 연구 결과가 나왔다. 미국 메모리얼 슬론 케터링 암센터의 에일린 오라일리(Eil.,먹는 표적치료제로 치료가 어려운 전이성 췌장암 환자의 생존기간을 두 배로 늘렸다는 연구 결과가 나왔다. 미국 메모리얼 슬론 케터링 암센터의 에일린 오라일리(Eil,local,2,허가,,,0.460537418436776,,0.0,4.60537418436776,0.0,2.7632245106206557,False
2026-08-28,Product Approval,2026-08-28 14:02:00,Naver News,https://www.medicopharma.co.kr/news/articleView.html?idxno=69324,"브레즈트리, 내달부터 건보 적용…COPD 환자 흡입기 선택지 넓힌다","만성폐쇄성폐질환(COPD) 환자의 삼제요법 치료 선택지가 넓어진다. 브레즈트리 에어로스피어가 내달 건강보험 급여권에 진입하면서다. 특히 고령 환자가 많은 COPD에서는 흡입 능력과 신체기능에 따라 약물 전달에 차이가 발생할 수 있는 만큼, 환자 특성에 맞.","[메디코파마뉴스=이호빈 기자] 만성폐쇄성폐질환(COPD) 환자의 삼제요법 치료 선택지가 넓어진다. 브레즈트리 에어로스피어가 내달 건강보험 급여권에 진입하면서다. 특히 고령 환자가 많은 COPD에서는 흡입 능력과 신체기능에 따라 약물 전달에 차이가 발생할 수 있는 만큼, 환자 특성에 맞",local,2,용량,,,0.2127588716409629,,8.0,2.127588716409629,3.6363636363636367,2.7310986843912324,False
2026-08-28,BD,2026-08-28 00:06:00,Naver News,https://www.pharmnews.com/news/articleView.html?idxno=305890,[기자의펜] '조 단위' 신약 사고파는 K-제약바이오...진정한 '괄목상대' - 팜뉴스,"'괄목상대(刮目相待)'. 눈을 비비고 상대를 다시 본다는 뜻으로, 안 본 사이에 재주나 역량이 눈에 띄게 발전했을 때 쓰는 말이다.","[팜뉴스=김응민 기자] '괄목상대(刮目相待)'. 눈을 비비고 상대를 다시 본다는 뜻으로, 안 본 사이에 재주나 역량이 눈에 띄게 발전했을 때 쓰는 말이다. 삼국지",local,10,로슈,,,0.24294970448836758,,7.0,2.429497044883676,3.1818181818181817,2.7304254996574784,False
2026-08-28,BD,2026-08-28 10:16:00,Naver News,https://www.k-health.com/news/articleView.html?idxno=100852,[노동훈 원장의 사례로 본 재택의료] 청진기보다 절실했던 ‘연결’의 힘…지역사회와 일상 회복 프로젝트를 시작하다 - 헬스경향,"지자체나 복지관을 통해 방문진료 의뢰를 받다 보면 마음이 무거워지는 순간이 있다. 거동이 불편해 병원을 찾지 못하는 것은 물론, 열악한 환경에 방치돼 식사와 위생.","지자체나 복지관을 통해 방문진료 의뢰를 받다 보면 마음이 무거워지는 순간이 있다. 거동이 불편해 병원을 찾지 못하는 것은 물론, 열악한 환경에 방치돼 식사와 위생",local,10,마운자로,,,0.2396957060150418,,7.0,2.396957060150418,3.1818181818181817,2.7109015088175235,False
2026-08-28,Client,2026-08-28 08:18:00,Naver News,https://www.g-enews.com/view.php?ud=202608272142303276fda4f5ab74_1,"中 바이오, 글로벌 시장 선두 도약...한소제약 성과 계기 - 글로벌이코노믹",중국 제약바이오 산업이 2026년 상반기 연구개발 투자를 늘려 임상 단계 의약품 점유율을 30%까지 끌어올리며 글로벌 바이오 시장의 선두주자로 도약했다는 평가가 나왔다.미국 제약바이오 전문 매체 피어스바이오텍은 지난 26일(이후 현지시각) 한소제약의 실적 발표와 함께 중국 제약사들이 글.,중국 제약바이오 산업이 2026년 상반기 연구개발 투자를 늘려 임상 단계 의약품 점유율을 30%까지 끌어올리며 글로벌 바이오 시장의 선두주자로 도약했다는 평가가 나왔다.미국 제약바이오 전문 매체 피어스바이오텍은 지난 26일(이후 현지시각) 한소제약의 실적 발표와 함께 중국 제약사들이 글,local,10,로슈,,,0.4518009324812771,,0.0,4.5180093248127715,0.0,2.710805594887663,False
2026-08-28,Client,2026-08-28 11:14:00,Naver News,https://www.yakup.com/news/index.html?mode=view&cat=12&nid=331715,"[약업신문]“중국 ADC, 3분의 1 비용·2배 속도…경쟁 아닌 분석으로 한국만의 모달리티 찾아야","‘제4회 삼성서울병원×에임드바이오 ADC 콘퍼런스’ 현장.©약업신문=권혁진 기자(왼쪽부터)허남구 에임드바이오 대표, 한정현 한국베링거인겔하임 전무, 정회량 로슈 이사, 한진환 리가켐바이오 전무.©약업신문=권...","‘제4회 삼성서울병원×에임드바이오 ADC 콘퍼런스’ 현장.©약업신문=권혁진 기자(왼쪽부터)허남구 에임드바이오 대표, 한정현 한국베링거인겔하임 전무, 정회량 로슈 이사, 한진환 리가켐바이오 전무.©약업신문=권...",local,10,MSD,,,0.23817793655882655,,7.0,2.3817793655882653,3.1818181818181817,2.701794892080232,False
2026-08-28,BD,2026-08-28 09:28:00,Naver News,https://www.insight.co.kr/news/570573,"대웅제약 ‘역노화’ 핵심기술, 美 특허 확보",대웅제약이 미국 바이오기업 턴바이오테크놀로지스(Turn Biotechnologies) 인수 과정에서 확보한 지질나노입자(LNP) 전달 플랫폼 ‘eTurna’의 핵심기술이 미국에서 특허 등록 결정을 받았다.,대웅제약이 미국 바이오기업 턴바이오테크놀로지스(Turn Biotechnologies) 인수 과정에서 확보한 지질나노입자(LNP) 전달 플랫폼 ‘eTurna’의 핵심기술이 미국에서 특허 등록 결정을 받았다.,local,10,머크,,,0.1748412670185193,,9.0,1.748412670185193,4.090909090909091,2.685411238474752,False
2026-08-28,BD,2026-08-27 14:22:00,Naver News,https://www.businesspost.co.kr/BP?command=article_view&num=445736,"휴온스랩 합병 철회로 자금조달 '발등에 불', 윤성태 '하이디퓨즈' 기술...","MSD의 키트루다와 BMS의 옵디보, 로슈의 티쎈트릭 등 글로벌 블록버스터 의약품에서도 피하주사 제형이 잇따라 미국에서 허가를 받으면서 글로벌 제약사들이 기존 정맥주사 의약품의 피하주사 전환에 적극적으로 나서고... ","MSD의 키트루다와 BMS의 옵디보, 로슈의 티쎈트릭 등 글로벌 블록버스터 의약품에서도 피하주사 제형이 잇따라 미국에서 허가를 받으면서 글로벌 제약사들이 기존 정맥주사 의약품의 피하주사 전환에 적극적으로 나서고... ",local,10,BMS,,,0.22405623872502572,,7.0,2.2405623872502574,3.1818181818181817,2.617064705077427,False
2026-08-28,BD,2026-08-28 13:00:00,Naver News,https://www.gukjenews.com/news/articleView.html?idxno=3677752,"계명문화대학교, 인니 시장 진출 모색...바이오가스·정수·해수담수화 협력 논의","인도네시아 자카르타와 그 주변 지역에서 계명문화대학교가 국내 물산업 기업의 해외 진출을 위한 협력 방안을 모색했다.교육부 앵커사업의 일환으로 진행된 이번 방문에는 김재현 앵커사업단장, 김명균 과제책임교수, 류태욱 교수, 문정남 앵커사업단 팀장과 더불어 청수워터스, 대웅환경, 탑전자 등 참여 기업 대표들이 함께했다.현지에서 방문단은 한국환경산업기술원 인도네시아 사무소를 찾아 현지 물산업 시장과 정부 지원사업의 현황을 조사하고, KMCU 비즈니스센터 설립 방향에 대해 논의했다.또한 인도네시아 국영 중공.","(대구=국제뉴스) 백운용 기자 = 인도네시아 자카르타와 그 주변 지역에서 계명문화대학교가 국내 물산업 기업의 해외 진출을 위한 협력 방안을 모색했다.교육부 앵커사업의 일환으로 진행된 이번 방문에는 김재현 앵커사업단장, 김명균 과제책임교수, 류태욱 교수, 문정남 앵커사업단 팀장과 더불어 청수워터스, 대웅환경, 탑전자 등 참여 기업 대표들이 함께했다.현지에서 방문단은 한국환경산업기술원 인도네시아 사무소를 찾아 현지 물산업 시장과 정부 지원사업의 현황을 조사하고, KMCU 비즈니스센터 설립 방향에 대해 논의했다.또한 인도네시아 국영 중공",local,10,파트너십,,,0.13057953608925726,,10.0,1.3057953608925725,4.545454545454545,2.6016590347173616,False
2026-08-28,Client,2026-08-27 14:12:00,Naver News,https://www.getnews.co.kr/news/articleView.html?idxno=879036,"[AI의료]뉴로핏, 미국 신경계 클리닉에 뇌 영상 분석 솔루션 공급 外 제이엘케이·갤럭스",뇌 질환 진단·치료 AI 전문기업 뉴로핏이 미국 텍사스주 소재 신경계 질환 전문 의료기관 엘리베이트 클리닉과 '뉴로핏 아쿠아' 및 '뉴로핏 아쿠아 AD 플러스'.,뇌 질환 진단·치료 AI 전문기업 뉴로핏이 미국 텍사스주 소재 신경계 질환 전문 의료기관 엘리베이트 클리닉과 '뉴로핏 아쿠아' 및 '뉴로핏 아쿠아 AD 플러스',local,10,베링거인겔하임,,,0.2212366383822844,,7.0,2.212366383822844,3.1818181818181817,2.600147103020979,False
2026-08-28,Client,2026-08-27 11:50:00,Naver News,https://www.medipana.com/news/articleView.html?idxno=416640,"FDA, 전이성 췌장암 첫 RAS 표적치료제 승인…생존기간 두 배 - 메디파나뉴스","미국 식품의약국(FDA)이 전이성 췌장선암에서 RAS를 직접 겨냥하는 첫 표적치료제를 승인했다. 오랫동안 신약 개발이 어려운 표적으로 여겨졌던 RAS를 억제해 기존 항암화학요법 대비 전체생존기간(OS)을 두 배 가까이 연장한 결과를 바탕으로 허가에 성공했다. RAS(라스)는 KRAS·NRAS·HRAS 등 세포 성장과 증식에 관여하는 단백질군으로, 유전자 변.","미국 식품의약국(FDA)이 전이성 췌장선암에서 RAS를 직접 겨냥하는 첫 표적치료제를 승인했다. 오랫동안 신약 개발이 어려운 표적으로 여겨졌던 RAS를 억제해 기존 항암화학요법 대비 전체생존기간(OS)을 두 배 가까이 연장한 결과를 바탕으로 허가에 성공했다. RAS(라스)는 KRAS·NRAS·HRAS 등 세포 성장과 증식에 관여하는 단백질군으로, 유전자 변",local,10,BMS,,,0.21396906147281958,,7.0,2.1396906147281958,3.1818181818181817,2.5565416415641904,False
2026-08-28,BD,2026-08-27 10:13:00,Naver News,https://www.news1.kr/bio/pharmaceutical-bio/6271043,"리가켐 기술 적용 항암제, 美 FDA 패스트트랙 지정","Access Denied You don't have permission to access ""http://www.news1.kr/bio/pharmaceutical-bio/6271043"" on this server. Reference #18.49aace17.1787893635.1f4fa4b6 https://errors.edgesuite.net/18.49aace17.1787893635.1f4fa4b6.","Access Denied
You don't have permission to access ""http://www.news1.kr/bio/pharmaceutical-bio/6271043"" on this server.
Reference #18.49aace17.1787893635.1f4fa4b6
https://errors.edgesuite.net/18.49aace17.1787893635.1f4fa4b6",local,10,얀센,,,0.2017973022116207,,7.0,2.017973022116207,3.1818181818181817,2.483511085996997,False
2026-08-28,Product Approval,2026-08-28 13:49:00,Naver News,https://www.edaily.co.kr/News/Read?newsId=03545686645551912&mediaCodeNo=257&utm_source=naver&utm_medium=referral&utm_campaign=news_syndication&utm_content=original_article,박정웅 세니젠 대표 “미생물 진단·제어 넘어 글로벌 혁신 신약 바이오 기업으로 도약할 것”,“세니젠은 지난 20여 년간 구축한 1만 4000종 이상의 균주 라이브러리와 2만 5000개 이상의 유전체 빅데이터를 바탕으로 미생물 생태계를 가장 잘 이해하는 기업으로 성장했다. 이제 독보적인 유전체 분석 역량에 인공지능(AI) 단백질 설계와 바이오파운드리를 융합해...,“세니젠은 지난 20여 년간 구축한 1만 4000종 이상의 균주 라이브러리와 2만 5000개 이상의 유전체 빅데이터를 바탕으로 미생물 생태계를 가장 잘 이해하는 기업으로 성장했다. 이제 독보적인 유전체 분석 역량에 인공지능(AI) 단백질 설계와 바이오파운드리를 융합해...,local,2,신약,,,0.19349691508339767,,7.0,1.9349691508339766,3.1818181818181817,2.4337087632276586,False
2026-08-28,BD,2026-08-28 11:38:00,Naver News,https://www.getnews.co.kr/news/articleView.html?idxno=879149,"﻿﻿[BIO톡]﻿리가켐바이오 LCB71, 1차 DLBCL 병용 임상서 전 용량 완전관해 100% 달성 外 큐리오시스·디앤디파마텍","리가켐바이오의 파트너사 시스톤 파마슈티컬스(CStone Pharmaceuticals, 이하 ‘시스톤’)는 반기 사업보고서를 통해 ROR1 표적 ADC 'CS500.","리가켐바이오의 파트너사 시스톤 파마슈티컬스(CStone Pharmaceuticals, 이하 ‘시스톤’)는 반기 사업보고서를 통해 ROR1 표적 ADC 'CS500",local,10,백신,,,0.1624716327830045,,8.0,1.624716327830045,3.6363636363636367,2.429375251243482,False
2026-08-28,BD,2026-08-28 13:36:00,Naver News,https://www.cbci.co.kr/news/articleView.html?idxno=601941,"[서학!스타] 모더나, 2026 2027 코로나19 백신 FDA 승인…XFG 변이 대응",모더나의 2026~2027 시즌용 코로나19 백신이 미국 식품의약국(FDA) 승인을 받았다. 이번 승인 제품은 현재 유행 중인 SARS-CoV-2 계통에 대응하도록 조정된 스파이크백스와 mNEXSPIKE다.모더나는 27일 FDA가 스파이크백스와 mNEXSPIKE의 2026~2027년용 제형에 대한 추가 생물의약품 허가신청을 승인했다고 밝혔다.두 백신에는 JN.1 계통의 XFG 하위 변이가 반영됐다. FDA가 이번 시즌 코로나19 백신을 단가 JN.1 계통 XFG 조성으로 개발하도록 제시한 데 따른 것이다.승인 대상 연.,[CBC뉴스] 모더나의 2026~2027 시즌용 코로나19 백신이 미국 식품의약국(FDA) 승인을 받았다. 이번 승인 제품은 현재 유행 중인 SARS-CoV-2 계통에 대응하도록 조정된 스파이크백스와 mNEXSPIKE다.모더나는 27일 FDA가 스파이크백스와 mNEXSPIKE의 2026~2027년용 제형에 대한 추가 생물의약품 허가신청을 승인했다고 밝혔다.두 백신에는 JN.1 계통의 XFG 하위 변이가 반영됐다. FDA가 이번 시즌 코로나19 백신을 단가 JN.1 계통 XFG 조성으로 개발하도록 제시한 데 따른 것이다.승인 대상 연,local,10,백신,,,0.18322938787860663,,7.0,1.8322938787860663,3.1818181818181817,2.3721035999989124,False
2026-08-28,BD,2026-08-28 13:58:00,Naver News,https://www.kyosu.net/news/articleView.html?idxno=209425,"KAIST,  “연구자 누구나 신약 설계” 소버린 바이오 AI 'K-Fold' 공개 - 교수신문",KAIST가 국내 독자 기술로 개발한 바이오 AI 모델 ‘K-Fold’가 신약 설계와 단백질 구조 예측 분야에서 세계적 수준의 성능을 인정받았다.,KAIST가 국내 독자 기술로 개발한 바이오 AI 모델 ‘K-Fold’가 신약 설계와 단백질 구조 예측 분야에서 세계적 수준의 성능을 인정받았다. 이 모델은 기존,local,10,라이선스,,,0.17332701886796079,,7.0,1.7332701886796078,3.1818181818181817,2.3126893859350375,False
2026-08-28,Client,2026-08-27 20:17:00,Naver News,http://www.inews24.com/view/1999197,"'마운자로 14kg 감량' 케이윌 ""지금은 안 한다⋯땀 흘리고 깜짝""","비만 치료제 주사 '마운자로'를 맞고 10kg 이상을 감량한 것으로 알려진 가수 케이윌이 탈모 증상이 나타나 이를 중단했다고 고백했다. 지난 26일 케이윌은 자신의 유튜브 채널에서 ""나는 지금 마운자로를 안 하고 있다""며 ""이유 중에 하나는 살이 빠지면서 머리가 빠지는 게 보이니까 전에 없던 상황들이 펼쳐졌다""고 전했다.",비만 치료제 주사 '마운자로'를 맞고 10kg 이상을 감량한 것으로 알려진 가수 케이윌이 탈모 증상이 나타나 이를 중단했다고 고백했다. 지난 26일 케이윌은 자신의 유튜브 채널에서 &quot;나는 지금 마운자로를 안 하고 있다&quot;며 &quot;이유 중에 하나는 살이 빠지면서 머리가 빠지는 게 보이니까 전에 없던 상황들이 펼쳐졌다&quot;고 전했다.,local,10,마운자로,,,0.17273768932775477,,7.0,1.7273768932775477,3.1818181818181817,2.3091534086938013,False
2026-08-28,BD,2026-08-28 10:24:00,Naver News,https://www.forbeskorea.co.kr/news/articleView.html?idxno=402462,선준민 라셀릭 대표·정종화 라셀릭 세포재생의학연구소장 - 세포를 깨우는 기술 - 포브스코리아(Forbes Korea),"라셀릭은 세포치료와 인공지능(AI) 기술의 융합, 데이터 기반 정밀 진단을 바탕으로 ‘생명 재설계’의 새로운 지평을 열어가고 있다.같은 종류의 세포를 같은 양으로.","라셀릭은 세포치료와 인공지능(AI) 기술의 융합, 데이터 기반 정밀 진단을 바탕으로 ‘생명 재설계’의 새로운 지평을 열어가고 있다.같은 종류의 세포를 같은 양으로",local,10,제휴,,,0.17138348453312577,,7.0,1.7138348453312577,3.1818181818181817,2.3010281799260275,False
2026-08-28,Client,2026-08-27 14:32:00,Naver News,http://www.kmedinfo.co.kr/news/articleView.html?idxno=97365,"애브비, 폐암 치료 파이프라인 확장 속도",애브비가 세계폐암학회(WCLC)에서 차세대 면역항암제와 항체약물접합체(ADC) 후보물질의 임상 데이터를 공개한다. PD-1·VEGF 이중특이항체부터 c-Met·SEZ6 표적 ADC까지 다양한 치료 접근법을 통해 비소세포폐암(NSCLC)과 소세포폐암(SCLC) 치료 영역에서 새로운 가능.,애브비가 세계폐암학회(WCLC)에서 차세대 면역항암제와 항체약물접합체(ADC) 후보물질의 임상 데이터를 공개한다. PD-1·VEGF 이중특이항체부터 c-Met·SEZ6 표적 ADC까지 다양한 치료 접근법을 통해 비소세포폐암(NSCLC)과 소세포폐암(SCLC) 치료 영역에서 새로운 가능,local,10,애브비,,,0.3825101849725492,,0.0,3.825101849725492,0.0,2.295061109835295,False
2026-08-28,Client,2026-08-28 10:50:00,Naver News,https://www.getnews.co.kr/news/articleView.html?idxno=879139,"에이비엘바이오 파트너사, DLBCL 환자 임상서 CR·ORR 100% 달성","이중항체 전문기업 에이비엘바이오의 글로벌 파트너사 시스톤 파마슈티컬스(CStone Pharmaceuticals, 이하 시스톤)가 미만성 거대 B세포 림프종(DLB.","이중항체 전문기업 에이비엘바이오의 글로벌 파트너사 시스톤 파마슈티컬스(CStone Pharmaceuticals, 이하 시스톤)가 미만성 거대 B세포 림프종(DLB",local,10,사노피,,,0.13605312935125838,,8.0,1.3605312935125837,3.6363636363636367,2.270864230653005,False
2026-08-28,BD,2026-08-28 11:40:00,Naver News,http://www.ttlnews.com/news/articleView.html?idxno=3138044,"하나증권-강원혁신센터, 춘천 바이오 펀드 출자…초기 발굴부터 IPO까지 성장 단계별 밀착 지원 - 퍼블릭뉴스통신(Public news-network for TTL)",수도권 중심의 벤처투자 쏠림 현상 속에서 지방 벤처 생태계의 자금 물꼬를 트기 위한 대형 증권사와 지역 혁신기관의 협력 모델이 가동된다. 하나증권은 8월 27일.,수도권 중심의 벤처투자 쏠림 현상 속에서 지방 벤처 생태계의 자금 물꼬를 트기 위한 대형 증권사와 지역 혁신기관의 협력 모델이 가동된다. 하나증권은 8월 27일,local,10,인수,,,0.10206353256189137,,9.0,1.0206353256189136,4.090909090909091,2.2487448317349847,False
2026-08-28,Client,2026-08-27 12:02:00,Naver News,http://www.newsmp.com/news/articleView.html?idxno=257729,"린버크, 고령 아토피 피부염 환자에서도 안전하고 효과적","애브비의 JAK억제제 린버크(성분명 유파다시티닙)이 동반질환이 많은 고령의 아토피 피부염 환자에게도 장기간 안전하고 효과적이었다는 연구 결과가 보고됐다.다만, 첫 3~6개월 사이에 투약을 중단하는 환자들이 많았으며, 따라서 치료 초기 적극적인 개입이 필요하다는 설명이다.24일, Journal of Clincical Medicine에는 65세 이상 고령의 중등도-중증 아토피 피부염 환자로, 린버크를 투약한 환자들을 후향적으로 관찰한 중국의 단일기관 실사용 연구 결과가 게재됐다.이 연구에서는 2022년 3월부터 2026년.","[의약뉴스] 애브비의 JAK억제제 린버크(성분명 유파다시티닙)이 동반질환이 많은 고령의 아토피 피부염 환자에게도 장기간 안전하고 효과적이었다는 연구 결과가 보고됐다.다만, 첫 3~6개월 사이에 투약을 중단하는 환자들이 많았으며, 따라서 치료 초기 적극적인 개입이 필요하다는 설명이다.24일, Journal of Clincical Medicine에는 65세 이상 고령의 중등도-중증 아토피 피부염 환자로, 린버크를 투약한 환자들을 후향적으로 관찰한 중국의 단일기관 실사용 연구 결과가 게재됐다.이 연구에서는 2022년 3월부터 2026년",local,10,애브비,,,0.37019102405701704,,0.0,3.7019102405701703,0.0,2.221146144342102,False
2026-08-28,Client,2026-08-25 14:45:00,Naver News,https://biz.heraldcorp.com/article/10851574?ref=naver,‘44조 시장’ 키트루다 시밀러 맞붙었다…삼성바이오에피스 ‘선두’·셀트리온 ‘추격’,글로벌 의약품 매출 1위 메가 블록버스터 ‘키트루다(성분명 펨브롤리주맙)’의 특허 만료가 다가오면서 국내 대표 바이오 기업인 삼성바이오에.,[헤럴드경제=최은지 기자] 글로벌 의약품 매출 1위 메가 블록버스터 ‘키트루다(성분명 펨브롤리주맙)’의 특허 만료가 다가오면서 국내 대표 바이오 기업인 삼성바이오에,local,10,오가논,,,0.1553639290939688,,7.0,1.553639290939688,3.1818181818181817,2.204910847291085,False
2026-08-28,BD,2026-08-28 11:37:00,Naver News,https://www.topdaily.kr/articles/111691,"삼성바이오로직스, 3조원 규모 유상증자 단행 外","◆삼성바이오로직스, 3조원 규모 유상증자 단행 삼성바이오로직스는 28일 이사회 결의를 통해 총 3조원 규모의 유상증자를 진행하기로 결...","◆삼성바이오로직스, 3조원 규모 유상증자 단행 삼성바이오로직스는 28일 이사회 결의를 통해 총 3조원 규모의 유상증자를 진행하기로 결...",local,10,라이선스,,,0.14829734942471448,,7.0,1.4829734942471449,3.1818181818181817,2.1625113692755598,False
2026-08-28,Product Approval,2026-08-28 11:37:00,Naver News,https://biz.heraldcorp.com/article/10855374?ref=naver,"램시마SC, 연매출 1조 ‘블록버스터’ 기대감",셀트리온의 인플릭시맙 피하주사(SC) 제형 치료제 ‘램시마SC’(사진)와 미국 제품명 ‘짐펜트라’가 올해 상반기 합산 매출 4562억원을 기록하며 연간 매출 1조원 달성 가.,셀트리온의 인플릭시맙 피하주사(SC) 제형 치료제 ‘램시마SC’(사진)와 미국 제품명 ‘짐펜트라’가 올해 상반기 합산 매출 4562억원을 기록하며 연간 매출 1조원 달성 가,local,2,제형,,,0.1373295826678479,,7.0,1.373295826678479,3.1818181818181817,2.09670476873436,False
2026-08-28,Client,2026-08-28 07:02:00,Naver News,https://biz.chosun.com/science-chosun/bio/2026/08/28/2GONG25QZVHFHHMG7UAQNMLIKU/?utm_source=naver&utm_medium=original&utm_campaign=biz,"암세포 죽이지만 치명적 부작용… 美 손 뗀 4-1BB, 中이 나선다","암세포 죽이지만 치명적 부작용 美 손 뗀 4-1BB, 中이 나선다 中리즈 바이오랩스, 4-1BB 이중항체 허가 신청허가 시 세계 최초   독성 한계에 개발 중단 잇따른 4-1BB, 이중항체 개발 경쟁 재점화   에이비엘바이오·유한양행·한미약품 등 국내사도 임상 속도.","암세포 죽이지만 치명적 부작용 美 손 뗀 4-1BB, 中이 나선다 中리즈 바이오랩스, 4-1BB 이중항체 허가 신청허가 시 세계 최초   독성 한계에 개발 중단 잇따른 4-1BB, 이중항체 개발 경쟁 재점화   에이비엘바이오·유한양행·한미약품 등 국내사도 임상 속도",local,10,머크,,,0.3446507611284577,,0.0,3.446507611284577,0.0,2.0679045667707463,False
2026-08-28,Client,2026-08-26 06:00:00,Naver News,https://www.fortunekorea.co.kr/news/articleView.html?idxno=53713,"[G500] 5년 뒤, K-제약·바이오는 ‘포춘 500’ 문턱 넘을 수 있을까",포춘 글로벌 500에 이름을 올린 글로벌 제약사는 총 19곳. 굵직한 블록버스터 신약을 앞세운 이들과 한국 기업은 아직 어깨를 나란히 하지 못한다. 기술이나 인력이 부족해서가 아니다. 신약 개발이라는 기나긴 잔혹사를 견뎌낼 ‘자본력’의 차이다.최하영 기자 전 세계 내로라하는 기업들이 집결한 ‘포춘 글로벌 500’의 진입 장벽은 천문학적이다. 500위에 턱걸이한 페이팔의 매출만 331억 7200만 달러(약 47조 원)에 달할 정도다.,포춘 글로벌 500에 이름을 올린 글로벌 제약사는 총 19곳. 굵직한 블록버스터 신약을 앞세운 이들과 한국 기업은 아직 어깨를 나란히 하지 못한다. 기술이나 인력이 부족해서가 아니다. 신약 개발이라는 기나긴 잔혹사를 견뎌낼 ‘자본력’의 차이다.최하영 기자 poettschoi@fortunekorea.co.kr전 세계 내로라하는 기업들이 집결한 ‘포춘 글로벌 500’의 진입 장벽은 천문학적이다. 500위에 턱걸이한 페이팔의 매출만 331억 7200만 달러(약 47조 원)에 달할 정도다. 가혹한 매출 기준 탓일까. 현재 포춘 글로벌 50,local,10,애브비,,,0.3431656988532031,,0.0,3.4316569885320307,0.0,2.058994193119218,False
2026-08-28,Client,2026-08-27 18:15:00,Naver News,https://kormedi.com/?p=2854562,"췌장암 생존기간 6.7→13.2개월⋯‘RAS 표적’ 신약, 美 FDA 승인 - 코메디닷컴",미국 FDA가 26일 레볼루션 메디슨의 먹는 표적항암제 '라손크(다락손라십)'를 전이성 췌장선암 치료제로 승인했다. 임상 3상에서 생존기간을 6.7개월에서 13.2개월로 늘리고 사망 위험을 60% 낮춘 결과가 근거가 됐다.,미국 FDA가 26일 레볼루션 메디슨의 먹는 표적항암제 '라손크(다락손라십)'를 전이성 췌장선암 치료제로 승인했다. 임상 3상에서 생존기간을 6.7개월에서 13.2개월로 늘리고 사망 위험을 60% 낮춘 결과가 근거가 됐다.,local,10,아스텔라스,,,0.335213563986081,,0.0,3.3521356398608098,0.0,2.0112813839164856,False
2026-08-28,BD,2026-08-26 16:51:00,Naver News,https://www.joongang.co.kr/article/25456388,[GMC] AI 피로감…美서 대안으로 뜬 非AI 16개 성장주,애브비는 기존 블록버스터 휴미라의 특허만료를 스카이리지와 린버크 같은 신약으로 메우고 있습니다. 핵심은 낡은 약에서 새 약으로 매출 중심축을 옮기는 데 성공하고 있다는 것입니다. 리제네론 역시 안과... ,애브비는 기존 블록버스터 휴미라의 특허만료를 스카이리지와 린버크 같은 신약으로 메우고 있습니다. 핵심은 낡은 약에서 새 약으로 매출 중심축을 옮기는 데 성공하고 있다는 것입니다. 리제네론 역시 안과... ,local,10,특허만료,,,0.11872205072235796,,7.0,1.1872205072235795,3.1818181818181817,1.9850595770614206,False
2026-08-28,Client,2026-08-27 07:42:00,Naver News,http://www.press9.kr/news/articleView.html?idxno=81697,"리가켐바이오 SOT106, 골육종 ODD 이어 연조직육종 패스트트랙 지정",리가켐바이오의 항체약물접합체(ADC) 플랫폼을 적용한 소티오의 ‘SOT106’이 미국 임상 진입을 앞두고 FDA 패스트트랙 지정을 받았다. 지난 6월 골육종을 대상으로 희귀의약품 지위를 확보한 데 이어 연조직육종에서 신속개발 지원 대상에 포함되면서 SOT106의 임상개발을 위한 FDA 규제지원 범위가 넓어졌다.소티오(SOTIO Biotech)는 26일(현지시간) 미국 식품의약국(FDA)이 LRRC15 표적 ADC SOT106을 연조직육종(soft tissue sarcoma) 치료제로 패스트트랙 지정했다고 밝혔다.FDA.,[프레스나인] 리가켐바이오의 항체약물접합체(ADC) 플랫폼을 적용한 소티오의 ‘SOT106’이 미국 임상 진입을 앞두고 FDA 패스트트랙 지정을 받았다. 지난 6월 골육종을 대상으로 희귀의약품 지위를 확보한 데 이어 연조직육종에서 신속개발 지원 대상에 포함되면서 SOT106의 임상개발을 위한 FDA 규제지원 범위가 넓어졌다.소티오(SOTIO Biotech)는 26일(현지시간) 미국 식품의약국(FDA)이 LRRC15 표적 ADC SOT106을 연조직육종(soft tissue sarcoma) 치료제로 패스트트랙 지정했다고 밝혔다.FDA,local,10,애브비,,,0.3292479839439872,,0.0,3.292479839439872,0.0,1.975487903663923,False
2026-08-28,Product Approval,2026-08-28 14:02:00,Naver News,http://www.hemophilia.co.kr/news/articleView.html?idxno=44094,"헴제닉스, 투여 5년 후에도 정상에 가까운 제9응고인자 수치 유지 - 헤모필리아라이프",B형 혈우병 환자를 대상으로 한 유전자치료가 투여 후 5년이 지난 시점에서도 높은 수준의 제9응고인자(FIX) 활성을 유지하며 출혈을 크게 줄인 것으로 나타났다.,B형 혈우병 환자를 대상으로 한 유전자치료가 투여 후 5년이 지난 시점에서도 높은 수준의 제9응고인자(FIX) 활성을 유지하며 출혈을 크게 줄인 것으로 나타났다.,local,2,용량,,,0.11640442470770798,,7.0,1.1640442470770798,3.1818181818181817,1.9711538209735204,False
2026-08-28,BD,2026-08-28 10:48:00,Naver News,http://www.press9.kr/news/articleView.html?idxno=81781,"모더나, mRNA 암백신 3상 성공 뒤 2.8조 조달…항암 투자 여력 키운다",mRNA 암백신 임상 3상에서 주요 평가변수를 충족한 모더나가 수조원 규모의 자금 조달에 나선다. 암백신 허가 준비와 적응증 확대가 이어지는 시점에 추가 재무 여력을 확보하려는 움직임이다.28일 모더나에 따르면 회사는 적격 기관투자자를 대상으로 2032년 만기 선순위 전환사채 20억달러(약 2.8조원)를 사모 방식으로 발행할 계획이다. 최초 매수자에게 3억달러를 추가 인수할 수 있는 옵션도 부여해 발행 규모는 최대 23억달러(약 3.2조원)까지 늘어날 수 있다.,[프레스나인] mRNA 암백신 임상 3상에서 주요 평가변수를 충족한 모더나가 수조원 규모의 자금 조달에 나선다. 암백신 허가 준비와 적응증 확대가 이어지는 시점에 추가 재무 여력을 확보하려는 움직임이다.28일 모더나에 따르면 회사는 적격 기관투자자를 대상으로 2032년 만기 선순위 전환사채 20억달러(약 2.8조원)를 사모 방식으로 발행할 계획이다. 최초 매수자에게 3억달러를 추가 인수할 수 있는 옵션도 부여해 발행 규모는 최대 23억달러(약 3.2조원)까지 늘어날 수 있다. 아직 발행가격과 전환비율 등 최종 조건은 정해지지 않았다,local,10,MSD,,,0.3260332066481506,,0.0,3.260332066481506,0.0,1.9561992398889037,False
2026-08-28,Product Approval,2026-08-28 13:50:00,Naver News,http://www.newsmaker.or.kr/news/articleView.html?idxno=181505,"국립순천대, 바이오·의약 실무교육 확대…학생 8명 K-Bio BootCamp 수료","국립순천대학교 바이오·의약 분야 학생들이 세포배양과 품질분석, GMP 적용 등 실제 바이오의약품 생산 과정을 직접 경험하며 산업현장 실무역량을 키웠다. 사진=국립순천대 국립순천대학교 앵커사업단은 지난 7월 27일부터 8월 7일까지 2주간 진행된 ‘K-Bio BootCamp@Incheon 2026’에 약학과와 화학공학과 재학생 8명이 참여해 총 80시간의 교육과정을 이수했다고 밝혔다. 이번 프로그램에는 국립순천대를 비롯해 인천대학교, 강원LRS공유대학, 전남대학교, 국립목포대학교 등 5개 대학 학생 40명이 참여했다.","(뉴스메이커=이영수 기자) 국립순천대학교 바이오·의약 분야 학생들이 세포배양과 품질분석, GMP 적용 등 실제 바이오의약품 생산 과정을 직접 경험하며 산업현장 실무역량을 키웠다.
▲ 사진=국립순천대
국립순천대학교 앵커사업단은 지난 7월 27일부터 8월 7일까지 2주간 진행된 ‘K-Bio BootCamp@Incheon 2026’에 약학과와 화학공학과 재학생 8명이 참여해 총 80시간의 교육과정을 이수했다고 밝혔다.
이번 프로그램에는 국립순천대를 비롯해 인천대학교, 강원LRS공유대학, 전남대학교, 국립목포대학교 등 5개 대학 학생 40명이 참여했다.
교육 과정은 바이오의약품 생산과 품질관리 분야의 이론과 실험·실습을 중심으로 진행됐다. 참가 학생들은 세포배양과 정제공정, 품질분석 등을 직접 수행하며 바이오의약품 생산 과정에 대한 이해를 높였다.
특히 전문 교육기관의 생산시설을 기반으로 바이오 생산공정과 분석 과정, GMP 적용 사례 등을 익혔다. 바이오 관련 기업과 기관을 방문하고 산업계 전문가 특강에 참여하며 현장의 다양한 직무와 진로도 살펴봤다.
참가 학생들은 대학과 전공을 혼합해 팀을 구성하고 바이오 신약 개발과 사업화를 주제로 공동 프로젝트도 수행했다. 제품 개발부터 사업화 전략, 투자유치 방안까지 직접 기획하고 발표하며 전공지식을 실제 과제에 적용하는 경험을 쌓았다.
국립순천대는 앞으로도 대학 간 협력을 통해 지역의 교육·산업 인프라를 공동 활용하고, 바이오·의약 분야 학생들의 현장 실무역량과 진로 탐색 기회를 확대할 계획이다.",local,2,신약,,,0.1059777173383771,,7.0,1.059777173383771,3.1818181818181817,1.9085935767575353,False
2026-08-28,BD,2026-08-26 12:10:00,Naver News,https://www.hitnews.co.kr/news/articleView.html?idxno=78629,"""다시 걸을 수 있게 됐는데""…COPD 환자 가로막은 치료비","장모 씨(70)는 약 30년 전인 1990년대 중반 만성폐쇄성폐질환(COPD)을 진단 받았다. 진단 당시에도 아무런 증상이 없었는데 어느 날 누렇게 가래가 끓기 시작했고 밥을 먹다가도 숨을 골라야 할 정도로 숨이 찼다. 병원에 갈 때는 휠체어에서 산소호흡기를 손에 들고 움직여야 하고, 병원 담당 의사에게 3~4개월밖에 여명이 남지 않았다는 소식을 들을 정도였다.그러던 중 지난해 11월 마지막 대안으로 듀피젠트 치료를 시작하면서 증상이 호전되기 시작했다.","장모 씨(70)는 약 30년 전인 1990년대 중반 만성폐쇄성폐질환(COPD)을 진단 받았다. 진단 당시에도 아무런 증상이 없었는데 어느 날 누렇게 가래가 끓기 시작했고 밥을 먹다가도 숨을 골라야 할 정도로 숨이 찼다. 병원에 갈 때는 휠체어에서 산소호흡기를 손에 들고 움직여야 하고, 병원 담당 의사에게 3~4개월밖에 여명이 남지 않았다는 소식을 들을 정도였다.그러던 중 지난해 11월 마지막 대안으로 듀피젠트 치료를 시작하면서 증상이 호전되기 시작했다. 가래가 눈에 띄게 줄었고 운동요법을 병행하니 휠체어에서 일어나 제 발로 걸어다닐",local,10,생물학적제제,,,0.09986794368690106,,7.0,0.9986794368690106,3.1818181818181817,1.871934934848679,False
2026-08-28,Product Approval,2026-08-28 12:00:00,Naver News,https://www.mdtoday.co.kr/news/articleView.html?idxno=610047,"디앤디파마텍, AI 접목해 경구용 IBD 신약 발굴…α4β7 펩타이드 개발 나선다 - 메디컬투데이",디앤디파마텍이 양자 기반 인공지능(AI) 기술과 자체 경구용 펩타이드 플랫폼을 결합해 염증성 장 질환(IBD) 치료를 위한 새로.,[mdtoday = 양정의 기자] 디앤디파마텍이 양자 기반 인공지능(AI) 기술과 자체 경구용 펩타이드 플랫폼을 결합해 염증성 장 질환(IBD) 치료를 위한 새로,local,2,적응증,,,0.09538163551370449,,7.0,0.9538163551370449,3.1818181818181817,1.8450170858094996,False
2026-08-28,Therapeutic Areas,2026-08-28 09:30:00,Naver News,https://www.cnbnews.com/news/articleView.html?idxno=1013206,"대구대-제주대병원, 난임 심리상담·전문인력 양성 손잡아 - CNB뉴스","대구대학교와 제주대학교병원이 난임 인식 개선부터 심리상담, 전문인력 양성까지 아우르는 지역사회 난임 대응체계 구축에 나선다.대구대 산학협력단 소속 DU난임대응센터.","대구대학교와 제주대학교병원이 난임 인식 개선부터 심리상담, 전문인력 양성까지 아우르는 지역사회 난임 대응체계 구축에 나선다.대구대 산학협력단 소속 DU난임대응센터",local,2,난임,,,0.1378504726672435,,5.0,1.378504726672435,2.2727272727272725,1.73619374509437,False
2026-08-28,Product Approval,2026-08-28 13:52:00,Naver News,https://news.tf.co.kr/read/national/2359168.htm,과천 아주대병원 건립 '첫 관문' 넘었다…262병상 사전심의 통과 - 전국 | 기사 - 더팩트,과천 아주대학교병원 조감도. /과천시[더팩트ㅣ과천=정일형 기자] 경기 과천시가 추진하는 과천 아주대학교병원 건립사업이 탄력을 받고 있다.시는 과천 아주대학교병원 설립과..,과천 아주대학교병원 조감도. /과천시[더팩트ㅣ과천=정일형 기자] 경기 과천시가 추진하는 과천 아주대학교병원 건립사업이 탄력을 받고 있다.시는 과천 아주대학교병원 설립과..,local,2,허가,,,0.06876357757224012,,7.0,0.6876357757224012,3.1818181818181817,1.6853087381607135,False
2026-08-28,BD,2026-08-28 11:26:00,Naver News,https://www.megaeconomy.co.kr/news/newsview.php?ncode=1065579682989427,"자가골 대체 ′한 걸음′…노보시스, 손목뼈 임상 첫 성과","자가골 대체 ′한 걸음′…노보시스, 손목뼈 임상 첫 성과 [메가경제=김민준 기자] 시지바이오의 골대체재 ′노보시스(NOVOSIS)′가 척추와 장관골을 넘어 손목뼈(주상골) 불유합 치료에서도 초기 임상 가능성을 확인했다. 자가골을 채취하지 않고도 환자 전원에서 골유합이 이뤄지면서 골대체재 적용 범위를 넓힐 수 있을지 관심이 쏠린다. 시지바이오는 연세대학교 원주의과대학 원주세브란스기독병원 정형외과 박지수·권기.","자가골 대체 ′한 걸음′…노보시스, 손목뼈 임상 첫 성과 [메가경제=김민준 기자] 시지바이오의 골대체재 ′노보시스(NOVOSIS)′가 척추와 장관골을 넘어 손목뼈(주상골) 불유합 치료에서도 초기 임상 가능성을 확인했다. 자가골을 채취하지 않고도 환자 전원에서 골유합이 이뤄지면서 골대체재 적용 범위를 넓힐 수 있을지 관심이 쏠린다.     시지바이오는 연세대학교 원주의과대학 원주세브란스기독병원 정형외과 박지수·권기",local,10,합병,,,0.2629791242373335,,0.0,2.6297912423733347,0.0,1.5778747454240007,False
2026-08-28,Client,2026-08-27 10:13:00,Naver News,https://www.hankyung.com/article/202608276069i,"네오이뮨텍, ‘카빅티+NT-I7’ 첫 환자 투약…CAR-T 효과 높일까","네오이뮨텍, ‘카빅티+NT-I7’ 첫 환자 투약…CAR-T 효과 높일까, 이우상 기자, IT/과학.","네오이뮨텍, ‘카빅티+NT-I7’ 첫 환자 투약…CAR-T 효과 높일까, 이우상 기자, IT/과학",local,10,얀센,,,0.04888164456802418,,7.0,0.4888164456802418,3.1818181818181817,1.5660171401354177,False
2026-08-28,BD,2026-08-28 11:02:00,Naver News,http://www.docdocdoc.co.kr/news/articleView.html?idxno=3042218,"""중국은 경쟁 상대 아닌 분석 대상""…빅파마가 본 K-ADC 생존법","""중국은 더 이상 경쟁 상대가 아니라 분석 대상이다. 중국 회사를 분석해서 우리가 어디에 있는지 알아야 한다. 미국 회사를 경쟁 상대로만 보지 않고 분석하듯 중국 회사도 분석해 우리만의 마스터플랜과 로드맵을 짜야 한다.""로슈 사업개발(BD) 정회량 이사가 국내 바이오텍에 던진 조언이다. 중국 바이오텍과 누가 더 빨리 같은 항체약물접합체(ADC)를 개발하느냐는 경쟁에만 매달리지 말고, 이들이 어떤 타깃을 고르고 얼마나 빠르게 임상에 진입하는지부터 살펴야 한다는 것이다.","""중국은 더 이상 경쟁 상대가 아니라 분석 대상이다. 중국 회사를 분석해서 우리가 어디에 있는지 알아야 한다. 미국 회사를 경쟁 상대로만 보지 않고 분석하듯 중국 회사도 분석해 우리만의 마스터플랜과 로드맵을 짜야 한다.""로슈 사업개발(BD) 정회량 이사가 국내 바이오텍에 던진 조언이다. 중국 바이오텍과 누가 더 빨리 같은 항체약물접합체(ADC)를 개발하느냐는 경쟁에만 매달리지 말고, 이들이 어떤 타깃을 고르고 얼마나 빠르게 임상에 진입하는지부터 살펴야 한다는 것이다. 그래야 자신의 후보물질이 글로벌 경쟁에서 어디쯤 와 있는지 가늠할",local,10,라이선스,,,0.2540313710309645,,0.0,2.540313710309645,0.0,1.524188226185787,False
2026-08-28,BD,2026-08-28 07:02:00,Naver News,https://www.thebell.co.kr/free/content/ArticleView.asp?key=202608261621385320109415,"[더벨]바이젠셀, 파이프라인 정리 후 GMP 투자 'NK 개발' 본격화","전 상무는 셀트리온 생산부문 정제팀장과 얀센백신 생산본부 부장, 유바이오로직스 생산기획본부 상무 등을 지낸 인물이다. 올해 상반기 R&D 비용 지출은 기존 파이프라인 축소의 영향으로 크게 줄어들었다. 총... ","전 상무는 셀트리온 생산부문 정제팀장과 얀센백신 생산본부 부장, 유바이오로직스 생산기획본부 상무 등을 지낸 인물이다. 올해 상반기 R&D 비용 지출은 기존 파이프라인 축소의 영향으로 크게 줄어들었다. 총... ",local,10,얀센,,,0.24194162427221508,,0.0,2.419416242722151,0.0,1.4516497456332904,False
2026-08-28,Client,2026-08-26 06:06:00,Naver News,https://www.monews.co.kr/news/articleView.html?idxno=413435,"AZ, 폐암 3상서 희비···표적치료제 웃었다 - 메디칼업저버",아스트라제네카의 폐암 치료제 개발 성과가 치료 전략에 따라 엇갈렸다. HER2·EGFR·MET 등 바이오마커를 겨냥한 표적치료제는 임.,[메디칼업저버 정연주 기자] 아스트라제네카의 폐암 치료제 개발 성과가 치료 전략에 따라 엇갈렸다. HER2·EGFR·MET 등 바이오마커를 겨냥한 표적치료제는 임,local,10,다이이찌산쿄,,,0.21420230218118083,,0.0,2.1420230218118084,0.0,1.285213813087085,False
2026-08-28,Client,2026-08-26 08:16:00,Naver News,https://www.medicopharma.co.kr/news/articleView.html?idxno=69278,아스텔라스 CLDN18.2 이중항체 3상 진입…ABL111과 저발현 확장 경쟁,아스텔라스가 CLDN18.2×CD3 이중항체 'ASP2138'을 위암 1차 치료 글로벌 3상에 올렸다. 기존 CLDN18.2 항체 '빌로이(졸베툭시맙)'로 고발현 환자 시장을 선점한 데 이어 차세대 이중항체를 통해 치료 대상 확대를 추진한다.국내에서는 에.,[메디코파마뉴스=정재노 기자] 아스텔라스가 CLDN18.2×CD3 이중항체 'ASP2138'을 위암 1차 치료 글로벌 3상에 올렸다. 기존 CLDN18.2 항체 '빌로이(졸베툭시맙)'로 고발현 환자 시장을 선점한 데 이어 차세대 이중항체를 통해 치료 대상 확대를 추진한다.국내에서는 에,local,10,아스텔라스,,,0.20254499360374353,,0.0,2.025449936037435,0.0,1.2152699616224611,False
2026-08-28,Product Approval,2026-08-28 13:52:00,Naver News,https://www.hitnews.co.kr/news/articleView.html?idxno=78729,"국가신약개발재단, '2026 KDDF Science Conference' 마쳐",국가신약개발재단이 신약개발 과정에서 과학적 발견을 실제 치료제 개발과 임상적 가치로 연결하기 위한 연구 방향을 논의했다.국가신약개발재단(사업단장 박영민)은 지난 27일부터 이틀 간 강원 평창 알펜시아 리조트에서 '2026 KDDF Science Conference'를 개최했다고 28일 밝혔다. 올해 6회째를 맞은 행사에는 신약개발 분야 산·학·연·병 전문가 100여명이 참석했다.이번 행사는 'Science-Driven Technology Translation: From Discovery to Clinical Impact'를 주제로.,국가신약개발재단이 신약개발 과정에서 과학적 발견을 실제 치료제 개발과 임상적 가치로 연결하기 위한 연구 방향을 논의했다.국가신약개발재단(사업단장 박영민)은 지난 27일부터 이틀 간 강원 평창 알펜시아 리조트에서 '2026 KDDF Science Conference'를 개최했다고 28일 밝혔다. 올해 6회째를 맞은 행사에는 신약개발 분야 산·학·연·병 전문가 100여명이 참석했다.이번 행사는 'Science-Driven Technology Translation: From Discovery to Clinical Impact'를 주제로,local,2,신약,,,0.18585310060743257,,0.0,1.8585310060743256,0.0,1.1151186036445953,False
2026-08-28,BD,2026-08-28 07:02:00,Naver News,https://www.thebell.co.kr/free/content/ArticleView.asp?key=202608261334343360104171,"[더벨][IPO 모니터] 한국증권, 미국 바이오 KDR 상장 공략…연내 3곳 예...",파인트리테라퓨틱스는 지난 4월 아스트라제네카로부터 이중항체 분해제 후보물질(PTX-299)의 글로벌 독점 라이선스 옵션 행사 통보를 받았다. 옵션 행사 대가는 2500만달러(약 346억원)다. 개발·허가·상업화 단계별... ,파인트리테라퓨틱스는 지난 4월 아스트라제네카로부터 이중항체 분해제 후보물질(PTX-299)의 글로벌 독점 라이선스 옵션 행사 통보를 받았다. 옵션 행사 대가는 2500만달러(약 346억원)다. 개발·허가·상업화 단계별... ,local,10,아스트라제네카,,,0.18437899000977306,,0.0,1.8437899000977307,0.0,1.1062739400586383,False
2026-08-28,Therapeutic Areas,2026-08-28 12:06:00,Naver News,https://www.dailypharm.com/user/news/341859?REFERER=NP,"[데일리팜]리보세라닙 아쉬움 씻나…HLB, 하반기 신약 반전 시험대","HLB그룹의 신약 개발 성과를 가를 주요 일정이 하반기에 몰렸다. 미국 자회사 엘레바 테라퓨틱스는 담관암 치료제 리라푸그라티닙의 미국 식품의약국(FDA) 허가 심사가 막바지에 접어들었고, HLB테라퓨틱스의 신경영양성각막염 치료제 RGN-259도 글로벌 임상 3상을 마치고 오는 11월 톱라인 결과 공개를 앞두고 있다. HLB그룹의 핵심 자산으로 꼽혀온 간암 치료제 리보세라닙+캄렐리주맙….","HLB그룹의 신약 개발 성과를 가를 주요 일정이 하반기에 몰렸다. 미국 자회사 엘레바 테라퓨틱스는 담관암 치료제 리라푸그라티닙의 미국 식품의약국(FDA) 허가 심사가 막바지에 접어들었고, HLB테라퓨틱스의 신경영양성각막염 치료제 RGN-259도 글로벌 임상 3상을 마치고 오는 11월 톱라인 결과 공개를 앞두고 있다. HLB그룹의 핵심 자산으로 꼽혀온 간암 치료제 리보세라닙+캄렐리주맙…",local,2,항암제,,,0.170008959160989,,0.0,1.70008959160989,0.0,1.0200537549659339,False
2026-08-28,BD,2026-08-27 10:58:00,Naver News,https://www.yakup.com/news/index.html?mode=view&cat=16&nid=331655,"[약업신문]BMS, 세포 치료제 대량생산 취지 제휴 중단키로",브리스톨 마이어스 스퀴브社(BMS)가 셀라레스社(Cellares)와 구축했던 제휴관계를 중단키로 결정한 것으로 26일 전해졌다.셀라레스社(Cellares)는 미국 캘리포니아州 샌프란시스코에 소재한 임상 및 상용화...,브리스톨 마이어스 스퀴브社(BMS)가 셀라레스社(Cellares)와 구축했던 제휴관계를 중단키로 결정한 것으로 26일 전해졌다.셀라레스社(Cellares)는 미국 캘리포니아州 샌프란시스코에 소재한 임상 및 상용화...,local,10,BMS,,,0.14098320552833238,,0.0,1.409832055283324,0.0,0.8458992331699943,False
2026-08-28,BD,2026-08-28 12:56:00,Naver News,https://www.ziksir.com/news/articleView.html?idxno=144616,"시지바이오 ‘노보시스’, 주상골 불유합 예비임상서 환자 7명 전원 골유합",시지바이오의 골대체재 ‘노보시스’가 혈류 공급이 적어 치료가 까다로운 주상골 불유합 질환에서 자가골 이식 없이 전원 골유합을 달성했다.시지바이오는 연세대 원주세브란스기독병원 정형외과 박지수 교수 연구팀이 주상골 허리부 불유합 환자 7명을 대상으로 진행한 노보시스 병용 예비 임상연구에서 대상 환자 전원이 골유합을 완료했다고 28일 밝혔다. 이번 연구 결과는 국제학술지 ‘Orthopaedic Surgery’에 게재됐다.주상골은 손목 운동을 지탱하는 핵심 뼈이나 혈관 분포가 제한적이라 골절 시 불유합 위험이 크다.,[직썰 / 안진영 기자] 시지바이오의 골대체재 ‘노보시스’가 혈류 공급이 적어 치료가 까다로운 주상골 불유합 질환에서 자가골 이식 없이 전원 골유합을 달성했다.시지바이오는 연세대 원주세브란스기독병원 정형외과 박지수 교수 연구팀이 주상골 허리부 불유합 환자 7명을 대상으로 진행한 노보시스 병용 예비 임상연구에서 대상 환자 전원이 골유합을 완료했다고 28일 밝혔다. 이번 연구 결과는 국제학술지 ‘Orthopaedic Surgery’에 게재됐다.주상골은 손목 운동을 지탱하는 핵심 뼈이나 혈관 분포가 제한적이라 골절 시 불유합 위험이 크다,local,10,합병,,,0.1247728202637397,,0.0,1.247728202637397,0.0,0.7486369215824382,False
2026-08-28,Client,2026-08-26 07:02:00,Naver News,https://www.thebell.co.kr/free/content/ArticleView.asp?key=202608210943211440107460,"[더벨][상업화 이룬 TPD, K-바이오 밸류 점검] 유빅스, 검증된 BTK에도 밸...","나스닥 상장 바이오텍인 미국 뉴릭스테라퓨틱스가 '벡소브루티데그', 스위스에 본사를 둔 비원메디슨(옛 베이진)이 'BGB-16673'으로 각각 임상 3상에 진입했다. 둘 다 저분자 TPD라 기술도 겹친다. 이 가운데 밸류를 견줄... ","나스닥 상장 바이오텍인 미국 뉴릭스테라퓨틱스가 '벡소브루티데그', 스위스에 본사를 둔 비원메디슨(옛 베이진)이 'BGB-16673'으로 각각 임상 3상에 진입했다. 둘 다 저분자 TPD라 기술도 겹친다. 이 가운데 밸류를 견줄... ",local,10,베이진,,,0.09607466783166321,,0.0,0.9607466783166321,0.0,0.5764480069899792,False
2026-08-28,Therapeutic Areas,2026-08-28 10:33:00,Naver News,https://news.bizwatch.co.kr/article/healthcare/2026/08/28/0014,에이비엘·리가겜 항암제 1b상 '양호'…마일스톤 '비공개',에이비엘바이오와 리가켐바이오가 공동 개발해 중국 시스톤 파마슈티컬스에 기술이전한 혈액암 치료제 후보물질이 초기 임상에서 주목할 만한 결과를 보였다. 평가 대상 환자 31명 전원에서 검사상 암이 확인되지 않는 완...,에이비엘바이오와 리가켐바이오가 공동 개발해 중국 시스톤 파마슈티컬스에 기술이전한 혈액암 치료제 후보물질이 초기 임상에서 주목할 만한 결과를 보였다. 평가 대상 환자 31명 전원에서 검사상 암이 확인되지 않는 완...,local,2,항암제,,,0.09458240826230775,,0.0,0.9458240826230775,0.0,0.5674944495738464,False
2026-08-28,BD,2026-08-28 06:02:00,Naver News,https://www.yakup.com/news/index.html?mode=view&cat=12&nid=331681,[약업신문][GBC] 글로벌 바이오시밀러 규제 동향 - 미국 FDA,Sarah Yim 미국 FDA 치료용 생물의약품·바이오시밀러 부문 디렉터가 화상을 통해 발표를 진행하고 있다. © 약업신문 = 최윤수 기자미국 식품의약국(FDA)이 바이오시밀러 개발 과정에서 비교임상 유효성시험을 일...,Sarah Yim 미국 FDA 치료용 생물의약품·바이오시밀러 부문 디렉터가 화상을 통해 발표를 진행하고 있다. © 약업신문 = 최윤수 기자미국 식품의약국(FDA)이 바이오시밀러 개발 과정에서 비교임상 유효성시험을 일...,local,10,특허만료,,,0.08609709856518417,,0.0,0.8609709856518417,0.0,0.516582591391105,False
2026-08-28,BD,2026-08-28 13:48:00,Naver News,https://www.hitnews.co.kr/news/articleView.html?idxno=78727,"K-바이오 리더들의 돌직구 ""내 기술이 최고라고 생각하지 마라""","K-바이오 리더 4인이 말한 성장의 조건 ""플랫폼 기술이라고 다 성공하는 것은 아니다""""선택과 집중이라는 말이 제일 싫다""""IPO만으로는 초기 바이오의 자금줄을 만들기 어렵다""""중국을 두려워하면서도 중국을 활용해야 한다""""내가 하고 싶은 것과 시장이 원하는 것은 다르다""K-바이오를 이끄는 리더들이 한자리에 모여 국내 바이오산업이 마주한 현실과 앞으로의 생존 전략을 놓고 이야기를 나눴다. 플랫폼 기술의 성공 조건에서부터 임상, 사업개발, 투자와 M&A, 중국과의 협력, 다음 세대 바이오 리더들에게 전하는 조언까지 주제는 넓었지만 이들.","K-바이오 리더 4인이 말한 성장의 조건 ""플랫폼 기술이라고 다 성공하는 것은 아니다""""선택과 집중이라는 말이 제일 싫다""""IPO만으로는 초기 바이오의 자금줄을 만들기 어렵다""""중국을 두려워하면서도 중국을 활용해야 한다""""내가 하고 싶은 것과 시장이 원하는 것은 다르다""K-바이오를 이끄는 리더들이 한자리에 모여 국내 바이오산업이 마주한 현실과 앞으로의 생존 전략을 놓고 이야기를 나눴다. 플랫폼 기술의 성공 조건에서부터 임상, 사업개발, 투자와 M&A, 중국과의 협력, 다음 세대 바이오 리더들에게 전하는 조언까지 주제는 넓었지만 이들",local,10,M&A,,,0.07841861743449416,,0.0,0.7841861743449416,0.0,0.47051170460696495,False
2026-08-28,BD,2026-08-27 17:00:00,Naver News,http://www.newsmp.com/news/articleView.html?idxno=257736,"서밋ㆍ아케소 이보네시맙, 중국에서 담도암 3상 성공",미국 바이오제약기업 서밋 테라퓨틱스(Summit Therapeutics)와 중국 바이오기업 아케소(Akeso)의 PD-1/VEGF 이중특이항체 이보네시맙(ivonescimab)이 담도암(BTC) 임상 3상 시험에서 목표를 달성했다.서밋 테라퓨틱스는 아케소가 진행성 담도암 환자의 1차 치료로서 이보네시맙+화학요법 병용요법을 더발루맙(제품명 임핀지)+화학요법 병용요법과 비교한 무작위배정 임상 3상 HARMONi-GI1 시험(AK112-309)에서 긍정적인 톱라인 결과를 확보했다고 25일 밝혔다.HARMONi-GI1은 중국에.,[의약뉴스] 미국 바이오제약기업 서밋 테라퓨틱스(Summit Therapeutics)와 중국 바이오기업 아케소(Akeso)의 PD-1/VEGF 이중특이항체 이보네시맙(ivonescimab)이 담도암(BTC) 임상 3상 시험에서 목표를 달성했다.서밋 테라퓨틱스는 아케소가 진행성 담도암 환자의 1차 치료로서 이보네시맙+화학요법 병용요법을 더발루맙(제품명 임핀지)+화학요법 병용요법과 비교한 무작위배정 임상 3상 HARMONi-GI1 시험(AK112-309)에서 긍정적인 톱라인 결과를 확보했다고 25일 밝혔다.HARMONi-GI1은 중국에,local,10,생물학적제제,,,0.07629169895391846,,0.0,0.7629169895391846,0.0,0.4577501937235108,False
2026-08-28,BD,2026-08-28 10:30:00,Naver News,http://www.press9.kr/news/articleView.html?idxno=81774,"SK바이오사이언스·사노피, 화이자 폐렴구균 특허 美 항소심 승소…GBP410 장벽 낮췄다","SK바이오사이언스와 사노피가 화이자의 폐렴구균 백신 특허를 둘러싼 미국 항소심에서 승소했다. 화이자가 기존 특허를 보완해 권리를 유지하려던 시도까지 받아들여지지 않으면서 두 회사가 공동 개발하는 차세대 폐렴구균 백신 ‘GBP410’의 미국 사업화를 둘러싼 특허 부담도 줄었다.이번 판결은 GBP410이 화이자 특허를 침해하는지를 직접 판단한 사건은 아니다. 다만 화이자가 특허로 보호받으려던 폐렴구균 유형 대부분이 GBP410의 예방 대상에도 포함돼 있어, 향후 미국 시장 진입 과정에서 고려해야 할 법적 변수가 축소된 것.","[프레스나인] SK바이오사이언스와 사노피가 화이자의 폐렴구균 백신 특허를 둘러싼 미국 항소심에서 승소했다. 화이자가 기존 특허를 보완해 권리를 유지하려던 시도까지 받아들여지지 않으면서 두 회사가 공동 개발하는 차세대 폐렴구균 백신 ‘GBP410’의 미국 사업화를 둘러싼 특허 부담도 줄었다.이번 판결은 GBP410이 화이자 특허를 침해하는지를 직접 판단한 사건은 아니다. 다만 화이자가 특허로 보호받으려던 폐렴구균 유형 대부분이 GBP410의 예방 대상에도 포함돼 있어, 향후 미국 시장 진입 과정에서 고려해야 할 법적 변수가 축소된 것",local,10,화이자,,,0.0700905635878624,,0.0,0.7009056358786241,0.0,0.42054338152717446,False
2026-08-28,Client,2026-08-28 10:26:00,Naver News,https://www.medipana.com/news/articleView.html?idxno=416701,"다이이찌산쿄, ADC 9번째 카드 꺼냈다…CD25 표적 첫 임상 - 메디파나뉴스","다이이찌산쿄가 종양 미세환경에서 면역반응을 억제하는 조절 T세포를 겨냥한 새로운 항체약물접합체(ADC)를 임상 단계에 진입시켰다. 기존 ADC가 주로 암세포 표면의 항원을 찾아 세포독성 약물을 전달하는 방식이라면, 이번 후보물질은 면역억제 세포를 제거해 환자의 면역체계가 다시 암세포를 공격하도록 유도한다. 다이이찌산쿄의 ADC 전략이 종양세포 직접 사멸에서.","다이이찌산쿄가 종양 미세환경에서 면역반응을 억제하는 조절 T세포를 겨냥한 새로운 항체약물접합체(ADC)를 임상 단계에 진입시켰다. 기존 ADC가 주로 암세포 표면의 항원을 찾아 세포독성 약물을 전달하는 방식이라면, 이번 후보물질은 면역억제 세포를 제거해 환자의 면역체계가 다시 암세포를 공격하도록 유도한다. 다이이찌산쿄의 ADC 전략이 종양세포 직접 사멸에서",local,10,아스트라제네카,,,0.0666556832974845,,0.0,0.666556832974845,0.0,0.399934099784907,False
2026-08-28,Client,2026-08-28 09:18:00,Naver News,https://www.pharmnews.com/news/articleView.html?idxno=305895,"테즈파이어, 호산구성 식도염 임상 3상 일차지표 충족 - 팜뉴스",아스트라제네카와 암젠은 공동 개발 중인 염증성 질환 치료제 테즈파이어(Tezspire 성분명 테제펠루맙 tezepelumab)가 호산구성.,[팜뉴스=우정민 기자] 아스트라제네카와 암젠은 공동 개발 중인 염증성 질환 치료제 테즈파이어(Tezspire 성분명 테제펠루맙 tezepelumab)가 호산구성,local,10,사노피,,,0.061396094772353776,,0.0,0.6139609477235377,0.0,0.3683765686341226,False
2026-08-28,Product Approval,2026-08-28 14:00:00,Naver News,https://www.medicopharma.co.kr/news/articleView.html?idxno=69322,"에이비엘바이오 'ABL202', 1차 DLBCL서 CR 100%…용량 최적화 나선다",에이비엘바이오와 리가켐바이오가 공동개발한 ROR1 표적 항체약물접합체(ADC) ABL202(CS5001)가 1차 미만성 거대 B세포 림프종(DLBCL) 병용요법 초기 임상에서 높은 반응률을 나타냈다. 다만 개발사 시스톤은 현재까지 확보한 유효성과 안전성.,[메디코파마뉴스=이호빈 기자] 에이비엘바이오와 리가켐바이오가 공동개발한 ROR1 표적 항체약물접합체(ADC) ABL202(CS5001)가 1차 미만성 거대 B세포 림프종(DLBCL) 병용요법 초기 임상에서 높은 반응률을 나타냈다. 다만 개발사 시스톤은 현재까지 확보한 유효성과 안전성,local,2,용량,,,0.05155813756498871,,0.0,0.5155813756498872,0.0,0.3093488253899323,False
