date,category,published_date,site_name,url,title,summary,content,region,score_ag,keywords,reward_x,rl_score,lgbm_score,reward_y,score_ag_norm,lgbm_score_norm,final_score,strategic_score,lgbm_component,is_top20
2026-05-14,BD,2026-05-15 05:38:00,Naver News,http://www.medisobizanews.com/news/articleView.html?idxno=138657,일동ㆍSK케미칼 “선수 입장”…작지만 뜨거운 ‘동전파스의 결투’,국내 첩부제 시장의 ‘변방’으로 분류됐던 동전파스(미니파스) 시장이 요동치고 있다. 다양한 부위에 간편하게 부착할 수 있는 편의성을 앞세워 국내 주요 제약사들이 잇따라 신제품을 출시하며 50억원 규모의 시장 쟁탈전에 불을 지피고 있다.SK케미칼은 지난 14일 자사의 스테디셀러 브랜드인 '트라스트'의 명성을 잇는 '트라스트 코인 플라스타'를 전격 출시했다. 이번 신제품은 경남제약과의 코프로모션을 통해 유통망을 강화하며 시장 점유율 확대를 노린다.최근 스마트폰 및 IT 기기 사용량 증가로 손목 등 국소 부위 통증을 호소하는 환자가 급증.,국내 첩부제 시장의 ‘변방’으로 분류됐던 동전파스(미니파스) 시장이 요동치고 있다. 다양한 부위에 간편하게 부착할 수 있는 편의성을 앞세워 국내 주요 제약사들이 잇따라 신제품을 출시하며 50억원 규모의 시장 쟁탈전에 불을 지피고 있다.SK케미칼은 지난 14일 자사의 스테디셀러 브랜드인 '트라스트'의 명성을 잇는 '트라스트 코인 플라스타'를 전격 출시했다. 이번 신제품은 경남제약과의 코프로모션을 통해 유통망을 강화하며 시장 점유율 확대를 노린다.최근 스마트폰 및 IT 기기 사용량 증가로 손목 등 국소 부위 통증을 호소하는 환자가 급증,local,10,코프로모션,,,0.6525090235436224,,1.0,0.6525090235436224,10.540537898883214,15.0,7.567563164805357,True
2026-05-14,Distribution,2026-05-12 06:02:00,Naver News,https://biz.newdaily.co.kr/site/data/html/2026/05/11/2026051100278.html,의사도 약사도 이제는 더 쉽게 … '온라인몰'이 바꾸는 거래 질서,"오프라인 도매상과 영업사원 중심으로 움직이던 의약품 유통 시장이 온라인 플랫폼 중심으로 재편되고 있다. 약국은 물론 병의원까지 의약품 주문 채널이 온라인으로 옮겨가면서 제약사와 도매상, 플랫폼 기업 간 거래 질서가 달라지는 모습이다. 12일 업계에 따르면 기존 오프라인 도매상 중심의 의약품 유통 구조가 온라인 플랫폼으로 전환되고 있다. 병의원을 포함해 약국 의약품 유통까지 온라인 플랫폼을 통한 전환이 빠르게 확산되고 있다.&am...","오프라인 도매상과 영업사원 중심으로 움직이던 의약품 유통 시장이 온라인 플랫폼 중심으로 재편되고 있다. 약국은 물론 병의원까지 의약품 주문 채널이 온라인으로 옮겨가면서 제약사와 도매상, 플랫폼 기업 간 거래 질서가 달라지는 모습이다.&nbsp;12일 업계에 따르면 기존 오프라인 도매상 중심의 의약품 유통 구조가 온라인 플랫폼으로 전환되고 있다. 병의원을 포함해 약국 의약품 유통까지 온라인 플랫폼을 통한 전환이 빠르게 확산되고 있다.&am...",local,10,블루엠텍,,,0.6525812404968032,,1.0,0.6525812404968032,9.740841210086574,13.0,7.568068683477622,True
2026-05-14,Distribution,2026-05-13 10:48:00,Naver News,https://biz.newdaily.co.kr/site/data/html/2026/05/13/2026051300075.html,"공급망 쥐고 소비자 직접 잡는다 … 제약업계, 의약품 유통 대전환","국내 제약사들이 약을 파는 방식 자체를 재설계하기 시작했다. 거점도매를 통한 공급망 재편, 병·의원과 약국 대상 온라인몰 확대, 다이소·퀵커머스·창고형 약국 진출까지 최근 업계에서 나타나는 변화들이 동시에 맞물리는 모습이다.겉으로는 유통 효율화나 소비자 접점 확대처럼 보이지만 업계 안쪽 시선은 다르다. 단순 물류 혁신이나 디지털 전환이 아니라 제약사들이 유통과 플랫폼 자체를 직접 장악하기 시작했다는 것이다....","국내 제약사들이 약을 파는 방식 자체를 재설계하기 시작했다. 거점도매를 통한 공급망 재편, 병·의원과 약국 대상 온라인몰 확대, 다이소·퀵커머스·창고형 약국 진출까지 최근 업계에서 나타나는 변화들이 동시에 맞물리는 모습이다.겉으로는 유통 효율화나 소비자 접점 확대처럼 보이지만 업계 안쪽 시선은 다르다. 단순 물류 혁신이나 디지털 전환이 아니라 제약사들이 유통과 플랫폼 자체를 직접 장악하기 시작했다는 것이다....",local,10,블루엠텍,,,0.6524501430013754,,1.0,0.6524501430013754,9.740290600605777,13.0,7.567151001009627,True
2026-05-14,Zuellig,2026-05-12 17:48:00,Naver News,https://www.mydaily.co.kr/page/view/2026051217471854584,"[제약바이오 브리핑] 케어젠, 폴란드 파마볼과 프로지스테롤 공급계약 등","펩타이드 전문 바이오기업 케어젠은 폴란드 의료·제약 유통업체 파마볼과 프로지스테롤 공급계약을 체결했다고 12일 밝혔다. 이번 계약 규모는 3년간 약 570만달러다. 케어젠은 파마볼의 현지 유통망을 활용해 프로지스테롤의 유럽 시장 공급 기반을 확보하게 됐다. 계약에 따른 매출은 올해 3분기, 이르면 8~9월부터 순차적으로 반영될 전망이다. 프로지스테롤은 디글루스테롤을 원료로 한 합성 펩타이드 기반 건강기능식품이다.","[마이데일리 = 이호빈 기자] 펩타이드 전문 바이오기업 케어젠은 폴란드 의료·제약 유통업체 파마볼과 프로지스테롤 공급계약을 체결했다고 12일 밝혔다.
이번 계약 규모는 3년간 약 570만달러다. 케어젠은 파마볼의 현지 유통망을 활용해 프로지스테롤의 유럽 시장 공급 기반을 확보하게 됐다. 계약에 따른 매출은 올해 3분기, 이르면 8~9월부터 순차적으로 반영될 전망이다.
프로지스테롤은 디글루스테롤을 원료로 한 합성 펩타이드 기반 건강기능식품이다. 인슐린 민감도를 높여 혈중 포도당이 세포 안으로 효율적으로 흡수되도록 돕는 제품으로, 제2형 당뇨와 당뇨 전단계 고위험군을 주요 대상으로 한다.
케어젠은 현재 영국과 유럽 주요 국가 진출을 위해 디글루스테롤의 유럽연합(EU) 노블푸드 허가 절차를 진행하고 있다. 해당 절차가 마무리되면 프로지스테롤의 유럽 시장 진입과 사업화 확대를 위한 제도적 기반이 강화될 것으로 보고 있다.
케어젠은 이번 계약을 통해 프로지스테롤이 미주 시장에 이어 유럽 시장으로 진입할 수 있는 사업 기반을 마련했다는 점에 의미를 두고 있다. 유럽 시장은 제품 경쟁력뿐 아니라 원료 안전성, 규제 대응 역량, 현지 유통 파트너십이 함께 요구되는 만큼 이번 계약이 글로벌 건강기능식품 사업 확장의 교두보가 될 것으로 기대하고 있다.
정용지 케어젠 대표는 “유럽은 기능성 원료의 안전성과 신뢰성이 무엇보다 중요한 시장”이라며 “이번 계약은 케어젠이 축적해 온 펩타이드 연구개발 역량과 글로벌 규제 대응 경험을 바탕으로 유럽 시장에서 새로운 성장 가능성을 만들어가는 출발점이 될 것”이라고 말했다.
이어 “현재 폴란드 계약 외에도 다수의 유럽 국가 기업과 프로지스테롤 공급 및 사업 협력을 논의하고 있다”며 “향후 디글루스테롤의 유럽 관련 공식 절차 진행에 맞춰 프로지스테롤이 유럽 전역에서 활발히 판매될 수 있을 것으로 기대한다”고 덧붙였다.
한국유나이티드제약은 지난 8일 경기도 광주시 히스토리캠퍼스에서 필리핀 바이오파마 메디컬 솔루션스 임직원을 초청해 클래식 음악회를 개최했다고 12일 밝혔다.
이번 행사에는 아이다 볼라자 바이오파마 대표를 비롯한 임직원 34명이 참석했다. 양측은 필리핀 내 가도바주 수출 확대와 상호 신뢰 강화를 위한 협력 방안을 공유했다.
음악회에서는 클래식 명곡이 연주됐다. 참석자들은 음악회를 통해 한국유나이티드제약과의 교류 시간을 가졌다.
음악회에 앞서 바이오파마 임직원은 세종특별자치시에 있는 한국유나이티드제약 세종 1공장을 방문했다. 이들은 생산설비와 의약품 제조 공정을 살펴보며 품질관리 체계를 확인했다.
한국유나이티드제약은 지난해 10월 바이오파마와 자기공명영상(MRI) 조영제 가도바주에 대한 수출 계약을 체결했다. 가도바주는 가도부트롤을 성분으로 하는 MRI 조영제로, 고해상도 영상 진단에 사용된다.
필리핀에서는 최근 영상의학 장비 수요가 늘면서 조영제 시장도 성장하고 있다. 한국유나이티드제약은 컴퓨터단층촬영(CT) 조영제 옴니헥솔주가 필리핀 시장에서 오리지널 품목을 제치고 점유율 1위를 기록하고 있다고 설명했다.
한국유나이티드제약은 옴니헥솔주의 현지 성과를 바탕으로 가도바주를 통해 MRI 조영제 시장에서도 입지를 확대한다는 계획이다.
한국유나이티드제약 관계자는 “CT 조영제 옴니헥솔주가 이미 필리핀 시장 점유율 1위를 기록하고 있는 만큼 가도바주 수출을 통해 MRI 조영제 시장에서도 점유율 1위를 달성할 수 있도록 적극적인 마케팅을 전개할 계획”이라고 말했다.
엑세스바이오는 코로나19와 독감 A·B를 동시에 진단할 수 있는 ‘케어슈퍼브 코로나19·플루 A&B 항원 테스트(CareSuperb COVID-19/Flu A&B Antigen Test)’가 전문가용 테스트 기기로 FDA 허가를 받았다고 12일 밝혔다.
이번 허가로 해당 제품은 기존 홈테스트 중심의 사용 범위를 넘어 긴급진료센터, 의원, 클리닉 등 전문 의료 현장에서도 사용할 수 있게 됐다.
사용 대상은 미국 임상검사 표준인증인 클리아(CLIA) 면제 인증을 보유한 의료기관이다. 엑세스바이오는 이를 통해 미국 내 호흡기 감염증 진단 시장에서 판매 채널을 확대하고, 의료기관 기반 현장진단 수요에 대응한다는 계획이다.
코로나19와 독감 등 주요 호흡기 감염증은 발열, 기침, 인후통, 근육통 등 증상이 비슷해 증상만으로 원인 질환을 구분하기 어려운 경우가 많다.
이에 따라 미국 의료 현장에서는 유사 증상을 보이는 환자를 대상으로 여러 호흡기 질환을 동시에 확인할 수 있는 멀티플렉스 진단 제품 활용이 늘고 있다.
케어슈퍼브 코로나19·플루 A&B 항원 테스트는 10분 이내 코로나19와 독감 A·B 감별 진단이 가능한 제품이다. 의료진의 처방과 환자 관리에 도움을 줄 수 있고, 환자의 추가 검사와 방문 부담을 줄이는 데도 기여할 수 있다는 게 회사 측 설명이다.
엑세스바이오 관계자는 “전문가용으로 사용 범위가 확대된 것은 단순한 채널 확장을 넘어 회사 제품이 의료기관 내 진단과 처방으로 이어지는 진료 프로세스에 편입될 수 있는 기반을 마련했다는 점에서 의미가 있다”고 말했다.
일동제약그룹의 헬스케어 플랫폼 기업 새로엠에스는 오는 14일부터 17일까지 일산 킨텍스에서 열리는 ‘2026 코베 베이비 페어’에 참가해 맞춤형 영양제 솔루션 ‘건강배급소’ 홍보 활동을 진행한다고 12일 밝혔다.
코베 베이비 페어는 임신, 출산, 육아 관련 기업과 단체가 참가해 제품과 서비스, 콘텐츠를 소개하는 국내 육아 박람회다.
새로엠에스는 행사장에 홍보 부스를 마련하고 건강배급소 서비스를 소개한다. 전문가 상담과 체험 프로그램, 참여형 이벤트도 운영할 예정이다.
행사 기간에는 기존에 섭취했거나 중단한 뒤 남은 건강기능식품을 가져오면 3만원 상당의 건강배급소 맞춤형 패키지로 교환해주는 이벤트도 진행한다. 이벤트는 매일 선착순 5명을 대상으로 하며, 개인 상담과 영양 설계가 함께 제공된다.
건강배급소는 일동제약그룹의 헬스케어와 건강기능식품 분야 역량을 바탕으로 개인별 맞춤형 영양제를 추천·공급하는 웹 기반 온라인 서비스다.
이용자는 건강배급소 공식 웹사이트에서 건강 상태, 생활 패턴, 식습관 등에 대한 체크리스트를 작성한다. 이후 약사·영양사 자격을 보유한 맞춤형 건강기능식품 관리사와 1대1 상담을 거쳐 개인별 영양제 조합을 구성할 수 있다.
섭취 방식과 횟수, 편의성 등을 고려해 여러 가지 영양제를 1회 섭취분씩 1팩에 소분 포장할 수 있는 점도 특징이다. 주문·결제와 배송 서비스도 연계돼 집에서 제품을 받아볼 수 있다.
글로벌 헬스케어 솔루션 기업 쥴릭파마는 경기도 안성에 있는 자사 메가허브센터가 글로벌 공급망 보안 인증인 ‘TAPA FSR’ 최고 등급인 레벨 A를 획득했다고 12일 밝혔다.
TAPA는 국제물류보안협회가 제정한 물류 보안 기준을 기반으로 부여되는 인증이다. 물류시설의 물리적 보안, 출입 통제, 운영 프로세스, 모니터링 시스템 등 전반에 대한 심사를 거쳐 부여된다.
TAPA FSR 레벨 A는 해당 인증 체계에서 가장 높은 등급이다. 글로벌 물류 기업 중에서도 엄격한 보안 기준을 충족한 시설에 부여된다.
쥴릭파마코리아는 이번 인증을 통해 의약품 유통 과정에서 요구되는 보안성과 안정성을 강화했다고 설명했다.
쥴릭파마코리아는 전국 7개 물류센터에서 안전보건경영시스템인 ISO 45001과 환경경영시스템인 ISO 14001 인증도 획득해 운영하고 있다.
마크 프랑크 쥴릭파마코리아 대표는 “의약품은 환자의 생명과 직결되는 만큼 물류 과정에서도 높은 수준의 보안과 품질 기준이 요구된다”며 “이번 TAPA 인증 획득은 쥴릭파마가 추구하는 핵심 가치인 윤리성과 운영 우수성을 기반으로 글로벌 기준에 부합하는 역량을 확보했음을 보여주는 성과”라고 말했다.
이호빈 기자
hblee@mydaily.co.kr
- ⓒ마이데일리(
www.mydaily.co.kr
).
                                        무단전재&재배포 금지 -",local,10,쥴릭,,,0.6147559354776703,,1.0,0.6147559354776703,9.581974929006215,13.0,7.303291548343691,True
2026-05-14,BD,2026-05-13 06:12:00,Naver News,https://www.hitnews.co.kr/news/articleView.html?idxno=76071,"최대 실적 휴젤, 장두현 체제 8개월의 답은 '풀 라인업'","올해 4월 국내 최대 규모로 꼽히는 대한미용성형레이저의학회(ASLS) 학술대회 전시 부스 한 쪽에 휴젤이 있었다. 이들이 소개한 것은 주력 비즈니스 모델인 보툴리눔톡신이나 필러가 아니라 갓 출시한 세포외기질(ECM) 스킨부스터였다.수익은 추구하되 신 제품에 보수적 경향을 보였던 회사가 공동판매 제품을 전면에 내건 모습은 생경했다. 최근 한국제약바이오협회 출입기자단과 만난 장두현 대표에게 그 배경을 묻고자 했으나, 답은 자리에 앉은 지 5분 만에 나왔다.","올해 4월 국내 최대 규모로 꼽히는 대한미용성형레이저의학회(ASLS) 학술대회 전시 부스 한 쪽에 휴젤이 있었다. 이들이 소개한 것은 주력 비즈니스 모델인 보툴리눔톡신이나 필러가 아니라 갓 출시한 세포외기질(ECM) 스킨부스터였다.수익은 추구하되 신 제품에 보수적 경향을 보였던 회사가 공동판매 제품을 전면에 내건 모습은 생경했다. 최근 한국제약바이오협회 출입기자단과 만난 장두현 대표에게 그 배경을 묻고자 했으나, 답은 자리에 앉은 지 5분 만에 나왔다. ""유행과 수익을 놓치지 않겠다""는 그의 첫마디는 이미 답에 가까웠다. ""에스테틱",local,10,애브비,,,0.6139315866590246,,1.0,0.6139315866590246,9.578512663967903,13.0,7.297521106613171,True
2026-05-14,BD,2026-05-14 09:28:00,Naver News,http://www.doctorstimes.com/news/articleView.html?idxno=238070,[제약업계 소식] 5월 14일,"GC녹십자, 머크와 바이오의약품 생산 협력 위한 MOU 체결GC녹십자(대표 허은철)는 글로벌 과학기술 기업 머크(Merck) 라이프사이언스와 바이오의약품 개발 및 GMP 생산 공정 협력을 위한 전략적 업무협약(MOU)을 체결했다고 14일 밝혔다.협약식은 서울 강남구 한국머크 본사에서 진행됐으며, 김영임 머크 라이프사이언스 프로세스 솔루션 비즈니스 대표와 신웅 GC녹십자 운영 총괄 부문장 등이 참석했다.이번 협약을 통해 GC녹십자는 주요 바이오의약품 생산에 필요한 원부자재 공급 협력을 강화하고, 제조 공정 효율화 및 공급 안정성 제.","■GC녹십자, 머크와 바이오의약품 생산 협력 위한 MOU 체결GC녹십자(대표 허은철)는 글로벌 과학기술 기업 머크(Merck) 라이프사이언스와 바이오의약품 개발 및 GMP 생산 공정 협력을 위한 전략적 업무협약(MOU)을 체결했다고 14일 밝혔다.협약식은 서울 강남구 한국머크 본사에서 진행됐으며, 김영임 머크 라이프사이언스 프로세스 솔루션 비즈니스 대표와 신웅 GC녹십자 운영 총괄 부문장 등이 참석했다.이번 협약을 통해 GC녹십자는 주요 바이오의약품 생산에 필요한 원부자재 공급 협력을 강화하고, 제조 공정 효율화 및 공급 안정성 제",local,10,코프로모션,,,0.6138503856260695,,1.0,0.6138503856260695,9.578171619629492,13.0,7.296952699382486,True
2026-05-14,BD,2026-05-14 06:00:00,Naver News,https://www.bosa.co.kr/news/articleView.html?idxno=3004537,"주요 제약사, 1분기 견조한 성장 속 순이익 급증 - 의학신문",올해 1분기 주요 제약사들이 견조한 매출 성장을 이어가고 있는 가운데 순이익을 크게 끌어올린 것으로 나타났다.일간보사·의학신문이.,[의학신문·일간보사=김정일 기자] 올해 1분기 주요 제약사들이 견조한 매출 성장을 이어가고 있는 가운데 순이익을 크게 끌어올린 것으로 나타났다.일간보사·의학신문이,local,10,코프로모션,,,0.6088648143565658,,1.0,0.6088648143565658,9.557232220297577,13.0,7.262053700495961,True
2026-05-14,Distribution,2026-05-14 07:02:00,Naver News,https://www.thebell.co.kr/free/content/ArticleView.asp?key=202605121437525520102521,"[더벨]바로팜, 식염포도당 제조 '씨에이치디제약' 인수",약국 통합 플랫폼을 운영하는 스타트업 바로팜이 식염포도당 및 의약품 제조사를 인수하며 사업 보폭을 키우고 있다. 그동안 바로팜은 인수합병(M&A) 전략을 바탕으로 신사업을 빠르게 확장하는 전략을 취해왔다. 12일... ,약국 통합 플랫폼을 운영하는 스타트업 바로팜이 식염포도당 및 의약품 제조사를 인수하며 사업 보폭을 키우고 있다. 그동안 바로팜은 인수합병(M&A) 전략을 바탕으로 신사업을 빠르게 확장하는 전략을 취해왔다. 12일... ,local,10,바로팜,,,0.6544849865793354,,1.0,0.6544849865793354,9.34883694363321,12.0,7.581394906055348,True
2026-05-14,Client,2026-05-14 16:22:00,Naver News,https://www.asiatoday.co.kr/kn/view.php?key=20260514010003830,"""림카토 급여·공급망 확대 속도전…연내 점유율 20% 목표""","현재 국내 CAR-T 치료제 시장에서는 노바티스 '킴리아'가 공급되고 있으나, 투여 가능한 병원이 제한적인 상황이다. 큐로셀은 연내 전국 30개 의료기관으로 림카토 치료센터를 확대하는 방안을 추진 중이다. 현재 주요... ","현재 국내 CAR-T 치료제 시장에서는 노바티스 '킴리아'가 공급되고 있으나, 투여 가능한 병원이 제한적인 상황이다. 큐로셀은 연내 전국 30개 의료기관으로 림카토 치료센터를 확대하는 방안을 추진 중이다. 현재 주요... ",local,10,노바티스,,,0.6528961637685284,,1.0,0.6528961637685284,9.34216388782782,12.0,7.570273146379699,True
2026-05-14,Distribution,2026-05-12 08:52:00,Naver News,https://www.smarttoday.co.kr/ko-kr/articles/107389,"VC 부사장 영입한 듀켐바이오, 빅파마 협업 기회 발굴한다",듀켐바이오는 매출 385억 원과 영업이익 74억 원을 기록하며 김승우 전무를 영입했다. 알츠하이머 진단제 시장 점유율 94%를 확보했으며 치료용 방사성의약품 분야로 사업을 확대한다. 최대주주 지오영은 지분 51.,[세줄요약] 듀켐바이오는 매출 385억 원과 영업이익 74억 원을 기록하며 김승우 전무를 영입했다.  알츠하이머 진단제 시장 점유율 94%를 확보했으며 치료용 방사성의약품 분야로 사업을 확대한다.  최대주주 지오영은 지분 51.,local,10,지오영,,,0.6159935782963338,,1.0,0.6159935782963338,9.187173028844603,12.0,7.311955048074337,False
2026-05-14,Distribution,2026-05-14 06:12:00,Naver News,https://www.hitnews.co.kr/news/articleView.html?idxno=76108,"창고형 약국을 둘러싼 고민, '권영희와 장봉근'의 결다른 해법","경기도 약사 2700명의 체온으로 달궈진 10일 제21회 경기약사학술대회장은 ①누구도 그 실체와 미래의 위력을 명쾌하게 정의하지 못하는 인공지능(AI)의 영향력과 ②비(非) 의약품 마케팅 수단으로 더 부풀려진 '창고형 약국의 저가 공포'가 공존했다. 약사들은 창고형 약국 때문에 머리를 싸매고 있는데, 업체들의 처방은 쾌도난마와 같았다.'AI와 함께 진화하는 약사'를 학술대회 주제로 삼고 '확장과 변화, 그 경계를 넘어'를 슬로건으로 내세운 경기도 약사회는 'AI PHARMACY ZONE'을 학술대회 현장에 설치해 AI를 시각화 했다.","경기도 약사 2700명의 체온으로 달궈진 10일 제21회 경기약사학술대회장은 ①누구도 그 실체와 미래의 위력을 명쾌하게 정의하지 못하는 인공지능(AI)의 영향력과 ②비(非) 의약품 마케팅 수단으로 더 부풀려진 '창고형 약국의 저가 공포'가 공존했다. 약사들은 창고형 약국 때문에 머리를 싸매고 있는데, 업체들의 처방은 쾌도난마와 같았다.'AI와 함께 진화하는 약사'를 학술대회 주제로 삼고 '확장과 변화, 그 경계를 넘어'를 슬로건으로 내세운 경기도 약사회는 'AI PHARMACY ZONE'을 학술대회 현장에 설치해 AI를 시각화 했다",local,10,바로팜,,,0.6550555690341169,,1.0,0.6550555690341169,8.55123338994329,10.0,7.5853889832388175,False
2026-05-14,Distribution,2026-05-14 16:34:00,Naver News,http://www.ftoday.co.kr/news/articleView.html?idxno=358937,"CJ올리브네트웍스, 오리온 차세대 품질관리시스템 구축 착수","CJ올리브네트웍스가 오리온의 글로벌 비즈니스 확대를 지원하기 위한 차세대 품질관리시스템 구축 사업을 수주하고 본격적인 공정에 들어갔다. 이번 프로젝트는 기존의 품질 관리 체계를 데이터 기반의 지능형 시스템으로 고도화하는 것이 핵심이다.CJ올리브네트웍스는 식음료, 뷰티, 바이오 제약 등.","CJ올리브네트웍스가 오리온의 글로벌 비즈니스 확대를 지원하기 위한 차세대 품질관리시스템 구축 사업을 수주하고 본격적인 공정에 들어갔다. 이번 프로젝트는 기존의 품질 관리 체계를 데이터 기반의 지능형 시스템으로 고도화하는 것이 핵심이다.CJ올리브네트웍스는 식음료, 뷰티, 바이오 제약 등",local,10,CJ,,,0.654825780542755,,1.0,0.654825780542755,8.550268278279571,10.0,7.583780463799284,False
2026-05-14,Distribution,2026-05-15 05:32:00,Naver News,https://www.etoday.co.kr/news/view/2584607,론칭 100일 ‘올리브베러’...국내 시장 파이 더 키운다[판 커지는 K웰니스],"먹는 뷰티부터 숙면, 운동까지...웰니스 카테고리 무한 확장프로바이오틱스‧침향 등 기능성 원료도 주목...카테고리 세분화도 속도▲올리브베러 개요 (.","먹는 뷰티부터 숙면, 운동까지...웰니스 카테고리 무한 확장프로바이오틱스‧침향 등 기능성 원료도 주목...카테고리 세분화도 속도▲올리브베러 개요 (",local,10,CJ,,,0.6547623482646329,,1.0,0.6547623482646329,8.550001862711458,10.0,7.58333643785243,False
2026-05-14,Client,2026-05-14 14:54:00,Naver News,https://www.medicopharma.co.kr/news/articleView.html?idxno=68084,"GSK, 中 SBP그룹과 전략적 협력 체결…B형간염 신약 출시 속도","GSK가 중국 간질환 시장 공략을 위해 현지 제약사와 전략적 협력에 나선다. 만성 B형간염 치료제 후보 ‘베피로비르센(bepirovirsen)’의 중국 출시를 앞두고 현지 유통·영업 역량을 확보해 상업화 속도를 높이겠다는 전략이다. 14일 업계에 따르면,.","[메디코파마뉴스=이호빈 기자] GSK가 중국 간질환 시장 공략을 위해 현지 제약사와 전략적 협력에 나선다. 만성 B형간염 치료제 후보 ‘베피로비르센(bepirovirsen)’의 중국 출시를 앞두고 현지 유통·영업 역량을 확보해 상업화 속도를 높이겠다는 전략이다. 14일 업계에 따르면,",local,10,GSK,,,0.6545415316660663,,1.0,0.6545415316660663,8.549074432997479,10.0,7.581790721662464,True
2026-05-14,BD,2026-05-12 06:40:00,Naver News,https://www.dailymedi.com/news/news_view.php?wr_id=936387,제약사 직접영업 축소…실태조사·연구용역 착수,"﻿﻿﻿﻿제약사들이 직접 영업을 축소하고 외부에 판촉을 위탁하는 경향이 커지고 있는 가운데 정부가 의약품 판촉영업자(CSO) 운영 전반에 대한 실태 파악에 본격 착수했다. CSO 위탁과 관련한 교육 이수 현황, 수수료율, 소재지, 종사 인력, 위탁·재위탁 현황 등의 내용이다. 최근 CSO 관리·감독 체계 강화를 위한 연구용역에 착수한 정부가 본격적인 규제에 나설 수 있다는 전망이 나온다.5일 제약계에 따르면 보건복지부는 최근 의약품 제조·수입업자 등에 대해 ‘의약품 판촉영업 위탁계약 체결 현황’ 자료 제출을 요청했다.&nbs….","﻿﻿﻿﻿제약사들이 직접 영업을 축소하고 외부에 판촉을 위탁하는 경향이 커지고 있는 가운데 정부가 의약품 판촉영업자(CSO) 운영 전반에 대한 실태 파악에 본격 착수했다. CSO 위탁과 관련한 교육 이수 현황, 수수료율, 소재지, 종사 인력, 위탁·재위탁 현황 등의 내용이다. 최근 CSO 관리·감독 체계 강화를 위한 연구용역에 착수한 정부가 본격적인 규제에 나설 수 있다는 전망이 나온다.5일 제약계에 따르면 보건복지부는 최근 의약품 제조·수입업자 등에 대해 ‘의약품 판촉영업 위탁계약 체결 현황’ 자료 제출을 요청했다.&nbs…",local,10,판촉영업자,,,0.6543979199325003,,1.0,0.6543979199325003,8.5484712637165,10.0,7.580785439527502,True
2026-05-14,Client,2026-05-14 06:02:00,Naver News,https://www.dailypharm.com/user/news/338455?REFERER=NP,[데일리팜]골수섬유증 신약 '옴짜라' 재수 끝에 급여 등재 목전,"골수섬유증 신약 옴짜라가 보험급여 목록에 등재될 전망이다. 취재 결과, 한국GSK와 국민건강보험공단은 최근 골수섬유증치료제 옴짜라(모멜로티닙)에 대한 약가협상을 최종 타결했다. 이에 따라, 큰 이변이 없는 한 다가오는 6월부터 급여 적용이 이뤄질 것으로 판단된다. 옴짜라는 지난해 3월 심평원 암질환심의위원회를 통과했지만 약평위 상정을 위한 조율 과정에서, 약가 산정을 위….","골수섬유증 신약 옴짜라가 보험급여 목록에 등재될 전망이다. 취재 결과, 한국GSK와 국민건강보험공단은 최근 골수섬유증치료제 옴짜라(모멜로티닙)에 대한 약가협상을 최종 타결했다. 이에 따라, 큰 이변이 없는 한 다가오는 6월부터 급여 적용이 이뤄질 것으로 판단된다. 옴짜라는 지난해 3월 심평원 암질환심의위원회를 통과했지만 약평위 상정을 위한 조율 과정에서, 약가 산정을 위…",local,10,GSK,,,0.6541530221513661,,1.0,0.6541530221513661,8.547442693035737,10.0,7.579071155059562,True
2026-05-14,BD,2026-05-15 06:02:00,Naver News,https://www.yakup.com/news/index.html?mode=view&cat=12&nid=327246,[약업신문]약가유연계약 제도화…신약 약가협상 방식 바뀐다,국민건강보험공단이 약가유연계약 세부 운영기준을 포함한 ‘약가협상지침’ 개정안을 공개했다. ©AI 생성 이미지국민건강보험공단이 약가유연계약 세부 운영기준을 포함한 '약가협상지침' 개정안을 공개했다.,국민건강보험공단이 약가유연계약 세부 운영기준을 포함한 ‘약가협상지침’ 개정안을 공개했다. ©AI 생성 이미지국민건강보험공단이 약가유연계약 세부 운영기준을 포함한 '약가협상지침' 개정안을 공개했다. 신약...,local,10,급여,,,0.6536452167260732,,1.0,0.6536452167260732,8.545309910249507,10.0,7.575516517082512,True
2026-05-14,BD,2026-05-15 06:02:00,Naver News,https://www.dailypharm.com/user/news/338510?REFERER=NP,[데일리팜]미등재 신약 약가유연계약 시 '실제가' 약평위 평가액 기준,"제약사가 급여 등재되지 않은 신약으로 약가유연계약을 신청할 경우, 약제급여평가위원회의 급여적정성 평가 가격이 실제가의 기준이 된다. 또 약가유연계약 협상 기간은 60일이지만 복지부장관이 협상기간을 별도로 정하는 경우 기간은 단축될 수 있다. 14일 건강보험공단은 약가유연계약제 운영 지침이 반영된 ‘약가협상지침’ 일부 개정을 공고했다. 약가유연계약은 표시가와 실제가(별….","제약사가 급여 등재되지 않은 신약으로 약가유연계약을 신청할 경우, 약제급여평가위원회의 급여적정성 평가 가격이 실제가의 기준이 된다. 또 약가유연계약 협상 기간은 60일이지만 복지부장관이 협상기간을 별도로 정하는 경우 기간은 단축될 수 있다. 14일 건강보험공단은 약가유연계약제 운영 지침이 반영된 ‘약가협상지침’ 일부 개정을 공고했다. 약가유연계약은 표시가와 실제가(별…",local,10,급여,,,0.653212862772973,,1.0,0.653212862772973,8.543494023646486,10.0,7.572490039410811,True
2026-05-14,BD,2026-05-15 06:04:00,Naver News,http://www.newsmp.com/news/articleView.html?idxno=253308,"2027년도 수가협상 1차 협상 마침표, 공급자 ‘밴드 확대’ 공감대","2027년도 요양급여비용 계약을 위한 1차 협상이 마무리됐다.국민건강보험공단과 공급자 단체는 11일과 14일 양일간 2027년도 요양급여비용 계약을 위한 1차 협상을 진행했다. 11일 병원과 의원, 치과에 이어 14일에는 약국과 한방 유형도 공단과 만나 각 유형의 경영상 어려움을 전달하며 협상을 마쳤다.공급자 단체는 고물가와 인건비 상승을 공통적인 위기 요인으로 꼽으며 추가 소요 재정(밴드) 규모를 대폭 늘려야 한다는 데 의견을 모았다. ◆병원 “한시적 지원금의 환산지수 연동은 역차별, 순수 인건비ㆍ물가 상승 반영해야”.","[의약뉴스] 2027년도 요양급여비용 계약을 위한 1차 협상이 마무리됐다.국민건강보험공단과 공급자 단체는 11일과 14일 양일간 2027년도 요양급여비용 계약을 위한 1차 협상을 진행했다. 11일 병원과 의원, 치과에 이어 14일에는 약국과 한방 유형도 공단과 만나 각 유형의 경영상 어려움을 전달하며 협상을 마쳤다.공급자 단체는 고물가와 인건비 상승을 공통적인 위기 요인으로 꼽으며 추가 소요 재정(밴드) 규모를 대폭 늘려야 한다는 데 의견을 모았다. ◆병원 “한시적 지원금의 환산지수 연동은 역차별, 순수 인건비ㆍ물가 상승 반영해야”",local,10,계약,,,0.6531767613077716,,1.0,0.6531767613077716,8.54334239749264,10.0,7.572237329154401,True
2026-05-14,BD,2026-05-11 10:24:00,Naver News,http://www.press9.kr/news/articleView.html?idxno=76245,"[Generic Trend]미등재특허로 철옹성 쌓은 '자디앙', 전방위 공략에 구멍 커졌다","베링거인겔하임의 SGLT-2 억제제 계열 당뇨병 치료제 '자디앙(성분명 엠파글리플로진)' 제품군의 미등재특허가 다시 허물어졌다.특허심판원은 종근당과 JW중외제약, 한미약품, 동화약품, 보령, 동구바이오제약, 제뉴파마, 팜젠사이언스, 대한뉴팜, 영풍제약, 위더스제약, 메디카코리아, 에이프로젠바이오로직스, 한국파마, 아주약품 등 총 15개사가 자디앙듀오의 용도특허에 대해 청구한 무효심판에서 최근 인용 심결을 내렸다.자디앙의 제네릭 조기 출시에 도전한 제약사들은 단일제인 자디앙 외에도 복합제인 자디앙듀오(성분명 엠파글리플로.","[프레스나인] 베링거인겔하임의 SGLT-2 억제제 계열 당뇨병 치료제 '자디앙(성분명 엠파글리플로진)' 제품군의 미등재특허가 다시 허물어졌다.특허심판원은 종근당과 JW중외제약, 한미약품, 동화약품, 보령, 동구바이오제약, 제뉴파마, 팜젠사이언스, 대한뉴팜, 영풍제약, 위더스제약, 메디카코리아, 에이프로젠바이오로직스, 한국파마, 아주약품 등 총 15개사가 자디앙듀오의 용도특허에 대해 청구한 무효심판에서 최근 인용 심결을 내렸다.자디앙의 제네릭 조기 출시에 도전한 제약사들은 단일제인 자디앙 외에도 복합제인 자디앙듀오(성분명 엠파글리플로",local,10,특허만료,,,0.6531202325589168,,1.0,0.6531202325589168,8.54310497674745,10.0,7.571841627912417,False
2026-05-14,BD,2026-05-15 06:12:00,Naver News,https://www.hitnews.co.kr/news/articleView.html?idxno=76111,2020년대 베스트셀러 의약품 순위는 '의사·지침·급여' 따라 '출렁',"2020년대 국내 베스트셀러 의약품의 성장 동력은 '처방, 지침, 급여'의 영향을 크게 받은 것으로 나타났다. 적응증 급여확대와 지침의 변화가 시장의 판도를 크게 바꾼 가운데 의사의 처방 관성을 얼마나 유지하느냐가 회사의 수익성으로 연결됐다.가 의약품 시장조사기관 유비스트 기준 2021년부터 2026년 1분기까지 21개 분기 내 상위 원외처방액 브랜드(17개)를 분석한 결과 이같은 추이가 관찰됐다. 상위권은 항상 잘 판다?","2020년대 국내 베스트셀러 의약품의 성장 동력은 '처방, 지침, 급여'의 영향을 크게 받은 것으로 나타났다. 적응증 급여확대와 지침의 변화가 시장의 판도를 크게 바꾼 가운데 의사의 처방 관성을 얼마나 유지하느냐가 회사의 수익성으로 연결됐다.가 의약품 시장조사기관 유비스트 기준 2021년부터 2026년 1분기까지 21개 분기 내 상위 원외처방액 브랜드(17개)를 분석한 결과 이같은 추이가 관찰됐다. 상위권은 항상 잘 판다? 5년새 6품목 차트 이탈2021년 1분기 10개 상위 브랜드의 순위를 보면 △비아트리스코리아의 이상",local,10,제네릭,,,0.6529911768002475,,1.0,0.6529911768002475,8.54256294256104,10.0,7.570938237601732,False
2026-05-14,Client,2026-05-14 06:08:00,Naver News,https://www.kpanews.co.kr/news/articleView.html?idxno=534769,"환인제약, 제품 중심 전략 통했다…1분기 ‘어닝 서프라이즈’ - 약사공론",환인제약이 올해 1분기 시장 기대치를 웃도는 ‘어닝 서프라이즈’ 실적을 기록하며 수익성 회복 흐름을 본격화했다. 단순 도입상품 확대가 아니라 자체 강점인 CNS.,환인제약이 올해 1분기 시장 기대치를 웃도는 ‘어닝 서프라이즈’ 실적을 기록하며 수익성 회복 흐름을 본격화했다. 단순 도입상품 확대가 아니라 자체 강점인 CNS,local,10,사노피,,,0.652935909411522,,1.0,0.652935909411522,8.542330819528392,10.0,7.570551365880654,True
2026-05-14,Client,2026-05-12 05:58:00,Naver News,https://www.hitnews.co.kr/news/articleView.html?idxno=76044,'끈적임 없는 제형'으로 250억 탈모치료제 시장 노리는 한독,250억 탈모치료 미녹시딜 시장에 한독이 '손안대는 약'으로 참전한다. 기존 액제 의약품을 사용할 때 '손에 묻는 불편함'을 해결한 제형으로 거품형 치료제들과 맞대결 한다.한독은 6월 롤온 타입의 탈모치료제 '모두나롤액'을 공식 출시하기로 확정했다. 이 제품은 남성형 탈모치료 일반의약품인 미녹시딜5% 제제를 머리에 굴리는 형태로 약제를 도포한다.미녹시딜 제제를 사용했던 소비자들은 그동안 액제를 바른 후 손가락 끝으로 두피를 문지르거나 스포이트를 사용해야 했다.,250억 탈모치료 미녹시딜 시장에 한독이 '손안대는 약'으로 참전한다. 기존 액제 의약품을 사용할 때 '손에 묻는 불편함'을 해결한 제형으로 거품형 치료제들과 맞대결 한다.한독은 6월 롤온 타입의 탈모치료제 '모두나롤액'을 공식 출시하기로 확정했다. 이 제품은 남성형 탈모치료 일반의약품인 미녹시딜5% 제제를 머리에 굴리는 형태로 약제를 도포한다.미녹시딜 제제를 사용했던 소비자들은 그동안 액제를 바른 후 손가락 끝으로 두피를 문지르거나 스포이트를 사용해야 했다. 이 과정에서 약제가 손에 묻어 끈적임이 남고 사용 후 매번 손을 씻어야,local,10,켄뷰,,,0.6528961637685284,,1.0,0.6528961637685284,8.542163887827819,10.0,7.570273146379699,True
2026-05-14,BD,2026-05-14 10:46:00,Naver News,https://www.womentimes.co.kr/news/articleView.html?idxno=102972,"보령, 혈액암 치료 포트폴리오 확대...‘다사킨정’ 출시 - 우먼타임스",만성골수성백혈병 치료에서 환자 상태와 치료 단계에 맞춘 약제 선택의 폭이 한층 넓어졌다.보령은 다사티닙 성분의 만성골수성백혈병 치료제 ‘다사킨정’을 출시했다고 1.,만성골수성백혈병 치료에서 환자 상태와 치료 단계에 맞춘 약제 선택의 폭이 한층 넓어졌다.보령은 다사티닙 성분의 만성골수성백혈병 치료제 ‘다사킨정’을 출시했다고 1,local,10,안텐진,,,0.6528961637685284,,1.0,0.6528961637685284,8.542163887827819,10.0,7.570273146379699,False
2026-05-14,Client,2026-05-14 15:10:00,Naver News,https://www.medicopharma.co.kr/news/articleView.html?idxno=68083,"파드셉 병용요법, 급여 절차 ‘막바지’…요로상피암 1차 치료 재편되나",요로상피암 1차 치료에서 유의한 생존 개선 효과를 입증한 파드셉(성분명 엔포투맙 베도틴)·키트루다(성분명 펨브롤리주맙) 병용요법(이하 파드셉 병용요법)의 건강보험 급여 등재 절차가 막바지 단계에 접어들었다. 약제급여평가위원회가 해당 병용요법의 급여 적정성.,[메디코파마뉴스=이호빈 기자] 요로상피암 1차 치료에서 유의한 생존 개선 효과를 입증한 파드셉(성분명 엔포투맙 베도틴)·키트루다(성분명 펨브롤리주맙) 병용요법(이하 파드셉 병용요법)의 건강보험 급여 등재 절차가 막바지 단계에 접어들었다. 약제급여평가위원회가 해당 병용요법의 급여 적정성,local,10,MSD,,,0.6528961637685284,,1.0,0.6528961637685284,8.542163887827819,10.0,7.570273146379699,True
2026-05-14,BD,2026-05-12 10:41:00,Naver News,http://www.edaily.co.kr/news/newspath.asp?newsid=04224646645448264,“자가검사 믿다 치료 놓칠수도”…성병키트 도입에 산부인과 반발,성매개감염 자가검사키트 도입 추진을 둘러싸고 여성 건강과 공공 감염병 관리 체계에 혼란이 생길 수 있다는 우려가 커지고 있다. 의료계는 병원 진료 없이 스스로 검사하는 방식이 오진과 치료 지연으로 이어질 수 있다면서 특히 임신부와 무증상 감염 여성의 건강을 위협할 수...,성매개감염 자가검사키트 도입 추진을 둘러싸고 여성 건강과 공공 감염병 관리 체계에 혼란이 생길 수 있다는 우려가 커지고 있다. 의료계는 병원 진료 없이 스스로 검사하는 방식이 오진과 치료 지연으로 이어질 수 있다면서 특히 임신부와 무증상 감염 여성의 건강을 위협할 수...,local,10,불임,,,0.6510043106029534,,1.0,0.6510043106029534,8.534218104532403,10.0,7.557030174220674,False
2026-05-14,BD,2026-05-14 06:12:00,Naver News,https://www.hitnews.co.kr/news/articleView.html?idxno=76113,"""JAK 억제제-생물학적제제 교체 급여 1년… 적극 치료 가능""","지난 3월 아토피피부염 치료에서 생물학적제제와 JAK 억제제 간 교체투여에 급여가 적용된 지 1년이 지났다. 안지영 국립중앙의료원 피부과 교수는 치료제 변경이 필요했던 환자의 적극적인 치료를 위한 대안이 됐다고 평가했다.다만 아직 동일계열 내에서의 치료제 변경은 비급여로 적용되며, 산정특례 기준에 따라 습진중증도평가지수(EASI)-23 이상 환자들에만 고가약 급여가 적용된다는 점은 미충족 수요로 남아있다.히트뉴스는 안지영 교수를 만나 아토피피부염 치료제 선택에서 고려사항과 치료 패러다임 변화에 관해 들어봤다.3~40% 환자 치료제.","지난 3월 아토피피부염 치료에서 생물학적제제와 JAK 억제제 간 교체투여에 급여가 적용된 지 1년이 지났다. 안지영 국립중앙의료원 피부과 교수는 치료제 변경이 필요했던 환자의 적극적인 치료를 위한 대안이 됐다고 평가했다.다만 아직 동일계열 내에서의 치료제 변경은 비급여로 적용되며, 산정특례 기준에 따라 습진중증도평가지수(EASI)-23 이상 환자들에만 고가약 급여가 적용된다는 점은 미충족 수요로 남아있다.히트뉴스는 안지영 교수를 만나 아토피피부염 치료제 선택에서 고려사항과 치료 패러다임 변화에 관해 들어봤다.3~40% 환자 치료제",local,10,생물학적제제,,,0.6479745965028882,,1.0,0.6479745965028882,8.52149330531213,10.0,7.5358221755202175,False
2026-05-14,Client,2026-05-13 06:12:00,Naver News,https://www.hitnews.co.kr/news/articleView.html?idxno=76070,"MSD, 협상 참여… 파드셉·키트루다 병용급여화 다음단계로","한국MSD가 한국아스텔라스제약의 '파드셉'과 '키트루다'간 병용요법 급여 협상에 참여하기로 하면서 그동안 변수로 꼽혔던 급여화 논의가 협상 단계로 넘어가게 됐다.다만, 키트루다가 다적응 약제인 만큼 약가 및 재정 영향에 대한 부담이 여전해 협상이 쉽지만은 않을 것이란 예상이다.12일 업계에 따르면 MSD는 최근 파드셉·키트루다 병용요법 급여 추진 과정에서 후속 협상 절차에 참여하겠다는 입장을 정부 측에 전달했다.MSD는 ""환자들을 위한 접근성 향상의 필요성에 공감하고 있다""며 ""현실적으로 쉽지 않은 상황이나 후속 절차에 참여할 계획.","한국MSD가 한국아스텔라스제약의 '파드셉'과 '키트루다'간 병용요법 급여 협상에 참여하기로 하면서 그동안 변수로 꼽혔던 급여화 논의가 협상 단계로 넘어가게 됐다.다만, 키트루다가 다적응 약제인 만큼 약가 및 재정 영향에 대한 부담이 여전해 협상이 쉽지만은 않을 것이란 예상이다.12일 업계에 따르면 MSD는 최근 파드셉·키트루다 병용요법 급여 추진 과정에서 후속 협상 절차에 참여하겠다는 입장을 정부 측에 전달했다.MSD는 ""환자들을 위한 접근성 향상의 필요성에 공감하고 있다""며 ""현실적으로 쉽지 않은 상황이나 후속 절차에 참여할 계획",local,10,아스텔라스,,,0.6478983106023052,,1.0,0.6478983106023052,8.521172904529681,10.0,7.535288174216136,True
2026-05-14,Distribution,2026-05-13 07:02:00,Naver News,https://www.thebell.co.kr/free/content/ArticleView.asp?key=202605111457535320101283,"[더벨][바로팜 IPO] 할인전 밸류 최대 5000억 예상, 피어기업 물색 '과제...",약국 플랫폼 운영사 바로팜이 기업공개(IPO)에 나서며 시장에서 어느정도 수준의 기업가치로 인정받을 수 있을지 주목된다. 투자은행(IB) 업계에서는 바로팜의 기업가치로 4000억원 이상이 거론되고 있는 상황이다. 과거... ,약국 플랫폼 운영사 바로팜이 기업공개(IPO)에 나서며 시장에서 어느정도 수준의 기업가치로 인정받을 수 있을지 주목된다. 투자은행(IB) 업계에서는 바로팜의 기업가치로 4000억원 이상이 거론되고 있는 상황이다. 과거... ,local,10,바로팜,,,0.646811310322379,,1.0,0.646811310322379,8.516607503353992,10.0,7.5276791722566525,False
2026-05-14,BD,2026-05-13 06:01:00,Naver News,http://www.inews24.com/view/1967848,"정부, CSO 정조준…약가인하 앞두고 리베이트 차단 나섰다","복지부, 제약사 대상 CSO 위탁계약 실태조사 수수료 영업·재위탁 구조 점검… ""규제 강화해도 중소 제약사 부담은 그대로"" 정부가 제약사 영업을 대행하는 의약품 판촉영업자(CSO) 시장을 정조준하고 있다. CSO 수가 급증한 가운데, 약가 인하가 현실화될 경우 수익성이 낮아진 품목을 둘러싼 수수료 경쟁과 과도한 영업이 불법 리베이트로 이어질 수 있다는 우려가 커진 데 따른 조치로 풀이된다.","복지부, 제약사 대상 CSO 위탁계약 실태조사
수수료 영업&middot;재위탁 구조 점검&hellip; &quot;규제 강화해도 중소 제약사 부담은 그대로&quot; 정부가 제약사 영업을 대행하는 의약품 판촉영업자(CSO) 시장을 정조준하고 있다. CSO 수가 급증한 가운데, 약가 인하가 현실화될 경우 수익성이 낮아진 품목을 둘러싼 수수료 경쟁과 과도한 영업이 불법 리베이트로 이어질 수 있다는 우려가 커진 데 따른 조치로 풀이된다.",local,10,판촉영업자,,,0.6268152899730199,,1.0,0.6268152899730199,8.432624217886683,10.0,7.387707029811139,False
2026-05-14,Client,2026-05-14 06:00:00,Naver News,https://www.bosa.co.kr/news/articleView.html?idxno=3002529,"데이터와 AI의 결합, 제약 R&D의 새 시대 - 의학신문",다국적제약사들이 인공지능을 R&D 전 과정에 적극 도입하며 생산성 제고와 신약 개발 혁신을 가속화하고 있다. AI는 단순한 기술.,[의학신문·일간보사=김상일 기자]다국적제약사들이 인공지능을 R&D 전 과정에 적극 도입하며 생산성 제고와 신약 개발 혁신을 가속화하고 있다. AI는 단순한 기술,local,10,사노피,,,0.6151238452340146,,1.0,0.6151238452340146,8.38352014998286,10.0,7.305866916638102,True
2026-05-14,BD,2026-05-14 20:44:00,Naver News,https://www.cstimes.com/news/articleView.html?idxno=705813,"인하대, 칭다오서 한·중 해양 협력 논의…교내선 바이오 심포지엄 열려",□ GBLA서 미래 해양산업·기업 혁신 전략 논의컨슈머타임스=안성렬 기자 | 미래 해양산업의 고품질 발전과 기업 혁신을 위한 한·중 전문가들의 논의의 장이 마련됐다.인하대학교는 지난 8~9일 이틀간 중국 칭다오에서 연태대학교와 공동 운영 중인 글로벌 최고위과정 '글로벌 비즈니스 리더 아카데미'(GBLA·Global Business Leadership Academy) 5월 수업을 마쳤다고 14일 발표했다.수업 둘째 날인 9일에는 미래 해양 산업의 가능성에 대한 집중적인 탐색이 이뤄졌다.강연자로 나선 이내승 전 칭다오시 과학기술국 국장.,□ GBLA서 미래 해양산업·기업 혁신 전략 논의컨슈머타임스=안성렬 기자 | 미래 해양산업의 고품질 발전과 기업 혁신을 위한 한·중 전문가들의 논의의 장이 마련됐다.인하대학교는 지난 8~9일 이틀간 중국 칭다오에서 연태대학교와 공동 운영 중인 글로벌 최고위과정 '글로벌 비즈니스 리더 아카데미'(GBLA·Global Business Leadership Academy) 5월 수업을 마쳤다고 14일 발표했다.수업 둘째 날인 9일에는 미래 해양 산업의 가능성에 대한 집중적인 탐색이 이뤄졌다.강연자로 나선 이내승 전 칭다오시 과학기술국 국장,local,10,파트너십,,,0.614728377473894,,1.0,0.614728377473894,8.381859185390354,10.0,7.3030986423172575,False
2026-05-14,BD,2026-05-15 00:50:00,Naver News,https://www.redian.org/news/articleView.html?idxno=256595,"에스티팜, 美 ‘TIDES USA·ASGCT 2026’ 동시 출격...글로벌 협력 강화",에스티팜이 미국 보스턴에서 열린 세계적 규모의 바이오 행사 두 곳에 동시에 참가하며 글로벌 시장 공략에 속도를 내고 있다. 에스티팜은 현지시간 지난 11일부터 14일까지 미국 보스턴 하인즈 컨벤션센터에서 열린 'TIDES USA 2026'과 'ASGCT 2026(미국 유전자세포치료제학.,에스티팜이 미국 보스턴에서 열린 세계적 규모의 바이오 행사 두 곳에 동시에 참가하며 글로벌 시장 공략에 속도를 내고 있다. 에스티팜은 현지시간 지난 11일부터 14일까지 미국 보스턴 하인즈 컨벤션센터에서 열린 'TIDES USA 2026'과 'ASGCT 2026(미국 유전자세포치료제학,local,10,파트너십,,,0.6144430157975967,,1.0,0.6144430157975967,8.380660666349906,10.0,7.3011011105831765,False
2026-05-14,BD,2026-05-14 12:02:00,Naver News,https://www.ebn.co.kr/news/articleView.html?idxno=1708759,수조원짜리 빅딜 뒤엔 '쥐꼬리 선급금'…K바이오 기술수출의 불편한 진실 - 이비엔(EBN)뉴스센터,최근 글로벌 바이오 기술수출 시장이 대형화되면서 시장의 해석 방식도 달라지고 있다. 국내 바이오 기업들의 기술수출 계약 규모는 수억~수십억 달러대로 계속 커지고.,최근 글로벌 바이오 기술수출 시장이 대형화되면서 시장의 해석 방식도 달라지고 있다. 국내 바이오 기업들의 기술수출 계약 규모는 수억~수십억 달러대로 계속 커지고,local,10,다이이찌산쿄,,,0.6140309602512789,,1.0,0.6140309602512789,8.378930033055372,10.0,7.298216721758952,False
2026-05-14,BD,2026-05-14 17:24:00,Naver News,http://www.financialreview.co.kr/news/articleView.html?idxno=42271,[오늘의 제약리뷰] 동아제약·한미사이언스·보령·시지바이오·대웅제약·JW중외제약,14일 제약·바이오 업계가 새로운 소식을 전해왔다. 동아제약이 피로회복제 박카스의 '들어주세요 박카스' 신규 광고 캠페인을 시작한다. 한미사이언스는 보유한 핵심 원천 기술을 통해 지식재산(IP) 기반 수익 창출 플랫폼 기업으로 평가받고 있다. 보령은 백혈병 환자의 경제적 부담을 덜기 위해 만성골수성백혈병 치료제인 '다사킨정'을 출시했다. 시지바이오는 'CG 디스커버리 2025' 행사를 진행해 의료기기 포트폴리오 기반 파트너 교육을 진행했다.,[파이낸셜리뷰=김경은 기자] 14일 제약·바이오 업계가 새로운 소식을 전해왔다. 동아제약이 피로회복제 박카스의 &#39;들어주세요 박카스&#39; 신규 광고 캠페인을 시작한다. 한미사이언스는 보유한 핵심 원천 기술을 통해 지식재산(IP) 기반 수익 창출 플랫폼 기업으로 평가받고 있다. 보령은 백혈병 환자의 경제적 부담을 덜기 위해 만성골수성백혈병 치료제인 &#39;다사킨정&#39;을 출시했다. 시지바이오는 &#39;CG 디스커버리 2025&#39; 행사를 진행해 의료기기 포트폴리오 기반 파트너 교육을 진행했다. 대웅제약은 강릉아산병,local,10,제휴,,,0.6137144957826265,,1.0,0.6137144957826265,8.37760088228703,10.0,7.296001470478385,False
2026-05-14,Client,2026-05-14 17:02:00,Naver News,https://www.ajunews.com/view/20260514102158076,"아리바이오, 中 푸싱과 '먹는 치매약' 7조 딜… ""국내 최대 규모"" | 아주경제",아리바이오가 개발 중인 경구용 알츠하이머 치료제 AR1001이 중국 푸싱제약과 약 7조원 규모의 글로벌 판권 계약에 성공했다. 국내 치매 치료제 분야 기술이전 가...,아리바이오가 개발 중인 경구용 알츠하이머 치료제 AR1001이 중국 푸싱제약과 약 7조원 규모의 글로벌 판권 계약에 성공했다. 국내 치매 치료제 분야 기술이전 가...,local,10,릴리,,,0.6135956575968665,,1.0,0.6135956575968665,8.37710176190684,10.0,7.295169603178065,False
2026-05-14,BD,2026-05-15 00:16:00,Naver News,https://sateconomy.co.kr/news/view/1065601122031572,"휴온스, 1분기 적자 전환… 사업 재편으로 수익성 회복 나서",FDA 통관 보류·리콜 비용 반영에 1분기 적자 전환사노피 백신 유통 본격화… 2분기 매출 반영 기대계열사 합병 통한 생산 역량 집중… 고정비 절감 기대.,FDA 통관 보류·리콜 비용 반영에 1분기 적자 전환사노피 백신 유통 본격화… 2분기 매출 반영 기대계열사 합병 통한 생산 역량 집중… 고정비 절감 기대,local,10,합병,,,0.6134816896742331,,1.0,0.6134816896742331,8.376623096631779,10.0,7.294371827719631,False
2026-05-14,Distribution,2026-05-15 03:16:00,Naver News,https://www.newscj.com/news/articleView.html?idxno=3400987,악력·잇몸·LDL·6겹 멸균팩… 유산균 ‘기능 전선’ 무한 확장,국내 프로바이오틱스 시장이 7700억원 규모로 성장하면서 유산균 산업의 경쟁 방식도 달라지고 있다. 한때 ‘장 건강’ 중심으로 형성됐던 시장이 근력·피부·구강·여성 건강에 콜레스테롤 관리까지 결합한 생활밀착형 기능 경쟁으로 확산되는 모습이다.,[천지일보=양효선 기자] 국내 프로바이오틱스 시장이 7700억원 규모로 성장하면서 유산균 산업의 경쟁 방식도 달라지고 있다. 한때 ‘장 건강’ 중심으로 형성됐던 시장이 근력·피부·구강·여성 건강에 콜레스테롤 관리까지 결합한 생활밀착형 기능 경쟁으로 확산되는 모습이다. 단순히 몇 억 마,local,10,CJ,,,0.613251227658474,,1.0,0.613251227658474,8.375655156165589,10.0,7.292758593609317,False
2026-05-14,BD,2026-05-14 09:08:00,Naver News,http://www.medisobizanews.com/news/articleView.html?idxno=138622,"“초고령사회 COPD, 교육 수가·고령층 백신 전략, 정책 검토 과제로”","초고령사회 고령층 호흡기 건강을 둘러싼 정책 논의가 치료 접근성과 예방 효과 중심으로 옮겨가고 있다. 만성폐쇄성폐질환(COPD) 환자의 흡입기 교육 수가와 생물학적제제 급여화, 고령층 고면역원성 인플루엔자 백신의 국가예방접종사업(NIP) 도입 여부가 주요 과제로 제기됐다.지난 13일 서울 주한프랑스대사관에서 열린 한-불 수교 140주년 기념 보건의료 정책 세미나 ‘초고령사회 호흡기 건강의 미래’ 패널토론에서 보건복지부와 질병관리청은 COPD 진료·교육 수가 개선과 고령층 인플루엔자 예방접종 전략 개편 필요성에 공감한다는 입장을 밝혔.","초고령사회 고령층 호흡기 건강을 둘러싼 정책 논의가 치료 접근성과 예방 효과 중심으로 옮겨가고 있다. 만성폐쇄성폐질환(COPD) 환자의 흡입기 교육 수가와 생물학적제제 급여화, 고령층 고면역원성 인플루엔자 백신의 국가예방접종사업(NIP) 도입 여부가 주요 과제로 제기됐다.지난 13일 서울 주한프랑스대사관에서 열린 한-불 수교 140주년 기념 보건의료 정책 세미나 ‘초고령사회 호흡기 건강의 미래’ 패널토론에서 보건복지부와 질병관리청은 COPD 진료·교육 수가 개선과 고령층 인플루엔자 예방접종 전략 개편 필요성에 공감한다는 입장을 밝혔",local,10,생물학적제제,,,0.6125987917531499,,1.0,0.6125987917531499,8.37291492536323,10.0,7.288191542272049,False
2026-05-14,BD,2026-05-15 06:00:00,Naver News,https://www.mt.co.kr/thebio/2026/05/15/2026051501362396641,"""COPD 치료 공백 커…흡입기 교육수가 있어야"" 폐 전문의들 한목소리 - 머니투데이","""국가건강검진에 폐기능 검사가 도입되면서 폐질환 진단 환경은 개선됐지만, 갑자기 악화하거나 사망할 위험이 큰 중증 COPD(만성폐쇄성폐질환) 환자들의 치료·교육 측면에는 여전히 공백이 존재합니다.","""국가건강검진에 폐기능 검사가 도입되면서 폐질환 진단 환경은 개선됐지만, 갑자기 악화하거나 사망할 위험이 큰 중증 COPD(만성폐쇄성폐질환) 환자들의 치료·교육 측면에는 여전히 공백이 존재합니다.",local,10,생물학적제제,,,0.6100061649871708,,1.0,0.6100061649871708,8.362025892946118,10.0,7.270043154910195,False
2026-05-14,BD,2026-05-15 06:02:00,Naver News,https://www.yakup.com/news/index.html?mode=view&cat=12&nid=327245,[약업신문]‘새 시대’ 꺼낸 다케다…대규모 감원과 신약 출시 전략 병행,"다케다가 대규모 구조조정과 차세대 블록버스터 출시 전략을 동시에 꺼내 들며 ‘포스트 바이반스 시대’ 전환에 속도를 내고 있다. 특허만료와 제네릭 공세로 수년간 실적 부담을 받아온 가운데, 향후 2~3년 내 출...","다케다가 대규모 구조조정과 차세대 블록버스터 출시 전략을 동시에 꺼내 들며 ‘포스트 바이반스 시대’ 전환에 속도를 내고 있다. 특허만료와 제네릭 공세로 수년간 실적 부담을 받아온 가운데, 향후 2~3년 내 출...",local,10,제네릭,,,0.6093792104889653,,1.0,0.6093792104889653,8.359392684053653,10.0,7.265654473422757,False
2026-05-14,Zuellig,2026-05-12 12:02:00,Naver News,https://new.dailypharm.com/user/news/338334?REFERER=NP,"[데일리팜]무좀약 대체조제 갈등…의사는 으름장, 약사는 속앓이","약사가 무좀치료제를 대체했다는 이유로 의사와 마찰을 빚었다. 터나빈정(테르비나핀염산염)을 오리지널인 라미실로 대체했다가 왜 마음대로 약을 바꾸냐, 부작용이 일어나면 약사가 책임질거냐고 일방적인 질책을 듣게 된 것이다. 약사사회에서는 대체조제 사후통보 간소화에 더불어 성분명 처방에 대한 목소리가 제기되고 있지만 현장에서는 여전히 약사만 속앓이하는 억울한 상황이 반….","약사가 무좀치료제를 대체했다는 이유로 의사와 마찰을 빚었다. 터나빈정(테르비나핀염산염)을 오리지널인 라미실로 대체했다가 왜 마음대로 약을 바꾸냐, 부작용이 일어나면 약사가 책임질거냐고 일방적인 질책을 듣게 된 것이다. 약사사회에서는 대체조제 사후통보 간소화에 더불어 성분명 처방에 대한 목소리가 제기되고 있지만 현장에서는 여전히 약사만 속앓이하는 억울한 상황이 반…",local,10,라미실,,,0.6082997556120147,,1.0,0.6082997556120147,8.354858973570462,10.0,7.258098289284102,False
2026-05-14,BD,2026-05-15 07:08:00,Naver News,https://www.newsway.co.kr/news/view?ud=2026051415090576398,"'1200억 수혈' HLB제약, 전문약 중심 체질 전환 속도전 - 뉴스웨이","HLB제약이 1200억원 규모 유상증자를 통해 향남 신공장 증설과 연구개발 확대에 나선다. 확보된 자금은 생산능력 확장, 전문의약품 중심 사업 전환, SMEB 플랫폼 고도화 및 차입금 상환 등에 투입된다. 생산 내재화로 중장기 성장과 수익성 강화를 도모한다.","HLB제약이 1200억원 규모 유상증자를 통해 향남 신공장 증설과 연구개발 확대에 나선다. 확보된 자금은 생산능력 확장, 전문의약품 중심 사업 전환, SMEB 플랫폼 고도화 및 차입금 상환 등에 투입된다. 생산 내재화로 중장기 성장과 수익성 강화를 도모한다.",local,10,인수,,,0.6552349488910346,,1.0,0.6552349488910346,8.151986785342345,9.0,7.586644642237242,False
2026-05-14,Client,2026-05-14 12:10:00,Naver News,https://biz.newdaily.co.kr/site/data/html/2026/05/14/2026051400081.html,"""ADC 다음은 BBB"" … K-바이오, CNS 전달기술 경쟁 뛰어든다",항체약물접합체(ADC)가 글로벌 바이오시장을 뒤흔든 이후 최근 시장 자금과 업계 관심이 다시 BBB(혈액뇌관문) 플랫폼으로 이동하고 있다.중국 바이오텍들이 ADC 시장을 빠르게 장악하면서 후발주자인 K-바이오가 단순 추격만으로는 승부를 보기 어렵다는 인식이 확산하는 가운데 CNS(중추신경계) 전달기술과 핵산 치료제 플랫폼이 새로운 기회 영역으로 떠오르는 분위기다.14일 업계에 따르면 최근 글로벌 제약업계의 대형 M&A와 기술투자 ...,항체약물접합체(ADC)가 글로벌 바이오시장을 뒤흔든 이후 최근 시장 자금과 업계 관심이 다시 BBB(혈액뇌관문) 플랫폼으로 이동하고 있다.중국 바이오텍들이 ADC 시장을 빠르게 장악하면서 후발주자인 K-바이오가 단순 추격만으로는 승부를 보기 어렵다는 인식이 확산하는 가운데 CNS(중추신경계) 전달기술과 핵산 치료제 플랫폼이 새로운 기회 영역으로 떠오르는 분위기다.14일 업계에 따르면 최근 글로벌 제약업계의 대형 M&amp;A와 기술투자 ...,local,10,로슈,,,0.6151524946399325,,1.0,0.6151524946399325,7.983640477487716,9.0,7.306067462479527,False
2026-05-14,BD,2026-05-14 17:22:00,Naver News,https://www.ajunews.com/view/20260514162528959,"[2026 글로벌헬스케어포럼] K-바이오, 글로벌 밸류체인 전략… ""AI혁명 속 빅데이터 잡아야"" | 아주경제",신약 개발 과정에서 인공지능(AI) 활용 범위가 빠르게 확대되고 있는 가운데 연구개발(R&D) 효율성을 높이고 실패 리스크를 줄이면서 산업 구조 역시 빠르...,신약 개발 과정에서 인공지능(AI) 활용 범위가 빠르게 확대되고 있는 가운데 연구개발(R&D) 효율성을 높이고 실패 리스크를 줄이면서 산업 구조 역시 빠르...,local,10,M&A,,,0.6148547906492197,,1.0,0.6148547906492197,7.982390120726722,9.0,7.303983534544537,False
2026-05-14,BD,2026-05-15 06:02:00,Naver News,https://www.kukinews.com/article/view/kuk202605140199,제약‧바이오 1분기 실적 ‘맑음’…글로벌 선전에 외형 성장,국내 제약‧바이오 기업들이 올해 1분기 글로벌 시장에서의 선전을 바탕으로 질적 성장에 성공했다. 약가 인하 등 정부의 규제 속에서도 해외 수출과.,국내 제약‧바이오 기업들이 올해 1분기 글로벌 시장에서의 선전을 바탕으로 질적 성장에 성공했다. 약가 인하 등 정부의 규제 속에서도 해외 수출과,local,10,인수,,,0.6146088898122878,,1.0,0.6146088898122878,7.981357337211609,9.0,7.302262228686014,False
2026-05-14,BD,2026-05-14 05:32:00,Naver News,https://www.medicaltimes.com/Main/News/NewsView.html?ID=1168735&ref=naverpc,[메디칼타임즈] 유니온제약 품은 부광약품 신경계 약물·생산력 승부수,"부광약품이 한국유니온제약 인수를 최종 확정하며 한단계 도약을 위한 핵심 발판을 마련했다.이번 인수는 단순한 규모의 경제를 넘어, 고질적인 생산량 부족 문제를 해결하고 주력 사업인 중추신경계(CNS) 포트폴리오를 극대화하려는 전략적 선택으로 풀이된다. 부광약품의 이번 인수 목적은 명확하다. 바로 '생산량 확보'다. 앞서 부광약품은 우수한 제품력을 보유하고도 생산 인프라 부족으로 품절 이슈 대응에 어려움을 겪어왔다.","[메디칼타임즈=이지현 기자] 부광약품이 한국유니온제약 인수를 최종 확정하며 한단계 도약을 위한 핵심 발판을 마련했다.이번 인수는 단순한 규모의 경제를 넘어, 고질적인 생산량 부족 문제를 해결하고 주력 사업인 중추신경계(CNS) 포트폴리오를 극대화하려는 전략적 선택으로 풀이된다.  부광약품의 이번 인수 목적은 명확하다. 바로 '생산량 확보'다. 앞서 부광약품은 우수한 제품력을 보유하고도 생산 인프라 부족으로 품절 이슈 대응에 어려움을 겪어왔다.  부광약품이 한국유니온제약 인수를 최종 확정함에 따라 하반기 생산량 확대 등 시너지가 기대된다. 부광약품은 한국유니온제약 인수를 통해 고형제 생산 능력이 약 30% 증가할 전망으로 특히 주사제 생산 라인은 200% 이상 대폭 확대된다.  유니온제약의 강점인 항생제 세파 주사제 전용 라인을 확보함에 따라 제품 포트폴리오가 더욱 다양해질 전망이다.무엇보다 자체 생산 비중이 높아짐에 따라 기존 외주 생산으로 인해 하락했던 영업이익률을 회복하고 원가 구조를 개선할 수 있게 됐다.  부광약품의 성장을 견인하고 있는 CNS(중추신경계) 사업본부는 이번 인수를 통해 날개를 달 것으로 보인다.  지난 2025년 연 매출 100억원을 돌파한 '라투다'는 2026년 1분기에도 전년 대비 153%라는 폭발적인 성장을 기록했다. 여기에 유니온제약의 영업망과 결합할 경우 CNS 품목의 시장 점유율 확대는 더욱 가속화될 전망이다.  종합병원 중심이었던 부광약품의 영업력과 의원급 및 CSO(영업대행)에 강점이 있는 유니온제약이 결합해 탄탄한 영업 네트워크를 구축할 것이라는 기대가 높다.유니온제약은 현재 회생 절차를 밟고 있지만 부광약품은 출자 전환 및 일부 현금 변제를 통해 부채 비율 0% 상태로 인수를 마무리할 계획이다.유상증자로 확보한 자금 중 300억원이 이번 인수에 투입되며, 이는 중장기 성장을 위한 핵심 투자가 될 예정이다.또한 부광약품은 이번 인수를 기점으로 자회사 콘테라파마를 통한 글로벌 R&D 성과 도출에도 집중한다.파킨슨병 아침무동증 치료제인 'CP-012'의 글로벌 임상 2상 IND 신청이 상반기 내 예정돼 있어 향후 생산 인프라와 신약 파이프라인을 갖춘 제약사로의 면모를 갖출 전망이다.업계 관계자는",local,10,품절,,,0.6144377517039681,,1.0,0.6144377517039681,7.9806385571566665,9.0,7.301064261927777,False
2026-05-14,Client,2026-05-08 06:21:00,Naver News,https://biz.chosun.com/science-chosun/bio/2026/05/08/VF47GFDUOBA73MJD2PXOEJSFLM/?utm_source=naver&utm_medium=original&utm_campaign=biz,"태광 품에 안긴 동성제약, 1년 만에 법정관리 졸업 신청…“채무 변제”","태광 품에 안긴 동성제약, 1년 만에 법정관리 졸업 신청채무 변제 삼촌 vs 조카 갈등에 회생 들어간 동성제약 태광산업과 유암코가 1600억에 인수 회생 종결 신청, 매각 대금으로 채무 변제 염색약 사업 확대태광 화장품과 시너지.","태광 품에 안긴 동성제약, 1년 만에 법정관리 졸업 신청채무 변제 삼촌 vs 조카 갈등에 회생 들어간 동성제약 태광산업과 유암코가 1600억에 인수 회생 종결 신청, 매각 대금으로 채무 변제 염색약 사업 확대태광 화장품과 시너지",local,10,파마노비아,,,0.6085280702439714,,1.0,0.6085280702439714,7.95581789502468,9.0,7.259696491707799,False
2026-05-14,Client,2026-05-14 12:22:00,Naver News,https://www.medigatenews.com/news/1113394365,MEDI:GATE NEWS 급여 문턱 막힌 마운자로…고가 GLP-1 치료제 ‘혁신가치 보상’ 시험대,"당뇨병·비만치료제 시장의 핵심 품목으로 떠오른 마운자로가 건강보험 급여 문턱 앞에서 제동이 걸렸다. 제2형 당뇨병 적응증을 대상으로 한 약가협상이 최종 결렬되면서, 고가 GLP-1 계열 치료제의 임상적 가치와 건강보험 재정 부담을 둘러싼 논쟁이 다시 수면 위로 떠오르고 있다. 특히 마운자로는 당뇨병 치료제를 넘어 비만, 폐쇄성 수면무호흡증까지 적응증을 확대한 약제라는 점에서 향후 급여 논의가 단순한 개별 약가 협상을 넘어 혁신신약 보상체계 전반의 시험대가 될 수 있다는 분석이 나온다.","[메디게이트뉴스 조운 기자] 당뇨병·비만치료제 시장의 핵심 품목으로 떠오른 마운자로가 건강보험 급여 문턱 앞에서 제동이 걸렸다. 제2형 당뇨병 적응증을 대상으로 한 약가협상이 최종 결렬되면서, 고가 GLP-1 계열 치료제의 임상적 가치와 건강보험 재정 부담을 둘러싼 논쟁이 다시 수면 위로 떠오르고 있다. 특히 마운자로는 당뇨병 치료제를 넘어 비만, 폐쇄성 수면무호흡증까지 적응증을 확대한 약제라는 점에서 향후 급여 논의가 단순한 개별 약가 협상을 넘어 혁신신약 보상체계 전반의 시험대가 될 수 있다는 분석이 나온다. 14일 제약업계에 따르면 국민건강보험공단과 한국릴리는 최근 마운자로의 제2형 당뇨병 적응증 신규 등재를 위한 약가협상을 진행했으나 최종 합의에 이르지 못했다. 양측은 협상 기한을 한 차례 연장하며 막판 조율에 나섰지만 약가 수준과 제도 적용 방식 등을 둘러싼 이견을 좁히지 못한 것으로 알려졌다. 마운자로는 터제파타이드 성분의 GIP·GLP-1 수용체 이중작용제다. 기존 GLP-1 계열 약제와 달리 GIP와 GLP-1 수용체를 동시에 표적해 혈당 조절과 체중 감소 효과를 기대할 수 있는 약물로, 글로벌 임상에서 높은 혈당 개선과 체중감량 효과를 보이며 주목받아 왔다. 앞서 건강보험심사평가원 약제급여평가위원회는 지난해 말 성인 제2형 당뇨병 환자를 대상으로 마운자로의 급여 적정성을 인정한 바 있다. 이에 따라 업계에서는 공단과의 약가협상이 마무리되면 당뇨병 환자의 약제비 부담이 줄어들 수 있다는 기대가 나왔다. 그러나 최종 협상이 결렬되면서 당분간 마운자로의 급여권 진입은 미뤄지게 됐다. 이번 협상의 핵심 쟁점은 약가유연계약제 적용 여부였던 것으로 전해진다. 약가유연계약제는 표시가격은 일정 수준으로 유지하되 실제 거래가격과의 차액을 제약사가 환급하는 방식이다. 글로벌 약가 체계를 유지하려는 제약사와 건강보험 재정 부담을 줄이려는 보험당국의 이해를 조율하기 위한 장치로 거론돼 왔다. 업계에서는 마운자로가 약가유연계약제 적용의 첫 사례가 될 수 있다는 관측도 있었지만, 결과적으로 양측은 합의점을 찾지 못했다. 혁신신약의 높은 임상적 가치를 어느 수준까지 인정할 것인지, 동시에 건강보험 재정 부담을 어떻게 통제할 것인지에 대한 제도적 고민이 여전히 남아 있다는 평가다. 한국릴리는 급여 등재를 포기하지 않고 재신청을 검토하겠다는 입장이다. 당뇨병 치료제뿐 아니라 비만과 수면무호흡증까지 적응증이 확대된 만큼, 동일 브랜드를 유지하면서 급여권 진입을 다시 추진하겠다는 전략으로 풀이된다. 마운자로의 급여 논의가 주목받는 또 다른 이유는 적응증 확장성이다. 마운자로는 국내에서 제2형 당뇨병, 비만 또는 과체중 환자의 체중관리 보조요법에 이어 BMI 30㎏/㎡ 이상 성인 비만 환자의 중등도에서 중증 폐쇄성 수면무호흡증 치료 적응증까지 허가받았다. 식품의약품안전처 허가 보고서에도 마운자로가 BMI 30㎏/㎡ 이상 성인 비만 환자의 중등도~중증 폐쇄성 수면무호흡증 치료에 저칼로리 식이요법 및 운동요법의 보조제로 투여된다고 명시돼 있다. 즉 마운자로는 하나의 약제가 당뇨병, 비만, 수면무호흡증 등 여러 대사질환 영역을 넘나드는 구조다. 의료계에서는 마운자로를 둘러싼 급여 논의가 향후 GLP-1 계열 치료제 전반의 급여 기준을 가늠하는 선례가 될 수 있다고 보고 있다. 위고비, 마운자로 등 비만치료제가 이미 비급여 시장에서 높은 수요를 보이는 상황에서 당뇨병 적응증 급여가 적용될 경우 처방 현장의 수요와 환자 부담 구조에도 변화가 불가피하기 때문이다. 다만 비만치료제 시장의 폭발적 성장세와 별개로, 건강보험 급여 논의는 보다 엄격한 기준을 요구받을 가능성이 클 전망이다.",local,10,마운자로,,,0.6550983333264322,,1.0,0.6550983333264322,7.751412999971015,8.0,7.585688333285025,False
2026-05-14,BD,2026-05-15 07:02:00,Naver News,https://www.businesspost.co.kr/BP?command=article_view&num=437256,[Who Is ?] 이관순 명인제약 대표이사,"이관순은 명인제약의 대표이사다. 차봉권 영업총괄 사장과 공동대표로 회사를 이끌고 있다. 1960년 1월10일 충남 서산에서 태어났다. 충남 대전고등학교와 서울대학교 사범대학 화학교육과를 졸업했다. KAIST(한국과학기술원) 화학과에서 석사학위와 박사학위를 받았다. 한미약품에 입사해 연구소장, R&D본부 사장으로 일했다. 2010년 대표이사 사장에 선임됐으며 이후엔 글로벌전략 부회장으로 재직하는 등 38년간 한미약품의 신약 파이프라인 구축을 주도했다.","생애
이관순은 명인제약의 대표이사다. 차봉권 영업총괄 사장과 공동대표로 회사를 이끌고 있다.
1960년 1월10일 충남 서산에서 태어났다.
충남 대전고등학교와 서울대학교 사범대학 화학교육과를 졸업했다.
KAIST(한국과학기술원) 화학과에서 석사학위와 박사학위를 받았다.
한미약품에 입사해 연구소장, R&D본부 사장으로 일했다. 2010년 대표이사 사장에 선임됐으며 이후엔 글로벌전략 부회장으로 재직하는 등 38년간 한미약품의 신약 파이프라인 구축을 주도했다.
2023년 지아이디파트너스를 설립해 바이오기업 컨설팅과 사업 전략을 지원했다.
대웅제약 연구개발(R&D)위원회 공동위원장으로 일했다.
2026년 명인제약 대표이사로 영입됐다.
한미약품에서 수조 원대 기술수출 신화를 썼던 신약 개발 전문가다.
명인제약을 제네릭 제조사에서 R&D(연구개발) 중심의 글로벌 신약 기업으로 변화시키는 데 목표를 두고 있다.
한국제약바이오협회 이사장, 임성기재단 초대 이사장으로 활동했다.
경영활동의 공과
△오너 이행명 회장 자녀에 96만 주 증여, 지분율 43%대로 하락
명인제약은 2026년 4월7일 금융감독원 전자공시를 통해 5월8일 자사주 총 106만 주를 증여 및 출연키로 했다고 밝혔다.
이행명 회장의 두 자녀에 대한 대규모 지분 증여라는 점에서 주목된다.
공시에 따르면 이 회장의 장녀 이선영씨는 63만 주, 차녀 이지영씨는 33만 주를 각각 증여받는다. 두 자녀에게 증여되는 주식은 총 96만 주로 전체 증여·출연 물량의 90% 이상이다.
이와 함께 공익법인인 명인다문화장학재단에도 10만 주가 출연된다.
증여가 이뤄지면 이행명 회장의 보유 주식은 742만8천주에서 636만8천주로 감소한다. 지분율도 기존 50.88%에서 43.62%로 7.26%포인트 낮아지게 된다.
다만 증여 이후에도 이행명 회장이 40%대 지분율로 지배구조엔 별다를 영향이 없을 전망이다. 증여 방식의 내부 이전으로, 시장 수급에 미치는 영향도 제한적이다.
이번 증여는 사회 환원과 가족 지분 이전을 병행해 오너 일가의 지배구조를 정비하려는 의도로 시장은 읽었다.
명인제약은 2026년 3월 정기 주주총회를 통해 이관순·차봉권 공동대표를 선임했다. 설립 40년 만에 오너경영체제에서 처음으로 전문경영인 체제로 전환했다.
△파킨슨병 치료제 ‘온젠티스’ 제네릭 출시 속도
명인제약이 포르투갈 제약사 비알(BIAL)의 파킨슨병 치료제 ‘온젠티스캡슐(Ongentys Cap. 성분명 오피카폰 Opicapone)’의 특허 장벽에 균열을 냈다. 제네릭 조기 출시를 위한 유리한 고지에 올라섰다는 평가가 나왔다.
2026년 4월1일 제약특허연구회 데일리알럿 서비스에 따르면 명인제약이 2025년 4월 청구한 온젠티스 조성물특허 관련 소극적권리범위확인 심판이 인용됐다.
온젠티스는 레보도파·도파 탈탄산효소 억제제(DDCI) 표준요법으로 증상이 개선되지 않는 파킨슨 증후군 환자의 보조치료제로 국내에서는 SK케미칼이 판매하고 있다.
식약처 의약품 특허목록에 등재된 ‘온젠티스’의 특허는 총 3건으로 2027년 9월 만료되는 물질특허, 2028년 11월 만료되는 제법특허, 2031년 5월 만료되는 제제특허 등이다.
이 중 명인제약은 2031년 5월에 만료되는 조성물 제제특허를 회피하는 데 성공했다. 비알 측에서 항소하지 않으면 기존 특허 기간이 만료되지 않는 이상 2027년 10월부터 제네릭 약물을 출시할 수 있게 된다. 미등재 특허가 있다고 하더라도 등록되지 않았기 때문에 제네릭 출시에는 영향을 주지 않을 것이란 전망이 나온다.
현재 허가특허연계제도에서는 최초 심판을 제기하고 식품의약품안전처에서 최초 허가를 획득하면 우선판매권을 확보할 수 있다. 명인제약이 단독으로 최초 심판을 제기했기 때문에 허가 획득 시 9개월 동안 독점 판매가 가능해진다.
지금까지 식약처에 접수된 온젠티스 제네릭 품목허가 신청은 2025년 말 1건으로 파악된다. 다만, 품목허가를 신청한 제약사가 어느 곳인지는 공개되지는 않았는데, 그동안 특허도전과 제네릭 개발 상황으로 미뤄볼 때 모든 조건을 충족한 명인제약일 가능성이 큰 것으로 파악된다.
명인제약은 이미 2025년 ‘온젠티스’ 제네릭인 ‘MI2501’에 대한 생물학적 동등성 시험계획을 승인받아 완료한 상태다.
△설립 40년만에 전문경영인 체제로 변화
이행명 명인제약 회장이 대표이사 자리에서 물러났다. 창업 이후 줄곧 이어진 40년 경영을 뒤로 하고 회사를 전문경영인 체제로 전환했다.
이행명 회장은 2026년 4월1일 ‘소유와 경영의 분리’를 공식화했다.
이 회장은 대표 이임사를 통해 “기업은 끊임없이 변화를 모색해야 한다. 상장 과정에서 약속한 소유와 경영의 분리를 이제 실천에 옮길 때가 됐다”고 밝혔다.
또 “창업주인 제가 앞장서 이끌어 온 시간이 1막이었다면 이제는 더 체계적이고 고도화된 전문경영 체제로 2막을 열어야 한다”고 말했다.
명인제약은 2026년 3월 이관순·차봉권 신임 사내이사를 공동대표로 선임했다.
명인제약은 2025년 10월 기업공개(IPO) 당시 전문경영인 체제 전환을 약속했다. 회사는 공동대표 체제를 통해 연구개발(R&D)과 영업 간 균형 있는 의사결정과 유기적 협업을 기반으로 경영 체계를 고도화하고 중장기 성장 기반을 강화해 나간다는 방침을 밝혔다.
첫 전문경영인으로 사령탑이 된 이관순은 서울대학교 화학교육과를 나와 KAIST(한국과학기술원)에서 석사와 박사과정을 밟았다. 한미약품 연구소장, 대표이사, 글로벌전략 부회장 등을 맡아 신약 기술수출을 이끌었던 인물이다.
회사는 이관순이 R&D 및 글로벌 사업을 동시에 경험한 전문가로 회사의 신약 중심 체질 전환과 중장기 성장 전략을 주도할 적임자로 판단했다.
특히 R&D 경쟁력 고도화와 글로벌 파이프라인 확대를 통해 회사의 성장 기반을 한층 강화할 것으로 기대했다.
함께 공동대표로 선임된 차봉권 대표는 1990년 명인제약 공채 1기로 입사해 영업부문에서 경력을 쌓아온 내부 출신 대표로 영업총괄 사장을 맡아 국내 영업과 조직 운영을 총괄해 왔다.
△IPO 일회성 비용 반영으로 영업익 감소
명인제약은 2025년 연결기준 매출액이 2873억 원으로 2024년 대비 약 7% 증가했다. 영업이익은 925억 원으로 0.3% 줄었고 당기순이익은 814억 원으로 19% 늘었다.
상장 준비 과정에서 발생한 기업공개(IPO) 관련 일회성 비용이 일부 반영된 영향이다.
매출 증가는 중추신경계(CNS) 치료제가 견인한 것으로 분석됐다.
고령화 심화와 함께 우울증, 불안장애, 조현병 등 정신건강 질환에 대한 치료 수요가 지속 증가하고 있다어 CNS 치료제 중심 제품 포트폴리오가 안정적인 실적을 뒷받침했다.
병원 및 의원급 의료기관을 중심으로 안정적인 처방 기반이 유지되면서 주력 품목의 판매 확대가 이어진 점도 실적을 뒷받침했다.
명인제약은 앞서 2024년 연결기준 매출 2694억 원, 영업이익 928억 원, 당기순이익 687억 원을 거뒀다. 매출과 영업이익은 완만한 증가세를 보였으나 당기순이익은 상승흐름이 다소 꺾였다.
△조현병 신약, 유럽서 소아 안전성 인정
명인제약이 도입한 조현병 신약 후보물질 ‘에베나마이드(evenamide, 코드명 NW-3509)가 유럽에서 소아 대상 안전성을 인정받았다.
유럽 의약품청(EMA)은 2026년 3월 ‘에베나마이드’의 소아임상연구계획(PIP)을 승인했다.
PIP는 신약 또는 새로운 적응증의 유럽 허가를 위해 필수적인 서류로 유럽은 성인 대상 약물이라도 소아 대상 안전성을 개별적으로 평가하도록 의무화하고 있다. PIP 승인은 소아 대상 안전성이 인정돼 임상을 면제받는다는 의미다.
앞서 명인제약은 2025년 1월 이탈리아 뉴론(Newron)으로부터 ‘에베나마이드’의 한국 내 독점 라이선스 권한을 양도받았다. 이번 EMA의 PIP 승인으로 확보된 소아 대상 안전성 데이터는 향후 국내 허가 과정에도 긍정적인 영향을 미칠 것으로 평가됐다.
‘에베나마이드’는 치료 저항성 조현병(TTRS) 및 치료 반응이 부족한 조현병 환자들을 위한 신약 후보물질이다.
한편, 명인제약은 2025년 8월 식품의약품안전처로부터 ‘에베나마이드’의 국내 3상 임상시험(IND)을 진행 중이다.
치료 저항성 조현병 환자 60명을 대상으로 ‘에베나마이드’ 고정 용량인 15mg, 30mg의 유효성, 안전성 및 내약성을 평가하며 시험은 2027년 8월 종료 예정이다.
△조현병 치료제 ‘젤독스’ 제네릭 도전
명인제약이 조현병 치료제 ‘젤독스(성분명 지프라시돈)’ 제네릭(복제의약품) 개발에 나선다. 국내 제약사로선 최초로 관련 제네릭 시장에 진출하는 것이다.
명인제약은 2026년 2월4일 조현병 치료와 양극성 장애 1형 치료제 ‘지프라시돈염산염일수화물’ 제네릭 개발을 위한 생동성 임상을 승인받았다.
허가받은 임상은 지프라시돈염산염일수화물 성분 제품 개발을 위한 생동성 임상으로 명인제약 ‘지프라캡슐 20mg’과 대조약인 비아트리스코리아 ‘젤독스캡슐 20mg’의 생물학적 동등성을 평가한다.
젤독스는 화이자가 개발한 조현병 및 양극성 장애 치료제로, 2005년 3월 국내 출시됐다. 2021년 5월 젤독스에 대한 모든 특허권리가 만료됐지만, 그간 국내 제약사들은 제네릭 출시를 미뤄왔다. 국내 조현병 및 양극성 장애 치료 시장에서 관련 매출 비중이 크지 않았던 탓이다.
이미 향정신병제 치료 시장에서 장기지속형 주사제까지 출시한 한국오츠카제약의 ‘아빌리파이(아리피프라졸)’와 2세대 비정형 항정신성약 ‘쿠에티아핀’등이 시장을 69% 가량 점유하고 있다.
다만 젤독스 판권을 보유 중인 오리지널 약 제약사의 품목 정비에 따라 수익이 낮은 제품을 시장 철수하면서 젤독스도 중단 리스트에 포함됐다.
이에 조현병 치료 전문의약품만 15개 품목에 달해 국내외 제약사 통틀어 가장 많은 제품 포트폴리오를 갖고 있는 명인제약이 제네릭 도전에 나섰다.
△파킨슨병 치료제 ‘팍스로야’ IP 확보
명인제약은 파킨슨병 치료제 ‘팍스로야캡슐’에 관한 모든 글로벌 자산 권리 이전에 대해 2026년 1월 이스라엘 법원이 최종 승인했다.
명인제약은 2026년 1월20일 이스라엘 텔아비브 법원으로부터 Pharma Two B(P2B)가 보유했던 팍스로야캡슐 관련 자산 인수 소유권 이전에 대한 최종 결정문을 수령했다. 이로써 팍스로야캡슐과 관련된 모든 권리가 명인제약으로 일원화 됐다.
이번 법원 결정으로 명인제약은 팍스로야캡슐의 개발, 허가, 상업화 등 글로벌 사업 전반을 주도할 수 있는 권한을 확보하게 됐다. 그동안 불확실성으로 남아 있던 권리 관계가 법원 판결을 통해 명확히 정리됐다는 점에서 의미가 크다.
글로벌 지식재산권(IP)이 명확하게 귀속됐고 무형자산 이전 범위도 광범위하다.
이에 따라 미국, 영국, 독일, 프랑스, 스페인, 이탈리아, 한국, 일본, 중국 등 15개국에 등록된 3종의 특허 권리가 모두 명인제약으로 이전된다.
이스라엘과 미국 등록 상표, 도메인, 영업비밀, 임상시험 데이터를 포함한 모든 개발 관련 무형자산 역시 명인제약에 귀속된다.
팍스로야캡슐의 연구개발 과정에서 축적된 임상 자료와 기술적 노하우, 관련 영업비밀 전반이 포함돼 단순한 권리 이전을 넘어 실제 글로벌 사업 추진이 가능한 실행 기반까지 함께 확보했다.
팍스로야캡슐은 독일 글라트(Glatt)사의 유동층과립기(FBG)를 활용해 파킨슨병 치료 주요 성분인 라사길린과 프라미펙솔을 각각 서방 코팅한 펠렛 제형의 복합제다. 약물 방출 패턴을 조절해 흡수 조절과 부작용 최소화를 동시에 고려한 제형이 특징이다.
명인제약은 세계 최초로 팍스로야캡슐에 대한 국내 품목허가를 식품의약품안전처에 신청했으며, 허가 완료 이후에는 발안 제2펠렛 전용 공장에서 완제품을 생산해 글로벌 시장으로 수출한다는 계획을 세웠다.
회사는 펠렛 제형과 CDMO를 중장기 성장 축으로 육성하는 전략을 취하고 있다. 펠렛 제형을 중심으로 ‘CDMO 밸류체인’을 구축한다는 목표를 정했다.
펠렛 제형은 약물 방출 속도를 정밀하게 조절해 부작용을 줄이고 복용 편의성을 높일 수 있는 첨단 제형 기술이다. 최근 글로벌 제약사에서 펠렛 기반 제형을 도입하면서 CDMO 시장 내에서도 빠르게 성장하는 고부가가치 영역으로 평가받고 있다.
회사는 2027년 상업생산 개시를 목표로 발안 제2공장을 증축하면서 글로벌 수준 펠렛 제형 설비(GPCG PRO 10~300)를 도입했다. 펠렛 기준 2억 캡슐 이상 생산능력을 확보한다는 계획을 갖고 있다.
△비정형 항정신병약 치료제 ‘레피졸정 20mg’ 품목허가
명인제약은 2026년 1월23일 조현병, 양극성장애 등 비정형 항정신병약 치료제 ‘레피졸정(아리피프라졸) 20mg’ 제품의 품목허가를 받았다. 아리피프라졸 성분 20mg 국내 허가는 최초로 단계별 용량 조절 및 환자 복약 편의성을 증대시킬 것으로 기대를 받고 있다.
레피졸정은 조현병, 양극성 장애와 관련된 급성 조증 및 혼재 삽화의 치료, 뚜렛장애를 적응증으로 갖고 있다. 오리지널은 한국오츠카제약의 ‘아빌리파이(Abilify, 성분명 아리피프라졸)’로 정제와 주사제가 국내 출시된 상태다.
아리피프라졸의 경우 명인제약을 비롯해 환인제약, 대웅제약, 보령, 종근당, 신풍제약, 동화약품, 현대약품, 한림제약 등 다수 후발주자가 경쟁을 벌이고 있다.
정제, 주사제로 국내 허가됐으며 정제의 경우 1·2·5·10·15mg, 주사제의 경우 300·400·720·960mg로 출시됐다.
30mg 정제의 경우 명인제약과 환인제약만이 출시했다. 명인제약이 20mg을 품목허가 받으며 시장에서 영역을 확대하게 됐다. 20mg의 경우 오리지널인 ‘아빌리파이’도 국내 들어와 있지 않다.
조현병 환자 처방의 경우 병용처방이 일반적으로 항우울제 등 서너 종 이상의 약을 복용하게 된다. 특히 정신과 치료제는 불면이나 정좌불능증(akathisia)등 다양한 부작용이 발생할 수 있어 환자 증상에 따른 적정 용량 조절이 중요한 영역으로 여겨진다.
레피졸정 20mg은 급여 등재 등 과정을 거쳐 2026년 5~6월 출시 예정이다.
△치매치료제 ‘실버셉트정’ 삼성서울병원 처방리스트 등재
명인제약 알츠하이머형 저용량 치매 치료제 ‘실버셉트정 3mg(성분명 도네페질염산염)’이 삼성서울병원 처방 리스트에 등재됐다.
병원 약사위원회(DC) 심의를 거쳐 처방 목록에 기재돼 명인제약은 도네페질 저용량(3mg) ‘시작 용량(starting dose)’ 옵션을 앞세운 병원 시장 공략 발판을 마련했다.
업계에 따르면 2026년 1월15일 삼성서울병원은 최근 신규약물 등록을 위한 약사위원회 심의를 통해 실버셉트정 3mg을 처방 약에 포함시켰다. 원내 처방은 2026년 1월21일부터 가능해졌다.
실버셉트정 3mg은 도네페질 치료 초기에 5mg 복용 시 비교적 빈번하게 나타나는 오심, 식욕저하, 설사 등 소화기계 이상반응 부담을 낮춰 안전성과 내약성을 개선하는 데 초점을 맞춘 저용량 제형이다. 해당 제품은 2025년 2월 허가를 받았다.
그동안 도네페질 제제는 5mg·10mg·23mg 등 다양한 용량이 허가돼 왔지만, 임상 현장에서는 성인 환자에게 1일 1회 5mg을 4~6주간 투여하며 치료를 시작하는 경우가 많아 5mg이 사실상 표준 ‘초회 용량’으로 활용돼 왔다.
다만 치료 도입 단계에서 위장관 부작용이 순응도를 떨어뜨리는 변수로 작용하는 만큼 특히 고령·저체중·동반질환 환자군에서는 초기 적응 여부가 처방 관건으로 꼽힌다.
저용량 3mg 제형은 이러한 상황을 겨냥한 선택지로, 소화기계 부작용 감소 목적으로 개발돼 초회 용량으로 투약이 가능하고, 고령 환자군서 단계적 증량 전략을 보다 유연하게 설계할 수 있다.
명인제약은 상급종합병원 채택을 계기로 도네페질 용량 스펙트럼을 넓히고, 초기 환자군부터 유지·증량 단계까지 병원 처방 접점을 확대할 수 있게 됐다.
△조현병 치료제 ‘라투다’ 특허 도전
조현병 치료제 라투다의 빠른 성장으로 명인제약이 특허에 도전하고 있다.
다만 라투다를 보유한 부광약품은 추가 적응증 확대 등도 진행 중이어서 여러 방어전략을 내놓을 것으로 예상되는만큼 경쟁 판도에 대한 주목도가 높아질 것으로 업계는 내다봤다.
제약바이오 업계와 언론 등에 따르면 명인제약이 2026년 1월6일 라투다의 조성물특허 2건에 대해 소극적 권리범위확인심판을 청구했다. 해당 특허들은 라투다의 조성물 특허로 모두 2031년 5월26일 만료 예정이다.
이번 특허 회피 도전에 앞서 2025년 말 환인제약이 이미 동일한 소극적 권리범위확인심판을 청구함에 따라 명인제약까지 여기에 합류해 경쟁구도가 확대됐다.
도전 대상이 된 부광약품의 라투다는 일본 스미토모 파마에 의해 개발된 조현병 및 제1형 양극성 장애 우울증 치료에 허가된 비정형 항정신병약물이다.
부광약품은 2017년 한국 내 독점적 라이선스 권한을 획득해 2023년 11월 허가를 받은 뒤 2024년 8월 급여 출시했다.
라투다는 기존 항정신병제와 유사한 효과를 가졌음에도 체중 증가 같은 대사 관련 부작용이 적어, 장기 치료가 필요한 경우가 많은 조현병 환자 및 양극성 장애 환자에게 편리하게 처방할 수 있다는 점이 특징이다. 소아청소년에서 사용가능한 옵션이라는 점을 토대로 빠르게 시장에 진입했다.
다만 명인제약이 특허에 도전하고 있는 라투다의 경우 특허 만료에 앞서 2029년 11월 재심사 기간이 만료된다. 특허 회피에 성공해도 자료제출 의약품 같은 별도의 방안이 없을 경우 재심사 만료 이후에나 출시가 가능하다는 의미다.
부광약품이 별도의 적응증 확장을 노리고 있다는 점도 변수로 작용할 가능성이 있다.
△‘조믹정’ 퍼스트제네릭 개발
명인제약이 편두통 치료제 ‘조믹정’ 제네릭 생동에 나서며 퍼스트 제네릭, 우선판매품목허가 전략으로 중추신경계(CNS) 경쟁력을 강화하고 있다.
제약바이오 업계에 따르면 식품의약품안전처가 2025년 10월 명인제약 ‘MI2503’ 생물학적 동등성 시험을 승인했다. 이번 생동은 만 18세 이상 65세 미만 성인을 대상으로 MI2503과 대조약을 공복, 단회 경구 투여해 생체 이용률이 통계학적으로 동등한지 확인한다.
MI2503은 ‘조믹정2.5mg(졸미트립탄)’의 제네릭이다. 조믹정은 전조증상을 수반하거나 수반하지 않는 편두통 급성치료에 쓰이는 전문의약품으로, SK케미칼이 국내 허가·판매 등 권리를 보유한 품목이다. 2024년 아스트라제네카는 해당 권리를 SK케미칼에 넘긴 바 있다.
SK케미칼은 2025년 양도, 양수 절차를 거쳐 아스트라제네카에서 조믹정 건강보험 급여 권리까지 가져오는 등 편두통 치료제 ‘수벡스정(수마트립탄숙신산염, 나프록센나트륨)’ 출시 뿐만 아니라 조믹정 확보로 중추신경계 사업을 강화하고 있다.
명인제약은 중추신경계 선도 지위를 유지하기 위해 조믹정 제네릭으로 포트폴리오 확장에 나섰다. 명인제약은 파킨슨병 치료제를 비롯해 조현병, 우울증, 치매, 주의력결핍과잉행동자애(ADHD) 등 중추신경계 관련 품목 200여 종을 보유하고 있다.
명인제약이 이번에 MI2503 생동을 거쳐 해당 품목을 출시하면 국내 조믹정 첫 제네릭을 확보하게 된다. 아울러 ‘수마트란(수마트립탄숙신산염)’, ‘토파메이트(토피라메이트)’ 등 편두통 관련 중추신경계 라인업을 확장할 수 있다.
우선판매품목허가 전략도 추진 중이다. 우선판매품목허가는 제네릭 개발업체가 오리지널 특허 무력화를 이뤄내면 일정 기간 독점 판매권을 주는 제도다.
△코스피 상장
명인제약이 코스피에 상장했다.
명인제약은 2025년 10월1일 유가시장에 상장해 첫날 110.17% 오른 12만1900원에 장을 마감했다.
회사는 기업공개(IPO)를 통해 조달한 자금을 CNS 신약 에베나마이드(Evernamide) 출시를 위한 연구개발, 발안2공장과 팔탄1공장 생산설비 증설 등에 활용한다는 계획을 내놨다.
앞서 명인제약은 2025년 8월21일 금융위원회에 증권신고서를 내고 유가증권시장(코스피) 상장 공모 절차에 돌입했다. KB증권이 상장 대표 주관을 맡았다.
2025년 9월19일 명인제약이 일반 투자자를 대상으로 공모주 청약을 진행한 결과 587대 1의 경쟁률을 기록했다. 일반 청약에 약 17조3천634억 원의 증거금이 몰렸다.
총 102만 주 모집 결과 5억9873만6890주가 신청 접수됐다. 청약 건수로도 총 53만2366건이 몰리면서 높은 투자 수요를 보였다.
앞서 진행된 수요예측에서는 국내외 기관투자자 총 2028곳이 참여해 9억1434만2천 주를 신청하며 흥행에 성공했다.
최종 공모가는 밴드 상단인 5만8천원으로 확정됐으며 참여 기관의 69.6%가 의무보유확약을 제시하기도 했다.
△인재영입 위해 대우·복지 강화
명인제약이 기업공개(IPO)를 앞두고 2025년 9월 인재 영입을 공식 선언했다.
이행명 회장은 2025년 9월15일 IPO 간담회에서 “코스피 상장 목적도 인재 확보와 글로벌 진출을 위한 선행 과제”라고 말했다.
이 회장은 비상장사라는 점이 국내외 우수 인재 영입을 어렵게 했다고 짚었다.
인재 확보를 위해 업계 최고 연봉 수준을 맞춰가고 있다. 초임 연봉 기준 전문대졸 사원은 4824만 원, 대졸 사원은 5616만 원 수준이고 주임 6156만 원, 대리 6750만 원이다.
업무 관련 면허 수당(약사, 석·박사 등)과 해당자에 대한 기타 수당이 별도 지급된다. 영업(MR) 사원에게는 일일영업활동비로 매일 4만~4만5천 원을 지급한다.
고용 안전성에도 힘쓰고 있다. CSO(의약품 판촉영업자) 용역을 도입하지 않고 전담 내부 영업인력을 통한 직접 영업활동을 하고 있다.
다수 제약사가 영업 외주화를 통해 자체적인 내부 영업인력을 감소해 고정비를 절감하고 적극적인 CSO 활용 통한 외형적 성장을 꾀하고 있는 것과는 다르다.
직원 복지 차원에서 명인제약은 5년마다 직원들의 단합과 회사발전에 대한 기여와 노고를 격려하기 위해 함께 여행을 떠난다. 1995년 제주를 시작으로 2000년 금강산, 2005년 괌, 2010년 일본 큐슈, 2015년 백두산, 2025년 대만·일본 등지로 크루즈 여행을 다녀왔다. 코로나팬데믹으로 2020년 행사만 시행되지 않았다.
△발안 제2공장 준공으로 생산능력 확대
명인제약은 글로벌 CDMO(위탁개발·생산) 경쟁력 강화를 위한 생산능력 확대에 나섰다.
명인제약은
2025년 2월 발안 제2공장 증축에 들어갔다.
발안 제2공장은 연면적 1만9545㎡(약 5913평) 규모로, 총 1300억 원(건축 700억 원·설비 600억 원)이 투입되는 대형 프로젝트다. 2026년 상반기 내 외장 및 내부 클린룸 공사를 마무리한 뒤 식품의약품안전처(GMP) 승인을 거쳐 2027년 상업 생산을 개시한다는 계획을 갖고 있다. 당초 완공은 2026년 4월이었으나 다소 지연됐다.
명인제약의 발안 제2공장은 고부가가치 펠렛 제형 생산에 특화된 국내 최대 규모의 전용 설비 공장이다. 글로벌 수준의 펠렛 제형 설비(GPCG PRO 10~300)를 도입해 연간 6억 캡슐, 펠렛 기준 2억 캡슐 이상의 생산 능력을 확보할 예정이다.
완공 후에는 회사의 핵심 제품인 서방형(Controlled-release) 제형을 비롯해 해외 제약사를 대상으로 한 CDMO 서비스까지 확장 가능한 다목적 생산기지로 운영한다는 계획을 세워뒀다.
펠렛 제형은 약물의 방출 속도를 정밀하게 조절해 부작용을 줄이고 복용 편의성을 높이는 첨단 제형 기술로, 유럽을 중심으로 복합제 및 서방형 제제 개발의 핵심 기술로 자리 잡고 있다.
명인제약은 이러한 글로벌 제형 트렌드에 선제적으로 대응하기 위해 기존 중추신경계(CNS) 치료제 중심의 R&D 및 제형 기술 노하우를 기반으로 펠렛 제형 관련 제형 설계(CDO), 대량생산(CMO), 해외 기술이전까지 아우르는 ‘End-to-End CDMO 밸류체인’을 구축하고 있다.
△대웅 R&D 공동위원장 맡아
이관순은 2024년 3월 대웅제약 연구개발(R&D) 조직의 공동위원장에 선임됐다.
2024년 4월 제약바이오 업계에 따르면 대웅제약은 2023년 말 그룹 내 R&D위원회 공동 위원장에 이관순을 영입했다.
2010년 설치된 R&D위원회는 대웅제약과 한올바이오파마 등 대웅과 관련된 연구개발 전반에 대한 자문역을 맡았다.
해당 위원회는 대표이사를 비롯 대웅제약의 연구개발을 담당하는 센터장, 개발본부장을 주축으로 총 10명의 내외부 인사가 매월 1회 회의를 진행하며 전체 연구개발 상황은 물론 시장 진출 등을 위한 방안을 모색한다.
‘나보타’의 연구개발이 위원회의 성과 중 하나로 꼽힌다.
대웅제약이 개발한 보툴리눔 톡신 제제 ‘나보타’는 2025년 연간 매출 2289억원을 기록한 대웅의 핵심 성장동력이다.
이관순을 비롯 박성수 대웅제약 대표, 박승국 대웅 CTO, 박준석 대웅제약 신약 디스커버리 센터장, 정승원 한올바이오파마 대표, 박종덕 아이엔테라퓨틱스 대표 등의 대웅 내부 인사들과 방영주 서울대병원 교수, 김민선 울산의대 서울아산병원 교수 등의 외부 전문가도 위원회에 참여했다.
이관순의 영입엔 한미약품에서 신약 파이프라인 구축을 주도하고 수조 원대 기술수출 신화를 쓴 신약 개발 전문가란 점이 고려됐던 것으로 해석된다.
△GID파트너스 창업
한미약품에서 은퇴한 뒤 이관순은 신약개발 자문사 GID파트너스를 창업하며 새 도전에 나섰다.
이관순은 2023년 12월 글로벌 신약 개발 및 라이센싱 전문 자문사 GID파트너스를 창업했다.
지아이디파트너스는 이관순과 오랫동안 호흡을 맞춰왔던 신약개발 전문가들이 주축이 돼 설립됐다.
신약 디스커버리, 전임상, 임상설계 및 실행, 글로벌 라이선스 아웃에 이르기까지 신약개발 사업에 필요한 전분야의 실전 경험이 풍부한 전문가들이 포진했다.
이관순은 언론 인터뷰를 통해 “신약개발 사업은 선택과 집중 전략을 기반으로 과감한 투자와 신속하고 정확한 개발을 통해 승부해야 한다”며 “수많은 제약사·바이오텍들이 아이디어는 우수하나 필요한 인적 자원을 자체적으로 수급하거나 육성하지 못해 개발이 늦어지고 비용이 비효율적으로 집행되면서 어려움을 겪게 되는 것을 다수 목격했다. 이를 효율적으로 지원할 수 있는 플랫폼이 필요하다는 문제 인식에서 새로운 사업을 구상하게 됐다”고 밝혔다.
GID파트너스는 우선 국내 제약사·바이오텍, 벤처캐피탈 등과 협력해 유망한 신약파이프라인에 대한 글로벌 신약개발 전략 수립 및 실행, 라이센싱에 대한 체계적인 자문을 통해 국내개발 신약의 글로벌 경쟁력을 높여 나가는 것을 시작으로 점차 사업영역을 확대해 나간다는 그림을 그렸다.
△임성기재단 이사장 선임
이관순은 2021년 6월30일 공식 출범한 임성기재단 이사장으로 선임됐다.
임성기재단은 한미약품 임성기 창업주의 유지를 잇고 경영철학을 계승한다는 차원에서 의약학과 생명공학 분야 연구를 지원하고 이 분야 연구자들간의 교류와 연구성과 확산을 목표로 출범했다.
재단은 의료 미충족 수요가 큰 희귀난치성 질환 극복을 위한 신약개발 지원에도 나섰다.
재단 초대 이사장을 맡은 이관순은 한국 제약바이오 산업에 R&D와 글로벌 신약개발, 제약강국이란 비전을 제시한 임성기 회장의 철학과 유지를 흔들림없이 이어나가겠다""고 말했다.
이관순은 한미약품에 입사해 연구소장, R&D본부 사장, 대표이사 사장, 글로벌전략 부회장 등을 지내며 38년간 몸담았다.
△제약바이오협 이사장·미래비전위원장으로 활동
이관순은 2020년 2월12일 한국제약바이오협회 제2차 이사장단 회의에서 임기 2년의 제14대 이사장으로 선임됐다.
한미약품 부회장으로 재직하던 이관순은 2022년 2월까지 2년간 한국제약바이오협회 이사장으로 일하면서 기업간 기술교류와 공동연구를 위한 오픈이노베이션 확대, AI 기반 신약개발을 지원하기 위해 한국형 인공지능 신약개발지원센터(KIMCO) 설립을 주도했다.
2024년 7월부터는 한국제약바이오협회 미래비전위원장으로 활동했다.
1945년 10월 설립된 한국제약바이오협회는 창립 80주년을 맞는 2025년을 창립 100년을 향한 대도약의 발판으로 삼기로 하고, 이를 구체화하기 위한 각종 사업을 추진했다.
협회는 기념사업추진위원회와 별도로 미래비전위원회를 구성, 한국 제약바이오산업의 지속적인 혁신과 발전을 견인하는 미래 전략과 실천과제 등 비전 2030 도출을 의결하고 위원장으로 이관순을 낙점했다.
이관순은 당시 한미약품에서 퇴직해 제약바이오업계 창업지원을 주로 하는 GID파트너스를 설립하고 대표로 있었다. 이를 수용해 한국제약바이오협회 미래비전위원장으로 활동을 이어갔다.
미래비전위원회는 이관순 위원장 외 강성지 웰트 대표, 김석관 과학기술정책연구원 선임연구위원, 김우연 KAIST(한국과학기술원) 교수, 서경원 동국대학교 석좌교수, 이병건 지아이이노베이션 회장, 이삼수 제뉴원사이언스 대표, 이재현 성균관대학교 객원교수, 최영현 미래비전네트워크 이사, 최윤희 산업연구원 선임연구위원, 황만순 한국투자파트너스 대표, 이재국 한국제약바이오협회 부회장 등 12인으로 구성됐다.
이관순은 “협회가 국민 건강과 국가 경제에 핵심적인 제약바이오 부문의 맏형 역할을 하면서 미래 트렌드를 이끌어가야 한다”면서 “우리나라 제약바이오산업의 미래를 설계한다는 자부심을 갖고 비전 수립을 위해 적극적으로 지혜를 모아달라”고 당부했다.
미래비전위원회는 이후 제약바이오산업의 핵심 분야별 화두를 담은 ‘혁신포럼’ 개최 등을 통해 제약바이오산업의 비전을 수립해 ‘제약바이오 비전 2030’을 발표했다.
이관순은 비전 2030의 핵심 가치로 ‘혁신, 협력, 신뢰’를 제시했다. 이를 기반으로 신약개발 선도국 도약, 글로벌 시장 성과 확대, 제조역량 강화와 국민건강 안전망 완성 등을 추진한다는 그림을 그렸다.
△명인제약의 사업구도
명인제약은 중추신경계(Central Nervous System, CNS)에 특화된 기술력을 바탕으로 뇌졸중 및 파킨슨 치료제, 조현병 치료제, 우울증 치료제 등의 전문의약품을 생산·판매하는 기업이다.
수면장애를 동반하는 우울증, 위장장애를 동반하는 불안장애와 같이 다양한 증상에 따른 병용 처방이 가능한 최적의 제품 라인업을 보유하고 있다.
잇몸약의 대표 브랜드로 자리매김한 ‘이가탄F’, 변비약 ‘메이킨Q’ 등 일반의약품에서도 높은 인지도를 바탕으로 시장을 선점하고 있다.
명인제약은 원료합성에서부터 완제의약품 생산에 이르기까지 전 공정을 생산할 수 있는 기술력과 cGMP에서 요구되는 인프라 기준에 맞춰 설계된 생산설비를 통해 세계 제약시장에서 요구하는 우수 의약품을 생산하고 있다.
글로벌 제약사들과의 파트너십을 통해 미국, 유럽, 중국, 일본 등 세계 제약시장 개척을 위한 발판을 구축해 가고 있다.
△명인제약의 지배구조
명인제약은 2025년 12월31일 기준 비상장 계열사 명애드컴, 메디커뮤니케이션, 명인다문화장학재단 등 3개를 두고 있다. 이 중 명애드컴은 연결대상 종속회사다.
2026년 4월1일 기준 명인제약의 이사회는 이행명 회장을 포함한 사내이사 3인, 사외이사 3인 등 총 5인으로 구성돼 있다. 이사회 내 위원회로 감사위원회, 내부거래위원회, 사외이사후보추천위원회, ESG지속가능경영위원회를 두고 있다.
2026년 3월26일 정기 주주총회에서 새롭게 이관순과 차봉권 영업총괄 사장이 사내이사로 선임됐으며, 사외이사로는 윤준섭 코아스템켐온 감사가 선임됐다.
지선봉 세무법인하누리 대표세무사, 손경오 한길요양병원 약사가 계속 사외이사로 활동하고 있다.
사외이사로 구성된 감사위원회를 지선봉 위원장을 중심으로 운영하고 있다.
2025년 12월31일 기준 명인제약의 최대주주는 주식 742만8천 주(50.88%)를 보유하고 있는 이행명 회장이다. 이회장은 자녀 이자영씨 8.01%, 이선영씨 7.74%, 배우자 심명숙씨 3.07% 등을 포함 특수관계자 지분 73.80%로 명인제약을 지배하고 있다.
△명인제약이 걸어온 길
1985년 4월 경기도 부천에 명인제약을 설립했다.
1992년 6월 KGMP(우수의약품 제조 및 품질관리기준) 화성공장(현 팔탄 1공장)을 준공했다.
1993년 11월 간질 치료제 ‘카마제핀 CR정’을 시판했다.
1994년 10월 스페인 유리아크(Uriach)와 기술제휴로 항혈전제 ‘명인 디스그렌 캡슐’을 출시했다.
1995년 8월 독일 호이만파마(Heumann)와 기술제휴로 통풍치료제 ‘날카리신 정’을 발매했다.
1999년 10월 잇몸질환 치료제 ‘이가탄 캡슐’의 해외 수출을 시작했다.
2004년 4월 CCB 계열 고혈압 치료제 ‘코니엘 정’을 시판했다.
2008년 12월 알츠하이머병 치료제 ‘실버셉트 정’, 우울증 치료제 ‘푸록틴 확산정’을 발매했다.
2012년 5월 독일 메디체(Medice)의 ADHD 치료제 ‘메디키넷리타드 캡슐’을 출시했다.
2015년 6월 ‘메이킨Q’를 시판했다.
2015년 9월 발안 합성공장, 팔탄공장 주사제동을 완공했다.
2018년 6월 제2합성연구소 및 원료합성공장을 완공했다.
2018년 10월 일본 후생성 GMP 획득 완료했다.
2021년 11월 이스라엘 Pharma two B와 파킨슨병 치료제 ‘P2B001’에 대한 지분투자 계약을 체결했다.
2023년 6월 명인다문화장학재단을 설립했다.
2024년 2월 루예파마(Luye Pharma)와 리바스티그민 주2회 패치제의 국내도입 독점 계약을 체결했다.
2025년 1월 이탈리아 뉴론(Newron)과 치료저항성 조현병(TRS)치료제 신약 ‘에베나마이드(Evenamide)’ 국내 도입 독점 계약을 체결했다.
2025년 6월 기면증 치료제 ‘아모닐정150mg·250mg’ 허가 및 발매를 시작했다.
2025년 8월 조현병 치료제 신약 ‘에베나마이드(Evenamide)’ 글로벌 3상 IND 승인을 받았다.
2025년 10월 코스피에 상장했다.
비전과 과제/평가
◆ 비전과 과제
이관순 신임 공동대표 체제의 명인제약은 ‘제네릭 강자’에서 ‘글로벌 R&D 제약사’로의 체질 개선을 최우선 비전으로 삼고 있다.
40여 년 만에 전문경영인 체제로 전환한 명인제약은 ‘ 중추신경계(CNS) 1위를 넘어 글로벌 신약 기업으로 도약’을 목표로 하고 있다.
이관순 영입에는 명인제약의 정체성을 ‘고수익 복제약 기업’에서 ‘신약 중심의 혁신 기업’으로 재정의하려는 오너가의 의지가 드러나 있다.
창업주 이행명 회장이 경영일선에서 물러나 ‘이관순(R&D·해외)과 차봉권(영업·관리)’ 공동대표 체제를 통해 소유와 경영을 분리하고 의사결정의 전문성을 높이고자 했다.
이에 따라 이관순은 자체 생산 설비와 신약 IP를 활용해 글로벌 시장에서 직접 수익을 창출하는 구조를 만들어 글로벌 영토 확장에 힘을 쏟아야 할 것으로 보인다.
신약 개발과 대규모 기술 수출로 업계 롤모델로 칭해졌던 이관순은 명인제약에서 신약 파이프라인의 조기 성과 도출의 과제를 부여받았다.
한미약품 시절 ‘기술 수출의 대가’로 불렸다. 명인제약에서도 보유한 CNS 파이프라인을 글로벌 빅파마에 기술 수출(라이선스 아웃, L/O)하거나 공동 개발을 이끌어내는 역량이 향후 주가와 기업 평가의 가장 큰 모멘텀이 될 것이란 전망이 나온다.
명인제약이 추진하는 펠렛(Pellet) 전용 공장의 가동과 수출 확대에서도 기대에 부응할만한 실적을 내야 한다.
적지않은 기간 제약바이오업계에 수장을 지냈던 만큼 R&D 투자 확대와 수익성 유지의 균형 잡기에도 성과를 낼 것으로 기대를 받는다.
여기에 회사의 역량을 끌어올려 실적을 다지고 이를 통해 주주환원과 기업가치 제고를 이뤄내는 등 기업 대표라면 누구나 고민하고 집중해야할 기본적인 과제와도 마주하고 있다.
◆ 평가
이관순은 과거 한미약품에서 2015년 8조원 대 기술수출(라이선스 아웃, L/O) 신화를 썼던 신약 개발 전문가다.
대한민국 제약산업 R&D 지형을 바꿨다는 찬사를 받기도 한다.
연구개발과 글로벌 전략을 이끌어온 제약·바이오 분야 전문가로 분야에게 롤모델로 인정받았다.
명인제약은 중추신경계(CNS) 분야의 제네릭(복제약) 강자로 수익성은 높았으나, 미래 성장 동력인 자체 신약 파이프라인은 상대적으로 약하다는 지적을 받아왔다.
이관순의 합류는 명인제약이 이젠 체질변화를 더 이상 미룰 수 없다고 판단한 것으로 읽힌다.
최근 명인제약은 파킨슨병 치료제인 ‘팍스로야캡슐’의 글로벌 IP를 통합하는 등 해외 진출을 준비하고 있다.
한미약품 시절 글로벌 빅파마들과의 여러 협상을 주도했던 이관순이 팍스로야를 비롯 신약 후보물질들의 글로벌 임상 및 라이선스 아웃 성과를 이끌어낼 적임자로 회사 안팎의 기대를 받고 있다.
사건사고
△소유경영분리 원칙 내놓고 자녀 관계기업 거래 이어와
창업주인 이행명 회장이 평소 소유와 경영 분리를 실현하겠다는 의지를 밝혀 왔지만 두 딸과 관련된 특수관계자 거래가 지속되고 있어 비판의 목소리가 나왔다.
2026년 4월8일 공시에 따르면 명인제약은 20266년 5월8일 이행명 회장의 두 딸과 장학재단에 지분 증여를 공시했다.
이 회장은 자신이 보유한 742만8천 주 가운데 10만 주를 명인다문화장학재단에, 63만 주는 장녀인 이선영 (1977년생)에게, 33만 주는 차녀인 이자영씨(1981년생)에게 각각 증여했다.
증여가 이뤄진 이후 이 회장의 지분율은 50.88%에서 43.62%로 낮아졌다. 반면 이선영씨의 지분율은 7.74%에서 12.05%로, 이자영씨의 지분율은 8.01%에서 10.27%로 각각 높아졌다. 명인다문화장학재단의 지분율도 기존 3.42%에서 4.11%로 상승했다.
앞서 이 회장은 2026년 3월26일 대표이사 자리에서 물러나면서 전문경영인인 이관순·차봉권 두 사람을 공동대표이사로 선임했다. 이 회장은 이전부터 소유와 경영을 분리한 지배구조를 실현하겠다는 의지를 밝혀 왔다.
2025년 9월 코스피 상장을 앞두고 열린 기자간담회에서 “3~4년 이내에 전문경영인 체제로 전환하면서 소유와 경영을 분리할 것”이라며 “기업경영은 반드시 능력 있는 전문경영인이 맡아야 한다는 것이 소신”이라고 말했다.
일각에선 소유·경영 분리 실현을 위해선 오너와 분리된 상태에서 전문경영인을 선정하는 별도의 기구나 시스템이 마련돼야만 한다는 지적이 나온다.
현재의 구조에선 전문경영인 발탁에 오너경영인의 의중을 완전히 배제하기 어렵다는 뜻이다.
업계에서는 이 회장이 소유·경영 분리를 선언한 만큼 두 딸인 이선영씨와 이자영씨가 명인제약 이사회에 재진입하거나 경영권을 노릴 확률은 크지 않다고 본다. 두 사람은 과거 명인제약에서 사내이사로 일한 적이 있다.
다만 현재 두 딸과 재단이 26% 이상의 의결권을 행사할 수 있고 이 회장 지분을 수증 또는 상속하는 경우 지분율은 더 높아질 수 있다. 이 때문에 전문경영인 대표를 세운다고 하더라도 오너 일가의 개입을 차단하는 추가적인 장치가 없다면 두 사람이 실질적인 지배력을 가지는 구조가 유지될 가능성이 크다는 지적이 나온다.
명인제약의 계열사인 메디커뮤니케이션과의 내부거래 문제도 꾸준히 제기된다. 메디커뮤니케이션은 이선영씨가 52%, 이자영씨가 48%의 지분을 가진 가족회사다. 부동산 임대업을 한다. 서울 서초구 소재 명인제약 본사 건물인 명인타워 지분 52%를 보유하고 있다.
메디커뮤니케이션은 명인제약과 명애드컴을 통해 매출의 약 30%를 얻고 있다. 2025년 감사보고서에 따르면 메디커뮤니케이션은 명인제약과 명애드컴으로부터 각각 23억5380만 원, 3억3580만 원의 임대수익을 얻었다.
명애드컴은 명인제약이 지분 100%를 보유한 자회사로 광고 사업을 한다.
△전체 지분의 78% 보호예수 해제
최대주주 물량을 포함해 명인제약 전체 지분의 78.5%가 2026년 주식시장에 풀린다.
명인제약의 총 발행주식 수는 1460만 주다. 이 가운데 2026년 4월과 10월 걸쳐 1145만6천 주가 해제된다. 이를 시가로 평가하면 7183억 원 규모다.
한국예탁결제원에 따르면 2026년 4월1일 명인제약의 최대주주 및 특수관계인이 보유한 약 1077만 6천 주(전체 주식의 74%)에 대한 6개월 의무보유(보호예수)가 해제됐다. 여기엔 자녀인 이자영씨와 이선영 씨의 보유분을 비롯해 이 회장이 이사장인 명인다문화장학재단의 50만 주가 포함된다.
이는 2025년 10월 상장 당시 이행명 대표이사 외 특수관계자가 6개월 의무보유를 확약한 물량으로, 대규모 물량 출회(오버행)로 인한 주가 하락 가능성이 우려되기도 했다.
현재 명인제약은 오너 일가가 대부분의 지분을 들고 있어 실제 시장에서 유통 가능한 물량은 300만 주 안팎에 그치는 것으로 파악된다. 실제로 2026년 1월 들어 이 회사 주식 거래량이 10만 주를 넘지 못한 날이 11거래일에 달했다. 거래일 절반가량이 10만 주를 밑돈 셈이다.
다만 최대주주 물량은 경영권과 직결되는 만큼 곧바로 시장에 나오진 않을 것이라는 관측이 우세하다.
△제조업무 정지 행정처분
명인제약은 2025년 말, 제조관리기준서 미준수 및 제조기록 누락으로 간 질환 치료제(레보멜스주사액)와 마약류 의약품(루나팜정)에 대해 식약처로부터 각각 1개월 제조업무 정지 행정처분을 받았다.  제조 및 품질관리 기준을 준수하지 않은 것으로 나타났다.
마약류 전문의약품 제조 과정에서 일부 공정 기록을 누락한 사실이 확인돼 명인제약이 해당 품목에 대해 1개월간 제조업무 정지 처분을 받았다.
2025년 12월21일 식품의약품안전처 행정처분 공개 내용에 따르면, 명인제약은 마약류제조업자로서 제조관리기준서 등에 따라 제조 및 기록해야 함에도 일부 공정의 기록을 누락한 사실이 적발됐다. 이에 따라 마약류 전문의약품 루나팜정(성분명 플루니트라제팜)에 대해 2025년 12월19일부터 2026년 1월18일까지 제조업무 정지 처분이 내려졌다.
루나팜정은 플루니트라제팜 성분의 마약류로 분류되는 전문의약품이다. 이번 행정처분은 업체 전체가 아닌 특정 품목을 대상으로 한 조치다. 처분 공개 종료일은 2026년 4월17일이었다.
마약류제조업자는 제조관리기준서 등에 따라 제조 및 기록해야 하지만 명인제약은 일부 공정의 기록을 누락한 것으로 파악됐다.
앞서 2025년 11월21일에는 명인제약이 ‘레보멜스주사액’ 제조 과정에서 자사 기준서를 준수하지 않은 사실이 확인돼 식품의약품안전처로부터 행정처분을 받았다.
식약처는 명인제약에 대해 ‘레보멜스주사액(L-아스파르트산-L-오르니틴)’ 제조업무정지 1개월(2025년 11월20일~12월19일) 처분을 내렸다.
식약처 조사 결과, 명인제약은 의약품을 제조하면서 제조관리기준서·제품표준서 등을 정확히 준수해야 함에도 불구하고, 작업 중 발생한 이상경향을 자사 기준 절차에 따라 처리하지 않은 것으로 드러났다.
△상장 보름만에 주가 10만 원 붕괴
명인제약이 상장 이후 장중 13만 원대까지 치솟았던 주가가 15일 만인 2025년 10월16일 오전 10만 원 아래로 추락했다. 2026년 5월6일 종가는 5만4500원을 기록했다.
명인제약은 2025년 10월1일 코스피 시장에 공모가 대비 두 배 이상인 12만1900원(시가총액 1조 7797억 원)으로 입성했다. 보름이 지난 10월16일 오전 9만7200원까지 떨어지면서 20% 이상 빠졌다. 시총은 1조4220억 원으로 3500억 원이 증발했다.
거래가 불가능했던 추석 연휴를 제외하면 7거래일 만의 급락이었다. 상장 초기 과열 양상에 대한 경계감과 고평가 논란이 맞물리면서 투자심리가 빠르게 식었다.
특히 명인제약 상장 이후 외국인 중심으로 5거래일 이상 투자자 이탈이 발생했다. 실제 거래일 1일, 14일을 제외하고는 대부분(2일, 10일, 13일, 15일, 16일) 외국인 수급이 감소했다.
명인제약은 기술 도입 이후 개발 중인 신약 등이 있어도 실제 신약을 보유하진 않았고, 이행명 회장을 비롯한 최대주주 및 특수관계인 지분이 73%에 달해 일부 오버행 우려가 제기되기도 했다.
특히 보유 지분의 보호예수기간이 규정상 허용하는 최소 기간 ‘6개월’에 불과하다는 점이 지적을 받았다. 통상 보호예수기간이 3년으로 설정되는 것과 비교하면 이례적으로 짧다.
△‘상속세 절감용 IPO’ 의혹 불거져
명인제약이 2025년 10월 상장을 추진하는 의도가 이행명 회장의 상속세 절감을 위한 것이 아니냐는 의혹이 번졌다.
명인제약의 오너인 이행명 회장은 상장을 보름여 앞두고 2025년 9월15일 서울 여의도 페어몬트 앰버서더 호텔에서 열린 기자간담회에서 “일각에서 명인제약 상장은 승계와 연관해 보고 있지만 이는 사실이 아니다”며 “이번 상장은 인재 확보와 글로벌 진출을 위해 추진하게 됐다”고 해명했다.
명인제약은 2025년 9월9~15일 5영업일 동안 유가증권시장 상장을 위한 기관 대상수요예측을 마쳤다. 공모가는 희망 밴드(4만5천 원~5만8천 원) 최상단인 5만8천 원으로 확정됐다.
명인제약은 2024년 매출 2694억 원, 영업이익 928억 원, 순이익 687억 원을 냈고 영업이익률이 33%에 달한다. 2025년 상반기 기준 현금성자산은 2777억 원이고 이익잉여금은 5617억 원에 달한다. 부채비율은 8.89%에 불과하다.
이같은 건전한 재무구조와 실적은 오히려 상속세 절감을 위한 상장이라는 의혹을 부추겼다. 명인제약이 매년 1천억 원 가량의 영업이익을 내는 상황에서 2천억 원을 밑도는 공모자금이 필요해서 상장한다는 것은 설득력이 없었다.
1949년생인 이헹명 회장은 2025년 기준 76세로 고령이다. 자녀로는 두 딸 이자영씨와 이선영씨가 있다. 이들은 경영에 참여하지 않고 있다.
대신 지분율은 이행명 회장 다음으로 많다. 명인제약이 상장하면 이 회장은 상속세를 절감할 수 있다.
국내 상속증여세법상 거래 가격이 없는 비상장기업의 경우 순손익가치와 순자산가치를 각각 3대 2의 비율로 가중평균한 가액으로 상속금액을 평가하며 가중평균 평가액이 순자산가치의 80%에 미달하는 경우, 평가액의 하한선으로 순자산가치의 80%를 적용한다.
반면 상장사의 경우 상속개시일 이전과 이후 각 2개월간 평균 주가로 상속가액을 평가한다. 국내 증시에서는 PBR(주가순자산비율)이 0.8을 밑도는 상장사가 많아 명인제약은 상장이 상속에 유리할 수 있다는 분석이 나왔다.
실제로 이소영 더불어민주당 의원은 2025년 7월 국회에서 “명인제약이 40년 동안 비상장사로 운영하다가 승계를 할 때가 되니 상장을 추진한다”며 “상장사는 주가로 평가해 세금을 내는데 상장을 통해 주가를 누른 다음에 증여세를 내면 세금을 아낄 수 있다”고 주장했다.
△한미약품 대표시절 계약해지 늑장공시, 임직원·미공개정보 관리 미흡에 사퇴
이관순은 한미약품 대표이사 시절 베링거인겔하임이 폐암 치료제 ‘올리타’의 모든 권리를 반환한 사실을 늑장공시한 데다 임상 관련 사망 사례까지 확인되면서 궁지에 몰렸다. 여기에 이끌고 있던 한미약품 임직원들이 미공개 정보를 통해 주식거래로 부당이득을 챙겼다가 적발돼 결국 대표이사 자리에서 물러났다.
한미약품은 2016년 9월 베링커인겔하임이 시장성이 없다고 판단해 올리타(성분명 올무티닙) 개발을 포기했다. 올리타와 관련 권리를 한미약품에 도로 반납했다.
앞서 한미약품과 베링거인겔하임은 2015년 7월 7억3천만 달러(약 8200억 원) 규모의 올리타 기술이전 계약을 맺었다.
한미약품은 2016년 9월29일 증시 마감 뒤 오후 4시30분쯤 공시를 통해 1조 원 규모의 기술수출 계약 공시를 냈다. 다음날 30일 증시 개장 뒤 30여 분 만에 기존 올리타 기술수출 계약이 해지됐다고 공시했다. 이 때문에 한미약품 주가는 5% 이상 상승 출발했다가 장중 18%까지 폭락했다.
업계 관계자들은 한미약품이 계약 성사와 해지 사실을 알고 있으면서 시차를 두고 공시를 한 것은 ‘도덕적 해이’라고 비판했으며 특정 투자자들이 주식을 미리 팔 시간을 준 것 아니냐는 의혹까지 제기했다.
계약해지 공시가 난 9월30일 오후 4시쯤 식품의약품안전처가 계약 해지 관련 약품 임상에서 사망자가 발생했다는 사실을 공개했다.
2016년 식약처 국정감사에서 임상시험 부작용 은폐 의혹도 제기됐다.
특히 국회 정무위원회 종합감사에서는 한미약품이 일부 주주들의 부당이익을 위해 베링거인겔하임의 계약파기와 관련한 공시를 고의로 늦게 했다는 의혹이 다뤄졌다.
고의 늑장공시 부분은 불기소처분이 내려졌다.
한편 검찰이 2016년 한미약품의 미공개 정보를 이용해 주식거래를 한 임직원들을 대거 적발했다.
서울 남부지검은 한미약품의 미공개 정보를 미리 알고 주식을 거래해 부당이득을 챙긴 45명을 적발해 17명을 기소했다.
한미약품 지주회사인 한미사이언스 황모 임원 등 4명이 구속기소됐다.
보령제약 법무팀 이사는 황씨로부터 계약 파기 미공개 정보를 전달받아 1천800만 원의 부당이득을 취하고 3억4천만 원의 손실을 회피한 혐의도 받았다.
이관순은 결국 2017년 3월 늑장공시와 임직원·미공개정보 관리 미흡 등에 책임을 지고 한미약품 대표이사직에서 물러났다.
경력/학력/가족
◆ 경력
1984년 한미약품에 입사했다.
1997년 한미약품 연구소장(이사)으로 일했다.
2010년 한미약품 R&D본부 사장에 임명됐다.
2010년 한미약품 대표이사 사장에 선임됐다.
2012년 한국제약협회 부이사장을 맡았다. 한국제약협회 연구개발위원장으로 활동했다.
2017년 한미약품 상근고문으로 근무했다. 한미정밀화학 사내이사로 선임됐다.
2019년 한미약품 글로벌전략 부회장으로 선임됐다.
2020~2021년 한국제약바이오협회 이사장으로 활동했다.
2021년 임성기재단 초대 이사장을 맡았다.
2022년 한미약품 고문으로 근무했다.
2023년 GID파트너스를 설립하고 대표에 올랐다.
2024년 대웅제약 R&D위원회 공동위원장으로 선임됐다.
2025년 AMC사이언스 사외이사로 선임됐다.
2026년 지아이디파트너스 고문으로 근무했다. 명인제약 공동대표이사에 선임됐다.
◆ 학력
충남 대전고등학교를 졸업했다.
서울대학교 사범대학 화학교육과를 졸업했다.
KAIST(한국과학기술원) 화학과에서 석사학위를 받았다.
KAIST(한국과학기술원) 화학과에서 박사학위를 받았다.
◆ 가족관계
◆ 상훈
2009년 특허청이 주관하는 특허기술상 시상식에서 충무공상을 수상했다.
2011년 역류성식도염치료제 개량신약 ‘에소메졸’이 IR52 장영실상을 받았다.
2016년 KAIST(한국과학기술원) 총동문회로부터 ‘2015 카이스트 자랑스런 동문상’을 받았다.
◆ 기타
논문 ‘Total synthesis of naphthoindolizidine alkaloid derivatives’로 1989년 KAIST(한국과학기술원) 화학과에서 박사학위를 받았다.
2016년 언론 인터뷰에서 어린 시절 코미디언 지망생이었다고 밝힌 바 있다. 사람들에게 웃음을 전해주는 라디오의 희극 연기자들을 동경해 남몰래 연습까지 했다.
어록
“가장 중요한 과제는 자본시장 활성화다. 새로운 기회를 만들어 낼 수 있는 협업방안으로 벤처와 제약기업 간 ‘이어달리기’ 프로젝트를 적극적으로 발굴하고 프로젝트에 VC투자와 정부의 정책적 R&D 자금이 집중적으로 투자되도록 유도해야 한다. 국내 스타트업과 중소형 바이오텍의 혁신성은 뛰어나 이들이 대기업·글로벌 제약사와 이어달리기를 성공적으로 해낸다면 글로벌 파트너십에서 강력한 경쟁력을 확보하고 이를 통해 국내 신약개발 역량을 한 단계 끌어올릴 수 있을 것이다.” (2025/10/27, 한국제약바이오협회 80주년 ‘K-Pharma 2030’ 대담에서)
“내가 10년 전 바이오차이나에 참석해 기술수출 사례를 발표했을 때만 해도 다들 놀랐다. 당시 중국에서는 그런 사례들이 거의 없었기 때문이었다. 그런데 불과 10년 만에 중국은 규모뿐 아니라 퀄리티에서도 눈에 띄는 성장을 이뤘다. 이제 한국이 중국과 어떤 차별화된 연구개발(R&D) 전략을 세우느냐가 신약개발 선도국으로 도약하기 위한 중요한 과제가 됐다.” (2025/04/22, 한국제약바이오협회 미래비전위원장(GID 파트너스 대표) 시절 제약·바이오기자단과의 간담회에서)
“(차세대 리더라는 평가에 대해) 나는 단지 우리나라에서도 신약개발이 성공할 수 있다는 확신이 있었을 뿐이다. 개발에 10년이 넘게 걸리는 신약은 1~2년만 앞당겨도 엄청난 부가가치를 낼 수 있다. 우리나라는 기술은 물론이고 속도도 1등인 만큼 분명히 성과가 날 거라 믿었다. 많은 연구개발(R&D) 투자에도 큰 성과를 내지 못하던 지난해에는 딱 두 개만 결실을 봤으면 좋겠다는 벼랑 끝에 선 느낌이었다.” (2016/01/04, 연합뉴스 인터뷰에서)
“우리가 잘할 수 있는 분야에 ‘선택과 집중’을 했고, 처음부터 글로벌 시장에서 경쟁력 있는 신약을 노렸다. 글로벌 빅파마(거대 제약사)들의 부족한 부분을 끊임없이 파고 들었다. 우수한 기술을 보유한 국내외 바이오벤처들과 연구 협력을 하는 개방형 혁신을 통해 우리의 신약개발 기술을 더욱 탄탄하게 만들 계획이다.” (2015/12/24, 중앙일보 인터뷰에서)
<저작권자(c) 비즈니스포스트 무단전재 및 재배포금지>
김은혜 기자의 다른기사보기",local,10,판권,,,0.6153485708064365,,1.0,0.6153485708064365,7.584463997387033,8.0,7.307439995645055,False
2026-05-14,BD,2026-05-14 15:11:00,Naver News,https://www.polinews.co.kr/news/articleView.html?idxno=731146,"[이슈] K-바이오 기술수출 확대, 글로벌 시장 존재감 커진다","국내 제약 · 바이오 기업들의 기술수출이 잇따르면서 K-바이오의 글로벌 시장 존재감이 커지고 있다.지난해 국내 제약 · 바이오 기업이 글로벌 제약사와 체결한 기술수출 계약 규모는 145억3000만 달러(약 21조 원)로 관련 통계 집계 이후 최대치를 기록했다. 과거 국내 시장 중심에 머물렀던 바이오기업들이 글로벌 빅파마와 대형 계약을 체결하며 연구개발(R&D) 경쟁력을 인정받고 있다는 평가다.기술 수출은 국내 제약·바이오 기업이 개발 중인 신약 후보물질이나 플랫폼 기술을 해외 제약사에 이전하고 계약금과 단계별 기술료(마일스톤), 판.","국내 제약 · 바이오 기업들의 기술수출이 잇따르면서 K-바이오의 글로벌 시장 존재감이 커지고 있다.지난해 국내 제약 · 바이오 기업이 글로벌 제약사와 체결한 기술수출 계약 규모는 145억3000만 달러(약 21조 원)로 관련 통계 집계 이후 최대치를 기록했다. 과거 국내 시장 중심에 머물렀던 바이오기업들이 글로벌 빅파마와 대형 계약을 체결하며 연구개발(R&D) 경쟁력을 인정받고 있다는 평가다.기술 수출은 국내 제약·바이오 기업이 개발 중인 신약 후보물질이나 플랫폼 기술을 해외 제약사에 이전하고 계약금과 단계별 기술료(마일스톤), 판",local,10,GSK,,,0.615076641026016,,1.0,0.615076641026016,7.583321892309267,8.0,7.305536487182112,False
2026-05-14,BD,2026-05-15 07:02:00,Naver News,https://www.thebell.co.kr/free/content/ArticleView.asp?key=202605131347473160101150,[더벨][thebell interview | 2026 제약·바이오 포럼] 中 부상 위협? 기회...,주요 데이터 발표 이후 파트너가 추가 자본을 투입하는 방식으로 일반적인 라이선스 아웃보다 리스크를 분산할 수 있다는 평가를 받는다. 중국 등 지역 파트너십을 통해 글로벌 권리는 유지하면서 임상 속도를 높이는... ,주요 데이터 발표 이후 파트너가 추가 자본을 투입하는 방식으로 일반적인 라이선스 아웃보다 리스크를 분산할 수 있다는 평가를 받는다. 중국 등 지역 파트너십을 통해 글로벌 권리는 유지하면서 임상 속도를 높이는... ,local,10,라이선스,,,0.6147554960877647,,1.0,0.6147554960877647,7.581973083568611,8.0,7.303288472614352,False
2026-05-14,BD,2026-05-15 06:12:00,Naver News,https://www.hitnews.co.kr/news/articleView.html?idxno=76147,[HIT 포커스] 푸싱제약은 왜 3상 발표 전 아리바이오에 '7조 계약' 안겼나,아리바이오가 개발 중인 경구용 알츠하이머병 치료제 'AR1001'이 잇따라 글로벌 판권 계약을 성사시키고 있다. 특히 아직 임상 3상 톱라인(Top-line) 데이터가 공개되지 않은 단계에서 중국 푸싱제약과 약 7조원 규모의 대규모 계약이 이뤄지면서 그 배경에 관심이 집중되고 있다.14일 아리바이오는 푸싱제약과 AR1001의 글로벌 독점 판권 계약을 체결했다. 계약 대상에는 미국·유럽·일본 등 주요 시장이 포함됐다.,"아리바이오가 개발 중인 경구용 알츠하이머병 치료제 'AR1001'이 잇따라 글로벌 판권 계약을 성사시키고 있다. 특히 아직 임상 3상 톱라인(Top-line) 데이터가 공개되지 않은 단계에서 중국 푸싱제약과 약 7조원 규모의 대규모 계약이 이뤄지면서 그 배경에 관심이 집중되고 있다.14일 아리바이오는 푸싱제약과 AR1001의 글로벌 독점 판권 계약을 체결했다. 계약 대상에는 미국·유럽·일본 등 주요 시장이 포함됐다. 회사는 이번 계약을 통해 옵션 비용 900억원을 우선 수령하며, 한국과 중동, 중남미 등을 제외한 미국, 유럽, 일본",local,10,판권,,,0.6137715938329994,,1.0,0.6137715938329994,7.577840694098597,8.0,7.296401156830996,False
2026-05-14,Client,2026-05-14 18:50:00,Naver News,https://www.hitnews.co.kr/news/articleView.html?idxno=76149,[HIT알공] 리가켐 ADC 후보물질 'LCB02A' 글로벌 1/2상 돌입,"① 리가켐바이오, ADC 'LCB02A' 미국 1/2상 IND 승인 = FDA로부터 CLDN18.2 양성 고형암 대상 ADC 후보물질 LCB02A 글로벌 1/2상 IND 승인 획득.② 유한양행, 레이저티닛 유럽 상업화 마일스톤 449억원 수령 예정 = 얀센 바이오테크로부터 레이저티닛·아미반타맙 병용요법 유럽 상업화 개시에 따른 기술료 3000만달러 수령 예정. 한편 회사는 18일 컨퍼런스콜 및 웹캐스팅 IR 확정. 1분기 실적 및 R&D·사업현황 설명 예정.③ HEM파마, 일본 자회사 20억8443만원 공급계약 = HEM Pharm.","① 리가켐바이오, ADC 'LCB02A' 미국 1/2상 IND 승인 = FDA로부터 CLDN18.2 양성 고형암 대상 ADC 후보물질 LCB02A 글로벌 1/2상 IND 승인 획득.② 유한양행, 레이저티닛 유럽 상업화 마일스톤 449억원 수령 예정 = 얀센 바이오테크로부터 레이저티닛·아미반타맙 병용요법 유럽 상업화 개시에 따른 기술료 3000만달러 수령 예정. 한편 회사는 18일 컨퍼런스콜 및 웹캐스팅 IR 확정. 1분기 실적 및 R&D·사업현황 설명 예정.③ HEM파마, 일본 자회사 20억8443만원 공급계약 = HEM Pharm",local,10,얀센,,,0.6135021878982104,,1.0,0.6135021878982104,7.576709189172483,8.0,7.294515315287472,False
2026-05-14,BD,2026-05-14 10:00:00,Naver News,https://www.hitnews.co.kr/news/articleView.html?idxno=76134,"BMS·헝루이, 최대 152억달러 전략적 협력","브리스톨마이어스스퀴브(BMS)와 중국 헝루이파마가 항암·혈액질환·면역질환 분야 혁신신약 개발을 위한 대규모 전략적 협력 계약을 체결했다. 초기 단계 자산 13개를 포함한 이번 계약의 총 규모는 최대 152억달러(약 21조원)에 달한다.양사는 최근 공식 보도자료를 통해 항암·혈액질환·면역질환 분야 자산 개발을 위한 글로벌 전략적 협력 및 라이선스 계약을 체결했다고 밝혔다.계약에는 헝루이의 항암·혈액질환 후보물질 4개와 BMS의 면역질환 자산 4개, 양사가 공동 발굴·개발할 신규 프로그램 5개가 포함됐다.이번 계약에 따라 BMS는 헝루.","브리스톨마이어스스퀴브(BMS)와 중국 헝루이파마가 항암·혈액질환·면역질환 분야 혁신신약 개발을 위한 대규모 전략적 협력 계약을 체결했다. 초기 단계 자산 13개를 포함한 이번 계약의 총 규모는 최대 152억달러(약 21조원)에 달한다.양사는 최근 공식 보도자료를 통해 항암·혈액질환·면역질환 분야 자산 개발을 위한 글로벌 전략적 협력 및 라이선스 계약을 체결했다고 밝혔다.계약에는 헝루이의 항암·혈액질환 후보물질 4개와 BMS의 면역질환 자산 4개, 양사가 공동 발굴·개발할 신규 프로그램 5개가 포함됐다.이번 계약에 따라 BMS는 헝루",local,10,BMS,,,0.6083930565321803,,1.0,0.6083930565321803,7.555250837435157,8.0,7.258751395725262,False
2026-05-14,BD,2026-05-15 06:02:00,Naver News,https://www.apsk.co.kr/news/articleView.html?idxno=539361,"통풍, 요산 수치 너머 '전신 염증' 정조준…차세대 신약 경쟁 확전 - 메디팜스투데이",통풍 치료 시장이 '요산 수치 관리' 중심 시대를 넘어 전신 염증질환 관리 경쟁으로 빠르게 재편되고 있다.과거에는 급성 관절 통증을 완화하고 혈중 요산 수치를 낮.,통풍 치료 시장이 '요산 수치 관리' 중심 시대를 넘어 전신 염증질환 관리 경쟁으로 빠르게 재편되고 있다.과거에는 급성 관절 통증을 완화하고 혈중 요산 수치를 낮,local,10,합병,,,0.6565384678624842,,1.0,0.6565384678624842,7.357461565022433,7.0,7.595769275037389,False
2026-05-14,BD,2026-05-13 12:04:00,Naver News,https://www.dailypharm.com/user/news/338400?REFERER=NP,"[데일리팜]쿠싱병 신약 '이스투리사', 종합병원 처방 영역 확대","유일한 쿠싱병치료제 이스투리사가 처방 영역을 넓혀가고 있다. 관련 업계에 따르면 레코르다티코리아의 성인 쿠싱병(Cushing’s Disease)치료제 이스투리사(오실로드로스타트)는 삼성서울병원, 서울아산병원, 신촌세브란스병원 등 상급종합병원을 비롯해 아주대병원, 화순전남대병원 등 의료기관의 약사위원회(DC, Drug committee)를 통과했다. 이밖에 서울대병원, 서울성모병원 등 의료….","유일한 쿠싱병치료제 이스투리사가 처방 영역을 넓혀가고 있다. 관련 업계에 따르면 레코르다티코리아의 성인 쿠싱병(Cushing’s Disease)치료제 이스투리사(오실로드로스타트)는 삼성서울병원, 서울아산병원, 신촌세브란스병원 등 상급종합병원을 비롯해 아주대병원, 화순전남대병원 등 의료기관의 약사위원회(DC, Drug committee)를 통과했다. 이밖에 서울대병원, 서울성모병원 등 의료…",local,10,레코르다티,,,0.6560619814174372,,1.0,0.6560619814174372,7.355460321953236,7.0,7.59243386992206,False
2026-05-14,Client,2026-05-09 13:00:00,Naver News,https://www.seoulfn.com/news/articleView.html?idxno=628343,"희귀질환 치료제 시장 확대···국내 제약사, R&D 경쟁 본격화 - 서울파이낸스",국내 제약·바이오업계가 성장 가능성이 큰 희귀질환 치료제 시장 확대에 본격적으로 나서고 있다. 주요 제약사들이 신약 개발과 해외 허가.,[서울파이낸스 권서현 기자] 국내 제약·바이오업계가 성장 가능성이 큰 희귀질환 치료제 시장 확대에 본격적으로 나서고 있다. 주요 제약사들이 신약 개발과 해외 허가,local,10,입센,,,0.6559955352848775,,1.0,0.6559955352848775,7.3551812481964856,7.0,7.591968746994143,False
2026-05-14,BD,2026-05-14 14:16:00,Naver News,https://new.dailypharm.com/user/news/338494?REFERER=NP,[데일리팜]복지부 약제과장에 강준혁…약가 개편 완수 김연숙 떠난다,"보건복지부 강준혁(연세대·행시 53회) 약무정책과장이 김연숙(서울대약대·행시 47회) 과장 뒤를 이어 보험약제과장 직무를 수행한다. 보험약제과장 임명 일자는 오는 18일이다. 보험약제과에서 제네릭 약가인하, 혁신신약 약가우대 등 국내 약가제도 개편안 실무를 전담해 완수한 김연숙 과장은 복지정책관실 복지정책과장으로 자리를 옮긴다. 직무 시작일은 오는 25일부터다.","보건복지부 강준혁(연세대·행시 53회) 약무정책과장이 김연숙(서울대약대·행시 47회) 과장 뒤를 이어 보험약제과장 직무를 수행한다. 보험약제과장 임명 일자는 오는 18일이다. 보험약제과에서 제네릭 약가인하, 혁신신약 약가우대 등 국내 약가제도 개편안 실무를 전담해 완수한 김연숙 과장은 복지정책관실 복지정책과장으로 자리를 옮긴다. 직무 시작일은 오는 25일부터다. 14일 보건…",local,10,CSO,,,0.6558251491950908,,1.0,0.6558251491950908,7.3544656266193815,7.0,7.590776044365636,False
2026-05-14,Client,2026-05-14 12:08:00,Naver News,https://new.dailypharm.com/user/news/338456?REFERER=NP,"[데일리팜]린버크, 분기 처방액 100억 돌파…JAK 억제제 시장 독주","애브비의 야누스키나제(JAK) 억제제 계열 자가면역질환 치료제 ‘린버크(유파다시티닙)’가 분기 처방액 100억원을 돌파하며 독주 체제를 더욱 강화했다. 경쟁 제품인 ‘올루미언트(바리시티닙)’, ‘젤잔즈(토파시티닙)’, ‘시빈코(아브로시티닙)’는 대체로 부진한 모습을 보였다. 향후 JAK 억제제 시장은 더욱 치열한 경쟁이 예상된다. 화이자 ‘리트풀로(리틀레시티닙)’와 레오파마 ‘앤줍고크….","애브비의 야누스키나제(JAK) 억제제 계열 자가면역질환 치료제 ‘린버크(유파다시티닙)’가 분기 처방액 100억원을 돌파하며 독주 체제를 더욱 강화했다. 경쟁 제품인 ‘올루미언트(바리시티닙)’, ‘젤잔즈(토파시티닙)’, ‘시빈코(아브로시티닙)’는 대체로 부진한 모습을 보였다. 향후 JAK 억제제 시장은 더욱 치열한 경쟁이 예상된다. 화이자 ‘리트풀로(리틀레시티닙)’와 레오파마 ‘앤줍고크…",local,10,애브비,,,0.6551774377559123,,1.0,0.6551774377559123,7.351745238574832,7.0,7.586242064291386,False
2026-05-14,Client,2026-05-14 11:32:00,Naver News,https://www.ekn.kr/web/view.php?key=20260514020564578,“한 달에 한 번 주사” 글로벌 비만약 ‘장기지속제’ 탄생 초읽기…韓은?,`주 1회 주사` 방식의 치료제가 주류를 이룬 글로벌 비만치료제 경쟁의 중심축이 `월 1회 주사` 방식의 장기지속형 주사제형으로 옮겨갈 조짐을 보이고 있다. 유망 후보약물이 글로벌..,`주 1회 주사` 방식의 치료제가 주류를 이룬 글로벌 비만치료제 경쟁의 중심축이 `월 1회 주사` 방식의 장기지속형 주사제형으로 옮겨갈 조짐을 보이고 있다. 유망 후보약물이 글로벌..,local,10,노보노디스크,,,0.6548280439739885,,1.0,0.6548280439739885,7.350277784690752,7.0,7.583796307817919,False
2026-05-14,Client,2026-05-12 15:10:00,Naver News,http://www.financialreview.co.kr/news/articleView.html?idxno=42203,[오늘의 제약리뷰] 일동제약·동아제약·유유제약·온코닉테라퓨틱스·JW중외제약·현대약품,12일 제약·바이오 업계의 새로운 소식. 일동제약그룹의 종합 헬스케어 플랫폼 기업 새로엠에스가 일산 킨텍스에서 열리는 '2026 코베 베이비 페어'에 참가해 맞춤형 영양제 솔루션 '건강배급소' 관련 홍보를 전개한다. 동아제약은 어린이 구강 건강 증진을 위해 '가Green 좋은 이' 캠페인을 운영한다. 유유제약의 반려동물용 건강기능식품 미국 법인 '머빈스펫케어'는 플랫폼 아마존에 고양이 건기식을 입점하며 미국 반려동물시장 공략을 본격화한다.,[파이낸셜리뷰=김경은 기자] 12일 제약·바이오 업계의 새로운 소식. 일동제약그룹의 종합 헬스케어 플랫폼 기업 새로엠에스가 일산 킨텍스에서 열리는 &#39;2026 코베 베이비 페어&#39;에 참가해 맞춤형 영양제 솔루션 &#39;건강배급소&#39; 관련 홍보를 전개한다. 동아제약은 어린이 구강 건강 증진을 위해 &#39;가Green 좋은 이&#39; 캠페인을 운영한다. 유유제약의 반려동물용 건강기능식품 미국 법인 &#39;머빈스펫케어&#39;는 플랫폼 아마존에 고양이 건기식을 입점하며 미국 반려동물시장 공략을 본격화한다. 온코닉테,local,10,현대약품,,,0.6544815143198717,,1.0,0.6544815143198717,7.348822360143462,7.0,7.581370600239102,False
2026-05-14,Client,2026-05-14 06:26:00,Naver News,https://www.bosa.co.kr/news/articleView.html?idxno=3004538,다국적제약사 사회적 책임 환자 목소리에서 출발 - 의학신문,최근 다국적제약사들의 국내 활동에서 두드러지는 공통점은 희귀질환 환자의 목소리를 직접 듣고 이를 사회적 책임 활동으로 연결한다는.,[의학신문·일간보사=김상일 기자]최근 다국적제약사들의 국내 활동에서 두드러지는 공통점은 희귀질환 환자의 목소리를 직접 듣고 이를 사회적 책임 활동으로 연결한다는,local,10,베링거인겔하임,,,0.6541809191941047,,1.0,0.6541809191941047,7.34755986061524,7.0,7.579266434358733,False
2026-05-14,Client,2026-05-14 11:00:00,Naver News,http://www.mkhealth.co.kr/news/articleView.html?idxno=78576,"""살 빠진 뒤가 진짜 시작""…'유지어터' 겨냥 시장 확대","위고비·마운자로 등 GLP-1 계열 비만치료제가 빠르게 확산하면서 체중 감량 이후 몸 상태를 유지하려는 이른바 '유지어터' 시장도 함께 커지고 있다. 단기간 감량 자체보다 약물 중단 이후 요요를 줄이고 혈당, 장 건강, 체지방 관리를 지속하려는 수요가 늘면서 건강기능식품 업계 전략도 달라지는 모습이다.14일 업계에 따르면 비만치료제는 단순 고도비만 치료를 넘어 체중 관리 수단으로 대중화하는 모양새다. 온라인 커뮤니티를 중심으로 복약 경험을 공유하는 사례가 늘고, 단기간 체중 감량 효과를 경험한 뒤 유지 관리 필요성을 체감하는 소비자.","위고비·마운자로 등 GLP-1 계열 비만치료제가 빠르게 확산하면서 체중 감량 이후 몸 상태를 유지하려는 이른바 '유지어터' 시장도 함께 커지고 있다. 단기간 감량 자체보다 약물 중단 이후 요요를 줄이고 혈당, 장 건강, 체지방 관리를 지속하려는 수요가 늘면서 건강기능식품 업계 전략도 달라지는 모습이다.14일 업계에 따르면 비만치료제는 단순 고도비만 치료를 넘어 체중 관리 수단으로 대중화하는 모양새다. 온라인 커뮤니티를 중심으로 복약 경험을 공유하는 사례가 늘고, 단기간 체중 감량 효과를 경험한 뒤 유지 관리 필요성을 체감하는 소비자",local,10,마운자로,,,0.6536842458453014,,1.0,0.6536842458453014,7.345473832550265,7.0,7.5757897209171094,False
2026-05-14,Client,2026-05-14 10:04:00,Naver News,https://www.bosa.co.kr/news/articleView.html?idxno=3004560,신임 의약품광고심의위원장에 임경민 교수 - 의학신문,한국제약바이오협회(회장 노연홍) 의약품광고심의위원회는 지난 12일 서울 방배동 소재 한국제약바이오협회에서 회의를 열고 제24대.,[의학신문·일간보사=김정일 기자] 한국제약바이오협회(회장 노연홍) 의약품광고심의위원회는 지난 12일 서울 방배동 소재 한국제약바이오협회에서 회의를 열고 제24대,local,10,다이이찌산쿄,,,0.6536081049679614,,1.0,0.6536081049679614,7.345154040865438,7.0,7.57525673477573,False
2026-05-14,BD,2026-05-14 06:00:00,Naver News,http://www.hansbiz.co.kr/news/articleView.html?idxno=838569,"HLB 담관암 신약, 내성 극복 카드 될까",HLB그룹의 ‘리라푸그라티닙’이 기존 치료제의 한계였던 부작용과 내성 한계를 개선할 가능성을 제시했다. 선택 폭이 좁았던 담관암 환자들에게 획기적인 치료 대안이 될 수 있을지 귀추가 주목된다.14일 국가암지식정보센터에 따르면 지난 2023년 국내 담낭·담도암 환자는 총 7997명으로 집계됐다. 이는 같은 해 전체 신규 암 발생(28만 8613건)의 2.8% 수준으로 전체 암종 가운데 9번째로 많다.담관암은 예후가 좋지 않은 대표적인 난치암으로 꼽힌다.,| 서울=한스경제 허승아 기자 | HLB그룹의 ‘리라푸그라티닙’이 기존 치료제의 한계였던 부작용과 내성 한계를 개선할 가능성을 제시했다. 선택 폭이 좁았던 담관암 환자들에게 획기적인 치료 대안이 될 수 있을지 귀추가 주목된다.14일 국가암지식정보센터에 따르면 지난 2023년 국내 담낭·담도암 환자는 총 7997명으로 집계됐다. 이는 같은 해 전체 신규 암 발생(28만 8613건)의 2.8% 수준으로 전체 암종 가운데 9번째로 많다.담관암은 예후가 좋지 않은 대표적인 난치암으로 꼽힌다. 생존율 또한 낮은 암으로 10명 중 7명 이상이,local,10,MSD,,,0.6531812425722077,,1.0,0.6531812425722077,7.343361218803272,7.0,7.572268698005454,False
2026-05-14,Client,2026-05-15 02:46:00,Naver News,https://www.sedaily.com/article/20044316?ref=naver,"“정말 ‘기적의 약’이 맞네”…고용량 위고비, 지방만 쏙 빼고 근육은 그대로 남긴다","노보 노디스크의 위고비 고용량 제품(7.2㎎)이 72주 투약 시 평균 27.7%의 체중 감량 효과를 거두면서도 근육 기능은 정상 수준을 유지하는 것으로 드러났다. 12일(현지시간) 유럽비만학회(ECO 2026) 발표 자료에 따르면, 덴마크 제약사 노보 노디스크는 튀르키.","노보 노디스크의 위고비 고용량 제품(7.2㎎)이 72주 투약 시 평균 27.7%의 체중 감량 효과를 거두면서도 근육 기능은 정상 수준을 유지하는 것으로 드러났다. 12일(현지시간) 유럽비만학회(ECO 2026) 발표 자료에 따르면, 덴마크 제약사 노보 노디스크는 튀르키",local,10,용량,,,0.6530447368345111,,1.0,0.6530447368345111,7.342787894704946,7.0,7.571313157841578,False
2026-05-14,Client,2026-05-13 06:00:00,Naver News,https://www.apsk.co.kr/news/articleView.html?idxno=539341,"JW중외, 당뇨병 복합제 라인업  'DPP4+SGLT2'  확장…'가드렛' 반등 노리나 - 메디팜스투데이",JW중외제약이 당뇨병 치료제 ‘가드렛(성분명 아나글립틴)’을 기반으로 한 2제 복합제를 허가 받으며 라인업 확대에 나섰다. DPP-4 억제제 시장 성장 둔화 속에.,JW중외제약이 당뇨병 치료제 ‘가드렛(성분명 아나글립틴)’을 기반으로 한 2제 복합제를 허가 받으며 라인업 확대에 나섰다. DPP-4 억제제 시장 성장 둔화 속에,local,10,아스트라제네카,,,0.6530271824933822,,1.0,0.6530271824933822,7.342714166472206,7.0,7.571190277453675,False
2026-05-14,BD,2026-05-13 16:40:00,Naver News,http://www.medisobizanews.com/news/articleView.html?idxno=138607,경제적 이익 등 제공내역 허용범위?...초과 사례 이렇다,"제약사들이 약사나 의료인 등에게 경제적 이익 등을 제공할 때, 허용 범위를 벗어나는 사례에는 어떤 것들이 있을까?보건복지부와 건강보험심사평가원은 최근 '의약품 지출보고서 공개 및 실태조사 운영지침'을 통해 허용 범위 초과 예시를 공유했다.먼저 견본품 제공과 관련해 허용 주체는 의약품 품목허가를 받은 자, 수입자, 의약품 판촉영업자(의약품 공급자 지위를 동시에 가진 자로 한정)이다. 따라서 도매상이 의약품의 제형 등을 확인하는 목적으로 요양기관에 견본품을 제공하는 것은 허용 범위를 초과한 사례에 해당한다.또한 제품설명회 유형별로 경제.","제약사들이 약사나 의료인 등에게 경제적 이익 등을 제공할 때, 허용 범위를 벗어나는 사례에는 어떤 것들이 있을까?보건복지부와 건강보험심사평가원은 최근 '의약품 지출보고서 공개 및 실태조사 운영지침'을 통해 허용 범위 초과 예시를 공유했다.먼저 견본품 제공과 관련해 허용 주체는 의약품 품목허가를 받은 자, 수입자, 의약품 판촉영업자(의약품 공급자 지위를 동시에 가진 자로 한정)이다. 따라서 도매상이 의약품의 제형 등을 확인하는 목적으로 요양기관에 견본품을 제공하는 것은 허용 범위를 초과한 사례에 해당한다.또한 제품설명회 유형별로 경제",local,10,판촉영업자,,,0.6527626954789967,,1.0,0.6527626954789967,7.341603321011785,7.0,7.569338868352976,False
2026-05-14,Client,2026-05-14 12:10:00,Naver News,https://www.hitnews.co.kr/news/articleView.html?idxno=76116,판시딜 1위 굳건… 로게인폼 급부상에 탈모 OTC 시장 재편 조짐,"히트뉴스와 비저너리 데이터 공동 기획 Hello OTC 15% 빅데이터 분석회사 비저너리데이터(대표 이홍기)와 함께 전국 패널 약국 330곳의 데이터를 분석, OTC 명가들이 어떤 전략으로 약국과 소비자의 마음을 훔쳤는지 조명한다.(29) 판시딜과 미녹시딜의 전쟁... 탈모 OTC 시장 재편 조짐동국 판시딜 1위, 중년부터 여성까지 사로잡다 2024년 약국 패널 약국 경영실적 데이터를 분석한 결과 동국제약 '판시딜캡슐'이 OTC 인덱스 267로 탈모 치료제 시장에서 1위를 차지한 것으로 나타났다. 이어 한국존슨엔드존슨의 '로게인'과.","히트뉴스와 비저너리 데이터 공동 기획 Hello OTC 15% 빅데이터 분석회사 비저너리데이터(대표 이홍기)와 함께 전국 패널 약국 330곳의 데이터를 분석, OTC 명가들이 어떤 전략으로 약국과 소비자의 마음을 훔쳤는지 조명한다.(29) 판시딜과 미녹시딜의 전쟁... 탈모 OTC 시장 재편 조짐동국 판시딜 1위, 중년부터 여성까지 사로잡다 2024년 약국 패널 약국 경영실적 데이터를 분석한 결과 동국제약 '판시딜캡슐'이 OTC 인덱스 267로 탈모 치료제 시장에서 1위를 차지한 것으로 나타났다. 이어 한국존슨엔드존슨의 '로게인'과",local,10,현대약품,,,0.6527265164699547,,1.0,0.6527265164699547,7.341451369173809,7.0,7.569085615289683,False
2026-05-14,BD,2026-05-11 11:18:00,Naver News,http://www.medisobizanews.com/news/articleView.html?idxno=138429,HK이노엔 '플라스마솔루션' 등 11품목 서울대병원 신규처방,"비타민영양제 '플라스마솔루션디주'를 비롯해 항생제 '페트로자'가 서울대병원 처방목록에 안착했다. 서울대병원 약제부는 최근 이같은 내용의 지난 4월 약사위원회 통과 11개 약품을 공개했다. 먼저 국내제약사의 경우 HK이노엔의 비타민영양제 '플라스마솔루션디주'와 제일약품의 요로감염·폐렴 항생제 '페트로자', 종근당의 항전간제 '브리베타정'과 온코닉테라퓨틱스의 위식도역류질환치료제 '자큐보20mg'은 원외처방약으로 합류했다.","비타민영양제 '플라스마솔루션디주'를 비롯해 항생제 '페트로자'가 서울대병원 처방목록에 안착했다. 서울대병원 약제부는 최근 이같은 내용의 지난 4월 약사위원회 통과 11개 약품을 공개했다. 먼저 국내제약사의 경우 HK이노엔의 비타민영양제 '플라스마솔루션디주'와 제일약품의 요로감염·폐렴 항생제 '페트로자', 종근당의 항전간제 '브리베타정'과 온코닉테라퓨틱스의 위식도역류질환치료제 '자큐보20mg'은 원외처방약으로 합류했다. 또한 셀트리온제약 황반변성치료제 '아이덴젤트'가 대체 원내도입품목으로 새롭게 입성했다. 한국팜비오의 혈액대용제 '네",local,10,바이엘,,,0.6524501430013754,,1.0,0.6524501430013754,7.340290600605776,7.0,7.567151001009627,False
2026-05-14,BD,2026-05-15 06:58:00,Naver News,http://www.fnnews.com/news/202605150648432448,"""우리 아이 수명 단축하고 있었다""...의사들은 절대 안 하는 5가지 행동...",소아 백신 접종 일정은 아이들이 심각한 합병증에 가장 취약한 특정 연령에 맞춰 치밀하게 설계되어 있다. 가벼운 질환으로 오해하기 쉬운 홍역조차 영구적인 뇌 손상이나 사망을 초래할 수 있고 영유아의 백일해 역시... ,소아 백신 접종 일정은 아이들이 심각한 합병증에 가장 취약한 특정 연령에 맞춰 치밀하게 설계되어 있다. 가벼운 질환으로 오해하기 쉬운 홍역조차 영구적인 뇌 손상이나 사망을 초래할 수 있고 영유아의 백일해 역시... ,local,10,합병,,,0.6489904838479662,,1.0,0.6489904838479662,7.325760032161458,7.0,7.542933386935763,False
2026-05-14,BD,2026-05-15 03:00:00,Naver News,https://www.medigatenews.com/news/2094825820,"MEDI:GATE NEWS HLB제약, 전립선암 치료제 제네릭 엘비탄디 허가…항암제 사업 확대 본격화",HLB제약이 전립선암 치료제 제네릭 의약품을 허가받고 항암제 사업 확대에 나선다. HLB제약은 최근 식품의약품안전처로부터 전이성 거세저항성 전립선암 치료제 ‘엘비탄디연질캡슐40밀리그램(성분명 엔잘루타미드)’의 의약품 제조판매품목 허가를 받았다고 14일 밝혔다. 회사는 오는 6월 말 발매를 목표로 준비를 진행하고 있다. 엘비탄디는 한국아스텔라스제약의 전립선암 치료제 ‘엑스탄디’의 제네릭 의약품이다.,"HLB제약이 전립선암 치료제 제네릭 의약품을 허가받고 항암제 사업 확대에 나선다. HLB제약은 최근 식품의약품안전처로부터 전이성 거세저항성 전립선암 치료제 ‘엘비탄디연질캡슐40밀리그램(성분명 엔잘루타미드)’의 의약품 제조판매품목 허가를 받았다고 14일 밝혔다. 회사는 오는 6월 말 발매를 목표로 준비를 진행하고 있다. 엘비탄디는 한국아스텔라스제약의 전립선암 치료제 ‘엑스탄디’의 제네릭 의약품이다. 엔잘루타미드는 안드로겐 수용체 신호 전달을 억제하는 성분으로, 전이성 거세저항성 전립선암 치료 등에 사용된다. 전립선암은 국내 남성암 중 발생률이 높은 암종 중 하나로, 고령화와 진단 증가에 따라 치료제 수요도 꾸준히 이어지고 있다. 의약품 시장조사기관 아이큐비아 데이터에 따르면 엑스탄디는 국내에서 2023년 약 432억원, 2024년 약 438억원의 매출을 기록했다. 다만 HLB제약은 약가 인하와 제네릭 경쟁 심화 등 시장 환경 변화를 고려해 단계적인 시장 진입 전략을 수립하고 있다. 이번 허가는 HLB제약이 종합병원 중심의 제네릭 항암제 사업을 본격화하는 첫 단계라는 점에서 의미가 있다. 회사는 생존과 직결된 항암제 제네릭의 특성상 제품 신뢰 확보에 주력하는 한편, 오리지널 의약품과 경쟁할 수 있는 차별화된 종합병원 맞춤형 영업·마케팅 역량을 확보해 간다는 전략이다. HLB제약 항암제사업부 신동석 상무는",local,10,아스텔라스,,,0.6486061669124671,,1.0,0.6486061669124671,7.324145901032361,7.0,7.540243168387269,False
2026-05-14,BD,2026-05-14 13:29:00,Naver News,https://www.newspim.com/news/view/20260514000794,[AI의 종목 이야기] 미국 UTHR-바르다 우주 의약품 시대 연다,미국의 제약기업 유나이티드 테라퓨틱스(UTHR)가 우주 스타트업 바르다 스페이스 인더스트리(Varda Space Industries In.,"다음은 인공지능(AI) 번역을 통해 생산한 콘텐츠로, 원문은 5월14일 블룸버그 보도입니다.[서울=뉴스핌] 황숙혜 기자 = 미국의 제약기업 유나이티드 테라퓨틱스(UTHR)가 우주 스타트업 바르다 스페이스 인더스트리(Varda Space Industries In",local,10,CSO,,,0.6482122028868398,,1.0,0.6482122028868398,7.322491252124728,7.0,7.5374854202078785,False
2026-05-14,BD,2026-05-15 06:06:00,Naver News,https://www.medipana.com/news/articleView.html?idxno=411364,"기등재 제네릭 약가인하, 7월 아닌 8월 개시…행정예고 착수 - 메디파나뉴스",제네릭 의약품 약가 산정률 조정에 따른 기등재 의약품 약가인하가 오는 8월부터 적용된다.14일 보건복지부는 이 같은 내용을 골자로.,[메디파나뉴스 = 이정수 기자] 제네릭 의약품 약가 산정률 조정에 따른 기등재 의약품 약가인하가 오는 8월부터 적용된다.14일 보건복지부는 이 같은 내용을 골자로,local,10,제네릭,,,0.6481807712636021,,1.0,0.6481807712636021,7.322359239307129,7.0,7.537265398845214,False
2026-05-14,BD,2026-05-13 06:02:00,Naver News,https://www.dailypharm.com/user/news/338414?REFERER=NP,[데일리팜]당뇨약 테넬리아 6%↑…제네릭 4년 견제에도 성장세,"한독의 DPP-4 억제제 계열 당뇨병 치료제 ‘테넬리아(테네리글립틴)’ 시리즈의 처방실적이 최근 1년 새 6% 증가했다. 지난 2022년 4분기 제네릭이 대거 발매됐음에도 처방실적이 감소하지 않고 오히려 성장세가 지속되는 양상이다. 동시에 테넬리아 제네릭도 빠르게 영향력을 확대하면서, 전체 테네리글립틴 성분 DPP-4 억제제 시장은 제네릭 발매 직후인 2023년 1분기 211억원에서 지난 1….","한독의 DPP-4 억제제 계열 당뇨병 치료제 ‘테넬리아(테네리글립틴)’ 시리즈의 처방실적이 최근 1년 새 6% 증가했다. 지난 2022년 4분기 제네릭이 대거 발매됐음에도 처방실적이 감소하지 않고 오히려 성장세가 지속되는 양상이다. 동시에 테넬리아 제네릭도 빠르게 영향력을 확대하면서, 전체 테네리글립틴 성분 DPP-4 억제제 시장은 제네릭 발매 직후인 2023년 1분기 211억원에서 지난 1…",local,10,한독,,,0.6478408013850979,,1.0,0.6478408013850979,7.320931365817412,7.0,7.534885609695685,False
2026-05-14,Client,2026-05-14 18:26:00,Naver News,http://www.ttlnews.com/news/articleView.html?idxno=3108137,"유한양행 레이저티닙, 글로벌 항암제 시장 '빅 릴레이' 마일스톤 완성 - 퍼블릭뉴스통신(Public news-network for TTL)",국내 바이오 산업의 글로벌 영토 확장이 유럽 시장 상륙을 기점으로 새로운 정점에 도달했다. 유한양행은 폐암 치료 신약 ‘레이저티닙’의 유럽 상업화 개시에 따라 3.,국내 바이오 산업의 글로벌 영토 확장이 유럽 시장 상륙을 기점으로 새로운 정점에 도달했다. 유한양행은 폐암 치료 신약 ‘레이저티닙’의 유럽 상업화 개시에 따라 3,local,10,얀센,,,0.6458235400253046,,1.0,0.6458235400253046,7.31245886810628,7.0,7.520764780177132,False
2026-05-14,Client,2026-05-12 16:06:00,Naver News,https://www.medicopharma.co.kr/news/articleView.html?idxno=68057,"다이이찌산쿄, 2030년 항암 매출 20조 목표…글로벌 톱5 도약 선언","글로벌 제약사 다이이찌산쿄가 항암제 중심의 중장기 성장 전략을 제시하며 글로벌 톱 제약사 도약 의지를 밝혔다.12일 업계에 따르면, 다이이찌산쿄는 2026~2030년을 아우르는 새로운 5개년 사업계획을 발표하고, 2030년까지 항암 부문에서 2조 3000.","[메디코파마뉴스=이호빈 기자] 글로벌 제약사 다이이찌산쿄가 항암제 중심의 중장기 성장 전략을 제시하며 글로벌 톱 제약사 도약 의지를 밝혔다.12일 업계에 따르면, 다이이찌산쿄는 2026~2030년을 아우르는 새로운 5개년 사업계획을 발표하고, 2030년까지 항암 부문에서 2조 3000",local,10,다이이찌산쿄,,,0.6410127483690079,,1.0,0.6410127483690079,7.292253543149833,7.0,7.487089238583055,False
2026-05-14,Client,2026-05-14 14:44:00,Naver News,http://www.newsmp.com/news/articleView.html?idxno=253254,화이자 혈우병 치료제 ‘하임파지’ 유럽서 적응증 확대,"화이자의 A형ㆍB형 혈우병 치료제 하임파지(Hympavzi, 성분명 마스타시맙)가 유럽에서 적응증 확대 승인을 받았다.화이자는 유럽 집행위원회(EC)가 하임파지를 체중 35kg 이상 12세 이상의 혈액응고 제VIII인자(FVIII) 억제인자를 보유한 A형 혈우병 환자 또는 제IX인자(FIX) 억제인자를 보유한 B형 혈우병 환자에게도 사용할 수 있도록 허가했다고 13일 밝혔다.이번 판매 허가는 유럽연합(EU) 27개 회원국 전체와 아이슬란드, 리히텐슈타인, 노르웨이에서 유효하다.하임파지는 항-TFPI(Tissue Fact.","[의약뉴스] 화이자의 A형ㆍB형 혈우병 치료제 하임파지(Hympavzi, 성분명 마스타시맙)가 유럽에서 적응증 확대 승인을 받았다.화이자는 유럽 집행위원회(EC)가 하임파지를 체중 35kg 이상 12세 이상의 혈액응고 제VIII인자(FVIII) 억제인자를 보유한 A형 혈우병 환자 또는 제IX인자(FIX) 억제인자를 보유한 B형 혈우병 환자에게도 사용할 수 있도록 허가했다고 13일 밝혔다.이번 판매 허가는 유럽연합(EU) 27개 회원국 전체와 아이슬란드, 리히텐슈타인, 노르웨이에서 유효하다.하임파지는 항-TFPI(Tissue Fact",local,10,화이자,,,0.6299375136213812,,1.0,0.6299375136213812,7.2457375572098,7.0,7.4095625953496675,False
2026-05-14,Client,2026-05-15 00:03:00,Naver News,https://www.kmib.co.kr/article/view.asp?arcid=1778750949&code=11131100&cp=nv,[단독] “비만주사 처방 15초컷”… 청소년 처방 5개월 새 5배 늘어,"지난 12일 ‘비만치료제 성지’로 알려진 서울 종로5가의 한 의원은 20여명의 환자로 북적이고 있었다. 대부분 젊은 여성이었는데, 정상 체중으로 보이는 이들.","지난 12일 ‘비만치료제 성지’로 알려진 서울 종로5가의 한 의원은 20여명의 환자로 북적이고 있었다. 대부분 젊은 여성이었는데, 정상 체중으로 보이는 이들",local,10,위고비,,,0.6284688797663832,,1.0,0.6284688797663832,7.239569295018809,7.0,7.399282158364682,False
2026-05-14,Client,2026-05-14 11:33:00,Naver News,https://www.mk.co.kr/article/12047403,“마운자로 맞는데 감튀·치킨 먹겠냐고”…소용량 메뉴 꺼내든 외식업체 - 매일경제,비만치료제 인기에 외식지출 급감 가족중 1명 복용하면 지출 8% 뚝 샌드위치업체 고객 17% 복용 중 도미노피자 CEO “식습관 변화중”.,비만치료제 인기에 외식지출 급감 가족중 1명 복용하면 지출 8% 뚝 샌드위치업체 고객 17% 복용 중 도미노피자 CEO “식습관 변화중”,local,10,마운자로,,,0.628316313373512,,1.0,0.628316313373512,7.23892851616875,7.0,7.398214193614583,False
2026-05-14,Client,2026-05-14 17:10:00,Naver News,https://www.ekoreanews.co.kr/news/articleView.html?idxno=86052,K-신약 허가 러시…한미 GLP-1 비만약 차별화 포인트는? - 이코리아,"국산 신약 개발 경쟁이 속도를 내는 가운데, 한미약품의 GLP-1 계열 비만 치료제 ‘에페글레나타이드’가 차기 ‘44호 국산 신약’ 유력 후보로 부상.","[이코리아] 국산 신약 개발 경쟁이 속도를 내는 가운데, 한미약품의 GLP-1 계열 비만 치료제 ‘에페글레나타이드’가 차기 ‘44호 국산 신약’ 유력 후보로 부상",local,10,릴리,,,0.6281005558357932,,1.0,0.6281005558357932,7.238022334510331,7.0,7.396703890850552,False
2026-05-14,BD,2026-05-11 12:48:00,Naver News,https://www.monews.co.kr/news/articleView.html?idxno=411078,"혁신형 제약기업 우대에 뒤집힌 약가 구조···""재정절감 취지 퇴색"" - 메디칼업저버",보건당국이 제네릭 의약품 약가 산정률을 현행 53.55%에서 45%로 인하하는 내용의 약가제도 개선방안을 확정한 가운데 제네릭 약가가.,[메디칼업저버 문윤희 기자] 보건당국이 제네릭 의약품 약가 산정률을 현행 53.55%에서 45%로 인하하는 내용의 약가제도 개선방안을 확정한 가운데 제네릭 약가가,local,10,특허만료,,,0.6279091969693513,,1.0,0.6279091969693513,7.237218627271275,7.0,7.395364378785459,False
2026-05-14,BD,2026-05-11 16:04:00,Naver News,https://www.safetimes.co.kr/news/articleView.html?idxno=242663,정부 '수수료·재위탁 구조'까지 들여다본다,"정부가 의약품 판촉영업자(CSO) 시장에 대한 첫 실태조사에 착수하면서 그동안 음성적으로 팽창해온 영업대행 구조 전반이 제도권 관리 대상으로 들어오고 있다.신고제 시행 이후 업체 수가 예상치의 3배에 달하는 것으로 나타나면서 단순 신고 수준을 넘어선 관리 체계 마련 필요성이 커졌다는 분석이다.11일 국회와 제약업계에 따르면 조국혁신당 김선민 의원은 최근 보건복지부를 상대로 CSO 실태조사 근거 마련을 위한 약사법 개정 추진 현황과 향후 계획을 서면 질의했다.복지부는 답변에서 관련 법안이 국회에 계류 중이며, 한국제약바이오협회와 함께.","정부가 의약품 판촉영업자(CSO) 시장에 대한 첫 실태조사에 착수하면서 그동안 음성적으로 팽창해온 영업대행 구조 전반이 제도권 관리 대상으로 들어오고 있다.신고제 시행 이후 업체 수가 예상치의 3배에 달하는 것으로 나타나면서 단순 신고 수준을 넘어선 관리 체계 마련 필요성이 커졌다는 분석이다.11일 국회와 제약업계에 따르면 조국혁신당 김선민 의원은 최근 보건복지부를 상대로 CSO 실태조사 근거 마련을 위한 약사법 개정 추진 현황과 향후 계획을 서면 질의했다.복지부는 답변에서 관련 법안이 국회에 계류 중이며, 한국제약바이오협회와 함께",local,10,판촉영업자,,,0.6274347903900193,,1.0,0.6274347903900193,7.235226119638082,7.0,7.392043532730135,False
2026-05-14,Client,2026-05-14 19:00:00,Naver News,https://www.hankyung.com/article/2026051463427,한 번 주사에 체중 29% '뚝'…꿈의 비만 치료제 드디어 등장하나,한국경제신문 대표번호: 02-3604-114 사업자등록번호: 110-81-07390 통신판매업신고번호: 중구 02559 콘텐츠구입 개인정보처리방침 청소년보호정책 서울시 중구 청파로 한국경제신문사 대표번호: 02-3277-9900 사업자등록번호: 104-81-47984 통신판매업신고번호: 중구 00606 인터넷신문등록번호: 서울 아 01035 등록(발행)일자: 2009.11.23 발행·편집인: 박수진 본지는 한국신문윤리위원회의 서약사로서 신문윤리강령을 준수합니다. Copyright 1999-2026. All rights reserved.,"한국경제신문
회사소개
구독신청
고충처리
광고안내
블루애드
대표번호:
02-3604-114
사업자등록번호:
110-81-07390
통신판매업신고번호: 중구
02559
한경닷컴
회사소개
제휴
/
콘텐츠구입
광고안내
사이트맵
고객센터
RSS
이용약관
개인정보처리방침
청소년보호정책(책임자: 이지연)
서울시 중구 청파로
463
한국경제신문사
대표번호:
02-3277-9900
사업자등록번호:
104-81-47984
통신판매업신고번호: 중구
00606
인터넷신문등록번호: 서울 아
01035
등록(발행)일자:
2009.11.23
발행·편집인: 박수진
본지는 한국신문윤리위원회의 서약사로서 신문윤리강령을 준수합니다.
Copyright 1999-2026.
한경닷컴
All rights reserved.",local,10,리제네론,,,0.6271862936683938,,1.0,0.6271862936683938,7.234182433407254,7.0,7.390304055678756,False
2026-05-14,BD,2026-05-15 06:12:00,Naver News,https://www.hitnews.co.kr/news/articleView.html?idxno=76148,다품목 관리에 양도·양수 '최저가 룰' 부활... 새 제도 8월 시행,"보건복지부가 제네릭 약가 산정률을 45%로 낮추고 다등재 품목 관리, 양도·양수 약가 산정, 퇴장방지의약품 지원 기준 등을 개편하는 약가제도 개선안을 행정예고했다. 시행은 8월 1일 예정이다. 복지부는 14일 '약제의 결정 및 조정 기준' 일부개정고시안을 행정예고하고 7월 13일까지 의견수렴을 진행한다고 밝혔다. 이번 개정안은 지난 3월 건강보험정책심의위원회에서 의결된 약가제도 개선방안의 후속 조치다.제네릭 산정률 45%로 …기준요건 미충족 품목은 80% 적용개정안에 따르면 제네릭 기본 산정률은 기존 53.55%에서 45%로 낮아진.","보건복지부가 제네릭 약가 산정률을 45%로 낮추고 다등재 품목 관리, 양도·양수 약가 산정, 퇴장방지의약품 지원 기준 등을 개편하는 약가제도 개선안을 행정예고했다. 시행은 8월 1일 예정이다. 복지부는 14일 '약제의 결정 및 조정 기준' 일부개정고시안을 행정예고하고 7월 13일까지 의견수렴을 진행한다고 밝혔다. 이번 개정안은 지난 3월 건강보험정책심의위원회에서 의결된 약가제도 개선방안의 후속 조치다.제네릭 산정률 45%로 …기준요건 미충족 품목은 80% 적용개정안에 따르면 제네릭 기본 산정률은 기존 53.55%에서 45%로 낮아진",local,10,제네릭,,,0.6268350341753512,,1.0,0.6268350341753512,7.232707143536475,7.0,7.387845239227459,False
2026-05-14,Client,2026-05-14 11:12:00,Naver News,https://lawtalknews.co.kr/article/SEPHZCQ9X20G,"""공부 잘하는 약은 없다"" 식약처장이 경고한 강남 ADHD 약·위고비 열풍의 실체 - 로톡뉴스",알약 하나면 성적이 오른다는 이른바 '기적의 약'은 우리 아이들의 뇌를 망칠 수 있는 '의료용 마약'에 불과했다.,알약 하나면 성적이 오른다는 이른바 '기적의 약'은 우리 아이들의 뇌를 망칠 수 있는 '의료용 마약'에 불과했다.,local,10,마운자로,,,0.626761080966083,,1.0,0.626761080966083,7.2323965400575485,7.0,7.38732756676258,False
2026-05-14,BD,2026-05-13 06:00:00,Naver News,https://www.pharmnews.com/news/articleView.html?idxno=303446,"'K-제약' 자존심 동아제약, 일반약 영토 확장의 끝은 어디인가 - 팜뉴스",국내 제약업계의 역사와 궤를 같이해 온 동아제약이 최근 일반의약품(OTC) 시장에서 빠른 속도로 영토를 확장하고 있다. 지난 수십 년간 국민의 피로를 책임져 온.,국내 제약업계의 역사와 궤를 같이해 온 동아제약이 최근 일반의약품(OTC) 시장에서 빠른 속도로 영토를 확장하고 있다. 지난 수십 년간 국민의 피로를 책임져 온,local,10,오펠라,,,0.6267344489411216,,1.0,0.6267344489411216,7.23228468555271,7.0,7.387141142587851,False
2026-05-14,BD,2026-05-14 12:08:00,Naver News,https://new.dailypharm.com/user/news/338450?REFERER=NP,[데일리팜]전문약 할인에 거짓 약가정보 전달…도넘는 CSO 변칙영업,"의약품 판촉영업대행(CSO) 업체가 약국을 상대로 의약품 할인에 거짓 약가 정보를 제공하는 도넘는 변칙영업을 펼치고 있는 것으로 나타났다. 불법 리베이트를 암시하고 있는 데다, 실제 약가와 동떨어진 정보까지 제공하며 무차별적 영업을 하고 있는 만큼 약국들의 주의가 요구된다. CSO를 담당하고 있는 A업체가 약국을 대상으로 무차별 영업에 나서고 있는 실태를 데일리팜이 입수해….","의약품 판촉영업대행(CSO) 업체가 약국을 상대로 의약품 할인에 거짓 약가 정보를 제공하는 도넘는 변칙영업을 펼치고 있는 것으로 나타났다. 불법 리베이트를 암시하고 있는 데다, 실제 약가와 동떨어진 정보까지 제공하며 무차별적 영업을 하고 있는 만큼 약국들의 주의가 요구된다. CSO를 담당하고 있는 A업체가 약국을 대상으로 무차별 영업에 나서고 있는 실태를 데일리팜이 입수해…",local,10,CSO,,,0.6265908527515434,,1.0,0.6265908527515434,7.231681581556483,7.0,7.3861359692608035,False
2026-05-14,BD,2026-05-11 19:47:00,Naver News,https://www.segye.com/newsView/20260511514663?OutUrl=naver,직원 1명?… ‘의약품 판촉업’ 난립,정부가 제약사의 영업을 대행하며 급격하게 성장한 의약품 판촉영업자(CSO) 시장에 대해 실태조사·관리 강화에 나선다. 1만5000여개에 달하는 이들 업체가 높은 수수료를 받으면서 제약산업에 부정적 영향을 줄 수 있다는 우려에 따른 후속 조치다. 11일 국회 보건복지위원회 소속 조국혁신당 김선민 의원실에 따르면 복지부는 한국제약바이오협회와 판촉영업자 관리·감독 강화를 위한 입법과 관련 연구용역을 추진 중이다.,정부가 제약사의 영업을 대행하며 급격하게 성장한 의약품 판촉영업자(CSO) 시장에 대해 실태조사·관리 강화에 나선다. 1만5000여개에 달하는 이들 업체가 높은 수수료를 받으면서 제약산업에 부정적 영향을 줄 수 있다는 우려에 따른 후속 조치다. 11일 국회 보건복지위원회 소속 조국혁신당 김선민 의원실에 따르면 복지부는 한국제약바이오협회와 판촉영업자 관리·감독 강화를 위한 입법과 관련 연구용역을 추진 중이다.,local,10,판촉영업자,,,0.626374689207502,,1.0,0.626374689207502,7.230773694671509,7.0,7.384622824452514,False
2026-05-14,Client,2026-05-14 13:30:00,Naver News,https://www.news1.kr/bio/pharmaceutical-bio/6166633,"페니트리움바이오, 캡슐서 표준 정제 제형으로 변경 승인 신청","Access Denied You don't have permission to access ""http://www.news1.kr/bio/pharmaceutical-bio/6166633"" on this server. Reference #18.4707d417.1778796672.558e6347 https://errors.edgesuite.net/18.4707d417.1778796672.558e6347.","Access Denied
You don't have permission to access ""http://www.news1.kr/bio/pharmaceutical-bio/6166633"" on this server.
Reference #18.4707d417.1778796672.558e6347
https://errors.edgesuite.net/18.4707d417.1778796672.558e6347",local,10,암젠,,,0.6183332562853476,,1.0,0.6183332562853476,7.196999676398459,7.0,7.328332793997433,False
2026-05-14,BD,2026-05-14 17:06:00,Naver News,https://www.ajunews.com/view/20260514091414943,"[2026 글로벌헬스케어포럼] 안영진 식약처 바이오생약국장 ""빠르고 안전한 허가·심사 시스템 구축"" | 아주경제","안영진 식품의약품안전처 바이오생약국장이 ""인공지능(AI)를 활용한 혁신 신약 개발 시대에 맞춰세계에서 가장 빠르면서도 안전성을 확보한 허가·...","안영진 식품의약품안전처 바이오생약국장이 ""인공지능(AI)를 활용한 혁신 신약 개발 시대에 맞춰세계에서 가장 빠르면서도 안전성을 확보한 허가·...",local,10,백신,,,0.6167750560937975,,1.0,0.6167750560937975,7.19045523559395,7.0,7.317425392656582,False
2026-05-14,Client,2026-05-14 18:21:00,Naver News,http://www.fnnews.com/news/202605141818452176,위고비 제조사도 감원하는 판에… 발목 잡는 삼성바이오 노조,글로벌 제약바이오 업계가 전례 없는 구조조정에 돌입한 가운데 삼성바이오로직스 노동조합은 처우 개선을 요구하며 파업 기조를 이어가고 있어 우려가 커지고 있다.주요 고객사인 글로벌 빅파마들이 생존을 위해 대규모 감원과 비용 절감에 나서는 상황에서 삼성바이오….,글로벌 제약바이오 업계가 전례 없는 구조조정에 돌입한 가운데 삼성바이오로직스 노동조합은 처우 개선을 요구하며 파업 기조를 이어가고 있어 우려가 커지고 있다.주요 고객사인 글로벌 빅파마들이 생존을 위해 대규모 감원과 비용 절감에 나서는 상황에서 삼성바이오…,local,10,화이자,,,0.6155791872344578,,1.0,0.6155791872344578,7.185432586384723,7.0,7.309054310641204,False
2026-05-14,Client,2026-05-13 17:12:00,Naver News,https://platum.kr/archives/286801,[BLT칼럼] 물질에서 치료 용도로 - Teva 판결이 다시 보여준 바이오 특허의 글로벌 설계법 - 플래텀,"최근 글로벌 바이오 업계에서는 2023년 미국 연방대법원의 암젠(Amgen) 판결 이후, 기능적으로 넓게 정의된 항체 청구항(ex. 특정 에피토프에 결합하고 기능을 수행하는 항체 군을 포괄하는 청구항)에 대한 경계심이 크게 높아졌다. 미국 특허상표청(USPTO) 역시 2024년.","최근 글로벌 바이오 업계에서는 2023년 미국 연방대법원의 암젠(Amgen) 판결 이후, 기능적으로 넓게 정의된 항체 청구항(ex. 특정 에피토프에 결합하고 기능을 수행하는 항체 군을 포괄하는 청구항)에 대한 경계심이 크게 높아졌다. 미국 특허상표청(USPTO) 역시 2024년",local,10,암젠,,,0.6150100452389878,,1.0,0.6150100452389878,7.183042190003748,7.0,7.305070316672914,False
2026-05-14,BD,2026-05-11 14:42:00,Naver News,https://www.biotimes.co.kr/news/articleView.html?idxno=31633,"엔지켐생명과학, 케이메디허브·아주대와 PROTAC 기술 라이선스 인 협약 - 바이오타임즈",엔지켐생명과학이 대구경북첨단의료산업진흥재단(이하 K-MEDI hub) 및 아주대학교와 손잡고 차세대 혁신 신약 개발에 본격 착수한다.엔지켐생명과학.,[바이오타임즈] 엔지켐생명과학이 대구경북첨단의료산업진흥재단(이하 K-MEDI hub) 및 아주대학교와 손잡고 차세대 혁신 신약 개발에 본격 착수한다.엔지켐생명과학,local,10,다이이찌산쿄,,,0.6149742498319706,,1.0,0.6149742498319706,7.1828918492942755,7.0,7.304819748823793,False
2026-05-14,BD,2026-05-14 17:06:00,Naver News,https://www.gosiweek.com/article/1065591063385372,‘킨텍스 코베 베이비페어&유아교육전’ 개막… 육아 브랜드·체험 프로그램 운영,국내 육아박람회 ‘킨텍스 코베 베이비페어&유아교육전’이 14일 일산 킨텍스 제2전시장에서 개막했다.메쎄이상이 주최하고 허유재병원이 공식 제휴병원으로 참여하는 이번 행사는 오는 17일까지 나흘간 진행된다. 개막 첫날부터 예비 부모와 육아 가정 방문객들이 행사장을  ...,국내 육아박람회 ‘킨텍스 코베 베이비페어&유아교육전’이 14일 일산 킨텍스 제2전시장에서 개막했다.메쎄이상이 주최하고 허유재병원이 공식 제휴병원으로 참여하는 이번 행사는 오는 17일까지 나흘간 진행된다. 개막 첫날부터 예비 부모와 육아 가정 방문객들이 행사장을  ...,local,10,제휴,,,0.6147559354776703,,1.0,0.6147559354776703,7.1819749290062145,7.0,7.303291548343691,False
2026-05-14,Client,2026-05-15 06:00:00,Naver News,https://www.pharmnews.com/news/articleView.html?idxno=303520,타그리소·렉라자 다음은? 4세대 EGFR 신약 개발 '가속' - 팜뉴스,EGFR 변이 비소세포폐암 치료 시장에서 3세대 TKI 표적치료제 내성 공백을 겨냥한 신약 개발에 속도가 붙고 있다.,[팜뉴스=김민건 기자] EGFR 변이 비소세포폐암 치료 시장에서 3세대 TKI 표적치료제 내성 공백을 겨냥한 신약 개발에 속도가 붙고 있다. 타그리소(오시머티닙),local,10,아스트라제네카,,,0.6146712305086246,,1.0,0.6146712305086246,7.181619168136223,7.0,7.302698613560372,False
2026-05-14,Client,2026-05-12 10:44:00,Naver News,http://www.edaily.co.kr/news/newspath.asp?newsid=04260726645448264,체급 높아진 韓바이오…아일랜드서 ‘유럽 공급망 허브’ 러브콜,"""코로나19 때 많은 글로벌 제약사가 깨달았다. 한 국가 생산기지만으로는 환자에게 약을 안정적으로 공급할 수 없다는 점이다.""아일랜드가 한국 제약바이오 기업을 향해 강한 러브콜을 보내고 있다. 단순한 유럽 시장 '관문'이 아니라, 공급망 리스크를 분산할 수 있는 '백...","""코로나19 때 많은 글로벌 제약사가 깨달았다. 한 국가 생산기지만으로는 환자에게 약을 안정적으로 공급할 수 없다는 점이다.""아일랜드가 한국 제약바이오 기업을 향해 강한 러브콜을 보내고 있다. 단순한 유럽 시장 '관문'이 아니라, 공급망 리스크를 분산할 수 있는 '백...",local,10,아스텔라스,,,0.6145914321138143,,1.0,0.6145914321138143,7.18128401487802,7.0,7.302140024796699,False
2026-05-14,Client,2026-05-12 08:16:00,Naver News,https://mdtoday.co.kr/news/view/1065597042426136,"다이이찌산쿄, ADC 전략 수정 여파로 1조4000억원대 손실 전망","일본 제약기업 다이이찌산쿄가 2025 회계연도에 약 1494억엔의 특별손실이 발생할 것으로 예상된다고 밝혔다. 이는 원화 기준 약 1조4000억원 수준으로 이 가운데 950억엔, 약 8900억원은 ADC 공급 전략 조정과 관련된 비용이 ...","[mdtoday = 박성하 기자] 일본 제약기업 다이이찌산쿄가 2025 회계연도에 약 1494억엔의 특별손실이 발생할 것으로 예상된다고 밝혔다. 이는 원화 기준 약 1조4000억원 수준으로 이 가운데 950억엔, 약 8900억원은 ADC 공급 전략 조정과 관련된 비용이 ...",local,10,다이이찌산쿄,,,0.6143289016028586,,1.0,0.6143289016028586,7.180181386732006,7.0,7.30030231122001,False
2026-05-14,BD,2026-05-14 17:48:00,Naver News,https://www.biotimes.co.kr/news/articleView.html?idxno=31748,"국민성장펀드, 첫 바이오 투자 선택…왜 ‘비티젠’인가? - 바이오타임즈",정부가 미래 산업 육성을 위해 꺼내든 ‘국민성장펀드’가 바이오 분야 첫 투자 대상으로 비티젠(구 에스티젠바이오)을 선택하면서 시장의 관심이 쏠리고.,[바이오타임즈] 정부가 미래 산업 육성을 위해 꺼내든 ‘국민성장펀드’가 바이오 분야 첫 투자 대상으로 비티젠(구 에스티젠바이오)을 선택하면서 시장의 관심이 쏠리고,local,10,백신,,,0.6143101914874786,,1.0,0.6143101914874786,7.18010280424741,7.0,7.30017134041235,False
2026-05-14,BD,2026-05-14 13:58:00,Naver News,https://www.donga.com/news/Health/article/all/20260514/133922576/1,"GC녹십자, 독일 머크와 바이오의약품 생산 협력 업무협약… 공정 효율화·공급 안정성↑",GC녹십자는 독일 머크(Merck) 라이프사이언스와 바이오의약품 개발 및 GMP 생산 공정 협력을 위한 전략적 업무협약(MOU)을 체결했다고 14일 밝혔다. 서울 강남구 한국머크 본사에서 열린 협약식에는 신웅 GC녹십자 운영총괄부문장과 김영임 머크 라이프사이언스 프로….,GC녹십자는 독일 머크(Merck) 라이프사이언스와 바이오의약품 개발 및 GMP 생산 공정 협력을 위한 전략적 업무협약(MOU)을 체결했다고 14일 밝혔다. 서울 강남구 한국머크 본사에서 열린 협약식에는 신웅 GC녹십자 운영총괄부문장과 김영임 머크 라이프사이언스 프로…,local,10,MSD,,,0.6142008815041441,,1.0,0.6142008815041441,7.179643702317405,7.0,7.299406170529008,False
2026-05-14,Client,2026-05-13 16:01:00,Naver News,https://www.etnews.com/20260513000176,[데이터뉴스]올해 글로벌 바이오제약 매출 판도 재편…대사질환 1위 부상 속 특허·규제 변수 대두,"올해 글로벌 바이오제약 시장은 대사질환 치료제를 중심으로 메가 블록버스터 제품의 매출 구조가 재편될 전망이다. 글로벌 시장조사기관 이밸류에이트 파마는 최근 발표한 보고서를 통해 일라이릴리의 티르제파티드 기반 비만·당뇨 치료제인 마운자로와 젭바운드가 올해 글로벌 처방 매출 1위에 오를 것이라고 13일 밝혔다. 이는 기존 대사질환 시장을 선도해 온 노보노디스크 세마글루타이드 계열(오젬픽, 위고비)을 추월하는 수치다.","올해 글로벌 바이오제약 시장은 대사질환 치료제를 중심으로 메가 블록버스터 제품의 매출 구조가 재편될 전망이다. 글로벌 시장조사기관 이밸류에이트 파마는 최근 발표한 보고서를 통해 일라이릴리의 티르제파티드 기반 비만·당뇨 치료제인 마운자로와 젭바운드가 올해 글로벌 처방 매출 1위에 오를 것이라고 13일 밝혔다. 이는 기존 대사질환 시장을 선도해 온 노보노디스크 세마글루타이드 계열(오젬픽, 위고비)을 추월하는 수치다. 기존 블록버스터 제품들도 상위권",local,10,BMS,,,0.6136198615709157,,1.0,0.6136198615709157,7.177203418597847,7.0,7.29533903099641,False
2026-05-14,Client,2026-05-14 08:36:00,Naver News,http://datanews.co.kr/news/article.html?no=144702,"한미약품, 비만신약 출시 기대감 커진다","한미약품이 올해 1분기 외형 성장은 유지했지만, 지난해 일회성 매출 기저효과 영향으로 수익성이 둔화됐다. 다만 중국 현지법인 북경한미가 실적 방어 역할을 했고, 연내 비만 신약 출시 기대감도 커지고 있다.14일 데이터뉴스가 한미약품의 실적 발표 자료를 분석한 ..","한미약품이 올해 1분기 외형 성장은 유지했지만, 지난해 일회성 매출 기저효과 영향으로 수익성이 둔화됐다. 다만 중국 현지법인 북경한미가 실적 방어 역할을 했고, 연내 비만 신약 출시 기대감도 커지고 있다.14일 데이터뉴스가 한미약품의 실적 발표 자료를 분석한 ..",local,10,MSD,,,0.6134816896742331,,1.0,0.6134816896742331,7.176623096631779,7.0,7.294371827719631,False
2026-05-14,Client,2026-05-14 17:38:00,Naver News,https://www.getnews.co.kr/news/articleView.html?idxno=870173,"[제약소식]유한양행, '레이저티닙’ 유럽 상업화 마일스톤 3천만 달러 수령 外 GC녹십자·에스티팜",유한양행은 얀센 바이오테크에 기술 수출한 비소세포폐암 치료제 '레이저티닙(국내명: 렉라자)'의 유럽 상업화에 따른 마일스톤 3천만 달러를 수령한다고 14일 밝혔다.,유한양행은 얀센 바이오테크에 기술 수출한 비소세포폐암 치료제 '레이저티닙(국내명: 렉라자)'의 유럽 상업화에 따른 마일스톤 3천만 달러를 수령한다고 14일 밝혔다,local,10,머크,,,0.6134467281700368,,1.0,0.6134467281700368,7.176476258314155,7.0,7.294127097190257,False
2026-05-14,Client,2026-05-14 18:16:00,Naver News,http://www.segyebiz.com/newsView/20260514518118?OutUrl=naver,유럽서 태극기 휘날리는 ‘렉라자’… 유한양행 “마일스톤 450억 수령”,유한양행이 자랑하는 ‘K-항암제’ 렉라자가 유럽에서 상용화 되면서 약 450억원에 달하는 마일스톤을 수령했다. 14일 유한양행은 얀센 바이오테크에 기술 수출한 비소세포폐암 치료제 ‘레이저티닙(국내명 렉라자)’의 상용화로 마일스톤 3000만 달러(약 448억원)를 받는다고 밝혔...,유한양행이 자랑하는 ‘K-항암제’ 렉라자가 유럽에서 상용화 되면서 약 450억원에 달하는 마일스톤을 수령했다. 14일 유한양행은 얀센 바이오테크에 기술 수출한 비소세포폐암 치료제 ‘레이저티닙(국내명 렉라자)’의 상용화로 마일스톤 3000만 달러(약 448억원)를 받는다고 밝혔...,local,10,얀센,,,0.6134467281700368,,1.0,0.6134467281700368,7.176476258314155,7.0,7.294127097190257,False
2026-05-14,BD,2026-05-13 13:46:00,Naver News,https://www.yakup.com/news/index.html?mode=view&cat=16&nid=327161,"[약업신문]BMS, 중국 제약기업과 혁신 의약품 전략적 제휴",브리스톨 마이어스 스퀴브社(BMS)와 중국 제약기업 장쑤항서의약社(Jiangsu Hengrui Pharmaceuticals‧江蘇恒瑞醫葯)이 글로벌 전략적 제휴 및 라이센스 합의를 도출했다고 12일 공표했다.양사는 초기단계의 개발...,브리스톨 마이어스 스퀴브社(BMS)와 중국 제약기업 장쑤항서의약社(Jiangsu Hengrui Pharmaceuticals‧江蘇恒瑞醫葯)이 글로벌 전략적 제휴 및 라이센스 합의를 도출했다고 12일 공표했다.양사는 초기단계의 개발...,local,10,BMS,,,0.6132912395520289,,1.0,0.6132912395520289,7.175823206118521,7.0,7.293038676864202,False
2026-05-14,BD,2026-05-14 18:24:00,Naver News,https://www.asiatoday.co.kr/kn/view.php?key=20260515010004052,SK 형제기업 ‘바이오 2.0’ 서막… 재무체력 키워 성장궤도,SK그룹 바이오 사업이 결실을 맺고 있다. 최태원 SK그룹 회장이 이끄는 SK바이오팜과 최창원 부회장 산하 SK디스커버리 계열의 SK바이오사이언스가 각자의 방식으로 성장 궤도에 올라서면서다. SK바이오팜은 뇌전증 신약 ‘엑스코프리(성분명 세노바메이트)’ 성공에 힘입어..,SK그룹 바이오 사업이 결실을 맺고 있다. 최태원 SK그룹 회장이 이끄는 SK바이오팜과 최창원 부회장 산하 SK디스커버리 계열의 SK바이오사이언스가 각자의 방식으로 성장 궤도에 올라서면서다. SK바이오팜은 뇌전증 신약 ‘엑스코프리(성분명 세노바메이트)’ 성공에 힘입어..,local,10,사노피,,,0.613278317921224,,1.0,0.613278317921224,7.17576893526914,7.0,7.292948225448567,False
2026-05-14,BD,2026-05-15 06:02:00,Naver News,https://www.apsk.co.kr/news/articleView.html?idxno=539362,FDA 수장 공백에 약가 압박까지…美 시장 노리는 국내 기업 '불확실성' 확대 - 메디팜스투데이,미국 식품의약국(FDA)의 리더십 공백이 글로벌 제약·바이오 업계의 새로운 변수로 떠올랐다. 마티 매커리(Marty Makary) FDA 국장이 사임하면서 신약.,미국 식품의약국(FDA)의 리더십 공백이 글로벌 제약·바이오 업계의 새로운 변수로 떠올랐다. 마티 매커리(Marty Makary) FDA 국장이 사임하면서 신약,local,10,백신,,,0.611765058773516,,1.0,0.611765058773516,7.169413246848768,7.0,7.282355411414612,False
2026-05-14,BD,2026-05-15 00:01:00,Naver News,https://www.joongang.co.kr/article/25428488,공포의 ‘당뇨발’ 자가진단 패치…KAIST가 내놨다,소리 없이 찾아오는 시한폭탄이라 불리는 당뇨 합병증 ‘당뇨발’(당뇨성 궤양) 증상을 환자들이... 박인규 석좌교수는 “매일 바늘로 손가락을 찔러야 하는 당뇨 환자의 고통을 덜어주기 위해 시작한 연구가 합병증의... ,소리 없이 찾아오는 시한폭탄이라 불리는 당뇨 합병증 ‘당뇨발’(당뇨성 궤양) 증상을 환자들이... 박인규 석좌교수는 “매일 바늘로 손가락을 찔러야 하는 당뇨 환자의 고통을 덜어주기 위해 시작한 연구가 합병증의... ,local,10,합병,,,0.6107270077548523,,1.0,0.6107270077548523,7.16505343257038,7.0,7.275089054283966,False
2026-05-14,Client,2026-05-13 11:06:00,Naver News,https://www.koreahealthlog.com/news/articleView.html?idxno=57156,"""특발성폐섬유증, 심각성에 비해 사회적 관심·정책 지원 여전히 부족""","""특발성 폐섬유증의 심각성에 비해 사회적 관심과 정책 지원은 여전히 부족하다. 환자들이 필요한 치료를 제때 받을 수 있도록 현실적인 지원 방안이 마련돼야 한다.""특발성폐섬유증 환자인 김신용 씨는 지난 8일 한국베링거인겔하임이 연 '폐섬유증 환자와 함께 논의하는 희귀질환 치료 환경 개선 좌담회'에서 이같이 말했다. 김신용 씨는 특발성 폐섬유증이 단순한 호흡기 질환을 넘어 호흡곤란, 활동 제한, 정서적 위축 등으로 환자의 일상 전반에 영향을 미치는 질환이라며 병의 진행을 늦출 수 있는 항섬유화제 '오페브' 등의 치료 옵션이 존재함에도.","""특발성 폐섬유증의 심각성에 비해 사회적 관심과 정책 지원은 여전히 부족하다. 환자들이 필요한 치료를 제때 받을 수 있도록 현실적인 지원 방안이 마련돼야 한다.""특발성폐섬유증 환자인 김신용 씨는 지난 8일 한국베링거인겔하임이 연 '폐섬유증 환자와 함께 논의하는 희귀질환 치료 환경 개선 좌담회'에서 이같이 말했다. 김신용 씨는 특발성 폐섬유증이 단순한 호흡기 질환을 넘어 호흡곤란, 활동 제한, 정서적 위축 등으로 환자의 일상 전반에 영향을 미치는 질환이라며 병의 진행을 늦출 수 있는 항섬유화제 '오페브' 등의 치료 옵션이 존재함에도",local,10,베링거인겔하임,,,0.6099123790077545,,1.0,0.6099123790077545,7.16163199183257,7.0,7.269386653054282,False
2026-05-14,Client,2026-05-14 19:17:00,Naver News,https://www.sportsseoul.com/news/read/1609319?ref=naver,"‘편식치료사’ 권성준, 엔믹스 설윤·릴리에 도전…“둘 다 편식 대마왕인데”","나폴리 맛피아(본명 권성준)가 자신이 출연 중인 ‘편식당’ 시즌 1 종료를 알렸다. 14일 권성준은 SNS를 통해 ‘편식당’ 시즌 1의 마지막 게스트인 그룹 엔믹스 멤버 릴리, 설윤과 함께 찍은 사진을 게재했다. 게시물에는 “편식당 시즌 1 끝”이라는.","[스포츠서울 | 윤동언 기자] 나폴리 맛피아(본명 권성준)가 자신이 출연 중인 ‘편식당’ 시즌 1 종료를 알렸다. 14일 권성준은 SNS를 통해 ‘편식당’ 시즌 1의 마지막 게스트인 그룹 엔믹스 멤버 릴리, 설윤과 함께 찍은 사진을 게재했다. 게시물에는 “편식당 시즌 1 끝”이라는",local,10,릴리,,,0.609859384732866,,1.0,0.609859384732866,7.161409415878037,7.0,7.269015693130062,False
2026-05-14,Client,2026-05-13 10:00:00,Naver News,http://www.bokuennews.com/news/article.html?no=278053,"한국베링거인겔하임, 폐섬유증 환자 좌담회 개최",한국베링거인겔하임은 지난 8일 주요 환자단체와 희귀질환 치료 환경 개선 좌담회를 진행했다. 한국베링거인겔하임이 지난 8일 폐섬유증 환자와 환자단체가 참여하는 좌담회를 열고 희귀질환..,"한국베링거인겔하임은 지난&nbsp;8일 주요 환자단체와 희귀질환 치료 환경 개선 좌담회를 진행했다.



한국베링거인겔하임이 지난 8일&nbsp;폐섬유증 환자와 환자단체가 참여하는 좌담회를 열고 희귀질환..",local,10,베링거인겔하임,,,0.6095686007146676,,1.0,0.6095686007146676,7.160188123001603,7.0,7.266980205002673,False
2026-05-14,Client,2026-05-14 17:08:00,Naver News,http://www.weeklytoday.com/news/articleView.html?idxno=775528,"[위클리오늘] 산업일반 소식_ GC녹십자, 한미사이언스(5.14)","GC녹십자, 머크와 바이오의약품 생산 협력 강화…MOU 체결GC녹십자는 글로벌 과학기술 기업 머크 라이프사이언스와 바이오의약품 개발 및 GMP 생산 공정 협력을 위한 전략적 업무협약을 체결했다고 14일 밝혔다. 이번 협약은 주요 바이오의약품 생산에 필요한 원부자재 공급 체계를 강화하고 제조 경쟁력을 높이기 위해 마련됐다.양사는 서울 강남구 한국머크 본사에서 협약식을 열고 제조 공정 효율화와 공급 안정성 확보를 위한 협력 방안을 논의했다. GC녹십자는 바이오의약품 생산 과정에서 필요한 원료 수급과 기술 협력을.","[위클리오늘=전재은 기자]GC녹십자, 머크와 바이오의약품 생산 협력 강화…MOU 체결GC녹십자는 글로벌 과학기술 기업 머크 라이프사이언스와 바이오의약품 개발 및 GMP 생산 공정 협력을 위한 전략적 업무협약을 체결했다고 14일 밝혔다. 이번 협약은 주요 바이오의약품 생산에 필요한 원부자재 공급 체계를 강화하고 제조 경쟁력을 높이기 위해 마련됐다.양사는 서울 강남구 한국머크 본사에서 협약식을 열고 제조 공정 효율화와 공급 안정성 확보를 위한 협력 방안을 논의했다. GC녹십자는 바이오의약품 생산 과정에서 필요한 원료 수급과 기술 협력을",local,10,머크,,,0.6090546079937807,,1.0,0.6090546079937807,7.158029353573879,7.0,7.263382255956465,False
2026-05-14,Client,2026-05-15 04:01:00,Naver News,http://www.fnnews.com/news/202605141816398296,"""호르몬은 우리 몸을 읽는 언어…하루 15분만 햇볕 쬐어도 균형생겨"" [Weekend 헬스]","국내 당뇨·호르몬 치료 분야의 권위자 안철우 교수는 평생 내분비내과 의사로서 호르몬을 연구해온 경험을 토대로 의학의 패러다임이 '장기 중심'에서 '호르몬 네트워크 중심'으로 전환되고 있다고 강조했다.그리고 그 신호의 중심에는 호르몬이 있다.안 교수는 ""내 몸….","국내 당뇨·호르몬 치료 분야의 권위자 안철우 교수는 평생 내분비내과 의사로서 호르몬을 연구해온 경험을 토대로 의학의 패러다임이 '장기 중심'에서 '호르몬 네트워크 중심'으로 전환되고 있다고 강조했다.그리고 그 신호의 중심에는 호르몬이 있다.안 교수는 ""내 몸…",local,10,위고비,,,0.608747239745321,,1.0,0.608747239745321,7.156738406930348,7.0,7.261230678217246,False
2026-05-14,BD,2026-05-14 10:02:00,Naver News,https://www.medipana.com/news/articleView.html?idxno=411319,코야 ALS 치료물질 FDA 신속심사 지정 - 메디파나뉴스,미국 코야 테라퓨틱스(Coya Therapeutics)의 근위축성측삭경화증(ALS) 치료용 병용요법제 'COYA 302'가 미국.,[메디파나 뉴스 = 이정희 기자] 미국 코야 테라퓨틱스(Coya Therapeutics)의 근위축성측삭경화증(ALS) 치료용 병용요법제 'COYA 302'가 미국,local,10,생물학적제제,,,0.6085596706519535,,1.0,0.6085596706519535,7.155950616738204,7.0,7.259917694563674,False
2026-05-14,Client,2026-05-15 06:02:00,Naver News,https://www.yakup.com/news/index.html?mode=view&cat=12&nid=327244,[약업신문]‘살 빼는 약’ 넘어 ‘만성질환 플랫폼’으로…위고비 새 데이터 대거 공개,노보 노디스크가 유럽비만학회(ECO 2026)에서 고용량 및 경구형 위고비(세마글루티드) 관련 신규 데이터를 대거 공개하며 글로벌 비만 치료 시장 주도권 강화에 나섰다. 단순 체중 감량 효과를 넘어 근육 기능 보...,노보 노디스크가 유럽비만학회(ECO 2026)에서 고용량 및 경구형 위고비(세마글루티드) 관련 신규 데이터를 대거 공개하며 글로벌 비만 치료 시장 주도권 강화에 나섰다. 단순 체중 감량 효과를 넘어 근육 기능 보...,local,10,제형,,,0.608537398510642,,1.0,0.608537398510642,7.155857073744697,7.0,7.259761789574494,False
2026-05-14,Client,2026-05-15 06:04:00,Naver News,http://www.newsmp.com/news/articleView.html?idxno=253311,"노바티스 렉비오, 급성관상동맥증후군 환자 조기 조절 효과 보고","노바티스의 siRNA 계열 장기지속형 이상지질혈증 치료제 렉비오(성분명 인클리시란)이 급성관상동맥증후군(ACS) 환자에서 퇴원 직후 LDL-C 조절에 상당한 이점을 보였다.14일, 미국심장협회학술지 JAHA(Jounal of the American Heart Association)에는 급성관상동맥증후군으로 입원했던 환자 중 퇴원 후 5주 이내인 환자로 일상적인 치료에도 불구하고 LDL-C가 70mg/dL 이상이거나 non-HLD-C가 100mg/dL 이상인 400명의 환자를 대상으로 일상적인 요법과 렉비오 병용요법을 비.","[의약뉴스] 노바티스의 siRNA 계열 장기지속형 이상지질혈증 치료제 렉비오(성분명 인클리시란)이 급성관상동맥증후군(ACS) 환자에서 퇴원 직후 LDL-C 조절에 상당한 이점을 보였다.14일, 미국심장협회학술지 JAHA(Jounal of the American Heart Association)에는 급성관상동맥증후군으로 입원했던 환자 중 퇴원 후 5주 이내인 환자로 일상적인 치료에도 불구하고 LDL-C가 70mg/dL 이상이거나 non-HLD-C가 100mg/dL 이상인 400명의 환자를 대상으로 일상적인 요법과 렉비오 병용요법을 비",local,10,노바티스,,,0.6084559701182848,,1.0,0.6084559701182848,7.155515074496796,7.0,7.259191790827993,False
2026-05-14,Client,2026-05-12 07:02:00,Naver News,https://www.thebell.co.kr/free/content/ArticleView.asp?key=202605102349579920106562,"[더벨]레메디, 삼수 끝 예심 통과…흑자전환, 거버넌스 정비 주목","◇공공 조달 기반 반복 수주 구축…AI 패키지로 플랫폼 전환 가속 현재 레메디는 동국제약, 바이엘코리아 등을 거친 글로벌 영업 전문가 조봉호 대표를 중심으로 사업 확장에 속도를 내고 있다. 핵심 사업 축은 공공... ","◇공공 조달 기반 반복 수주 구축…AI 패키지로 플랫폼 전환 가속 현재 레메디는 동국제약, 바이엘코리아 등을 거친 글로벌 영업 전문가 조봉호 대표를 중심으로 사업 확장에 속도를 내고 있다. 핵심 사업 축은 공공... ",local,10,바이엘,,,0.6083082859847944,,1.0,0.6083082859847944,7.154894801136136,7.0,7.25815800189356,False
2026-05-14,Product Approval,2026-05-14 21:48:00,Naver News,http://www.newslock.co.kr/news/articleView.html?idxno=130115,"셀트리온, 유럽서 전 제품군 처방 성장세... '램시마 70%' 점유","셀트리온이 유럽 주요 제약 시장에서 전체 제품군의 처방 성장세를 기반으로 현지 영향력을 확대하고 있다고 14일 밝혔다.'램시마 제품군'을 중심으로 기존 제품의 안정적인 처방이 이어지는 가운데, 신규 출시된 고수익 제품들도 시장에 안착하며 실적 성장 기대감을 높이고 있다.의약품 시장조사기관인 아이큐비아에 따르면 셀트리온의 대표 자가면역질환 치료제 램시마 제품군은 지난해 4분기 기준 유럽에서 70%의 합산 점유율을 기록했다.유럽 주요 5개국에서도 성과가 이어졌다. 영국 83%, 프랑스 82%, 이탈리아 80%의 점유율을 기록.","[뉴스락] 셀트리온이 유럽 주요 제약 시장에서 전체 제품군의 처방 성장세를 기반으로 현지 영향력을 확대하고 있다고 14일 밝혔다.'램시마 제품군'을 중심으로 기존 제품의 안정적인 처방이 이어지는 가운데, 신규 출시된 고수익 제품들도 시장에 안착하며 실적 성장 기대감을 높이고 있다.의약품 시장조사기관인 아이큐비아에 따르면 셀트리온의 대표 자가면역질환 치료제 램시마 제품군은 지난해 4분기 기준 유럽에서 70%의 합산 점유율을 기록했다.유럽 주요 5개국에서도 성과가 이어졌다. 영국 83%, 프랑스 82%, 이탈리아 80%의 점유율을 기록",local,2,제형,,,0.38571533557988424,,0.2,0.38571533557988424,6.780004409435515,12.0,3.3000073490591895,False
2026-05-14,Product Approval,2026-05-15 06:12:00,Naver News,https://www.hitnews.co.kr/news/articleView.html?idxno=76145,"""발작 공포에 가족 삶 흔들""...드라벳 신약 접근성 개선 촉구","환아뿐만 아니라 가족 전체 및 사회적 부담이 크게 나타나는 소아 드라벳증후군의 원활한 치료를 위해 신약 도입 기간을 단축하고 신속한 급여등재가 이뤄져야 한다는 의견이 공유됐다. 보건당국은 협상 과정에서의 재정 등 평가를 건너뛸 수는 없다는 입장이다.14일 서명옥 보건복지위원회 국회의원이 주최하고 한국뇌전증협회가 주관하는 소아 극희귀 중증난치질환 치료 환경 개선을 위한 정책 토론회가 개최됐다.발제자로 나선 김헌민 분당서울대병원 소아청소년과 교수는 ""생후 6개월 이내 발열 및 경련으로 시작된다. 특히 2분 이내에 그치는 보통 발작과 달.","환아뿐만 아니라 가족 전체 및 사회적 부담이 크게 나타나는 소아 드라벳증후군의 원활한 치료를 위해 신약 도입 기간을 단축하고 신속한 급여등재가 이뤄져야 한다는 의견이 공유됐다. 보건당국은 협상 과정에서의 재정 등 평가를 건너뛸 수는 없다는 입장이다.14일 서명옥 보건복지위원회 국회의원이 주최하고 한국뇌전증협회가 주관하는 소아 극희귀 중증난치질환 치료 환경 개선을 위한 정책 토론회가 개최됐다.발제자로 나선 김헌민 분당서울대병원 소아청소년과 교수는 ""생후 6개월 이내 발열 및 경련으로 시작된다. 특히 2분 이내에 그치는 보통 발작과 달",local,2,허가,,,0.5356673829106589,,0.2,0.5356673829106589,6.609803008224767,10.0,4.349671680374612,False
2026-05-14,Product Approval,2026-05-15 06:12:00,Naver News,https://www.hitnews.co.kr/news/articleView.html?idxno=76150,'너무 늦다' 비판 받는 신약 허가 1차 보완 통보시기 앞당긴다,신약 허가심사 개편안 밑그림이 공개됐다. 병렬 심사를 기반으로 수시검토 시스템을 도입해 기존 약 87일차에 몰리던 1차 보완 통보 시기를 앞당기는 것이 핵심이다. 허가 신청 전 체크리스트 제공과 대면회의(Pre-NDA meeting) 제도를 함께 신설해 업계의 예측 가능성을 높이겠다는 방침이다.식품의약품안전처는 최근 신약·바이오시밀러·신기술의료기기 허가심사 혁신방안이 담긴 지침서 제·개정안을 공개하고 오는 20일까지 업계 의견을 수렴한다고 밝혔다.,"신약 허가심사 개편안 밑그림이 공개됐다. 병렬 심사를 기반으로 수시검토 시스템을 도입해 기존 약 87일차에 몰리던 1차 보완 통보 시기를 앞당기는 것이 핵심이다. 허가 신청 전 체크리스트 제공과 대면회의(Pre-NDA meeting) 제도를 함께 신설해 업계의 예측 가능성을 높이겠다는 방침이다.식품의약품안전처는 최근 신약·바이오시밀러·신기술의료기기 허가심사 혁신방안이 담긴 지침서 제·개정안을 공개하고 오는 20일까지 업계 의견을 수렴한다고 밝혔다. 이번 개편은 단순히 '295일→240일'로 허가기간을 줄이는 수준이 아니라, 허가심사",local,2,허가,,,0.4592128234482064,,0.2,0.4592128234482064,6.288693858482467,10.0,3.8144897641374444,False
2026-05-14,Reimbursement,2026-05-15 07:02:00,Naver News,http://www.whosaeng.com/sub_read.html?uid=170598&section=sc1,≪후생신보≫ “과잉 규제 우려 커진다”… 도수치료 비급여 관리 강화에 의료계 반발,정부와 보험업계가 실손보험 손해율 증가의 주요 원인으로 지목되는 도수치료에 대한 비급여 관리 강화에 나서면서 의료계의 우려가 커.,【후생신보】 정부와 보험업계가 실손보험 손해율 증가의 주요 원인으로 지목되는 도수치료에 대한 비급여 관리 강화에 나서면서 의료계의 우려가 커,local,2,급여,,,0.5480426669150262,,0.2,0.5480426669150262,6.26177920104311,9.0,4.436298668405183,False
2026-05-14,Product Approval,2026-05-14 19:04:00,Naver News,http://www.lawissue.co.kr/view.php?ud=202605141900303962204ead0791_12,"동원F&B, 전용목장 원유 담은 ‘덴마크 우유’ 선보여","동원F&B가 전용목장에서 생산한 1A등급 원유를 사용한 신제품 ‘덴마크 우유’를 출시했다고 14일 밝혔다.신제품은 전국 약 60여 개 전용목장에서 전문 수의사 관리 아래 생산된 원유만 사용한 것이 특징이다.동원F&B는 목장에서 공장까지의 유통 동선을 최적화하고, 자체 품질.","동원F&amp;B가 전용목장에서 생산한 1A등급 원유를 사용한 신제품 ‘덴마크 우유’를 출시했다고 14일 밝혔다.신제품은 전국 약 60여 개 전용목장에서 전문 수의사 관리 아래 생산된 원유만 사용한 것이 특징이다.동원F&amp;B는 목장에서 공장까지의 유통 동선을 최적화하고, 자체 품질",local,2,용량,,,0.42888358639921653,,0.2,0.42888358639921653,6.16131106287671,10.0,3.6021851047945157,False
2026-05-14,Client,2026-05-14 17:30:00,Naver News,https://news.hidoc.co.kr/news/articleView.html?idxno=62332,"먹는 비만치료제 '파운다요', 노인 비만에도 효과 확인... ""근감소 우려는 기우"" - 하이닥","미국 제약사 일라이 릴리의 경구용 비만치료제 '파운다요(Foundayo, 성분명: 오르포글리프론)'가 65세 이상 고령 비만 환자에서도 유의미한 체중 감소 효과를.","미국 제약사 일라이 릴리의 경구용 비만치료제 '파운다요(Foundayo, 성분명: 오르포글리프론)'가 65세 이상 고령 비만 환자에서도 유의미한 체중 감소 효과를",local,10,릴리,,,0.6496328593423785,,1.0,0.6496328593423785,6.128458009237988,4.0,7.547430015396649,False
2026-05-14,Client,2026-05-14 15:13:00,Naver News,https://biz.chosun.com/international/international_general/2026/05/14/6CH4GTBILBAT7C4L6W6N5SRKCI/?utm_source=naver&utm_medium=original&utm_campaign=biz,’20온스 스테이크' 인기는 옛말… 비만약이 뒤흔드는 美 외식업계,비만 치료제 마운자로와 위고비 등 글루카곤 유사 펩타이드(GLP)-1 계열 약물을 사용하는 미국인이 급증하면서 미국 외식업계가 직격탄을 맞고 있다고 월스트리트저널(WSJ)이 13일(현지 시각) 보도했다. 약물 복용 이후... ,비만 치료제 마운자로와 위고비 등 글루카곤 유사 펩타이드(GLP)-1 계열 약물을 사용하는 미국인이 급증하면서 미국 외식업계가 직격탄을 맞고 있다고 월스트리트저널(WSJ)이 13일(현지 시각) 보도했다. 약물 복용 이후... ,local,10,마운자로,,,0.6183214845223178,,1.0,0.6183214845223178,5.996950234993735,4.0,7.3282503916562245,False
2026-05-14,Product Approval,2026-05-15 06:02:00,Naver News,https://www.dailypharm.com/user/news/338508?REFERER=NP,[데일리팜]항히스타민제·코세척제 판매 '쑥'…매출 지각변동,"봄철 꽃가루 알레르기가 기승을 부리면서 비염 환자들이 고초를 겪은 한 달 이었다. 알레르기 영향으로 4월 약국 일반약 시장에서는 항히스타민제와 코세척제, 나잘스프레이, 점안액 같은 품목들이 매출 지각변동을 일으켰다. 어버이날을 앞두고 맥스콘드로이틴1200이 다시 10위권 안에 진입했으며 노출이 많아지는 계절인 만큼 뉴베인 역시 3월 95위에서 4월 78위로 순위를 앞당겼다.","봄철 꽃가루 알레르기가 기승을 부리면서 비염 환자들이 고초를 겪은 한 달 이었다. 알레르기 영향으로 4월 약국 일반약 시장에서는 항히스타민제와 코세척제, 나잘스프레이, 점안액 같은 품목들이 매출 지각변동을 일으켰다. 어버이날을 앞두고 맥스콘드로이틴1200이 다시 10위권 안에 진입했으며 노출이 많아지는 계절인 만큼 뉴베인 역시 3월 95위에서 4월 78위로 순위를 앞당겼다. 또…",local,2,출시,,,0.5801096372249451,,0.2,0.5801096372249451,5.996460476344769,8.0,4.660767460574615,False
2026-05-14,Reimbursement,2026-05-15 06:00:00,Naver News,https://www.bosa.co.kr/news/articleView.html?idxno=3004617,허가·급여 심의 단축 약제 '핀테플라' 두고 '적정 속도' vs '속도 높여라' 공회전 - 의학신문,정부의 허가-평가-협상 연계 2차 대상 약제인 드라벳 증후군 치료제 핀테플라(성분명 펜플루라민)의 건강보험 급여 등재가 예상보다.,[의학신문·일간보사=이재원 기자] 정부의 허가-평가-협상 연계 2차 대상 약제인 드라벳 증후군 치료제 핀테플라(성분명 펜플루라민)의 건강보험 급여 등재가 예상보다,local,2,약가,,,0.4580619995087094,,0.2,0.4580619995087094,5.88386039793658,9.0,3.806433996560966,False
2026-05-14,Reimbursement,2026-05-15 06:00:00,Naver News,https://www.medipana.com/news/articleView.html?idxno=411363,국산 제품 등장에도 고비용·급여삭감에 CAR-T 장벽 여전 - 메디파나뉴스,국산 CAR-T 치료제 '림카토' 허가 이후 실제 치료 과정에서의 급여 기준과 치료 차수 인정 문제가 향후 과제로 언급됐다.,[메디파나뉴스 = 송이수 기자] 국산 CAR-T 치료제 '림카토' 허가 이후 실제 치료 과정에서의 급여 기준과 치료 차수 인정 문제가 향후 과제로 언급됐다. CA,local,2,약가,,,0.4533656866090623,,0.2,0.4533656866090623,5.8641358837580615,9.0,3.773559806263436,False
2026-05-14,Product Approval,2026-05-15 05:26:00,Naver News,https://www.medicaltimes.com/Main/News/NewsView.html?ID=1168759&ref=naverpc,"[메디칼타임즈] 상반기 마지막 기회, 다국적 제약사 급여 문턱 넘기 총력전","건강보험심사평가원 중증질환심의위원회(이하 암질심)가 5월 말 개최를 앞둔 가운데, 다국적 제약사들의 발걸음이 그 어느 때보다 분주하다.오는 6월에는 회의가 열리지 않을 것으로 알려지면서, 사실상 5월 회의가 상반기 급여 등재 및 확대를 위한 '승부처'가 됐기 때문이다. 이번 기회를 놓칠 경우 하반기까지 급여 논의가 밀릴 수 있다는 위기감 속에 제약사들은 여론 조성과 근거 마련에 사활을 거는 모습이다.GBCC 2026 전시장에 마련된 한국노바티스와 한국릴리 부스 모습이다. 이들 은 보조요법 급여 논의와 맞물려 키스칼리와 버제니오의 임상적 가치를 알리는 데 주력했다.조기 유방암 치료제 관심 집중오는 5월 27일로 예정된 제4차 암질심 회의를 앞두고 최대 관심사는 단연 '조기 유방암 보조요법' 시장이다.한국노바티스의 키스칼리(리보시클립)와 한국릴리의 버제니오(아베마시클립)가 안건으로 상정될 가능성이 크다.","[메디칼타임즈=문성호 기자]건강보험심사평가원 중증질환심의위원회(이하 암질심)가 5월 말 개최를 앞둔 가운데, 다국적 제약사들의 발걸음이 그 어느 때보다 분주하다.오는 6월에는 회의가 열리지 않을 것으로 알려지면서, 사실상 5월 회의가 상반기 급여 등재 및 확대를 위한 '승부처'가 됐기 때문이다. 이번 기회를 놓칠 경우 하반기까지 급여 논의가 밀릴 수 있다는 위기감 속에 제약사들은 여론 조성과 근거 마련에 사활을 거는 모습이다.GBCC 2026 전시장에 마련된 한국노바티스와 한국릴리 부스 모습이다. 이들 은 보조요법 급여 논의와 맞물려 키스칼리와 버제니오의 임상적 가치를 알리는 데 주력했다.조기 유방암 치료제 관심 집중오는 5월 27일로 예정된 제4차 암질심 회의를 앞두고 최대 관심사는 단연 '조기 유방암 보조요법' 시장이다.한국노바티스의 키스칼리(리보시클립)와 한국릴리의 버제니오(아베마시클립)가 안건으로 상정될 가능성이 크다. 두 약제 모두 기존 전이성 유방암을 넘어 '재발 위험이 높은 조기 유방암' 환자군으로의 급여 확대를 추진 중이다.특히 버제니오는 앞서 세 차례나 암질심 문턱을 넘지 못했던 설움을 털어내겠다는 각오다. 최근 공개된 7년 장기 추적 데이터를 통해 전체생존기간(OS) 개선 효과를 입증하며 급여 명분을 쌓았다.후발 주자인 키스칼리의 공세도 만만치 않다. 키스칼리는 림프절 전이 여부와 상관없이 2~3기 조기 유방암 환자까지 포괄하는 넓은 적응증을 앞세우고 있다. 최근 세계유방암학술대회(GBCC 2026)에서 발표된 5년 장기 데이터(NATALEE 연구)는 40세 미만 젊은 환자가 많은 한국적 특성을 반영해 '사회경제적 비용 절감' 논리를 강화하고 있다.발표를 맡은 서울대병원 임석아 교수(혈액종양내과)는",local,2,적응증,,,0.5146577584332516,,0.2,0.5146577584332516,5.721562585419656,8.0,4.20260430903276,False
2026-05-14,Product Approval,2026-05-14 19:08:00,Naver News,http://www.kdfnews.com/news/articleView.html?idxno=183228,"'자외선 시러요~' 톰·토코보·헤어고트, 타겟별 맞춤형 써머 솔루션 전개 [kdf bella]","여름 시즌을 앞두고 뷰티 브랜드들이 각기 다른 전략으로 소비자 공략에 나서고 있다. 톰(TOM)은 20대를 겨냥한 캠페인 영상으로 높은 조회수를 기록하며 브랜드 인지도를 높였고, 토코보(TOCOBO)는 성수동에 대규모 팝업 스토어를 열어 고객 접점을 넓힌다. 헤어고트는 전문적인 임상 데이터를 기반으로 한 열 손상 케어 신제품을 출시하며 프로페셔널 라인업을 강화했다.","여름 시즌을 앞두고 뷰티 브랜드들이 각기 다른 전략으로 소비자 공략에 나서고 있다. 톰(TOM)은 20대를 겨냥한 캠페인 영상으로 높은 조회수를 기록하며 브랜드 인지도를 높였고, 토코보(TOCOBO)는 성수동에 대규모 팝업 스토어를 열어 고객 접점을 넓힌다. 헤어고트는 전문적인 임상 데이터를 기반으로 한 열 손상 케어 신제품을 출시하며 프로페셔널 라인업을 강화했다. 톰(TOM)의 20대 타겟 라인 ‘투앤티업(20UP)’이 캠페인 영상 공개 2주 만에 누적 조회수 1000만 회를 돌파했다. 이번 캠페인은 ‘가장 나다운 순간’을 테마로",local,2,신제품,,,0.48768002618209016,,0.2,0.48768002618209016,5.608256109964779,8.0,4.0137601832746315,False
2026-05-14,Product Approval,2026-05-15 05:20:00,Naver News,https://www.medicaltimes.com/Main/News/NewsView.html?ID=1168766&ref=naverpc,"[메디칼타임즈] 비보존, 상종부터 개원가까지 비마약성 진통제 영토 확장","비보존제약이 비마약성 진통제 '어나프라(성분명 오피란제린)'의 시장 안착에 이어 차세대 파이프라인 'VVZ-2471'의 임상 순항으로 통증 치료 시장의 영토 확장에 속도를 내고 있다.특히 급성 통증 시장은 주사제인 어나프라로, 대상포진 후 통증 등 만성 통증 시장은 경구제인 VVZ-2471로 공략하는 '투트랙(Two-Track)'으로 확장 중이다.비마약성 진통제 어나프라는 수술 후 통증 관리에 주로 사용하기 때문에 대형병원 중심의 처방이 주를 이룬다. 지난해 말부터 소위 빅5병원 중 삼성서울병원과 신촌세브란스병원 내 약사위원회(DC)를 통과해 처방 중이다.비보존제약이 어나프라에 이어 비마약성 진통제 시장을 확장해나가고 있다. 대형병원 이외에도 기존 기존 100ml 대용량 제품 외에 최근 20ml 소포장 제형을 출시하며 로컬 마취통증의학과 등 개원가 시장까지 타깃을 확장하고 있다.소포장에 대한 의료현장의 피드백을 반영, 제형을 다변화한 것이다.","[메디칼타임즈=이지현 기자] 비보존제약이 비마약성 진통제 '어나프라(성분명 오피란제린)'의 시장 안착에 이어 차세대 파이프라인 'VVZ-2471'의 임상 순항으로 통증 치료 시장의 영토 확장에 속도를 내고 있다.특히 급성 통증 시장은 주사제인 어나프라로, 대상포진 후 통증 등 만성 통증 시장은 경구제인 VVZ-2471로 공략하는 '투트랙(Two-Track)'으로 확장 중이다.비마약성 진통제 어나프라는 수술 후 통증 관리에 주로 사용하기 때문에 대형병원 중심의 처방이 주를 이룬다. 지난해 말부터 소위 빅5병원 중 삼성서울병원과 신촌세브란스병원 내 약사위원회(DC)를 통과해 처방 중이다.비보존제약이 어나프라에 이어 비마약성 진통제 시장을 확장해나가고 있다. 대형병원 이외에도 기존 기존 100ml 대용량 제품 외에 최근 20ml 소포장 제형을 출시하며 로컬 마취통증의학과 등 개원가 시장까지 타깃을 확장하고 있다.소포장에 대한 의료현장의 피드백을 반영, 제형을 다변화한 것이다. 대형 병원 수술실뿐만 아니라 외래 기반의 소규모 수술이나 시술 후 통증 관리에도 비마약성 진통제를 손쉽게 활용할 수 있도록 접근성을 높인 것이다.최근 국내 임상 2상 투약을 완료한 VVZ-2471은 대상포진 후 신경통(PHN) 환자가 타깃이다.현재 PHN 시장의 주류인 프레가발린 등 기존 가바펜티노이드 계열 약제들은 졸음, 어지러움 등의 부작용과 더불어 환자마다 효과 편차가 크다는 점이 한계였다.반면 VVZ-2471은 메타보트로픽 글루타메이트 수용체 5(mGluR5)와 세로토닌 수용체 2A(5-HT2A)를 동시에 억제하는 완전히 새로운 기전을 채택했다는 점에서 관심을 모으고 있다.비보존 관계자는",local,2,적응증,,,0.4831795168234976,,0.2,0.4831795168234976,5.58935397065869,8.0,3.982256617764483,False
2026-05-14,Reimbursement,2026-05-15 06:02:00,Naver News,https://www.kukinews.com/article/view/kuk202605140206,“다른 방법이 없다는 말이 절망”…빠른 증식·전이 ‘소세포폐암’ 치료 공백,"국내 암 사망 원인 1위인 폐암 가운데서도 소세포폐암은 가장 예후가 나쁜 암종으로 꼽힌다. 암세포의 증식과 전이 속도가 빠른 데다, 진단 시점에 이.","국내 암 사망 원인 1위인 폐암 가운데서도 소세포폐암은 가장 예후가 나쁜 암종으로 꼽힌다. 암세포의 증식과 전이 속도가 빠른 데다, 진단 시점에 이",local,2,급여,,,0.3683253811934965,,0.2,0.3683253811934965,5.506966601012685,9.0,3.1782776683544753,False
2026-05-14,Therapeutic Areas,2026-05-14 16:14:00,Naver News,http://www.docdocdoc.co.kr/news/articleView.html?idxno=3039212,사후 치료에서 '조기 발견'으로…난임 정책 패러다임 바뀌나,"난임 정책의 중심을 '사후 치료 지원'에서 '조기 발견과 예방적 관리'로 전환해야 한다는 제언이 나왔다. 결혼과 출산 연령이 늦어지고 35세 이상 고령 산모 비율이 증가하는 상황에서, 난임이 발생한 뒤 시술비를 지원하는 방식만으로는 한계가 있다는 지적이다.대한산부인과학회는 지난 13일 소병훈 국회 보건복지위원장과 서미화 의원이 공동 주최한 '가임기 여성 가임력 검진 도입 국회 토론회'에서 항뮬러리안 호르몬(이하 AMH) 검사와 부인과 초음파를 활용해 젊은 여성의 생식건강 상태를 조기에 점검하고, 필요 시 상담과 가임력 보존 치료로.","난임 정책의 중심을 '사후 치료 지원'에서 '조기 발견과 예방적 관리'로 전환해야 한다는 제언이 나왔다. 결혼과 출산 연령이 늦어지고 35세 이상 고령 산모 비율이 증가하는 상황에서, 난임이 발생한 뒤 시술비를 지원하는 방식만으로는 한계가 있다는 지적이다.대한산부인과학회는 지난 13일 소병훈 국회 보건복지위원장과 서미화 의원이 공동 주최한 '가임기 여성 가임력 검진 도입 국회 토론회'에서 항뮬러리안 호르몬(이하 AMH) 검사와 부인과 초음파를 활용해 젊은 여성의 생식건강 상태를 조기에 점검하고, 필요 시 상담과 가임력 보존 치료로",local,2,난임,,,0.439845032256286,,0.2,0.439845032256286,5.407349135476402,8.0,3.678915225794002,False
2026-05-14,Product Approval,2026-05-15 06:06:00,Naver News,https://www.medipana.com/news/articleView.html?idxno=411355,신약 허가와 등재의 간극…'소아희귀질환' 치료 공백 - 메디파나뉴스,"소아 극희귀중증난치질환 분야에서 혁신 치료제가 등장하고 있지만, 정작 환자들은 제도 문턱에 막혀 치료 골든타임을 놓치고 있다는 지.","[메디파나뉴스 = 박으뜸 기자] 소아 극희귀중증난치질환 분야에서 혁신 치료제가 등장하고 있지만, 정작 환자들은 제도 문턱에 막혀 치료 골든타임을 놓치고 있다는 지",local,2,허가,,,0.5035101103203994,,0.2,0.5035101103203994,5.274742463345677,7.0,4.124570772242795,False
2026-05-14,Supply Issues,2026-05-14 14:44:00,Naver News,http://www.medisobizanews.com/news/articleView.html?idxno=138661,"희귀필수의약품센터, '긴급도입 공급품목' 실시간 재고 공유 시행","한국희귀·필수의약품센터(원장 김영림, 이하 센터)는 2026년 정부 중점 추진과제인 희귀·필수의약품 공적공급 강화를 원활히 추진할 수 있도록 센터에서 수입·공급하는 긴급도입 의약품에 대한 안정공급 및 효율적 유통관리를 위한 재고공유 시스템 도입을 완료했다고 14일 밝혔다.센터는 국내에서 수요가 낮아 시장 기능으로는 의료현장에 공급되지 않는 희귀·필수의약품을 긴급도입을 통해 공급 중으로, 긴급도입 의약품의 경우 국외 생산중단 또는 수요급증에 따른 품절 등의 사유로 재고소진이 빈번하게 발생한다. 다만, 그간 센터는 유통망을 통해 공급한.","한국희귀·필수의약품센터(원장 김영림, 이하 센터)는 2026년 정부 중점 추진과제인 희귀·필수의약품 공적공급 강화를 원활히 추진할 수 있도록 센터에서 수입·공급하는 긴급도입 의약품에 대한 안정공급 및 효율적 유통관리를 위한 재고공유 시스템 도입을 완료했다고 14일 밝혔다.센터는 국내에서 수요가 낮아 시장 기능으로는 의료현장에 공급되지 않는 희귀·필수의약품을 긴급도입을 통해 공급 중으로, 긴급도입 의약품의 경우 국외 생산중단 또는 수요급증에 따른 품절 등의 사유로 재고소진이 빈번하게 발생한다. 다만, 그간 센터는 유통망을 통해 공급한",local,2,품절,,,0.40550534006705363,,0.2,0.40550534006705363,5.2631224282816245,8.0,3.438537380469375,False
2026-05-14,Product Approval,2026-05-15 06:02:00,Naver News,https://www.dailypharm.com/user/news/338513?REFERER=NP,"[데일리팜]""혁신형제약 인증 받아야 하는데""…약가 개편 시간차 어쩌나","보건복지부가 추진 중인 ‘약가제도 개편안’ 고시 시행 시점과 하반기 ‘혁신형 제약기업’ 인증 일정이 엇갈리면서 제약바이오업계의 고심이 깊어지고 있다. 정부는 8월 시행을 목표로 속도를 내고 있지만, 업계에선 우려의 목소리가 높다. 혁신형 제약기업 인증 결과가 나오기 전까지 발생하는 약 4개월간의 행정 공백이 기업들에게 고스란히 약가 인하 피해로 돌아올 것이란 우려다.","보건복지부가 추진 중인 ‘약가제도 개편안’ 고시 시행 시점과 하반기 ‘혁신형 제약기업’ 인증 일정이 엇갈리면서 제약바이오업계의 고심이 깊어지고 있다. 정부는 8월 시행을 목표로 속도를 내고 있지만, 업계에선 우려의 목소리가 높다. 혁신형 제약기업 인증 결과가 나오기 전까지 발생하는 약 4개월간의 행정 공백이 기업들에게 고스란히 약가 인하 피해로 돌아올 것이란 우려다. 제약…",local,2,신제품,,,0.4708136377041302,,0.2,0.4708136377041302,5.137417278357347,7.0,3.895695463928911,False
2026-05-14,Product Approval,2026-05-15 07:02:00,Naver News,https://www.koreadaily.com/article/20260514150007517,의료용 마리화나 사용 확대 ...베이프·흡입 방식도 허용 | 미주중앙일보,조지아주에서 의료용 대마초 사용자들은 베이핑 형태 제품도 사용할 수 있다. 브라이언 켐프 주지사는 지난 12일 의료용 대마초 사용 방식을 확대하는 법안(SB 220)에 서명했다. 새 법에 따라 등록 의료용 대마초 환자들은 베이프(vape) 제품과 흡입(i...,조지아주에서 의료용 대마초 사용자들은 베이핑 형태 제품도 사용할 수 있다.     브라이언 켐프 주지사는 지난 12일 의료용 대마초 사용 방식을 확대하는 법안(SB 220)에 서명했다.     새 법에 따라 등록 의료용 대마초 환자들은 베이프(vape) 제품과 흡입(i...,local,2,허가,,,0.42133912961528347,,0.2,0.42133912961528347,4.929624344384191,7.0,3.549373907306984,False
2026-05-14,Reimbursement,2026-05-15 06:02:00,Naver News,https://www.dailypharm.com/user/news/338514?REFERER=NP,[데일리팜]남인순 국회 부의장 됐다…혁신제약 우대·제한적 성분명 탄력,국회 보건복지위원회 최고참으로 평가되는 남인순 더불어민주당 의원이 제22대 국회 후반기 부의당 선출이 기정사실화하면서 혁신형 제약기업에 대한 영구적 약가우대 법제화와 제한적 성분명 처방 입법 실현에 탄력에 붙을 수 있을지 주목된다. 남인순 의원은 부의장 출마와 함께 이재명 정부의 제약바이오 강국 도약·블록버스터 국산신약 창출을 적극 지원하고 국민 의약품 접근성 향상….,국회 보건복지위원회 최고참으로 평가되는 남인순 더불어민주당 의원이 제22대 국회 후반기 부의당 선출이 기정사실화하면서 혁신형 제약기업에 대한 영구적 약가우대 법제화와 제한적 성분명 처방 입법 실현에 탄력에 붙을 수 있을지 주목된다. 남인순 의원은 부의장 출마와 함께 이재명 정부의 제약바이오 강국 도약·블록버스터 국산신약 창출을 적극 지원하고 국민 의약품 접근성 향상…,local,2,약가,,,0.5013282407988219,,0.2,0.5013282407988219,4.865578611355052,6.0,4.109297685591753,False
2026-05-14,Product Approval,2026-05-15 07:02:00,Naver News,https://www.thebell.co.kr/free/content/ArticleView.asp?key=202605141327509080102154,"[더벨][thebell interview] 큐로셀 ""림카토 BEP 120명, 연구비 상쇄 수준 ...",품목허가를 획득한 큐로셀의 다음 과제는 자체신약 상업화에 따른 수익성 입증이다. 시장의 관심은 국산 1호 CAR-T 치료제가 선발주자 킴리아를 넘어 얼마의 매출을 낼 수 있느냐에 쏠린다. 14일 열린 림카토 허가... ,품목허가를 획득한 큐로셀의 다음 과제는 자체신약 상업화에 따른 수익성 입증이다. 시장의 관심은 국산 1호 CAR-T 치료제가 선발주자 킴리아를 넘어 얼마의 매출을 낼 수 있느냐에 쏠린다. 14일 열린 림카토 허가... ,local,2,허가,,,0.4003788699443677,,0.2,0.4003788699443677,4.841591253766344,7.0,3.402652089610574,False
2026-05-14,Product Approval,2026-05-15 06:02:00,Naver News,https://bravo.etoday.co.kr/view/atc_view/19175,"[노인진료센터를 가다⑤] 조영창 시민건강국장 “과잉 약물·진료 그만, 노인건강 근본에 접근”",서울시 시립병원 4곳서 오픈한 노인진료센터조영창 서울시 시민건강국장 서면 인터뷰(서울시) “여러 진료과나 병원을 따로 다닐 필요 없이 한 곳에서.,서울시 시립병원 4곳서 오픈한 노인진료센터조영창 서울시 시민건강국장 서면 인터뷰(서울시) “여러 진료과나 병원을 따로 다닐 필요 없이 한 곳에서,local,2,적응증,,,0.39761955483962236,,0.2,0.39761955483962236,4.830002130326414,7.0,3.3833368838773565,False
2026-05-14,Product Approval,2026-05-15 07:02:00,Naver News,http://www.segyebiz.com/newsView/20260514517819?OutUrl=naver,"짜먹는 소화제, 콜라겐, 숙취해소제… 제약업계, ‘스틱형 제품’ 뜨는 이유는",“외출할 때 한두 포씩 간편하게 챙길 수 있으니 마음이 든든하죠.” 30대 회사원 김도경 씨는 핸드백에 스틱형 약품과 영양제를 항상 챙긴다. 낱개로 챙기면 가볍고 공간도 크게 차지하지 않으면서 비상시에 대비할 수 있다는 것. 김 씨는 “대부분 물 없이도 짜먹을 수 있는 제품들...,“외출할 때 한두 포씩 간편하게 챙길 수 있으니 마음이 든든하죠.” 30대 회사원 김도경 씨는 핸드백에 스틱형 약품과 영양제를 항상 챙긴다. 낱개로 챙기면 가볍고 공간도 크게 차지하지 않으면서 비상시에 대비할 수 있다는 것. 김 씨는 “대부분 물 없이도 짜먹을 수 있는 제품들...,local,2,신제품,,,0.3818881061195964,,0.2,0.3818881061195964,4.763930045702304,7.0,3.2732167428371746,False
2026-05-14,Product Approval,2026-05-15 06:48:00,Naver News,https://biz.chosun.com/science-chosun/bio/2026/05/15/7USLOP3JKRELPM7LB6FWJY26FE/?utm_source=naver&utm_medium=original&utm_campaign=biz,“딱딱해진 지방간 치료 도전”…유럽 肝학회 달려가는 K바이오,딱딱해진 지방간 치료 도전유럽 肝학회 달려가는 K바이오 유럽간학회 27~30일 개최 술 안 마시는데도 생기는 지방간 美 이어 국내도 연달아 신약 개발 지방 감소 넘어 섬유화 개선 도전.,딱딱해진 지방간 치료 도전유럽 肝학회 달려가는 K바이오 유럽간학회 27~30일 개최 술 안 마시는데도 생기는 지방간 美 이어 국내도 연달아 신약 개발 지방 감소 넘어 섬유화 개선 도전,local,2,신약,,,0.3814360989505975,,0.2,0.3814360989505975,4.76203161559251,7.0,3.270052692654182,False
2026-05-14,Supply Issues,2026-05-14 15:52:00,Naver News,http://www.mkhealth.co.kr/news/articleView.html?idxno=78599,"""환원형이면 더 좋다?""…에바치온 품귀 뒤 숨은 '착각'","약국에서 품귀 현상이 벌어진 조아제약 '에바치온'을 둘러싸고 '환원형 글루타치온' 마케팅이 실제 효능보다 과도한 기대를 키우고 있다는 지적이 나왔다. 소비자들 사이에서는 기존 글루타치온보다 한 단계 발전한 성분이라는 인식이 퍼졌지만, 전문가들은 경구 복용 특성을 고려하면 단순히 '환원형'이라는 이유만으로 효능 우위를 단정하기 어렵다고 설명했다. 특히 건강기능식품과 일반식품 중심 시장에서 의약품 지위까지 더해지면서 소비자 신뢰가 확대됐다는 분석도 나오고 있다.◇ 수천억원 시장 된 글루타치온…아직은 건기식 중심14일 업계에 따르면 글루.","약국에서 품귀 현상이 벌어진 조아제약 '에바치온'을 둘러싸고 '환원형 글루타치온' 마케팅이 실제 효능보다 과도한 기대를 키우고 있다는 지적이 나왔다. 소비자들 사이에서는 기존 글루타치온보다 한 단계 발전한 성분이라는 인식이 퍼졌지만, 전문가들은 경구 복용 특성을 고려하면 단순히 '환원형'이라는 이유만으로 효능 우위를 단정하기 어렵다고 설명했다. 특히 건강기능식품과 일반식품 중심 시장에서 의약품 지위까지 더해지면서 소비자 신뢰가 확대됐다는 분석도 나오고 있다.◇ 수천억원 시장 된 글루타치온…아직은 건기식 중심14일 업계에 따르면 글루",local,2,품귀,,,0.5689983244131894,,0.2,0.5689983244131894,4.749792962535395,5.0,4.582988270892326,False
2026-05-14,Product Approval,2026-05-14 19:14:00,Naver News,http://www.breaknews.com/1207193,"≪브레이크뉴스≫ 오송첨단의료산업진흥재단, 아미코젠과 바이오 의약품 소부장 국산화 위해 맞손",오송첨단의료산업진흥재단(KBIOHealth)과 아미코젠이 14일 KBIOHealth 신약개발지원센터에서 바이오 의약품 소재·부품.,【충북 브레이크뉴스】임창용 기자=오송첨단의료산업진흥재단(KBIOHealth)과 아미코젠이 14일 KBIOHealth 신약개발지원센터에서 바이오 의약품 소재·부품,local,2,신제품,,,0.35853544720736313,,0.2,0.35853544720736313,4.665848878270925,7.0,3.1097481304515417,False
2026-05-14,Client,2026-05-15 06:02:00,Naver News,https://www.yakup.com/news/index.html?mode=view&cat=16&nid=327241,[약업신문]‘위고비’ 정제 체중 21.6% 감소‧운동성 2배 향상,비만 치료제 ‘위고비’(세마글루타이드 25mg) 정제가 성인 비만 환자들에게서 플라시보 대조그룹과 비교했을 때 확연한 우위를 입증한 임상 3상 시험결과가 공개됐다.노보 노디스크社는 튀르키예 이스탄불에...,비만 치료제 ‘위고비’(세마글루타이드 25mg) 정제가 성인 비만 환자들에게서 플라시보 대조그룹과 비교했을 때 확연한 우위를 입증한 임상 3상 시험결과가 공개됐다.노보 노디스크社는 튀르키예 이스탄불에...,local,10,용량,,,0.6558251491950908,,1.0,0.6558251491950908,4.554465626619381,0.0,7.590776044365636,False
2026-05-14,BD,2026-05-15 06:47:00,Naver News,https://biz.chosun.com/science-chosun/bio/2026/05/15/I5ADHL37FBDF5F52BCEWI2IVJM/?utm_source=naver&utm_medium=original&utm_campaign=biz,‘먹는 비만약’ 경쟁 불붙었다…국내 제약사도 개발 속도전,"먹는 비만약 경쟁 불붙었다국내 제약사도 개발 속도전 유럽비만학회 달군 차세대 비만약 노보·릴리·바이킹, 고용량·경구용 비만약 데이터 앞세워 체중 감량 넘어 근손실·투약 편의성 경쟁 한미약품·HK이노엔·JW중외제약 임상 3상·상용화 속도.","먹는 비만약 경쟁 불붙었다국내 제약사도 개발 속도전 유럽비만학회 달군 차세대 비만약 노보·릴리·바이킹, 고용량·경구용 비만약 데이터 앞세워 체중 감량 넘어 근손실·투약 편의성 경쟁 한미약품·HK이노엔·JW중외제약 임상 3상·상용화 속도",local,10,합병,,,0.6524501430013754,,1.0,0.6524501430013754,4.540290600605776,0.0,7.567151001009627,False
2026-05-14,Client,2026-05-14 06:02:00,Naver News,https://www.yakup.com/news/index.html?mode=view&cat=12&nid=327183,[약업신문]AZ 8억달러 배 흔들…‘에네보파라타이드’ 면역원성 벽에 막혔다,아스트라제네카가 8억달러를 투입해 확보한 희귀 내분비질환 치료 후보물질이 임상 3상에서 면역원성(immunogenicity) 문제에 발목을 잡히며 기대 이하 효능을 나타냈다. 경쟁사인 아센디스파마(Ascendis Pharma)...,아스트라제네카가 8억달러를 투입해 확보한 희귀 내분비질환 치료 후보물질이 임상 3상에서 면역원성(immunogenicity) 문제에 발목을 잡히며 기대 이하 효능을 나타냈다. 경쟁사인 아센디스파마(Ascendis Pharma)...,local,10,아스트라제네카,,,0.6507132628303179,,1.0,0.6507132628303179,4.532995703887335,0.0,7.5549928398122255,False
2026-05-14,Client,2026-05-14 16:04:00,Naver News,http://www.newsmp.com/news/articleView.html?idxno=253256,"노보노디스크 위고비, 고용량ㆍ경구제 투 트랙 전략 순항",노보노디스크의 비만치료제 위고비(성분명 세마글루티드)가 고용량 주사제와 경구제로 이어지는 투트랙 전략을 성공적으로 이끌어가고 있다.최근 터키 이스탄불에서 진행된 유럽비만학회 연례학술회의(ECO 2026)에서는 고용량(7.2mg) 위고비와 경구용 위고비 관련 다수의 연구 결과들이 연이어 공개됐다.가장 주목을 받은 연구는 위고비를 최대 7.2mg(주 1회)까지 증량하며 안전성과 유효성을 평가한 STEP UP 연구였다.이 연구는 당뇨병이 없는 성인 가운데 체질량지수(BMI)가 30kg/m2이거나 체질량지수가 27kg/m2 이.,[의약뉴스] 노보노디스크의 비만치료제 위고비(성분명 세마글루티드)가 고용량 주사제와 경구제로 이어지는 투트랙 전략을 성공적으로 이끌어가고 있다.최근 터키 이스탄불에서 진행된 유럽비만학회 연례학술회의(ECO 2026)에서는 고용량(7.2mg) 위고비와 경구용 위고비 관련 다수의 연구 결과들이 연이어 공개됐다.가장 주목을 받은 연구는 위고비를 최대 7.2mg(주 1회)까지 증량하며 안전성과 유효성을 평가한 STEP UP 연구였다.이 연구는 당뇨병이 없는 성인 가운데 체질량지수(BMI)가 30kg/m2이거나 체질량지수가 27kg/m2 이,local,10,노보노디스크,,,0.6486202484410303,,1.0,0.6486202484410303,4.524205043452326,0.0,7.540341739087212,False
2026-05-14,Reimbursement,2026-05-15 06:00:00,Naver News,https://www.pharmnews.com/news/articleView.html?idxno=303519,다품목 등재관리 독소...국내 제약시장 통째로 외자사에 헌납하나 - 팜뉴스,보건복지부가 지난 14일 행정예고한 다품목 등재관리 방안을 두고 제약업계가 강력 반발하고 있다. 정부가 내세운 R&D 투자 유도라는 명분과 달리 국내 제약산업의.,보건복지부가 지난 14일 행정예고한 다품목 등재관리 방안을 두고 제약업계가 강력 반발하고 있다. 정부가 내세운 R&D 투자 유도라는 명분과 달리 국내 제약산업의,local,2,약가,,,0.41855151784749206,,0.2,0.41855151784749206,4.517916374959467,6.0,3.5298606249324442,False
2026-05-14,Client,2026-05-14 09:52:00,Naver News,http://www.iminju.net/news/articleView.html?idxno=163780,"삼진제약, 정부 인증 신약 경쟁력…기술수출 '초읽기'",민주신문=조환흠 기자｜삼진제약이 정부 지원에 힘입어 개발 중인 신약 후보물질의 기술수출에 속도를 내고 있다. 기존 내수 위주의 제네릭(복제약) 사업 구조를 넘어 연구개발(R&D) 중심의 글로벌 기업으로 도약하려는 행보로 풀이된다.삼진제약은 지난달 산업통상부가 주관하는 '월드클래스 플러.,민주신문=조환흠 기자｜삼진제약이 정부 지원에 힘입어 개발 중인 신약 후보물질의 기술수출에 속도를 내고 있다. 기존 내수 위주의 제네릭(복제약) 사업 구조를 넘어 연구개발(R&D) 중심의 글로벌 기업으로 도약하려는 행보로 풀이된다.삼진제약은 지난달 산업통상부가 주관하는 '월드클래스 플러,local,10,사노피,,,0.6450792388646214,,1.0,0.6450792388646214,4.50933280323141,0.0,7.51555467205235,False
2026-05-14,Distribution,2026-05-15 07:02:00,Naver News,https://www.thebell.co.kr/free/content/ArticleView.asp?key=202605140905045460107729,"[더벨]CJ바사, CJRB-101 1상 조기종료 '신약-웰니스' 전략 재편","CJ바이오사이언스가 마이크로바이옴 신약 사업 전략을 재편한다. 핵심 파이프라인인 면역항암치료제 'CJRB... ◇마이크로바이옴 신약 개발 변곡점, 최신 동향 반영 CJ바이오사이언스는 최근 미국과 한국에서 진행... ","CJ바이오사이언스가 마이크로바이옴 신약 사업 전략을 재편한다. 핵심 파이프라인인 면역항암치료제 'CJRB... ◇마이크로바이옴 신약 개발 변곡점, 최신 동향 반영 CJ바이오사이언스는 최근 미국과 한국에서 진행... ",local,10,CJ,,,0.6152643537657645,,1.0,0.6152643537657645,4.38411028581621,0.0,7.306850476360351,False
2026-05-14,Client,2026-05-15 05:20:00,Naver News,https://www.medicaltimes.com/Main/News/NewsView.html?ID=1168764&ref=naverpc,[메디칼타임즈] 슬라이드 한장으로 재발 위험 계산…의사 결정 파고드는 AI,"병리 슬라이드 하나만 넣으면 동반 진단을 넘어 재발 위험까지 예측하는 의료 인공지능 플랫폼이 상용화되며 AI의 방향성이 빠르게 변화하고 있다.초기 의료 AI 시장이 CT와 MRI, 엑스레이에서 병변을 찾는 것을 돕는 진단보조 기능에 머물렀다면 이제는 환자의 치료 방향과 재발 위험까지 예측하는 의사 결정에 관여하고 있는 셈이다.슬라이드 한장만으로 유방암 전이와 위험을 예측하는 인공지능 모델이 나왔다(사진=AI 생성).14일 의료산업계에 따르면 아테라(Artera)가 조기 유방암 환자의 원격 전이 위험을 예측하는 AI 플랫폼 아테라AI 브레스트(ArteraAI Breast)에 대해 미국 식품의약국(FDA) 허가를 받은 것으로 확인됐다.이 AI는 초기 호르몬수용체 양성(HR+), HER2 음성(HER2-) 침습성 유방암 환자를 대상으로 디지털 병리 이미지와 임상 데이터를 함께 분석해 환자를 분류하는 것을 골자로 한다.즉, 멀티모달을 중심으로 저위험군과 고위험군으로 환자를 분류한 뒤 이를 통해 어떤 환자가 보다 강한 항암 치료를 받아야 하고 어떤 환자는 지켜봐도 좋은지를 판별해준다는 의미다.아테라AI 브레스트가 주목받는 이유는 과거 단순히 암을 찾아내고 알려주는 이른바 '탐지 AI'가 아니기 때문이다.기존 의료 AI 상당수는 CT나 MRI 영상에 병변을 표시하거나 영상 이상 여부를 탐지하는 역할에 머물렀다. 하지만 이번 플랫폼은 암의 존재를 찾는 것이 아니라, 이미 진단된 암 환자의 향후 위험도를 예측하는 데 초점이 맞춰져 있다.암이 있는가를 넘어서 이 환자가 앞으로 얼마나 위험한가를 계산하는 AI라는 의미다.아테라의 플랫폼은 수술 조직 슬라이드를 디지털 병리 이미지로 변환한 뒤 여기에 환자의 임상 정보를 함께 결합하는 멀티모달 AI(MMAI·Multimodal Artificial Intelligence) 구조를 사용한다.이를 통해 이 AI는 환자의 원격 전이 가능성을 예측하는 위험 점수를 생성한다. 조기 HR+/HER2- 유방암은 환자 수가 매우 많지만 실제 재발 위험은 환자마다 상당히 다르다는 점에서 이런 위험도 분류의 중요성이 크다.일부 환자는 항호르몬 치료만으로 충분하지만, 고위험군은 항암화학요법(chemotherapy)을 추가해야 할 수도 있기 때문이다.","[메디칼타임즈=이인복 기자]병리 슬라이드 하나만 넣으면 동반 진단을 넘어 재발 위험까지 예측하는 의료 인공지능 플랫폼이 상용화되며 AI의 방향성이 빠르게 변화하고 있다.초기 의료 AI 시장이 CT와 MRI, 엑스레이에서 병변을 찾는 것을 돕는 진단보조 기능에 머물렀다면 이제는 환자의 치료 방향과 재발 위험까지 예측하는 의사 결정에 관여하고 있는 셈이다.슬라이드 한장만으로 유방암 전이와 위험을 예측하는 인공지능 모델이 나왔다(사진=AI 생성).14일 의료산업계에 따르면 아테라(Artera)가 조기 유방암 환자의 원격 전이 위험을 예측하는 AI 플랫폼 아테라AI 브레스트(ArteraAI Breast)에 대해 미국 식품의약국(FDA) 허가를 받은 것으로 확인됐다.이 AI는 초기 호르몬수용체 양성(HR+), HER2 음성(HER2-) 침습성 유방암 환자를 대상으로 디지털 병리 이미지와 임상 데이터를 함께 분석해 환자를 분류하는 것을 골자로 한다.즉, 멀티모달을 중심으로 저위험군과 고위험군으로 환자를 분류한 뒤 이를 통해 어떤 환자가 보다 강한 항암 치료를 받아야 하고 어떤 환자는 지켜봐도 좋은지를 판별해준다는 의미다.아테라AI 브레스트가 주목받는 이유는 과거 단순히 암을 찾아내고 알려주는 이른바 '탐지 AI'가 아니기 때문이다.기존 의료 AI 상당수는 CT나 MRI 영상에 병변을 표시하거나 영상 이상 여부를 탐지하는 역할에 머물렀다. 하지만 이번 플랫폼은 암의 존재를 찾는 것이 아니라, 이미 진단된 암 환자의 향후 위험도를 예측하는 데 초점이 맞춰져 있다.암이 있는가를 넘어서 이 환자가 앞으로 얼마나 위험한가를 계산하는 AI라는 의미다.아테라의 플랫폼은 수술 조직 슬라이드를 디지털 병리 이미지로 변환한 뒤 여기에 환자의 임상 정보를 함께 결합하는 멀티모달 AI(MMAI·Multimodal Artificial Intelligence) 구조를 사용한다.이를 통해 이 AI는 환자의 원격 전이 가능성을 예측하는 위험 점수를 생성한다. 조기 HR+/HER2- 유방암은 환자 수가 매우 많지만 실제 재발 위험은 환자마다 상당히 다르다는 점에서 이런 위험도 분류의 중요성이 크다.일부 환자는 항호르몬 치료만으로 충분하지만, 고위험군은 항암화학요법(chemotherapy)을 추가해야 할 수도 있기 때문이다. 결국 핵심은 누가 얼마나 위험한가를 더 정밀하게 가려내는데 있다는 뜻이다.물론 유사한 기능을 하는 의료 AI가 없는 것은 아니다. 현재 유방암 치료에서 가장 널리 사용되는 재발 위험 평가 도구 중 하나는 이그잭트 사이언시스(Exact Sciences)의 온코타입DX(Oncotype DX)다. 이 검사는 종양 유전자 발현을 분석해 재발 가능성과 항암치료 필요성을 평가한다.문제는 비용과 시간이다. 유전자 기반 분석은 상대적으로 고가이고 검사 시간이 걸린다. 일부 의료기관은 접근성에도 제한이 있다.반면 아테라AI 브레스트는 기존 병리 슬라이드와 임상 데이터만으로 위험도를 계산한다는 점에서 차별화된 포인트를 갖는다. 추가 조직 채취나 별도 유전자 분석 없이 이미 확보된 병리 데이터를 활용하는 구조다.실제로 아테라는 이 플랫폼이 기존 병리 워크플로우 안에서 작동할 수 있으며 결과를 1~2일 내에 받아볼 수 있는 것을 가장 큰 장점으로 꼽고 있다.의료 AI가 단순히 진단 보조를 넘어 병원 운영 효율성과 비용 구조까지 바꾸기 시작했음을 보여주는 사례다.그렇다면 이 아테라AI 브레스트가 임상적으로 어떻게 활용될 수 있을까. 전문가들은 과잉치료와 과소치료 줄일 수 있을 것으로 기대하고 있다. 유방암 치료의 가장 어려운 부분 중 하나가 치료 강도를 정하는 문제이기 때문이다.실제로 너무 강한 치료를 하면 환자는 불필요한 독성과 부작용을 겪게 된다. 반대로 치료가 부족하면 재발 위험이 커질 수 있다. 특히 조기 HR+/HER2- 유방암은 환자군이 넓고 예후 스펙트럼도 다양해 이런 고민이 더 크다.아테라AI 브레스트는 바로 이 지점을 겨냥한다.환자를 MMAI 저위험군과 고위험군으로 나누고 이를 통해 치료 강도를 보다 정밀하게 조정할 수 있도록 설계됐기 때문이다.특히 허가 임상인 'NSABP B-20' 연구 분석에서 MMAI 저위험군 환자는 추가 항암치료 이득이 거의 없었던 반면 고위험군에서는 의미 있는 항암치료 효과가 나타났다.이를 가능하게 하는 것은 바로 멀티모달이다. 기존 의료 AI 상당수는 단일 데이터에 의존해 온 것이 사실이다. 예를 들어 영상 AI는 CT만 보고, 병리 AI는 조직 이미지만 보는 구조였다. 하지만 실제 의료 현장에서는 영상·병리·임상 변수·유전자 정보가 동시에 작동한다.이에 맞춰 아테라는 디지털 병리 이미지와 환자 임상 정보를 함께 분석하는 구조를 택했다. 이른바 멀티모달 AI다.이는 최근 의료 AI 산업 전체가 가는 방향과도 맞닿아 있다. 이미 의료 AI 경쟁은 단순 영상 판독 정확도가 아니라 얼마나 다양한 데이터를 연결해 실제 임상 결정을 지원할 수 있느냐로 이동하고 있다.이미 의료 AI가 영상을 보는 소프트웨어에서 실제 임상적 의사 결정을 돕는 조언자로 진화하고 있다는 의미다.실제로 현재 의료 AI 시장 경쟁은 크게 세 축으로 나뉜다.일단 가장 먼저 상용화에 성공한 것이 바로 영상 판독 AI로 루닛과 뷰노, AI독(Aidoc), 큐어AI(Qure ai) 같은 기업들이 CT·엑스레이 기반 탐지 AI를 중심으로 성장해 왔다.두 번째는 디지털 병리 AI다. 패스AI(PathAI), 템퍼스AI(Tempus AI) 등이 이 시장을 키우고 있다. 최근에는 로슈와 다나허(Danaher), 필립스(Philips) 같은 글로벌 진단기업들도 적극적으로 뛰어드는 분위기다.세 번째는 멀티모달 AI 기반 정밀의료 플랫폼이다. 아테라는 바로 이 영역에 가깝다. 단순 영상 분석이 아니라 병리·임상 데이터·예후 예측·치료 의사결정을 연결하는 방향이다.이 시장에서 중요한 것은 단순 알고리즘 정확도가 아니다. 얼마나 많은 임상 데이터를 확보하고, 이를 실제 병원 워크플로우 안에 자연스럽게 통합할 수 있느냐가 핵심 경쟁력이 되고 있다.그만큼 이번에 아테라AI 브레스트가 FDA 허들을 넘은 것은 의료 AI 시장에서 상징성이 크다. 그동안 의료 AI는 실제 임상에서 활용은 제한적이라는 평가도 적지 않았다. 많은 AI가 단순 보조 기능에 머물렀고, 실제 치료 방향을 바꾸는 수준까지는 가지 못했기 때문이다.하지만 아테라AI 브레스트는 방향성이 다르다. 이 플랫은 실제로 항암치료 여부와 치료 강도 결정에 영향을 줄 수 있다. 결국 AI가 이제 진짜 치료 의사결정 과정 안으로 들어오기 시작했다는 의미다.아테라 관계자는",local,10,로슈,,,0.6149107656349904,,1.0,0.6149107656349904,4.382625215666959,0.0,7.304375359444932,False
2026-05-14,BD,2026-05-12 14:31:00,Naver News,https://www.hankookilbo.com/news/article/A2026051114310005407?did=NA,데이터 나오기도 전에 수조씩... 임상 초기 신약 후보에 베팅하는 빅파마-경제ㅣ한국일보,"글로벌 제약사들이 임상 초기 단계 바이오 기업 인수와 상업화 권리 확보에 적극 나서고 있다. 올해 인수합병과 라이선스 거래가 급증했으며, 중국 바이오 기업이 신흥 격전지로 부상했다. 특허 만료와 신약 개발 경쟁이 배경이다.","글로벌 제약사들이 임상 초기 단계 바이오 기업 인수와 상업화 권리 확보에 적극 나서고 있다. 올해 인수합병과 라이선스 거래가 급증했으며, 중국 바이오 기업이 신흥 격전지로 부상했다. 특허 만료와 신약 개발 경쟁이 배경이다. |",local,10,셀진,,,0.6148547906492197,,1.0,0.6148547906492197,4.382390120726722,0.0,7.303983534544537,False
2026-05-14,BD,2026-05-15 06:02:00,Naver News,https://www.yakup.com/news/index.html?mode=view&cat=12&nid=327243,"[약업신문]조 단위 R&D 시대 명암… 제약업계, 속도와 실속 사이 답 찾다","그래픽.©약업신문=김홍식 기자국내 제약바이오 산업이 단순한 외형 성장을 넘어, 글로벌 시장을 정조준한 'R&D 고도화' 단계에 진입했다.상장 제약바이오사 2025년 R&D 비용과 현황을 분석한 결과, 국내 ...","그래픽.©약업신문=김홍식 기자국내 제약바이오 산업이 단순한 외형 성장을 넘어, 글로벌 시장을 정조준한 'R&amp;amp;D 고도화' 단계에 진입했다.상장 제약바이오사 2025년 R&amp;amp;D 비용과 현황을 분석한 결과, 국내 ...",local,10,제네릭,,,0.6146712305086246,,1.0,0.6146712305086246,4.381619168136223,0.0,7.302698613560372,False
2026-05-14,BD,2026-05-11 05:00:00,Naver News,https://www.etoday.co.kr/news/view/2582374,"“제네릭에서 시밀러로”…글로벌 제약사, 인수로 판 바꾼다",바이오시밀러 기업 인수로 시밀러 사업 확대향후 10년간 약 3000억달러 규모 특허 만료바이오시밀러 임상 간소화 등 규제 환경도 개선▲.,바이오시밀러 기업 인수로 시밀러 사업 확대향후 10년간 약 3000억달러 규모 특허 만료바이오시밀러 임상 간소화 등 규제 환경도 개선▲(사진=AI 생성),local,10,오가논,,,0.6143725972560243,,1.0,0.6143725972560243,4.380364908475302,0.0,7.30060818079217,False
2026-05-14,BD,2026-05-14 18:20:00,Naver News,http://www.4th.kr/news/articleView.html?idxno=2111780,한미사이언스 '랩스커버리' 기반 로열티 구조 부각…한미약품 성장과 연동,"한미사이언스의 지식재산(IP) 기반 수익 구조가 다시 주목받고 있다. GLP-1 계열 비만 신약을 포함한 한미약품 주요 파이프라인이 사업화 단계에 속도를 내면서 지주회사인 한미사이언스의 기술 로열티 구조도 함께 부각되는 모습이다.14일 한미그룹에 따르면 한미사이언스는 핵심 사업회사 한미약품의 글로벌 기술이전 및 제품 수출 성과가 확대될수록 ‘기술 로열티’ 수익 등이 지속 창출되는 선순환 구조를 이미 갖추고 있다.1973년 창립된 한미약품은 2010년 지주회사 체제로 전환하면서 존속법인이 한미사이언스로 사명을 변경했고, 현재의 한미약.","한미사이언스의 지식재산(IP) 기반 수익 구조가 다시 주목받고 있다. GLP-1 계열 비만 신약을 포함한 한미약품 주요 파이프라인이 사업화 단계에 속도를 내면서 지주회사인 한미사이언스의 기술 로열티 구조도 함께 부각되는 모습이다.14일 한미그룹에 따르면 한미사이언스는 핵심 사업회사 한미약품의 글로벌 기술이전 및 제품 수출 성과가 확대될수록 ‘기술 로열티’ 수익 등이 지속 창출되는 선순환 구조를 이미 갖추고 있다.1973년 창립된 한미약품은 2010년 지주회사 체제로 전환하면서 존속법인이 한미사이언스로 사명을 변경했고, 현재의 한미약",local,10,라이선스,,,0.6143252753671051,,1.0,0.6143252753671051,4.380166156541842,0.0,7.300276927569736,False
2026-05-14,Client,2026-05-13 17:54:00,Naver News,https://www.thelec.kr/news/articleView.html?idxno=56552,"베링거인겔하임, 차세대 자가면역 치료제 후보 확보 - 디일렉(THE ELEC)",베링거인겔하임이 염증·자가면역 분야에서 차세대 치료제 후보물질을 확보했다. 기존 치료제의 한계를 극복할 새로운 접근법으로 지속적인 치료 효과를 기대하고 있다.베링.,베링거인겔하임이 염증·자가면역 분야에서 차세대 치료제 후보물질을 확보했다. 기존 치료제의 한계를 극복할 새로운 접근법으로 지속적인 치료 효과를 기대하고 있다.베링,local,10,베링거인겔하임,,,0.613191795482704,,1.0,0.613191795482704,4.375405541027356,0.0,7.292342568378928,False
2026-05-14,Client,2026-05-13 07:20:00,Naver News,https://www.medicopharma.co.kr/news/articleView.html?idxno=68049,"[파이프라인 디코드][유한양행]렉라자 병용, 내성 원인까지 겨냥…mOS 도달이 밸류 분기점",유한양행의 폐암 신약 렉라자(라제르티닙)가 글로벌 가치 재평가의 분기점에 섰다. 얀센의 EGFR·MET 이중특이항체 리브리반트(아미반타맙)와의 병용요법이 EGFR 변이 비소세포폐암 1차 치료 시장에서 아스트라제네카(AZ) 타그리소(오시머티닙) 중심의 표준.,[메디코파마뉴스=정재노 기자] 유한양행의 폐암 신약 렉라자(라제르티닙)가 글로벌 가치 재평가의 분기점에 섰다. 얀센의 EGFR·MET 이중특이항체 리브리반트(아미반타맙)와의 병용요법이 EGFR 변이 비소세포폐암 1차 치료 시장에서 아스트라제네카(AZ) 타그리소(오시머티닙) 중심의 표준,local,10,아스트라제네카,,,0.6131200077084812,,1.0,0.6131200077084812,4.375104032375621,0.0,7.291840053959368,False
2026-05-14,Client,2026-05-14 12:00:00,Naver News,https://www.medicaltimes.com/Main/News/NewsView.html?ID=1168738&ref=naverpc,[메디칼타임즈] 체중 28% 감량 시대…위고비 고용량 비만치료 새 지평,비만치료제 위고비(세마글루타이드)가 고용량 투여를 통해 30%에 육박하는 체중 감량 효과를 입증하며 비만 치료의 새 지평을 열었다. 특히 초기 체중 감량 속도가 빠른 '조기 반응자'의 경우 치료 효과가 극대화되는 것으로 나타났다. 지난 12일부터 이스탄불에서 개최 중인 유럽비만학회(ECO 2026)에서 위고비 고용량의 최신 임상인 'STEP UP' 사후분석 결과를 공개됐다.,"[메디칼타임즈=문성호 기자]비만치료제 위고비(세마글루타이드)가 고용량 투여를 통해 30%에 육박하는 체중 감량 효과를 입증하며 비만 치료의 새 지평을 열었다. 특히 초기 체중 감량 속도가 빠른 '조기 반응자'의 경우 치료 효과가 극대화되는 것으로 나타났다.  지난 12일부터 이스탄불에서 개최 중인 유럽비만학회(ECO 2026)에서 위고비 고용량의 최신 임상인 'STEP UP' 사후분석 결과를 공개됐다.  노보노디스크제약은 현지시간으로 지난 12일부터 이스탄불에서 개최 중인 유럽비만학회(ECO 2026)에서 위고비 고용량(7.2mg)의 최신 임상인 'STEP UP' 사후분석 결과를 공개했다.  여기서 STEP UP은 비당뇨 비만 성인 1407명을 대상으로 72주간 진행된 무작위배정 이중맹검 위약대조 3상 임상으로, 위고비 7.2mg·2.4mg·위약군을 비교했다. 조기 반응자, 72주 만에 체중 '4분의 1' 이상 감량이번 발표에서 가장 눈길을 끈 대목은 '조기 반응자(Early Responders)'의 감량 폭이다. 연구 결과, 위고비 7.2mg 투여 후 24주 이내에 체중의 15% 이상을 감량한 조기 반응자(전체의 26.9%)는 72주차에 평균 27.7%라는 체중 감량 수치를 기록했다.  이는 기존 2.4mg 용량의 조기 반응자가 기록한 24.8%보다 높은 수치이며, 전체 평균 감량치인 20.7%를 크게 상회하는 결과다. 주목할 점은 비조기반응자 역시 15.4%의 유의미한 감량 효과를 거뒀다는 점이다.  임상에 참여한 텔아비브대 의대 드로르 디커(Dror Dicker) 교수는",local,10,노보노디스크,,,0.6103426428379979,,1.0,0.6103426428379979,4.3634390999195904,0.0,7.272398499865985,False
2026-05-14,BD,2026-05-14 00:54:00,Naver News,http://www.k-health.com/news/articleView.html?idxno=92310,"“초고령사회, 65세 남성 2명 중 1명은 COPD…치료 환자는 2%뿐”",초고령사회로 진입하며 고령층의 건강이 단연 중요한 사회적 과제로 떠올랐다. 그중에서도 특히 고령자 호흡기 건강은 기후환경 요인과 감염병 위험이 중첩되는 상황에서 중장기적인 국가 공중보건 체계의 핵심 과제로 부각된 상황이다.이 가운데 주한프랑스대사관 비즈니스프랑스(경제상무관실)와 프렌치헬스케어코리아(French Healthcare Korea)는 13일 서울 주한프랑스대사관 김중엽관에서 한불 수교 140주년을 기념해 ‘초고령사회 호흡기 건강의 미래’를 주제로 보건의료 정책세미나를 개최했다.이번 행사는 프랑스와 한국이 수교 140년간 쌓.,초고령사회로 진입하며 고령층의 건강이 단연 중요한 사회적 과제로 떠올랐다. 그중에서도 특히 고령자 호흡기 건강은 기후환경 요인과 감염병 위험이 중첩되는 상황에서 중장기적인 국가 공중보건 체계의 핵심 과제로 부각된 상황이다.이 가운데 주한프랑스대사관 비즈니스프랑스(경제상무관실)와 프렌치헬스케어코리아(French Healthcare Korea)는 13일 서울 주한프랑스대사관 김중엽관에서 한불 수교 140주년을 기념해 ‘초고령사회 호흡기 건강의 미래’를 주제로 보건의료 정책세미나를 개최했다.이번 행사는 프랑스와 한국이 수교 140년간 쌓,local,10,생물학적제제,,,0.6098294225941261,,1.0,0.6098294225941261,4.361283574895329,0.0,7.268805958158882,False
2026-05-14,Client,2026-05-14 05:30:00,Naver News,https://www.medicaltimes.com/Main/News/NewsView.html?ID=1168729&ref=naverpc,[메디칼타임즈] COPD 악화 한번만 겪어도 고위험군…중증 치료대안 절실,만성폐쇄성폐질환(COPD)은 단순히 숨이 찬 병이 아니다. 기도와 폐포가 비가역적으로 손상되어 생명을 옥죄는 중증질환이다. 특히 일상적인 증상을 넘어 급격히 상태가 나빠지는 '급성 악화'는 환자들에게 언제 터질지 모르는 시한폭탄과 같다.이 가운데 지난해 국내 최초이자 유일한 생물학적 제제인 사노피 '듀피젠트(두필루맙)'가 COPD 적응증을 허가받으며 임상현장 치료 패러다임 변화를 가져왔다.,"[메디칼타임즈=문성호 기자]만성폐쇄성폐질환(COPD)은 단순히 숨이 찬 병이 아니다. 기도와 폐포가 비가역적으로 손상되어 생명을 옥죄는 중증질환이다. 특히 일상적인 증상을 넘어 급격히 상태가 나빠지는 '급성 악화'는 환자들에게 언제 터질지 모르는 시한폭탄과 같다.이 가운데 지난해 국내 최초이자 유일한 생물학적 제제인 사노피 '듀피젠트(두필루맙)'가 COPD 적응증을 허가받으며 임상현장 치료 패러다임 변화를 가져왔다. 다만, 임상현장의 반응은 즐겁지 만은 않다. 허가 이후에도 건강보험 급여의 문턱을 넘지 못해, 정작 치료가 시급한 중증 환자들은 혜택을 보지 못하고 있기 때문이다.건국대병원 문지용 교수는 중증 COPD 치료 환경 변화와 함께 생물학적 제제 등장에 따른 패러다임 변화를 진단했다.14일 건국대병원 문지용 교수(호흡기-알레르기내과)를 만나 중증 COPD 치료 환경 변화와 함께 생물학적 제제의 급여 적용 필요성을 들어봤다.3제 요법의 한계와 새로운 대안의 등장문지용 교수는 COPD 치료의 최우선 과제로 '급성 악화의 연결고리를 끊는 것'을 지목했다. 급성 악화는 한 번 발생하면 도미노처럼 반복될 확률이 매우 높으며, 이는 곧 환자의 생명과 직결된다는 이유에서다.그는",local,10,사노피,,,0.609157351014126,,1.0,0.609157351014126,4.358460874259329,0.0,7.2641014570988816,False
2026-05-14,Client,2026-05-14 12:22:00,Naver News,http://www.newsmp.com/news/articleView.html?idxno=253247,"바비스모 RWD, 당뇨병성 황반부종 시력개선ㆍ투여 간격 연장","로슈의 이중항체 바비스모(성분명 파리시맙)가 실제 임상 현장의 당뇨병성 황반부종 환자에서 투약 횟수를 크게 줄이며 안정적으로 시력을 개선했다는 연구 결과가 보고됐다.13일, Journal of Clinical Medicine에는 오스트리아 빈 의대 연구진이 치료 이력이 없는 40명의 당뇨병성 황반부종 환자 총 52안을 대상으로 진행한 후향적 코호트 분석 결과가 게재됐다.연구에 참여한 환자들의 기저 시력(Visual Acuity, VA)는 65.96(±13.55) 글자로, 첫 6개월간은 바비스모를 평균 4.02(±1.11.","[의약뉴스] 로슈의 이중항체 바비스모(성분명 파리시맙)가 실제 임상 현장의 당뇨병성 황반부종 환자에서 투약 횟수를 크게 줄이며 안정적으로 시력을 개선했다는 연구 결과가 보고됐다.13일, Journal of Clinical Medicine에는 오스트리아 빈 의대 연구진이 치료 이력이 없는 40명의 당뇨병성 황반부종 환자 총 52안을 대상으로 진행한 후향적 코호트 분석 결과가 게재됐다.연구에 참여한 환자들의 기저 시력(Visual Acuity, VA)는 65.96(±13.55) 글자로, 첫 6개월간은 바비스모를 평균 4.02(±1.11",local,10,로슈,,,0.6084644995666272,,1.0,0.6084644995666272,4.355550898179834,0.0,7.25925149696639,False
2026-05-14,Supply Issues,2026-05-14 06:08:00,Naver News,https://www.kpanews.co.kr/news/articleView.html?idxno=534776,약국경영 위기 누적…수가협상 '적정 보장' 분수령 될까 - 약사공론,약국 유형의 2027년도 첫 수가협상을 앞두고 경영 현실을 외면한 채 일률적인 재정 논리만 반복해선 안 된다는 목소리가 커지고 있다. 행위량 측면에 있어서 의료기.,약국 유형의 2027년도 첫 수가협상을 앞두고 경영 현실을 외면한 채 일률적인 재정 논리만 반복해선 안 된다는 목소리가 커지고 있다. 행위량 측면에 있어서 의료기,local,2,품절,,,0.45449629792388857,,0.2,0.45449629792388857,4.268884451280332,5.0,3.7814740854672197,False
2026-05-14,Therapeutic Areas,2026-05-15 06:01:00,Naver News,http://www.fnnews.com/news/202605141458006840,'손상 DNA 조각' 개수까지 센다...맞춤 항암치료 기대,"이를 통해 개인별 DNA 복구능력 비교와 항암제·발암물질 반응 평가 연구의 토대를 마련했다는 평가다. 15일... 암세포의 항암제 저항성을 객관적으로 파악할 수 있다""며 ""향후 실제 사람의 조직을 활용한 후속 검증을... ","이를 통해 개인별 DNA 복구능력 비교와 항암제·발암물질 반응 평가 연구의 토대를 마련했다는 평가다. 15일... 암세포의 항암제 저항성을 객관적으로 파악할 수 있다""며 ""향후 실제 사람의 조직을 활용한 후속 검증을... ",local,2,항암제,,,0.40019373813099557,,0.2,0.40019373813099557,4.040813700150181,5.0,3.401356166916969,False
2026-05-14,Therapeutic Areas,2026-05-14 18:26:00,Naver News,https://www.ajunews.com/view/20260514102258080,파로스아이바이오-코오롱제약 맞손…차세대 EGFR 저해제 도전 | 아주경제,인공지능(AI) 기반 신약개발 기업 파로스아이바이오는 코오롱제약 신약부문과 차세대 폐암 치료제 PHI-701 개발을 위한 전략적 업무협약(MOU)을 체결했다고 1...,인공지능(AI) 기반 신약개발 기업 파로스아이바이오는 코오롱제약 신약부문과 차세대 폐암 치료제 PHI-701 개발을 위한 전략적 업무협약(MOU)을 체결했다고 1...,local,2,항암제,,,0.3734943725784087,,0.2,0.3734943725784087,3.9286763648293164,5.0,3.2144606080488605,False
2026-05-14,Therapeutic Areas,2026-05-12 16:26:00,Naver News,https://www.mediafine.co.kr/news/articleView.html?idxno=78740,"[칼럼] 자궁선근증 치료, 증상 상태에 따른 맞춤형 접근이 관건",자궁선근증은 자궁 내막 조직이 정상 위치를 벗어나 자궁 근육층 내부로 침투하여 비정상적으로 증식하는 질환이다. 자궁 내막은 월경 주기에 따라 두.,자궁선근증은 자궁 내막 조직이 정상 위치를 벗어나 자궁 근육층 내부로 침투하여 비정상적으로 증식하는 질환이다. 자궁 내막은 월경 주기에 따라 두,local,2,불임,,,0.3567235277457798,,0.2,0.3567235277457798,3.8582388165322747,5.0,3.0970646942204585,False
2026-05-14,Supply Issues,2026-05-14 05:30:00,Naver News,https://www.medicaltimes.com/Main/News/NewsView.html?ID=1168732&ref=naverpc,[메디칼타임즈] 필수약 생산할수록 손해...제약사 원가보전 240억원 투입,"정부가 최근 불거진 필수의약품 공급 중단 및 품절 대란에 대응해 약가 인상과 예산 지원이라는  '공급망 생명선' 구축에 나섰다.단순히 모니터링에 그치지 않고 제약사의 적정 이윤을 보장해 채산성 악화에 따른 공급 중단을 원천 차단하겠다는 의지다. 정부가 필수의약품 공급 중단 및 품절 대란에 대응하기 위해 관련 예산을 확대한다.실제로 최근 의료 현장에서는 환자 치료에 꼭 필요한 저가 퇴장방지의약품들이 수익성 악화로 잇따라 시장에서 사라지며 공급망에 비상이 걸린 상태다.특히, 소아용 의약품이나 항생주사제와 같이 임상적 중요도는 매우 높지만 제약사가 생산할수록 손해를 보는 저가 약제들이 공급 절벽의 위협을 받고 있다.이에 정부는 시장 기전만으로는 안정적인 공급을 담보하기 어려운 의약품의 원료 확보 및 제조를 지원하기 위해 관련 예산을 확대하기로 했다.실제로 바이오헬스산업 공급망 안정지원 예산은 2025년 10억8000만원에서 2026년 238억8000만원으로 약 22배 증액 편성됐다. 정부는 그동안 원재료 가격 인상 등 채산성 문제가 발생한 의약품에 대해 선제적으로 약가를 인상해 왔다.복지부 통계에 따르면, 최근 3년간 퇴장방지의약품 161개 품목에 대해 적정 이윤을 반영해 평균 51%의 약가를 인상했다.또한 퇴장방지의약품이 아니더라도 공급 안정이 필요한 104개 품목의 약가를 평균 21% 인상하며 현장의 숨통을 틔워줬다.","[메디칼타임즈=임수민 기자] 정부가 최근 불거진 필수의약품 공급 중단 및 품절 대란에 대응해 약가 인상과 예산 지원이라는  '공급망 생명선' 구축에 나섰다.단순히 모니터링에 그치지 않고 제약사의 적정 이윤을 보장해 채산성 악화에 따른 공급 중단을 원천 차단하겠다는 의지다.  정부가 필수의약품 공급 중단 및 품절 대란에 대응하기 위해 관련 예산을 확대한다.실제로 최근 의료 현장에서는 환자 치료에 꼭 필요한 저가 퇴장방지의약품들이 수익성 악화로 잇따라 시장에서 사라지며 공급망에 비상이 걸린 상태다.특히, 소아용 의약품이나 항생주사제와 같이 임상적 중요도는 매우 높지만 제약사가 생산할수록 손해를 보는 저가 약제들이 공급 절벽의 위협을 받고 있다.이에 정부는 시장 기전만으로는 안정적인 공급을 담보하기 어려운 의약품의 원료 확보 및 제조를 지원하기 위해 관련 예산을 확대하기로 했다.실제로 바이오헬스산업 공급망 안정지원 예산은 2025년 10억8000만원에서 2026년 238억8000만원으로 약 22배 증액 편성됐다.  정부는 그동안 원재료 가격 인상 등 채산성 문제가 발생한 의약품에 대해 선제적으로 약가를 인상해 왔다.복지부 통계에 따르면, 최근 3년간 퇴장방지의약품 161개 품목에 대해 적정 이윤을 반영해 평균 51%의 약가를 인상했다.또한 퇴장방지의약품이 아니더라도 공급 안정이 필요한 104개 품목의 약가를 평균 21% 인상하며 현장의 숨통을 틔워줬다.  복지부 관계자는",local,2,품절,,,0.5120715114035904,,0.2,0.5120715114035904,2.5107003478950793,0.0,4.184500579825133,False
2026-05-14,Therapeutic Areas,2026-05-14 18:06:00,Naver News,https://www.hankyung.com/article/2026051472551,"유한양행, 폐암 신약 기술료 수입 3억弗 돌파","美·日 이어 유럽서도 상용화 유한양행이 폐암 신약 ‘렉라자’(성분명 레이저티닙)로 벌어들인 기술료가 3억달러(약 4470억원)에 도달했다. 미국과 일본, 중국에 이어 유럽에서도 상용화에 성공하면서다. 유럽 내 국가별 보험시장 진입이 잇따르는 등 시장 확대 속도가 가팔라지며 추가 로열티 매출도 늘어날 것이란 전망이 나온다. 유한양행은 미국 존슨앤드존슨(J&J)에 기술 수출한 렉라자의 유럽 상업화 마일스톤 3000만달러를 받기로 했다고 14일 밝혔다.","美·日 이어 유럽서도 상용화
유한양행이 폐암 신약 ‘렉라자’(성분명 레이저티닙)로 벌어들인 기술료가 3억달러(약 4470억원)에 도달했다. 미국과 일본, 중국에 이어 유럽에서도 상용화에 성공하면서다. 유럽 내 국가별 보험시장 진입이 잇따르는 등 시장 확대 속도가 가팔라지며 추가 로열티 매출도 늘어날 것이란 전망이 나온다.
유한양행은 미국 존슨앤드존슨(J&J)에 기술 수출한 렉라자의 유럽 상업화 마일스톤 3000만달러를 받기로 했다고 14일 밝혔다. J&J는 마일스톤 전달을 공지한 뒤 60일 안에 기술료를 입금한다. 올해 2~3분기 유한양행 매출에 447억원가량이 추가 반영된다는 의미다.
유한양행은 2018년 J&J의 제약부문 자회사 얀센바이오테크에 렉라자 글로벌 개발·판매권을 기술 수출했다. 유한양행이 받기로 한 최대 기술료는 9억5000만달러다. 2018년 계약금 5000만달러를 시작으로 그동안 J&J는 유한양행에 2억7000만달러를 지급했다. 유럽 상업화 기술료를 포함하면 누적 3억달러로, 유한양행은 약속한 기술료 중 3분의 1가량을 받는다.
렉라자는 J&J의 표적항암제 ‘리브리반트’(성분명 아미반타맙)와 함께 쓰인다. 이들 두 약의 병용요법이 2024년 글로벌 시장에 진입한 뒤 유한양행은 판매 로열티를 추가로 받고 있다. J&J에 따르면 올해 1분기 렉라자와 리브리반트 병용요법 매출은 전년 동기보다 82% 늘어난 2억5700만달러다. 출시 직후인 2024년 1분기(4700만달러)와 비교하면 2년 만에 5.5배로 늘었다. 업계에선 렉라자 매출을 병용요법 매출의 40~45%가량으로 추정한다. 유한양행이 받는 로열티는 렉라자 매출의 10~15% 정도로 알려졌다.
이지현 기자 bluesky@hankyung.com",local,2,항암제,,,0.4286639991231831,,0.2,0.4286639991231831,2.160388796317369,0.0,3.6006479938622817,False
2026-05-14,Product Approval,2026-05-15 05:00:00,Naver News,https://www.dailymedi.com/news/news_view.php?wr_id=936501,"셀트리온 앱토즈마, 삼성 이어 경희대병원 통과","﻿﻿﻿﻿﻿﻿﻿셀트리온 자가면역질환 치료제 ‘앱토즈마’가 삼성서울병원에 이어 경희대병원 약사위원회 문턱을 넘었다.국내 주요 대학병원 중심으로 처방권 진입 사례가 이어지면서 토실리주맙 바이오시밀러 시장 선점 행보에 속도가 붙는 모습이다.15일 업계에 따르면 경희대병원은 지난달 말 약사위원회(DC, Drug Committee) 심의를 통해 셀트리온 토실리주맙 성분 바이오시밀러 ‘앱토즈마’를 신규약물로 통과시켰다. 신약 사용 및 처방은 이달 6일부터 개시됐다.이번에 통과된 앱토즈마는 162mg/0.9mL 피하주사(SC) 제형으로 경희대병원….","﻿﻿﻿﻿﻿﻿﻿셀트리온 자가면역질환 치료제 ‘앱토즈마’가 삼성서울병원에 이어 경희대병원 약사위원회 문턱을 넘었다.국내 주요 대학병원 중심으로 처방권 진입 사례가 이어지면서 토실리주맙 바이오시밀러 시장 선점 행보에 속도가 붙는 모습이다.15일 업계에 따르면 경희대병원은 지난달 말 약사위원회(DC, Drug Committee) 심의를 통해 셀트리온 토실리주맙 성분 바이오시밀러 ‘앱토즈마’를 신규약물로 통과시켰다. 신약 사용 및 처방은 이달 6일부터 개시됐다.이번에 통과된 앱토즈마는 162mg/0.9mL 피하주사(SC) 제형으로 경희대병원…",local,2,제형,,,0.36259256601440243,,0.2,0.36259256601440243,1.88288877726049,0.0,3.138147962100817,False
