date,category,published_date,site_name,url,title,summary,content,region,score_ag,keywords,reward_x,rl_score,lgbm_score,reward_y,score_ag_norm,lgbm_score_norm,final_score,strategic_score,lgbm_component,is_top20
2026-06-04,Distribution,2026-06-04 08:26:00,Naver News,https://www.businesspost.co.kr/BP?command=article_view&num=439223,[Who Is ?] 신영수 CJ대한통운 대표이사,회사는 의약품 물류를 수행하기 위해 거점 콜드체인 시설 등 첨단 기술을 도입하고 있다. 신영수는 경쟁업체 대비 시장 우위 강화에도 집중할 것으로 보인다. CJ대한통운은 국내 택배시장 점유율이 2020년 50.1%를... ,회사는 의약품 물류를 수행하기 위해 거점 콜드체인 시설 등 첨단 기술을 도입하고 있다. 신영수는 경쟁업체 대비 시장 우위 강화에도 집중할 것으로 보인다. CJ대한통운은 국내 택배시장 점유율이 2020년 50.1%를... ,local,10,콜드체인,,,0.9542920867302613,,1.0,0.9542920867302613,11.808026764267098,15.0,9.680044607111828,True
2026-06-04,Zuellig,2026-06-02 12:02:00,Naver News,https://www.monews.co.kr/news/articleView.html?idxno=411579,"보령, 국내제약 최초 글로벌 항암제 직판 나선다 - 메디칼업저버",보령이 국내제약사 최초로 글로벌제약사 오리지널 제품의 비지니스 인수 계약을 체결하고 직접 시장 공략에 나선다.보령은 2일 사노피로부터.,[메디칼업저버 문윤희 기자] 보령이 국내제약사 최초로 글로벌제약사 오리지널 제품의 비지니스 인수 계약을 체결하고 직접 시장 공략에 나선다.보령은 2일 사노피로부터,local,10,쥴릭,,,0.9426338977831703,,1.0,0.9426338977831703,11.759062370689314,15.0,9.598437284482191,True
2026-06-04,BD,2026-05-29 12:28:00,Naver News,https://www.junggi.co.kr/news/articleView.html?idxno=36585,"대웅제약, 신약 키웠지만 이익 반토막…'속 빈 성장' 경고등 - 중기이코노미","대웅제약이 주력 신약 성장세를 앞세워 외형 확대를 이어갔지만, 정작 수익성은 급격히 악화되며 '성장의 질'에 대한 의문을 낳고 있다.대웅제약은 신약 펙수클루와 엔.","대웅제약이 주력 신약 성장세를 앞세워 외형 확대를 이어갔지만, 정작 수익성은 급격히 악화되며 '성장의 질'에 대한 의문을 낳고 있다.대웅제약은 신약 펙수클루와 엔",local,10,코프로모션,,,0.9457321072383035,,1.0,0.9457321072383035,10.972074850400874,13.0,9.620124750668124,True
2026-06-04,BD,2026-06-04 09:50:00,Naver News,http://www.the-biz.co.kr/news/articleView.html?idxno=721865,"광동제약, '안과·희귀질환·백신' 전문의약품 영역 확대 - THE Biz(더비즈)",=정윤식 기자] 광동제약이 안과·희귀질환 치료제와 백신을 앞세워 전문의약품 사업 강화에 나서고 있다. 외부 도입과 글로벌 제약사와의 협업을.,[THE Biz(더비즈)=정윤식 기자] 광동제약이 안과·희귀질환 치료제와 백신을 앞세워 전문의약품 사업 강화에 나서고 있다. 외부 도입과 글로벌 제약사와의 협업을,local,10,코프로모션,,,0.9436660916951727,,1.0,0.9436660916951727,10.963397585119726,13.0,9.605662641866209,True
2026-06-04,BD,2026-06-04 19:29:00,Naver News,https://www.bloter.net/news/articleView.html?idxno=664486,"[강소제약사 리뷰]② 내수 의존도 98% 유유제약, 해외로 눈 돌린다",90년에 가까운 업력을 지닌 유유제약이 창출한 국산 신약은 2개다. 첫 국산 신약은 2005년 골다공증 치료제 ‘맥스마빌’이었다. 이후 2년 만인 2007년 항혈전제 ‘유크리드’를 개발하며 두 번째 전문의약품(ETC)을 배출했다. 현재 해당 신약들은 합산 연매출 약 100억원을 유지하.,90년에 가까운 업력을 지닌 유유제약이 창출한 국산 신약은 2개다. 첫 국산 신약은 2005년 골다공증 치료제 ‘맥스마빌’이었다. 이후 2년 만인 2007년 항혈전제 ‘유크리드’를 개발하며 두 번째 전문의약품(ETC)을 배출했다. 현재 해당 신약들은 합산 연매출 약 100억원을 유지하,local,10,코프로모션,,,0.9403988304642463,,1.0,0.9403988304642463,10.949675087949835,13.0,9.582791813249724,True
2026-06-04,Distribution,2026-06-04 21:06:00,Naver News,https://www.munhwa.com/article/11593355?ref=naver,다이어트·변비 걱정된다면? CJ웰케어 ‘쓰리핏 다이어트’ 주목,건강기능식품 전문기업 CJ웰케어는 프리미엄 유산균 브랜드 ‘바이오코어(BYOCORE)’의 신제품 ‘쓰리핏 유산균 다이어트’를 출시했다고 4일 밝혔다. 이번 제품은 식품의약품안전처로부터 개별인정형 기능성을 인정받은 원료 2종을 결합해 체지방 감소·피부 면역·장 건강을 한.,건강기능식품 전문기업 CJ웰케어는 프리미엄 유산균 브랜드 ‘바이오코어(BYOCORE)’의 신제품 ‘쓰리핏 유산균 다이어트’를 출시했다고 4일 밝혔다. 이번 제품은 식품의약품안전처로부터 개별인정형 기능성을 인정받은 원료 2종을 결합해 체지방 감소·피부 면역·장 건강을 한,local,10,CJ,,,0.9385617709368058,,1.0,0.9385617709368058,10.941959437934583,13.0,9.56993239655764,True
2026-06-04,Distribution,2026-06-02 13:32:00,Naver News,https://www.megaeconomy.co.kr/news/newsview.php?ncode=1065587277972502,＂꽃가루가 당겼다＂…알레르기약 ′지르텍′ 판매량 69% 급증,＂꽃가루가 당겼다＂…알레르기약 ′지르텍′ 판매량 69% 급증 [메가경제=김민준 기자] 기후변화로 꽃가루 비산 시기가 빨라지면서 알레르기 치료제 수요가 급증하고 있다. 대표 항히스타민제인 ′지르텍′은 약국 판매량이 한 달 새 70% 가까이 증가하며 일반의약품(OTC) 시장에서 존재감을 키우고 있다. ′지르텍′은 꽃가루 알레르기를 비롯한 다양한 알레르기 증상 완화에 사용되는 일반의약품이다.,＂꽃가루가 당겼다＂…알레르기약 ′지르텍′ 판매량 69% 급증 [메가경제=김민준 기자] 기후변화로 꽃가루 비산 시기가 빨라지면서 알레르기 치료제 수요가 급증하고 있다. 대표 항히스타민제인 ′지르텍′은 약국 판매량이 한 달 새 70% 가까이 증가하며 일반의약품(OTC) 시장에서 존재감을 키우고 있다.     ′지르텍′은 꽃가루 알레르기를 비롯한 다양한 알레르기 증상 완화에 사용되는 일반의약품이다. 국내 항히스타민제 시장,local,10,지오영,,,0.9570809481894681,,1.0,0.9570809481894681,10.619739982395767,12.0,9.699566637326276,True
2026-06-04,Distribution,2026-06-01 15:14:00,Naver News,https://www.ebn.co.kr/news/articleView.html?idxno=1710868,"빨라진 꽃가루 알레르기 비상…지르텍, 두달 연속 판매 급증 - 이비엔(EBN)뉴스센터","봄철 꽃가루 알레르기 시즌이 앞당겨지면서 지르텍의 약국 판매가 가파른 상승세를 보이고 있다.지오영은 알레르기 치료제 '지르텍(10정, 성분명 세티리진염산염)'의.","봄철 꽃가루 알레르기 시즌이 앞당겨지면서 지르텍의 약국 판매가 가파른 상승세를 보이고 있다.지오영은 알레르기 치료제 '지르텍(10정, 성분명 세티리진염산염)'의",local,10,지오영,,,0.9427218992373294,,1.0,0.9427218992373294,10.559431976796784,12.0,9.599053294661307,False
2026-06-04,Distribution,2026-06-05 06:10:00,Naver News,https://www.hitnews.co.kr/news/articleView.html?idxno=76617,'hATTR-PN' 치료 8년 만에 신약 등장…반응 불충분 환자에 희소식,"한국화이자제약의 '빈다켈(성분 타파미디스 메글루민염)'이 유일한 치료옵션이던 '트랜스티레틴 아밀로이드성 다발신경병증(hATTR-PN)' 치료분야에 신약이 진입하면서 기존 치료제에 반응이 없던 환자들에게 새로운 치료옵션이 생겼다.4일 관련업계에 따르면 메디슨파마의 '암부트라(성분 부트리시란나트륨)'가 지난 4월 '말초 또는 자율신경병증 증상이 있는 hATTR-PN 환자 중 타파미디스메글루민염 투여에도 효과가 불충분하거나 금기 또는 부작용 등으로 투여가 불가능한 1단계 환자, 투여 여부에 관련없이 모든 2단계 환자 치료'에 급여가 적용.","한국화이자제약의 '빈다켈(성분 타파미디스 메글루민염)'이 유일한 치료옵션이던 '트랜스티레틴 아밀로이드성 다발신경병증(hATTR-PN)' 치료분야에 신약이 진입하면서 기존 치료제에 반응이 없던 환자들에게 새로운 치료옵션이 생겼다.4일 관련업계에 따르면 메디슨파마의 '암부트라(성분 부트리시란나트륨)'가 지난 4월 '말초 또는 자율신경병증 증상이 있는 hATTR-PN 환자 중 타파미디스메글루민염 투여에도 효과가 불충분하거나 금기 또는 부작용 등으로 투여가 불가능한 1단계 환자, 투여 여부에 관련없이 모든 2단계 환자 치료'에 급여가 적용",local,10,DKSH,,,0.9378310081922239,,1.0,0.9378310081922239,10.138890234407341,11.0,9.564817057345568,False
2026-06-04,BD,2026-05-29 06:12:00,Naver News,https://www.hitnews.co.kr/news/articleView.html?idxno=76446,복지부 'CSO 재위탁' 파악에 제약사들 '혹시 모를' 거래처 찾기 분주,보건복지부가 '제약회사와 의약품 판촉영업자(CSO)간 위탁계약 현황'을 조사하면서 제약회사들도 바삐 움직이기 시작했다. 신고제 당시에 나왔던 '모든 벤더를 제약사가 관리한다'는 조항에 맞추지 못했던 회사들이 자사 상황을 파악하기 위해 내부 조사를 진행하고 있기 때문이다.업계에서는 이번 현황 조사가 국가 정상화 과제에 담긴 의약품 유통질서 투명화와 같은 선상에 있는 만큼 제약사들 스스로 영업망 끝단의 재위탁처까지 직접 파악하라는 신호로 받아들이고 있다.국내 중견 제약 A사는 최근 거래하고 있는 모든 CSO업체에게 공문을 보내 의약품.,보건복지부가 '제약회사와 의약품 판촉영업자(CSO)간 위탁계약 현황'을 조사하면서 제약회사들도 바삐 움직이기 시작했다. 신고제 당시에 나왔던 '모든 벤더를 제약사가 관리한다'는 조항에 맞추지 못했던 회사들이 자사 상황을 파악하기 위해 내부 조사를 진행하고 있기 때문이다.업계에서는 이번 현황 조사가 국가 정상화 과제에 담긴 의약품 유통질서 투명화와 같은 선상에 있는 만큼 제약사들 스스로 영업망 끝단의 재위탁처까지 직접 파악하라는 신호로 받아들이고 있다.국내 중견 제약 A사는 최근 거래하고 있는 모든 CSO업체에게 공문을 보내 의약품,local,10,판촉영업자,,,0.9626927261086209,1.0,1.0,0.9626927261086209,9.843309449656207,10.0,9.738849082760346,True
2026-06-04,BD,2026-06-05 05:56:00,Naver News,https://www.edaily.co.kr/news/newspath.asp?newsid=02036886645478768,"인공눈물 한 종류에 CSO 2000개…정부, 리베이트 사각지대 손본다[이슈포커스]",같은 종류의 인공눈물을 무려 2000여 곳에 달하는 의약품 판촉영업업체(CSO)가 판매할 정도로 의약품 유통 구조가 왜곡되면서 정부가 대대적인 점검에 나섰다. 제약사와 의료기관 사이에서 영업을 대행하는 CSO가 우후죽순 늘어나며 리베이트 사각지대로 악용되고 있다는 지...,같은 종류의 인공눈물을 무려 2000여 곳에 달하는 의약품 판촉영업업체(CSO)가 판매할 정도로 의약품 유통 구조가 왜곡되면서 정부가 대대적인 점검에 나섰다. 제약사와 의료기관 사이에서 영업을 대행하는 CSO가 우후죽순 늘어나며 리베이트 사각지대로 악용되고 있다는 지...,local,10,CSO,,,0.9622647285496875,,1.0,0.9622647285496875,9.841511859908687,10.0,9.735853099847812,True
2026-06-04,BD,2026-06-03 08:32:00,Naver News,https://zdnet.co.kr/view/?no=20260602154340,"허가·급여기간 단축, 약가제도 개편 등 변화…제약바이오 B학점","“약품 허가·심사·급여 신속 트랙은 업계에 긍정적 요인은 맞지만, 새로운 모달리티나 혁신 기술의 접근성을 높이기 위한 고민이 필요하다.”“혁신형이든 준혁신이든 유예와 가산이 있지만 시간이 지나면 결국은 약가가 인하된다. 방향성은 맞지만 제네릭이 제약바이오산업 성장에서 역할을 한 만큼 연구개...","“약품 허가·심사·급여 신속 트랙은 업계에 긍정적 요인은 맞지만, 새로운 모달리티나 혁신 기술의 접근성을 높이기 위한 고민이 필요하다.”“혁신형이든 준혁신이든 유예와 가산이 있지만 시간이 지나면 결국은 약가가 인하된다. 방향성은 맞지만 제네릭이 제약바이오산업 성장에서 역할을 한 만큼 연구개...",local,10,특허만료,,,0.9621465881909231,,1.0,0.9621465881909231,9.841015670401877,10.0,9.73502611733646,True
2026-06-04,BD,2026-06-02 12:04:00,Naver News,https://www.dailypharm.com/user/news/339102?REFERER=NP,[데일리팜]상반기 RSA 환급대상 성분 9개 늘어...품목 20개 증가,"올해 상반기 위험분담 환급 대상 성분이 9개 늘어나고, 품목은 20개 증가한 것으로 나타났다. 약가유연계약제를 체결한 한국아스텔라스의 ‘엑스탄디’는 환급 대상에서 제외됐다. RSA 환급 약제는 글로벌 제약사의 비중이 압도적이지만, 상반기 국내 제약사도 3곳에서 6곳으로 2배 증가했다. 2일 공단이 공개한 환급 약제 목록에 따르면 6월 기준 RSA 환급 대상 약제는 70개 성분, 132개….","올해 상반기 위험분담 환급 대상 성분이 9개 늘어나고, 품목은 20개 증가한 것으로 나타났다. 약가유연계약제를 체결한 한국아스텔라스의 ‘엑스탄디’는 환급 대상에서 제외됐다. RSA 환급 약제는 글로벌 제약사의 비중이 압도적이지만, 상반기 국내 제약사도 3곳에서 6곳으로 2배 증가했다. 2일 공단이 공개한 환급 약제 목록에 따르면 6월 기준 RSA 환급 대상 약제는 70개 성분, 132개…",local,10,입센,,,0.9583595328681531,,1.0,0.9583595328681531,9.825110038046244,10.0,9.708516730077072,True
2026-06-04,Distribution,2026-06-05 06:00:00,Naver News,https://daily.hankooki.com/news/articleView.html?idxno=1373052,"""K-화장품만 판다고요?""…CJ올리브영 타고 美 날아간 K-제약사들","국내 제약·에스테틱 기업들이 CJ올리브영의 미국 오프라인 진출을 발판으로 북미 화장품 시장 공략에 속도를 내고 있다. 기존 의약품과 의료기기 중심의 사업 포트폴리오를 넘어 더마 코스메틱, 슬로에이징 스킨케어, 이너뷰티 브랜드를 앞세워 현지 소비자 접점을 확대하는 모습이다.5일 업계에 따르면 국내 제약·에스테틱 기업들이 최근 올리브영 미국 온·오프라인 채널에 잇따라 입점하고 있다. 공통 무대는 올리브영이 지난달 29일 미국 캘리포니아주 패서디나에 연 오프라인 매장이다.","[데일리한국 최성수 기자] 국내 제약·에스테틱 기업들이 CJ올리브영의 미국 오프라인 진출을 발판으로 북미 화장품 시장 공략에 속도를 내고 있다. 기존 의약품과 의료기기 중심의 사업 포트폴리오를 넘어 더마 코스메틱, 슬로에이징 스킨케어, 이너뷰티 브랜드를 앞세워 현지 소비자 접점을 확대하는 모습이다.5일 업계에 따르면 국내 제약·에스테틱 기업들이 최근 올리브영 미국 온·오프라인 채널에 잇따라 입점하고 있다. 공통 무대는 올리브영이 지난달 29일 미국 캘리포니아주 패서디나에 연 오프라인 매장이다. 올리브영 패서디나점은 국내 올리브영에서",local,10,CJ,,,0.9549163721310877,,1.0,0.9549163721310877,9.810648762950567,10.0,9.684414604917613,False
2026-06-04,Client,2026-06-04 05:56:00,Naver News,https://www.kpanews.co.kr/news/articleView.html?idxno=536145,글로벌제약 혁신 치료제 잇단 급여 확대…한국 공략 '속도' - 약사공론,"보건복지부와 건강보험심사평가원의 최근 고시에 따라 한국화이자제약의 젤잔즈(토파시티닙), 한국애브비의 린버크(유파다시티닙), 한국GSK의 옴짜라(모멜로티닙), 한국.","보건복지부와 건강보험심사평가원의 최근 고시에 따라 한국화이자제약의 젤잔즈(토파시티닙), 한국애브비의 린버크(유파다시티닙), 한국GSK의 옴짜라(모멜로티닙), 한국",local,10,GSK,,,0.9527639792642734,,1.0,0.9527639792642734,9.801608712909948,10.0,9.669347854849914,True
2026-06-04,BD,2026-06-01 05:56:00,Naver News,https://www.kpanews.co.kr/news/articleView.html?idxno=535956,약가유연계약 체결 엔블로·펙수클루…대웅 '1품1조' 전략 탄력 - 약사공론,대웅제약이 국산 신약 ‘엔블로’와 ‘펙수클루’를 중심으로 글로벌 확장 전략에 속도를 내는 가운데 최근 약가유연계약제 체결 역시 해외 시장 가격 경쟁력 확보를 염두.,대웅제약이 국산 신약 ‘엔블로’와 ‘펙수클루’를 중심으로 글로벌 확장 전략에 속도를 내는 가운데 최근 약가유연계약제 체결 역시 해외 시장 가격 경쟁력 확보를 염두,local,10,보험등재,,,0.951503965244912,,1.0,0.951503965244912,9.79631665402863,10.0,9.660527756714384,True
2026-06-04,Client,2026-06-02 14:30:00,Naver News,https://www.megaeconomy.co.kr/news/newsview.php?ncode=1065590704972747,"＂강직성 척추염 치료 문턱 완화＂…애브비 린버크, 급여 확대","＂강직성 척추염 치료 문턱 완화＂…애브비 린버크, 급여 확대 [메가경제=김민준 기자] 애브비의 JAK1 억제제 ‘린버크(성분명: 유파다시티닙)’가 건강보험 급여 적용 범위를 확대하며 강직성 척추염 환자의 치료 선택지를 넓히게 됐다. 2일 한국애브비에 따르면 보건복지부 고시에 따라 린버크는 지난 1일부터 생물학적 제제 또는 표적합성항류마티스제 치료 경험이 없는 성인 활동성 강직성 척추염 환자까지 건강보험 급여.","＂강직성 척추염 치료 문턱 완화＂…애브비 린버크, 급여 확대 [메가경제=김민준 기자] 애브비의 JAK1 억제제 ‘린버크(성분명: 유파다시티닙)’가 건강보험 급여 적용 범위를 확대하며 강직성 척추염 환자의 치료 선택지를 넓히게 됐다.     2일 한국애브비에 따르면 보건복지부 고시에 따라 린버크는 지난 1일부터 생물학적 제제 또는 표적합성항류마티스제 치료 경험이 없는 성인 활동성 강직성 척추염 환자까지 건강보험 급여",local,10,애브비,,,0.9511546652009606,,1.0,0.9511546652009606,9.794849593844035,10.0,9.658082656406723,True
2026-06-04,Client,2026-06-03 08:18:00,Naver News,https://www.thepublic.kr/news/articleView.html?idxno=306254,마운자로 고용량 10일 출시…위고비 독주 체제 흔들릴까,글로벌 의약품 시장의 판도를 바꾼 일라이 릴리의 비만·당뇨 치료제 ‘마운자로(성분명 티르제파티드)’가 국내 시장 영토 확장에 속도를 낸다.한국릴리에 따르면 오는 6월 10일 마운자로 일회용 프리필드펜의 최고 용량 제형인 12.5mg과 15mg이 국내에 정식 출시.,[더퍼블릭=김미희 기자]글로벌 의약품 시장의 판도를 바꾼 일라이 릴리의 비만·당뇨 치료제 ‘마운자로(성분명 티르제파티드)’가 국내 시장 영토 확장에 속도를 낸다.한국릴리에 따르면 오는 6월 10일 마운자로 일회용 프리필드펜의 최고 용량 제형인 12.5mg과 15mg이 국내에 정식 출시,local,10,머크,,,0.9505909512422516,,1.0,0.9505909512422516,9.792481995217457,10.0,9.65413665869576,True
2026-06-04,BD,2026-06-01 06:12:00,Naver News,https://www.hitnews.co.kr/news/articleView.html?idxno=76515,컴플라이언스(CP) 사업화에 나선 일동그룹 'CPLINK' 주목,"정부가 윤리경영과 유통질서 투명화 등 의약품 시장을 정비하겠다고 나선 가운데 컴플라이언스(CP) 분야 업체들이 사업 고도화에 열을 올리고 있다. 규제 준수를 비용이 아닌 서비스로 전환하려는 시도인데, 의약품 판촉영업자(CSO)를 둘러싼 규제가 동시다발적으로 강화되는 상황에서 이같은 움직임이 어떤 역할을 할 지 주목된다.일동그룹이 운영하는 'CPLINK'는 CSO 관련 서비스 체계를 고도화하며 기존 CSO 업체나 제약사를 상대로한 CP 관련 서비스 및 컨설팅을 강화하고 있다.CPLINK의 경우 단순 지출보고서 작성·제출을 위한 플랫폼.","정부가 윤리경영과 유통질서 투명화 등 의약품 시장을 정비하겠다고 나선 가운데 컴플라이언스(CP) 분야 업체들이 사업 고도화에 열을 올리고 있다. 규제 준수를 비용이 아닌 서비스로 전환하려는 시도인데, 의약품 판촉영업자(CSO)를 둘러싼 규제가 동시다발적으로 강화되는 상황에서 이같은 움직임이 어떤 역할을 할 지 주목된다.일동그룹이 운영하는 'CPLINK'는 CSO 관련 서비스 체계를 고도화하며 기존 CSO 업체나 제약사를 상대로한 CP 관련 서비스 및 컨설팅을 강화하고 있다.CPLINK의 경우 단순 지출보고서 작성·제출을 위한 플랫폼",local,10,판촉영업자,,,0.9484249122384705,,1.0,0.9484249122384705,9.783384631401574,10.0,9.638974385669293,False
2026-06-04,Distribution,2026-06-02 12:04:00,Naver News,https://www.dailypharm.com/user/news/338691?REFERER=NP,[데일리팜]약국으로 들어온 AI…재고관리·처방해석·복약지도 '일당백',"피임약 복용을 놓쳤는데 지금이라도 복용해야 할까요? 아니면 다음 복용 시간에 맞춰 복용해도 될까요? 환자(소비자)들이 포털사이트에 약 복용이나 건강 관련 질문을 남기면 의·약사, 간호사 등이 익일, 또는 몇 시간 뒤 답변을 달던 시대는 지났다. AI를 통해 실시간 질의응답이 가능하다 보니 포털사이트 내 전문가 답변 기능은 위축된 지 오래다. 약국가에 따르면 오히려 '요리하다….","피임약 복용을 놓쳤는데 지금이라도 복용해야 할까요? 아니면 다음 복용 시간에 맞춰 복용해도 될까요? 환자(소비자)들이 포털사이트에 약 복용이나 건강 관련 질문을 남기면 의·약사, 간호사 등이 익일, 또는 몇 시간 뒤 답변을 달던 시대는 지났다. AI를 통해 실시간 질의응답이 가능하다 보니 포털사이트 내 전문가 답변 기능은 위축된 지 오래다. 약국가에 따르면 오히려 '요리하다…",local,10,바로팜,,,0.9465505836350933,,1.0,0.9465505836350933,9.775512451267392,10.0,9.625854085445653,False
2026-06-04,Client,2026-06-04 06:12:00,Naver News,https://www.hitnews.co.kr/news/articleView.html?idxno=76579,'압도적 존재감 마운자로'... 불패신화 쓰던 '키트루다' 가뿐히 넘었다,2026년 1분기 국내 전문의약품 유통시장이 뒤집혔다. 1위 키트루다의 자리를 '압도적'으로 마운자로가 빼앗았다. 위고비 역시 크게 성장했지만 격차는 훨씬 커졌다.항암제 시장에서는 임핀지와 엔허투의 약진이 두드러진 반면 퍼제타와 프롤리아 등은 주춤한 모습을 보였다.가 의약품 시장조사기관 아이큐비아의 2025~2026년 1분기 처방의약품 유통실적을 제품명 기준(용량 및 유통채널 합산)으로 분석한 결과 유통규모에서 흥미로운 양상이 보였다.,2026년 1분기 국내 전문의약품 유통시장이 뒤집혔다. 1위 키트루다의 자리를 '압도적'으로 마운자로가 빼앗았다. 위고비 역시 크게 성장했지만 격차는 훨씬 커졌다.항암제 시장에서는 임핀지와 엔허투의 약진이 두드러진 반면 퍼제타와 프롤리아 등은 주춤한 모습을 보였다.가 의약품 시장조사기관 아이큐비아의 2025~2026년 1분기 처방의약품 유통실적을 제품명 기준(용량 및 유통채널 합산)으로 분석한 결과 유통규모에서 흥미로운 양상이 보였다. '3232억' 왕좌 오른 마운자로'1484억' 키트루다뒤 '1040억' 위고비도 순항1,local,10,암젠,,,0.9455891391490542,,1.0,0.9455891391490542,9.771474384426028,10.0,9.61912397404338,True
2026-06-04,Client,2026-06-04 06:02:00,Naver News,https://www.dailypharm.com/user/news/339105?REFERER=NP,"[데일리팜]""AI 없이 일 못해요""…제약 실무 현장 AX 혁신 가속화","제약바이오업계의 업무 풍경이 생성형 AI 도입과 함께 급격히 바뀌고 있다. 과거 수일이 걸리던 학술 분석과 기획 업무는 이제 1시간 이내로 단축됐고, 현장 영업은 감이 아닌 데이터 중심으로 재편되고 있다. [가상 시나리오] AI가 바꾼 제약 영업·마케팅의 하루 오전 9시 | 본사 마케팅팀: 콘텐츠 기획의 속도와 완성도 A제약에서 새로 출시한 고혈압 신제품 ‘DP맥스’의 마케팅을 담당….","제약바이오업계의 업무 풍경이 생성형 AI 도입과 함께 급격히 바뀌고 있다. 과거 수일이 걸리던 학술 분석과 기획 업무는 이제 1시간 이내로 단축됐고, 현장 영업은 감이 아닌 데이터 중심으로 재편되고 있다. [가상 시나리오] AI가 바꾼 제약 영업·마케팅의 하루 오전 9시 | 본사 마케팅팀: 콘텐츠 기획의 속도와 완성도 A제약에서 새로 출시한 고혈압 신제품 ‘DP맥스’의 마케팅을 담당…",local,10,화이자,,,0.9452699019749694,,1.0,0.9452699019749694,9.770133588294872,10.0,9.616889313824785,True
2026-06-04,Client,2026-06-04 18:12:00,Naver News,http://www.docdocdoc.co.kr/news/articleView.html?idxno=3039759,"다잘렉스 4제요법, 경쇄 아밀로이드증 1차 치료 급여 등재","다잘렉스 피하주사를 포함한 4제요법이 경쇄 아밀로이드증 1차 치료에 급여 적용된다.한국얀센은 다잘렉스 피하주사(성분명 다라투무맙)와 보르테조밉, 시클로포스파미드, 덱사메타손 병용요법(DVCd 요법)이 지난 1일부터 다발골수종 증상이 없는 새롭게 진단된 경쇄(AL) 아밀로이드증 환자의 1차 치료제로 보험급여가 적용됐다고 밝혔다.건강보험심사평가원의 ‘암환자에게 처방·투여하는 약제에 대한 공고 개정 안내’에 따라 급여 대상은 골용해성 뼈 질환, 형질세포종, 골수 내 형질세포 60% 이상 또는 고칼슘혈증 등 다발골수종 증상이 없는 신규 진.","다잘렉스 피하주사를 포함한 4제요법이 경쇄 아밀로이드증 1차 치료에 급여 적용된다.한국얀센은 다잘렉스 피하주사(성분명 다라투무맙)와 보르테조밉, 시클로포스파미드, 덱사메타손 병용요법(DVCd 요법)이 지난 1일부터 다발골수종 증상이 없는 새롭게 진단된 경쇄(AL) 아밀로이드증 환자의 1차 치료제로 보험급여가 적용됐다고 밝혔다.건강보험심사평가원의 ‘암환자에게 처방·투여하는 약제에 대한 공고 개정 안내’에 따라 급여 대상은 골용해성 뼈 질환, 형질세포종, 골수 내 형질세포 60% 이상 또는 고칼슘혈증 등 다발골수종 증상이 없는 신규 진",local,10,얀센,,,0.9402825711650135,,1.0,0.9402825711650135,9.749186798893057,10.0,9.581977998155093,True
2026-06-04,BD,2026-06-05 06:06:00,Naver News,https://www.medipana.com/news/articleView.html?idxno=412375,"일차의료 살린다더니…황규석 회장 ""돌아온 건 1.6% 인상"" - 메디파나뉴스","2027년도 의원 유형 요양급여비용 계약(수가협상)이 최종 결렬된 가운데, 서울특별시의사회 황규석 회장이 의원급에 제시된 1.6%.","[메디파나뉴스 = 박으뜸 기자] 2027년도 의원 유형 요양급여비용 계약(수가협상)이 최종 결렬된 가운데, 서울특별시의사회 황규석 회장이 의원급에 제시된 1.6%",local,10,급여,,,0.9396868646412494,,1.0,0.9396868646412494,9.746684831493248,10.0,9.577808052488745,False
2026-06-04,Client,2026-06-04 15:52:00,Naver News,https://www.shinailbo.co.kr/news/articleView.html?idxno=5027347,"[바이오 브리핑] 롯데바이오로직스, 대원제약, 한독 - 신아일보","신아일보 생활유통부 기자들이 제약바이오업계의 다양한 소식들 중 엄선해 간추린 뉴스 세 꼭지를 ‘바이오 브리핑’을 통해 독자에게 전한다. ◇롯데바이오로직스, 5년.","신아일보 생활유통부 기자들이 제약바이오업계의 다양한 소식들 중 엄선해 간추린 뉴스 세 꼭지를 ‘바이오 브리핑’을 통해 독자에게 전한다. ◇롯데바이오로직스, 5년",local,10,한독,,,0.9373544040387465,,1.0,0.9373544040387465,9.736888496962735,10.0,9.561480828271225,True
2026-06-04,Client,2026-06-04 22:58:00,Naver News,http://www.newsmp.com/news/articleView.html?idxno=254255,"리제네론, 사이톰엑스와 이중항체 항암제 개발 협력 확대","미국 제약사 리제네론(Regeneron Pharmaceuticals)이 사이톰엑스 테라퓨틱스(CytomX Therapeutics)와 이중특이항체 신약 개발 협력을 확대했다.사이톰엑스는 자사의 PROBODY 치료 플랫폼과 리제네론의 Veloci-Bi 이중특이항체 개발 플랫폼을 활용해 조건부 활성화 이중특이성 암 치료제를 개발하기 위한 협력 및 라이선스 계약을 확대했다고 3일 발표했다.리제네론과 사이톰엑스는 2022년 처음 전략적 연구 협력을 체결했으며, 사이톰엑스의 생물학적 마스킹 전략과 리제네론의 이중특이항체 기술을 결.","[의약뉴스] 미국 제약사 리제네론(Regeneron Pharmaceuticals)이 사이톰엑스 테라퓨틱스(CytomX Therapeutics)와 이중특이항체 신약 개발 협력을 확대했다.사이톰엑스는 자사의 PROBODY 치료 플랫폼과 리제네론의 Veloci-Bi 이중특이항체 개발 플랫폼을 활용해 조건부 활성화 이중특이성 암 치료제를 개발하기 위한 협력 및 라이선스 계약을 확대했다고 3일 발표했다.리제네론과 사이톰엑스는 2022년 처음 전략적 연구 협력을 체결했으며, 사이톰엑스의 생물학적 마스킹 전략과 리제네론의 이중특이항체 기술을 결",local,10,리제네론,,,0.9372876399271962,,1.0,0.9372876399271962,9.736608087694224,10.0,9.561013479490374,True
2026-06-04,BD,2026-06-05 06:02:00,Naver News,https://www.yakup.com/news/index.html?mode=view&cat=12&nid=328118,[약업신문]CAR-T 치료 문턱 낮춘다…길리어드-센코라 전략적 협력 확대,길리어드 사이언스가 미국 의약품 유통 대기업 센코라(Cencora)와 협력을 확대하며 CAR-T 세포치료제 접근성 강화에 나섰다.이번 협력은 길리어드의 세포치료제 사업 자회사 카이트 파마(Kite Pharma)가 개발한 C...,길리어드 사이언스가 미국 의약품 유통 대기업 센코라(Cencora)와 협력을 확대하며 CAR-T 세포치료제 접근성 강화에 나섰다.이번 협력은 길리어드의 세포치료제 사업 자회사 카이트 파마(Kite Pharma)가 개발한 C...,local,10,파트너십,,,0.9363906609198239,,1.0,0.9363906609198239,9.73284077586326,10.0,9.554734626438766,False
2026-06-04,BD,2026-06-05 07:05:00,Naver News,https://www.sedaily.com/article/20051882?ref=naver,수출 날개 단 ‘리쥬란’으로 최대 실적 이끈다[바이오리더스클럽],접근이 거부되었습니다 관리자에게 문의하세요 Email : 홈으로 돌아가기.,"403
접근이 거부되었습니다
관리자에게 문의하세요
Email : sscinfra@ssc.co.kr
홈으로 돌아가기",local,10,계약,,,0.9352219695400377,,1.0,0.9352219695400377,9.72793227206816,10.0,9.546553786780263,False
2026-06-04,Zuellig,2026-05-31 11:18:00,Naver News,https://www.kpanews.co.kr/news/articleView.html?idxno=535920,"""약이 아니라 상담이 바꿨다""…금연·탈모·인후염 복약상담 성공사례 공유 - 약사공론",약국에서의 복약상담이 단순한 제품 설명을 넘어 환자의 행동 변화와 치료 순응도를 높이는 핵심 수단이라는 점이 다시 한번 강조됐다.류지선 약사는 31일 서울 코엑스.,약국에서의 복약상담이 단순한 제품 설명을 넘어 환자의 행동 변화와 치료 순응도를 높이는 핵심 수단이라는 점이 다시 한번 강조됐다.류지선 약사는 31일 서울 코엑스,local,10,베타딘,,,0.9346328051052106,,1.0,0.9346328051052106,9.725457781441886,10.0,9.542429635736475,False
2026-06-04,BD,2026-06-05 06:38:00,Naver News,http://www.docdocdoc.co.kr/news/articleView.html?idxno=3039761,"아리바이오 AR1001, 푸싱 선택 이유는 '경구용 글로벌 옵션'","알츠하이머병 신약의 개발은 오랜 기간 제약·바이오 업계의 난제로 꼽혀왔다. 하지만 최근 아밀로이드 베타 표적 항체 치료제의 등장으로 신약개발 패러다임이 변화의 조짐을 보이고 있다. 레카네맙(제품명 레켐비), 도네네맙 등이 병리 기반 맞춤치료의 가능성을 보여주고, 혈액 바이오마커와 AI 영상 판독 같은 연관 기술도 발전하고 있다. 그러나 비용, 안전성, 환자 접근성은 여전히 풀어야 할 과제다.","알츠하이머병 신약의 개발은 오랜 기간 제약·바이오 업계의 난제로 꼽혀왔다. 하지만 최근 아밀로이드 베타 표적 항체 치료제의 등장으로 신약개발 패러다임이 변화의 조짐을 보이고 있다. 레카네맙(제품명 레켐비), 도네네맙 등이 병리 기반 맞춤치료의 가능성을 보여주고, 혈액 바이오마커와 AI 영상 판독 같은 연관 기술도 발전하고 있다. 그러나 비용, 안전성, 환자 접근성은 여전히 풀어야 할 과제다. 이에 알츠하이머 임상 현장의 현실과 미충족 의료 수요를 짚고, 국내 기업들의 신약개발 전략을 소개한다.아리바이오가 중국 푸싱제약(Fosun P",local,10,판권,,,0.9327383693033537,,1.0,0.9327383693033537,9.717501151074085,10.0,9.529168585123475,False
2026-06-04,Client,2026-06-04 10:25:00,Naver News,https://www.mt.co.kr/stock/2026/06/04/2026060409423676828,"압타바이오, '바이오 USA 2026' 참가…""기술이전 논의 본격화"" - 머니투데이",난치성 항암치료제 및 당뇨합병증 치료제 개발업체 압타바이오는 오는 22일부터 25일(현지시간)까지 미국 샌디에이고에서 열리는 '바이오 USA 2026'(BIO International Convention 2026)에 참가해 글로벌 제약사들과 파트너십을 모색할 계획이라고 4일 밝혔다.,난치성 항암치료제 및 당뇨합병증 치료제 개발업체 압타바이오는 오는 22일부터 25일(현지시간)까지 미국 샌디에이고에서 열리는 '바이오 USA 2026'(BIO International Convention 2026)에 참가해 글로벌 제약사들과 파트너십을 모색할 계획이라고 4일 밝혔다.,local,10,머크,,,0.9295187505115103,,1.0,0.9295187505115103,9.703978752148343,10.0,9.506631253580572,False
2026-06-04,Client,2026-06-04 18:08:00,Naver News,https://www.bosa.co.kr/news/articleView.html?idxno=3005678,"종근당 지텍, 약평위 급여심의 통과...빌로이·핀테플라도 급여 적정성 인정 - 의학신문",종근당의 천연물신약인 지텍이 위염치료제로 건강보험심사평가원 약제급여평가위원회를 통과했다. 이에 따라 국민건강보험공단과 약가협상을.,[의학신문·일간보사=이재원 기자] 종근당의 천연물신약인 지텍이 위염치료제로 건강보험심사평가원 약제급여평가위원회를 통과했다. 이에 따라 국민건강보험공단과 약가협상을,local,10,아스텔라스,,,0.9251271676865415,,1.0,0.9251271676865415,9.685534104283473,10.0,9.47589017380579,False
2026-06-04,BD,2026-06-05 06:12:00,Naver News,https://www.hitnews.co.kr/news/articleView.html?idxno=76612,제일약품 한상철 사장의 정공법… 위기를 기회로 역전시켰다,"제일약품은 위기였었다. 상당수 주력품목 판권이 계약만료로 반납되며 매출 하락세가 가파랐다. 위기는 그러나 기회의 계기도 된다. 자체개발 신약 및 복합신약이 빈자리를 차츰 메우고 있다.이같이 위기와 기회가 공존하는 가운데 오너 3세 한상철 사장의 새로운 리더십이 빛을 발하고 있다. 정통성에 기반한 삶의 궤적을 그려온 그는, 위기를 정면으로 돌파하며 미래에 대한 신뢰와 기대를 높이고 있다.'제일파프'로 유명한 제일약품은 전통 제약 국내 리딩 그룹의 하나로 꼽힌다.","제일약품은 위기였었다. 상당수 주력품목 판권이 계약만료로 반납되며 매출 하락세가 가파랐다. 위기는 그러나 기회의 계기도 된다. 자체개발 신약 및 복합신약이 빈자리를 차츰 메우고 있다.이같이 위기와 기회가 공존하는 가운데 오너 3세 한상철 사장의 새로운 리더십이 빛을 발하고 있다. 정통성에 기반한 삶의 궤적을 그려온 그는, 위기를 정면으로 돌파하며 미래에 대한 신뢰와 기대를 높이고 있다.'제일파프'로 유명한 제일약품은 전통 제약 국내 리딩 그룹의 하나로 꼽힌다. 30여 년 간 매출 톱10 기업에서 벗어난 적이 별반 없었다. 2000년",local,10,판권,,,0.9238745209255794,,1.0,0.9238745209255794,9.680272987887435,10.0,9.467121646479056,False
2026-06-04,BD,2026-06-02 12:28:00,Naver News,https://www.ggilbo.com/news/articleView.html?idxno=1161552,"테스토코리아, Wi-Fi 제약 없는 초소형 무선 데이터 로거  'testo 164' 출시","측정 기술 분야의 세계 선두기업 테스토(Testo)의 한국지사 테스토코리아(Testo Korea, 대표 김원석)는 오늘, Wi-Fi 인프라가 없거나 무선 신호가 도달하기 힘든 음영지역에서도 안정적으로 작동하는 온습도 모니터링 미니 온라인 데이터 로거 시스템 ‘testo 164’를 출시했다.이 제품은 냉동·냉장 창고, 콜드체인 물류, 식품 보관소 등 환경적 제약이 많고 엄격한 온습도 관리가 필요한 산업군을 겨냥한 혁신적인 무설치·무선 데이터 로거 시스템이다.‘testo 164’는 Wi-Fi에 직접 연결하는 일반적인 데이터 로거와 달리.","측정 기술 분야의 세계 선두기업 테스토(Testo)의 한국지사 테스토코리아(Testo Korea, 대표 김원석)는 오늘, Wi-Fi 인프라가 없거나 무선 신호가 도달하기 힘든 음영지역에서도 안정적으로 작동하는 온습도 모니터링 미니 온라인 데이터 로거 시스템 ‘testo 164’를 출시했다.이 제품은 냉동·냉장 창고, 콜드체인 물류, 식품 보관소 등 환경적 제약이 많고 엄격한 온습도 관리가 필요한 산업군을 겨냥한 혁신적인 무설치·무선 데이터 로거 시스템이다.‘testo 164’는 Wi-Fi에 직접 연결하는 일반적인 데이터 로거와 달리",local,10,콜드체인,,,0.9225701807462423,,1.0,0.9225701807462423,9.674794759134219,10.0,9.457991265223697,False
2026-06-04,BD,2026-06-04 14:14:00,Naver News,http://www.globalepic.co.kr/view.php?ud=20260604141023908548439a4874_29,제약·바이오 상반기 기술수출 13조 돌파,"올해 상반기 국내 제약·바이오 기업들의 글로벌 기술이전 계약이 사상 최대 규모를 기록했다. 업계 집계에 따르면 1월부터 현재까지 체결된 주요 기술이전 계약은 총 8건으로, 비공개 1건을 제외한 누적 규모는 13조 732억원에 달한다. 지난해 상반기 약 12조 2760억원을 넘어서며 기록.","올해 상반기 국내 제약·바이오 기업들의 글로벌 기술이전 계약이 사상 최대 규모를 기록했다. 업계 집계에 따르면 1월부터 현재까지 체결된 주요 기술이전 계약은 총 8건으로, 비공개 1건을 제외한 누적 규모는 13조 732억원에 달한다. 지난해 상반기 약 12조 2760억원을 넘어서며 기록",local,10,GSK,,,0.921469267837887,,1.0,0.921469267837887,9.670170924919123,10.0,9.450284874865208,False
2026-06-04,BD,2026-06-05 00:34:00,Naver News,https://www.chosun.com/economy/science/2026/06/05/ZCQ267K2NRGZDLC5KLGPPYNBVU/?utm_source=naver&utm_medium=referral&utm_campaign=naver-news,떠오르는 中 바이오… 美 최대 암 학회 메인 무대 올랐다,떠오르는 中 바이오 美 최대 암 학회 메인 무대 올랐다 폐암 치료제 이보네시맙 사망 위험 34% 가량 낮춰 美 신약 개발 패권에 위기감.,떠오르는 中 바이오 美 최대 암 학회 메인 무대 올랐다 폐암 치료제 이보네시맙 사망 위험 34% 가량 낮춰 美 신약 개발 패권에 위기감,local,10,판권,,,0.91952943702402,,1.0,0.91952943702402,9.662023635500884,10.0,9.43670605916814,False
2026-06-04,Client,2026-06-04 05:30:00,Naver News,https://www.medicaltimes.com/Main/News/NewsView.html?ID=1169058&ref=naverpc,[메디칼타임즈] 마운자로가 바꾼 릴리 R&D 지도 질병 차단·GLP 확장,"글로벌 비만·당뇨 치료제 시장의 절대강자로 떠오른 일라이 릴리(Eli Lilly)가 한국 제약·바이오 기업들의 자산을 연이어 사들이며 영토 확장에 나서고 있다.'마운자로(Mounjaro)'와 '젭바운드(Zepbound)'의 폭발적인 글로벌 흥행으로 확보한 막대한 현금(실탄)을 바탕으로, 한국 바이오텍의 지속형 플랫폼과 백신 자산을 차세대 글로벌 성장 동력으로 낙점한 모습이다.특히 최근 일주일 새 단행된 계약은 글로벌 빅파마의 R&D 드라이브가 단순한 대형 M&A를 넘어 '질병의 원천 차단'과 'GLP 기반 모달리티 확장'으로 진화하고 있음을 보여준다는 평가다.일라이 릴리는 최근 GC녹십자에 이어 한미약품과 계약을 발표하며 해당 자산들을 성장 동력으로 낙점한 모습이다.'비만 성공방정식' 희귀질환에 심는다4일 제약업계에 따르면, 일라이 릴리는 한미약품이 개발 중인 단장증후군(SBS) 치료제 후보물질 '소네페글루타이드(HM15912)'에 대해 한국을 제외한 전 세계 독점적 개발 및 상업화 권리를 인수하는 라이선스 계약을 체결했다.이번 계약의 총 규모는 선급금 7500만 달러(약 1000억원)를 포함해 최대 12억 6000만 달러(한화 약 1조 7000억~1조 8000억원)에 달하는 메가 딜이다.임상 2상 단계에 있는 소네페글루타이드는 한미약품의 독자적인 지속형 바이오플랫폼 기술인 '랩스커버리'가 적용된 GLP-2(Glucagon-like peptide-2) 유사체다. 장 세포 성장 촉진 효과가 뛰어나 희귀 질환인 단장증후군 환자의 영양분 흡수 효율을 극대화하는 기전을 가진다.업계에서는 릴리의 이번 도입을 두고 'GLP 시장의 지배력 수평 전개'로 해석하고 있다. GLP-1 유사체 기반의 비만·당뇨 시장을 주도하고 있는 릴리가 이미 검증된 인크레틴 호르몬 유사체 설계 능력을 바탕으로 소화기계 희귀질환 분야까지 세력을 넓히겠다는 의도다.익명을 요구한 국내 바이오텍 대표는.","[메디칼타임즈=문성호 기자]글로벌 비만·당뇨 치료제 시장의 절대강자로 떠오른 일라이 릴리(Eli Lilly)가 한국 제약·바이오 기업들의 자산을 연이어 사들이며 영토 확장에 나서고 있다.'마운자로(Mounjaro)'와 '젭바운드(Zepbound)'의 폭발적인 글로벌 흥행으로 확보한 막대한 현금(실탄)을 바탕으로, 한국 바이오텍의 지속형 플랫폼과 백신 자산을 차세대 글로벌 성장 동력으로 낙점한 모습이다.특히 최근 일주일 새 단행된 계약은 글로벌 빅파마의 R&D 드라이브가 단순한 대형 M&A를 넘어 '질병의 원천 차단'과 'GLP 기반 모달리티 확장'으로 진화하고 있음을 보여준다는 평가다.일라이 릴리는 최근 GC녹십자에 이어 한미약품과 계약을 발표하며 해당 자산들을 성장 동력으로 낙점한 모습이다.'비만 성공방정식' 희귀질환에 심는다4일 제약업계에 따르면, 일라이 릴리는 한미약품이 개발 중인 단장증후군(SBS) 치료제 후보물질 '소네페글루타이드(HM15912)'에 대해 한국을 제외한 전 세계 독점적 개발 및 상업화 권리를 인수하는 라이선스 계약을 체결했다.이번 계약의 총 규모는 선급금 7500만 달러(약 1000억원)를 포함해 최대 12억 6000만 달러(한화 약 1조 7000억~1조 8000억원)에 달하는 메가 딜이다.임상 2상 단계에 있는 소네페글루타이드는 한미약품의 독자적인 지속형 바이오플랫폼 기술인 '랩스커버리'가 적용된 GLP-2(Glucagon-like peptide-2) 유사체다. 장 세포 성장 촉진 효과가 뛰어나 희귀 질환인 단장증후군 환자의 영양분 흡수 효율을 극대화하는 기전을 가진다.업계에서는 릴리의 이번 도입을 두고 'GLP 시장의 지배력 수평 전개'로 해석하고 있다. GLP-1 유사체 기반의 비만·당뇨 시장을 주도하고 있는 릴리가 이미 검증된 인크레틴 호르몬 유사체 설계 능력을 바탕으로 소화기계 희귀질환 분야까지 세력을 넓히겠다는 의도다.익명을 요구한 국내 바이오텍 대표는",local,10,GSK,,,0.9173315452551549,,1.0,0.9173315452551549,9.65279249007165,10.0,9.421320816786084,False
2026-06-04,Distribution,2026-06-05 06:02:00,Naver News,https://www.yakup.com/news/index.html?mode=view&cat=12&nid=328116,[약업신문][마이크로바이옴은 살아있다①] 어엿한 신약 모달리티 자리매김,'인체마이크로바이옴 컨소시엄 세계학술대회(IHMC 2026 SEOUL)' 현장 ©약업신문=권혁진 기자‘인체마이크로바이옴 컨소시엄 세계학술대회(IHMC 2026 SEOUL)’ 현장©약업신문=권혁진 기자한때 혁신 신약 모달리티로 ...,'인체마이크로바이옴 컨소시엄 세계학술대회(IHMC 2026 SEOUL)' 현장 ©약업신문=권혁진 기자‘인체마이크로바이옴 컨소시엄 세계학술대회(IHMC 2026 SEOUL)’ 현장©약업신문=권혁진 기자한때 혁신 신약 모달리티로 ...,local,10,CJ,,,0.9133936646335813,,1.0,0.9133936646335813,9.63625339146104,10.0,9.393755652435068,False
2026-06-04,Zuellig,2026-06-02 06:00:00,Naver News,https://www.pharmnews.com/news/articleView.html?idxno=303864,삼성바이오로직스 노사갈등으로 본 제약산업 쟁의ㆍ투쟁 흑역사 - 팜뉴스,"삼성바이오로직스 창사 이래 첫 전면 파업과 준법투쟁이 발발함에 따라, 지난 20여 년간 국내 제약바이오 업계에서 반복돼 온 노동쟁의 사례를 재조명하고 이를 바탕으.","삼성바이오로직스 창사 이래 첫 전면 파업과 준법투쟁이 발발함에 따라, 지난 20여 년간 국내 제약바이오 업계에서 반복돼 온 노동쟁의 사례를 재조명하고 이를 바탕으",local,10,쥴릭,,,0.9111025231613307,,1.0,0.9111025231613307,9.626630597277588,10.0,9.377717662129314,False
2026-06-04,BD,2026-06-04 08:14:00,Naver News,http://www.hansbiz.co.kr/news/articleView.html?idxno=842310,"美, 중국 바이오 투자 옥죈다…신약개발 파트너십 변수",미국 하원이 중국 바이오기업에 대한 미국 자본과 기술 유출을 차단하기 위한 법안을 발의하면서 미·중 바이오산업 협력 환경이 한층 경색될 전망이다. 기존의 외국인 투자 규제에서 나아가 미국 기업의 해외 투자까지 국가안보 차원에서 관리하려는 움직임이 본격화되고 있다는 분석이다.4일 한국바이오협회 바이오경제연구센터에 따르면 미국 하원 중국특별위원회 위원장인 존 물레나르 공화당 의원과 데비 딩겔 민주당 의원은 지난 2일(현지시간) ‘바이오기술 투자 국가안보법(Biotech Investment Nationa.,| 서울=한스경제 김동주 기자 | 미국 하원이 중국 바이오기업에 대한 미국 자본과 기술 유출을 차단하기 위한 법안을 발의하면서 미·중 바이오산업 협력 환경이 한층 경색될 전망이다. 기존의 외국인 투자 규제에서 나아가 미국 기업의 해외 투자까지 국가안보 차원에서 관리하려는 움직임이 본격화되고 있다는 분석이다.4일 한국바이오협회 바이오경제연구센터에 따르면 미국 하원 중국특별위원회 위원장인 존 물레나르 공화당 의원과 데비 딩겔 민주당 의원은 지난 2일(현지시간) ‘바이오기술 투자 국가안보법(Biotech Investment Nationa,local,10,BMS,,,0.9094985951526556,,1.0,0.9094985951526556,9.619894099641154,10.0,9.366490166068589,False
2026-06-04,BD,2026-06-05 07:02:00,Naver News,https://www.thebell.co.kr/free/content/ArticleView.asp?key=202606040644393600104257,"[더벨][ASCO로 보는 K-바이오] 바이젠셀, VT-EBV-N 4년 관찰 OS 100% '조건...",바이젠셀은 작년 4월 테라베스트와 교모세포종 적응증 대상 iPSC 유래 NK세포치료제 VC-302 공동개발 계약을 체결했다. 같은 해 9월에는 간세포암 적응증 대상 iPSC 유래 NK세포치료제 VC-420 공동개발 계약도 맺었다. VC... ,바이젠셀은 작년 4월 테라베스트와 교모세포종 적응증 대상 iPSC 유래 NK세포치료제 VC-302 공동개발 계약을 체결했다. 같은 해 9월에는 간세포암 적응증 대상 iPSC 유래 NK세포치료제 VC-420 공동개발 계약도 맺었다. VC... ,local,10,계약,,,0.9084187960523913,,1.0,0.9084187960523913,9.615358943420043,10.0,9.358931572366739,False
2026-06-04,BD,2026-06-04 19:02:00,Naver News,https://www.ajunews.com/view/20260604145935381,"기술수출·M&A·임상 성과… K바이오, '반등 신호탄' 쐈다 | 아주경제",K-바이오 산업이 기술수출·인수합병(M&A)·임상 성과라는 삼박자를 앞세워 하반기 반등의 기대감을 키우고 있다. 조 단위 기술수출...,K-바이오 산업이 기술수출·인수합병(M&A)·임상 성과라는 삼박자를 앞세워 하반기 반등의 기대감을 키우고 있다. 조 단위 기술수출...,local,10,판권,,,0.9016771821174853,,1.0,0.9016771821174853,9.587044164893438,10.0,9.311740274822396,False
2026-06-04,BD,2026-06-05 07:02:00,Naver News,https://www.thebell.co.kr/free/content/ArticleView.asp?key=202606020946356960107350,"[더벨][thebell interview] ""세니젠, 자본확충으로 재무 개선…반등만 남...","◇“100억은 R&D·해외 진출, 50억 CB는 바이오 제휴용” 세니젠은 이번에 확보한 자금으로 재무 정상화와... 박 대표는 바이오 분야 전략적 제휴와 파트너 지분 취득을 염두에 둔 자금이라고 설명했다. 그는 “CB 50억원은... ","◇“100억은 R&D·해외 진출, 50억 CB는 바이오 제휴용” 세니젠은 이번에 확보한 자금으로 재무 정상화와... 박 대표는 바이오 분야 전략적 제휴와 파트너 지분 취득을 염두에 둔 자금이라고 설명했다. 그는 “CB 50억원은... ",local,10,제휴,,,0.8986300828314979,,1.0,0.8986300828314979,9.574246347892291,10.0,9.290410579820485,False
2026-06-04,Client,2026-06-02 08:12:00,Naver News,https://www.edaily.co.kr/news/newspath.asp?newsid=02781446645477784,"'제2 멧세라 기대감'…나이벡 픽한 美 뉴코, 머크·길리어드 매각 경험자들 집결",나이벡(138610)이 기술이전한 특발성 폐섬유증(IPF) 치료제 개발 파트너사가 처음 공개되면서 시장의 관심이 커지고 있다. 특히 파트너사 핵심 경영진 이력이 드러나면서 국내 바이오 기술과 미국 뉴코(NewCo) 전략 성공 사례로 꼽히는 디앤디파마텍·멧세라 사례 재...,나이벡(138610)이 기술이전한 특발성 폐섬유증(IPF) 치료제 개발 파트너사가 처음 공개되면서 시장의 관심이 커지고 있다. 특히 파트너사 핵심 경영진 이력이 드러나면서 국내 바이오 기술과 미국 뉴코(NewCo) 전략 성공 사례로 꼽히는 디앤디파마텍·멧세라 사례 재...,local,10,바이오젠,,,0.896561062128561,,1.0,0.896561062128561,9.565556460939955,10.0,9.275927434899927,False
2026-06-04,Client,2026-06-02 12:28:00,Naver News,http://www.medisobizanews.com/news/articleView.html?idxno=139137,박터지는 ‘P-CAB 경쟁’…보노프라잔 성분 53개 품목 ‘콩나물’,위궤양 및 미란성 위식도역류질환 치료제 'P-CAB' 보노프라잔 제제의 시장 경쟁이 갈수록 치열해지고 있다. 지난 5월에만 14개 품목이 허가되면서 무려 53개 품목이 시장 점유율을 확보하기 위해 포문을 열 준비를 하고 있다. 식품의약품안전처의 지난 5월 의약품 허가 현황에 따르면 전체 허가된 111개 품목 중 보노프라잔 제제만 14개 품목에 달하며 시장을 주도했다.,"위궤양 및 미란성 위식도역류질환 치료제 'P-CAB' 보노프라잔 제제의 시장 경쟁이 갈수록 치열해지고 있다. 지난 5월에만 14개 품목이 허가되면서 무려 53개 품목이 시장 점유율을 확보하기 위해 포문을 열 준비를 하고 있다. 식품의약품안전처의 지난 5월 의약품 허가 현황에 따르면 전체 허가된 111개 품목 중 보노프라잔 제제만 14개 품목에 달하며 시장을 주도했다. 이는 허가된 전체 품목 중 12.7%의 비중을 차지하는 수치다.구체적으로는 유한양행이 '유난보노정', 삼진제약이 '보노진정', 알보젠코리아가 '보노케이브', 비씨월드제",local,10,노보노디스크,,,0.9586485050100872,,1.0,0.9586485050100872,9.426323721042367,9.0,9.71053953507061,False
2026-06-04,BD,2026-06-05 07:02:00,Naver News,https://www.thebell.co.kr/free/content/ArticleView.asp?key=202606021535268040108924,"[더벨][K-뷰티 의료기기 넥스트 스텝] 엘앤씨바이오, 리투오 판 키운다...","엘앤씨바이오는 미국 법인 설립이나 현지 기업 인수 등 여러 선택지를 검토하고 있다. 엘앤씨바이오 관계자는 ""리투오의 과제는 ECM 시장 자체를 확대하는 데 있다""며 ""인체조직 산업은 이미 오랜 기간 형성된 시장인... ","엘앤씨바이오는 미국 법인 설립이나 현지 기업 인수 등 여러 선택지를 검토하고 있다. 엘앤씨바이오 관계자는 ""리투오의 과제는 ECM 시장 자체를 확대하는 데 있다""며 ""인체조직 산업은 이미 오랜 기간 형성된 시장인... ",local,10,인수,,,0.9478415198609166,,1.0,0.9478415198609166,9.38093438341585,9.0,9.634890639026416,False
2026-06-04,BD,2026-06-04 17:41:00,Naver News,https://www.sedaily.com/article/20051919?ref=naver,"“보령, 항암제 인수하려면 복제약 사업은 매각해야”",접근이 거부되었습니다 관리자에게 문의하세요 Email : 홈으로 돌아가기.,"403
접근이 거부되었습니다
관리자에게 문의하세요
Email : sscinfra@ssc.co.kr
홈으로 돌아가기",local,10,M&A,,,0.9456457263537363,,1.0,0.9456457263537363,9.371712050685693,9.0,9.619520084476154,False
2026-06-04,BD,2026-06-04 18:07:00,Naver News,https://economist.co.kr/article/view/ecn202606040070,"보령, 탁소텔 글로벌 사업 품는다…공정위 조건에 '디탁셀' 매각",보령이 글로벌 제약사 사노피로부터 오리지널 항암제 '탁소텔'(Taxotere) 사업을 인수하는 과정에서 공정거래위원회의 조건부 승인을 받았다.,보령이 글로벌 제약사 사노피로부터 오리지널 항암제 '탁소텔'(Taxotere) 사업을 인수하는 과정에서 공정거래위원회의 조건부 승인을 받았다. 공정위는,local,10,제네릭,,,0.9416976231960705,,1.0,0.9416976231960705,9.355130017423495,9.0,9.591883362372492,False
2026-06-04,BD,2026-06-04 15:56:00,Naver News,http://www.newsprime.co.kr/news/article.html?no=735728,"대학 창업기업, 수익성 확보 '난항'…지원금 의존 벗어나야","미국처럼 인수합병(M&A)을 통한 투자 회수 시장이 활성화되지 못하면서 창업기업들은 장기간 적자를... 규제가 M&A 수요를 제약해 왔다""고 설명했다. 이어 ""규모를 키워가는 사업 확장 단계에서는 특히 공공부문이... ","미국처럼 인수합병(M&A)을 통한 투자 회수 시장이 활성화되지 못하면서 창업기업들은 장기간 적자를... 규제가 M&A 수요를 제약해 왔다""고 설명했다. 이어 ""규모를 키워가는 사업 확장 단계에서는 특히 공공부문이... ",local,10,M&A,,,0.9319536006512402,,1.0,0.9319536006512402,9.31420512273521,9.0,9.523675204558682,False
2026-06-04,Client,2026-06-03 19:04:00,Naver News,https://www.hankyung.com/article/2026060349261,"K바이오 성장 과실, 美·獨 소부장이 챙겼다","K바이오 성장 과실, 美·獨 소부장이 챙겼다, 국내 원·부자재 점유율 분석 써모피셔·머크 등 글로벌 4사 매출 1.7조…5년간 72% 늘어 토종 4사는 1년새 34% 급감 ""국산 소부장 활성화 방안 필요"".","K바이오 성장 과실, 美·獨 소부장이 챙겼다, 국내 원&middot;부자재 점유율 분석 써모피셔&middot;머크 등 글로벌 4사 매출 1.7조&hellip;5년간 72% 늘어 토종 4사는 1년새 34% 급감 ""국산 소부장 활성화 방안 필요""",local,10,머크,,,0.9276529851426629,,1.0,0.9276529851426629,9.296142537599184,9.0,9.49357089599864,False
2026-06-04,BD,2026-06-05 07:02:00,Naver News,https://www.ceoscoredaily.com/page/view/2026060416503759558,"리가켐바이오, 적자 확대…합류 3년차 담서원 부사장 경영 부담 가중",당시 담서원 부사장은 리가켐바이오 인수에 적극 관여한 것으로 알려졌으며 인수와 동시에 리가켐바이오 사내이사로 합류해 주요 경영 의사결정에 참여하고 있다. 문제는 인수 이후 리가켐바이오의 수익성이... ,당시 담서원 부사장은 리가켐바이오 인수에 적극 관여한 것으로 알려졌으며 인수와 동시에 리가켐바이오 사내이사로 합류해 주요 경영 의사결정에 참여하고 있다. 문제는 인수 이후 리가켐바이오의 수익성이... ,local,10,인수,,,0.9200258516897516,,1.0,0.9200258516897516,9.264108577096957,9.0,9.440180961828261,False
2026-06-04,BD,2026-06-05 06:02:00,Naver News,https://www.dailypharm.com/user/news/339167?REFERER=NP,[데일리팜]P-CAP 첫 약가유연제 펙수클루...경쟁제품도 신청 만지작,"대웅제약의 P-CAP 치료제 ‘펙수클루(펙수프라잔)’가 약가유연계약제를 체결하면서 경쟁 제품들도 표시가 인상을 검토하고 있다. 다만, 온코닉테라퓨틱스의 자큐보(자스타프라잔)는 수출국 임상 현황 등을 고려해 신청 시점을 고민하고 있는 것으로 알려졌다. 또 국내 재출시를 추진하는 다케다의 보신티(보노프라잔)는 공단과의 약가협상 시 유연계약제 신청이 예상된다. 5일 업계에 따르….","대웅제약의 P-CAP 치료제 ‘펙수클루(펙수프라잔)’가 약가유연계약제를 체결하면서 경쟁 제품들도 표시가 인상을 검토하고 있다. 다만, 온코닉테라퓨틱스의 자큐보(자스타프라잔)는 수출국 임상 현황 등을 고려해 신청 시점을 고민하고 있는 것으로 알려졌다. 또 국내 재출시를 추진하는 다케다의 보신티(보노프라잔)는 공단과의 약가협상 시 유연계약제 신청이 예상된다. 5일 업계에 따르…",local,10,약가,,,0.9527219844608326,,1.0,0.9527219844608326,9.001432334735497,8.0,9.669053891225827,False
2026-06-04,BD,2026-06-04 06:12:00,Naver News,https://www.hitnews.co.kr/news/articleView.html?idxno=76580,젤잔즈·린버크 강직성 척추염 건보 적용… 경구용 치료 접근성 확대,"한국애브비의 '린버크(성분 유파다시티닙)'와 한국화이자제약의 '젤잔즈(성분 토파시티닙)'의 급여기준이 강직성 척추염 1차 치료제로 확대되면서 경구용 JAK 억제제의 활용도가 높아질 것으로 예상된다.2일 관련업계에 따르면 이달부터 린버크와 젤잔즈의 급여기준이 확대됐다.한국GSK의 골수섬유증 치료제 '옴짜라(성분 모멜로티닙염산염수화물)'도 급여권에 진입했다.강직성 척추염은 척추와 천장관절에 만성 염증이 생기는 척추관절염 질환이다. 국내 환자 수는 2024년 기준 약 5만6000명으로 지속 증가하고 있지만, 그동안 TNF 억제제 및 인터.","한국애브비의 '린버크(성분 유파다시티닙)'와 한국화이자제약의 '젤잔즈(성분 토파시티닙)'의 급여기준이 강직성 척추염 1차 치료제로 확대되면서 경구용 JAK 억제제의 활용도가 높아질 것으로 예상된다.2일 관련업계에 따르면 이달부터 린버크와 젤잔즈의 급여기준이 확대됐다.한국GSK의 골수섬유증 치료제 '옴짜라(성분 모멜로티닙염산염수화물)'도 급여권에 진입했다.강직성 척추염은 척추와 천장관절에 만성 염증이 생기는 척추관절염 질환이다. 국내 환자 수는 2024년 기준 약 5만6000명으로 지속 증가하고 있지만, 그동안 TNF 억제제 및 인터",local,10,생물학적제제,,,0.9459963054814151,,1.0,0.9459963054814151,8.973184483021942,8.0,9.621974138369906,False
2026-06-04,Client,2026-06-05 05:56:00,Naver News,https://www.monews.co.kr/news/articleView.html?idxno=411629,"30년 만의 소세포폐암 신약 '임델트라', 급여 문턱서 1년째 발목 - 메디칼업저버",30년 만에 등장한 소세포폐암 신약 임델트라(성분명 탈라타맙)가 허가 이후 1년이 지나도록 급여권 진입에 애를 먹고 있다.,[메디칼업저버 문윤희 기자] 30년 만에 등장한 소세포폐암 신약 임델트라(성분명 탈라타맙)가 허가 이후 1년이 지나도록 급여권 진입에 애를 먹고 있다. 암질환심의,local,10,출시,,,0.9336751237492245,,1.0,0.9336751237492245,8.921435519746742,8.0,9.53572586624457,False
2026-06-04,Client,2026-06-04 06:02:00,Naver News,https://new.dailypharm.com/user/news/339127?REFERER=NP,[데일리팜]다국적사-K-바이오 협력 확대…오픈이노베이션 경쟁 본격화,"글로벌 제약사들의 국내 바이오기업 협력이 단순 기술 도입을 넘어 오픈이노베이션 전략 경쟁으로 확대되는 모습이다. 과거 후기 임상 단계 자산을 중심으로 한 기술도입이 주를 이뤘다면, 최근에는 초기 후보물질과 플랫폼 기술 확보, 스타트업 육성 프로그램 운영까지 협력 방식이 다변화되는 흐름이다. 4일 관련 업계에 따르면 일라이릴리는 최근 한미약품의 GLP-2 기전 신약후보물질….","글로벌 제약사들의 국내 바이오기업 협력이 단순 기술 도입을 넘어 오픈이노베이션 전략 경쟁으로 확대되는 모습이다. 과거 후기 임상 단계 자산을 중심으로 한 기술도입이 주를 이뤘다면, 최근에는 초기 후보물질과 플랫폼 기술 확보, 스타트업 육성 프로그램 운영까지 협력 방식이 다변화되는 흐름이다. 4일 관련 업계에 따르면 일라이릴리는 최근 한미약품의 GLP-2 기전 신약후보물질…",local,10,암젠,,,0.9333642270007299,,1.0,0.9333642270007299,8.920129753403065,8.0,9.533549589005109,False
2026-06-04,Client,2026-06-01 10:10:00,Naver News,https://www.pinpointnews.co.kr/news/articleView.html?idxno=456730,K-바이오 '마일스톤 랠리'…하반기 기대주는?,국내 제약바이오 기업들이 글로벌 제약사들과 체결한 대형 기술수출 계약의 후속 성과를 잇달아 도출하며 '돈 버는' 바이오 사업 모델을 구축하고 있다. 신약 파이프라인과 독자 플랫폼의 임상 진전에 따라 마일스톤(단계별 기술료) 유입이 본격화되면서 실제 상업화로 이어지는 선순환 구조가 자리 잡는 모양새다. 빅파마 러브콜…글로벌 임상도 '순항'1일 업계에 따르면 한미약품은 글로벌 비만치료제 시장의 선두주자인 일라이 릴리와 자체 지속형 플랫폼 기술인 '랩스커버리'를 접목한 GLP-2 계열 신약 후보물질 '소네페글루타이드(HM15912)'의.,국내 제약바이오 기업들이 글로벌 제약사들과 체결한 대형 기술수출 계약의 후속 성과를 잇달아 도출하며 '돈 버는' 바이오 사업 모델을 구축하고 있다. 신약 파이프라인과 독자 플랫폼의 임상 진전에 따라 마일스톤(단계별 기술료) 유입이 본격화되면서 실제 상업화로 이어지는 선순환 구조가 자리 잡는 모양새다. 빅파마 러브콜…글로벌 임상도 '순항'1일 업계에 따르면 한미약품은 글로벌 비만치료제 시장의 선두주자인 일라이 릴리와 자체 지속형 플랫폼 기술인 '랩스커버리'를 접목한 GLP-2 계열 신약 후보물질 '소네페글루타이드(HM15912)'의,local,10,다이이찌산쿄,,,0.9330887822324611,,1.0,0.9330887822324611,8.918972885376336,8.0,9.531621475627226,False
2026-06-04,BD,2026-06-05 07:02:00,Naver News,https://www.thebell.co.kr/free/content/ArticleView.asp?key=202606021542397080106892,"[더벨][thebell interview | ASCO로 보는 K-바이오] 에스티큐브 ""넬마스토...","◇""최신 신약과도 견줄 수치, 글로벌 파트너십 통해 3상 추진"" 2차 이상 치료에 실패하거나 내성이 생긴... 최단 시간 내에 약의 효과를 통계적으로 확인한 뒤 글로벌 파트너십을 통해 3상으로 연결한다는 전략이다.... ","◇""최신 신약과도 견줄 수치, 글로벌 파트너십 통해 3상 추진"" 2차 이상 치료에 실패하거나 내성이 생긴... 최단 시간 내에 약의 효과를 통계적으로 확인한 뒤 글로벌 파트너십을 통해 3상으로 연결한다는 전략이다.... ",local,10,파트너십,,,0.9301094942742972,,1.0,0.9301094942742972,8.906459875952049,8.0,9.510766459920081,False
2026-06-04,Client,2026-06-02 11:36:00,Naver News,https://www.ilovepc.co.kr/news/articleView.html?idxno=59552,한미약품 '비만 플랫폼' 재시동 … 기술 수출 → 후속 딜 → 신약 출시,"=이백현 기자] 한미약품이 6년 만에 대형 기술이전 성과를 내면서 비만 치료제 파이프라인에 대한 시장의 기대도 다시 커지고 있다. 이번 계약은 단장증후군 치료제 후보물질을 대상으로 한 것이지만, 증권가에서는 한미약품의 기술수출 역량이 재확인된 만큼 비만 치료제 후보물질의 후속 계약 가능성에 주목하고 있다.2일 증권업계에 따르면 한미약품은 전날 일라이릴리와 월 1회 장기지속형 GLP-2 수용체 작용제 소네페글루타이드(HM15912)의 라이선스 아웃 계약을 체결했다. 총 계약 규모는 12억6000만달러, 약 1조.","[디지털포스트(PC사랑)=이백현 기자] 한미약품이 6년 만에 대형 기술이전 성과를 내면서 비만 치료제 파이프라인에 대한 시장의 기대도 다시 커지고 있다. 이번 계약은 단장증후군 치료제 후보물질을 대상으로 한 것이지만, 증권가에서는 한미약품의 기술수출 역량이 재확인된 만큼 비만 치료제 후보물질의 후속 계약 가능성에 주목하고 있다.2일 증권업계에 따르면 한미약품은 전날 일라이릴리와 월 1회 장기지속형 GLP-2 수용체 작용제 소네페글루타이드(HM15912)의 라이선스 아웃 계약을 체결했다. 총 계약 규모는 12억6000만달러, 약 1조",local,10,노보노디스크,,,0.9228825063633533,,1.0,0.9228825063633533,8.876106526726083,8.0,9.460177544543473,False
2026-06-04,BD,2026-06-03 06:02:00,Naver News,https://news.mtn.co.kr/news-detail/2026060210003875872,K-바이오 기술수출 '벌써 13兆'…역대 기록 갈아치울까,올해 들어 국내 제약·바이오 기업의 기술수출 규모가 13조원에 근접하며 사상 최대 실적을 갈아치울지 주목된다.2일 관련 업계에 따르면 올 초부터 현재까지 국내 제약·바이오 기업들의 기술수출 규모는 공개되지 않은 계약 건을 제외하고 12조9135억원이다. 이 추세대로라면 역대 최대 실적인 지난해 20조9900억원을 넘어설 가능성이 점쳐진다.가장 최근에 한미약품이 1조9000억원 ‘잭팟’을 터뜨렸다. 한미약품은 미국 일라이 릴리에 바이오신약 후보물질 ‘소네페글루타이드(과제명 LAPS GLP-2 analog)’를 총 1조8973.,올해 들어 국내 제약·바이오 기업의 기술수출 규모가 13조원에 근접하며 사상 최대 실적을 갈아치울지 주목된다.2일 관련 업계에 따르면 올 초부터 현재까지 국내 제약·바이오 기업들의 기술수출 규모는 공개되지 않은 계약 건을 제외하고 12조9135억원이다. 이 추세대로라면 역대 최대 실적인 지난해 20조9900억원을 넘어설 가능성이 점쳐진다.가장 최근에 한미약품이 1조9000억원 ‘잭팟’을 터뜨렸다. 한미약품은 미국 일라이 릴리에 바이오신약 후보물질 ‘소네페글루타이드(과제명 LAPS GLP-2 analog)’를 총 1조8973,local,10,GSK,,,0.9141048228077295,,1.0,0.9141048228077295,8.839240255792465,8.0,9.398733759654107,False
2026-06-04,BD,2026-06-02 06:00:00,Naver News,https://www.apsk.co.kr/news/articleView.html?idxno=539494,"통증약 '탈리제' 성벽 흔들리나…휴온스·동아·JW, 특허회피 첫 관문 통과 - 메디팜스투데이","일부 국내 제네릭사들이 다이이찌산쿄의 신경병증성 통증 치료제 '탈리제정(성분명 미로가발린)'의 특허장벽에 균열을 내기 시작했다. 휴온스와 동아에스티, JW중외제약.","일부 국내 제네릭사들이 다이이찌산쿄의 신경병증성 통증 치료제 '탈리제정(성분명 미로가발린)'의 특허장벽에 균열을 내기 시작했다. 휴온스와 동아에스티, JW중외제약",local,10,다이이찌산쿄,,,0.9618396898965613,,1.0,0.9618396898965613,8.639726697565557,7.0,9.732877829275928,False
2026-06-04,BD,2026-06-05 05:58:00,Naver News,https://www.monews.co.kr/news/articleView.html?idxno=411603,원료의약품 '약가 가산' 책정됐지만 웃지 못하는 제약기업들 - 메디칼업저버,정부가 원료의약품(API) 국산화를 명분으로 내세운 약가 우대 가산 제도가 실효성 없는 정책이라는 비판에 직면하게 됐다.제네릭 약가를.,[메디칼업저버 문윤희 기자] 정부가 원료의약품(API) 국산화를 명분으로 내세운 약가 우대 가산 제도가 실효성 없는 정책이라는 비판에 직면하게 됐다.제네릭 약가를,local,10,합병,,,0.9596325965299799,,1.0,0.9596325965299799,8.630456905425916,7.0,9.717428175709859,False
2026-06-04,BD,2026-06-04 18:30:00,Naver News,https://www.sentv.co.kr/article/view/sentv202606040093,"SK바이오팜 ‘간판 신약’, 中 제네릭 공세에 경쟁 심화",SK바이오팜의 뇌전증 신약 '세노바메이트'가 중국 시장에 진출한 지 석 달 만에 제네릭(복제의약품) 경쟁에 직면했습니다. 현재 세노바메이트 매출의 90.,SK바이오팜의 뇌전증 신약 '세노바메이트'가 중국 시장에 진출한 지 석 달 만에 제네릭(복제의약품) 경쟁에 직면했습니다. 현재 세노바메이트 매출의 90,local,10,제네릭,,,0.9588160324634433,,1.0,0.9588160324634433,8.627027336346462,7.0,9.711712227244103,False
2026-06-04,Client,2026-06-02 06:02:00,Naver News,https://biz.chosun.com/science-chosun/bio/2026/06/02/CJ5A6BCWGBGUVPVYXKDAGR3E3I/?utm_source=naver&utm_medium=original&utm_campaign=biz,[당신의 생각은] 위고비·마운자로 규제 임박…비만약 오남용 막을 수 있을까,당신의 생각은 위고비·마운자로 규제 임박비만약 오남용 막을 수 있을까  식약처 오남용 우려 의약품 지정 수순 규제 강화 vs 실효성 논란.,당신의 생각은 위고비·마운자로 규제 임박비만약 오남용 막을 수 있을까  식약처 오남용 우려 의약품 지정 수순 규제 강화 vs 실효성 논란,local,10,품귀,,,0.9570444187649553,,1.0,0.9570444187649553,8.619586558812811,7.0,9.699310931354686,False
2026-06-04,BD,2026-06-05 06:02:00,Naver News,https://www.yakup.com/news/index.html?mode=view&cat=12&nid=328117,"[약업신문]단순 영업 대행 끝났다… 1만 CSO 시대, 정부 전방위 규제 속 질적 신뢰 회복 생존 가른다",그래픽.©약업신문=김홍식 기자약가제도 개편과 제네릭 의약품 약가 인하 등 전방위적인 수익성 압박에 직면한 제약업계에서 의약품 판촉영업대행사(CSO)는 이제 선택이 아닌 필수가 되었다. 막대한 고정비...,그래픽.©약업신문=김홍식 기자약가제도 개편과 제네릭 의약품 약가 인하 등 전방위적인 수익성 압박에 직면한 제약업계에서 의약품 판촉영업대행사(CSO)는 이제 선택이 아닌 필수가 되었다. 막대한 고정비...,local,10,CSO,,,0.9560532711988083,,1.0,0.9560532711988083,8.615423739034995,7.0,9.692372898391657,False
2026-06-04,Client,2026-06-04 06:00:00,Naver News,https://www.bosa.co.kr/news/articleView.html?idxno=3005593,"다국적제약, 소셜미디어·팝업·캠페인 등 환자 소통 채널 다각화 '눈길' - 의학신문","다국적 제약사들이 학술 마케팅에서 벗어나, 일반 대중과 환자를 직접 겨냥한 형태의 소통 마케팅을 강화하고 있어 주목된다.소셜미디어.","[의학신문·일간보사=김상일 기자]다국적 제약사들이 학술 마케팅에서 벗어나, 일반 대중과 환자를 직접 겨냥한 형태의 소통 마케팅을 강화하고 있어 주목된다.소셜미디어",local,10,바이엘,,,0.95252332381296,,1.0,0.95252332381296,8.600597960014433,7.0,9.66766326669072,False
2026-06-04,Client,2026-06-03 09:10:00,Naver News,https://medicalworldnews.co.kr/news/view.php?idx=1510974996,"2025년 신약 26품목 허가…국내 개발 3품목, 개량신약 5년 최다",▲한국애브비 ‘엘라히어주’ 등 이외에도 글락소스미스클라인의 ‘누칼라오토인젝터주’(메폴리주맙)... 한국애브비의 ‘엘라히어주’(미르베툭시맙소라브탄신)는 난소암·난관암·원발성 복막암 치료제... ,▲한국애브비 ‘엘라히어주’ 등 이외에도 글락소스미스클라인의 ‘누칼라오토인젝터주’(메폴리주맙)... 한국애브비의 ‘엘라히어주’(미르베툭시맙소라브탄신)는 난소암·난관암·원발성 복막암 치료제... ,local,10,애브비,,,0.9520636964309248,,1.0,0.9520636964309248,8.598667525009883,7.0,9.664445875016472,False
2026-06-04,Client,2026-06-03 05:26:00,Naver News,https://www.pharmnews.com/news/articleView.html?idxno=303913,美 MFN 약가 동맹...한국 신약 접근성 '적신호' - 팜뉴스,"미국이 글로벌 의약품 약가 질서를 재편했다. 글로벌 제약사 17곳이 도널드 트럼프 대통령의 최혜국대우(Most-Favored-Nation,.","[팜뉴스=김민건 기자] 미국이 글로벌 의약품 약가 질서를 재편했다. 글로벌 제약사 17곳이 도널드 트럼프 대통령의 최혜국대우(Most-Favored-Nation,",local,10,베링거인겔하임,,,0.9517320073201985,,1.0,0.9517320073201985,8.597274430744832,7.0,9.662124051241388,False
2026-06-04,BD,2026-06-04 20:01:00,Naver News,https://biz.heraldcorp.com/article/10763762?ref=naver,별거 중인 아내가 ‘남의 정자’로 임신…남편 “내 동의 없이 문서 위조”,일본에서 별거 중이던 여성이 제3자의 정자를 남편의 것이라고 속여 불임치료를 받고 출산한 사실이 알려져 논란이 일고 있다.,[헤럴드경제=김보영 기자] 일본에서 별거 중이던 여성이 제3자의 정자를 남편의 것이라고 속여 불임치료를 받고 출산한 사실이 알려져 논란이 일고 있다. 남편은 병원의 확,local,10,불임,,,0.950511502732584,,1.0,0.950511502732584,8.592148311476853,7.0,9.653580519128088,False
2026-06-04,BD,2026-06-02 14:36:00,Naver News,http://dream.kotra.or.kr/kotranews/cms/news/actionKotraBoardDetail.do?SITE_NO=3&MENU_ID=190&CONTENTS_NO=2&bbsGbn=254&bbsSn=254&pNttSn=241858,콜롬비아 냉동·냉장 설비 시장동향,"콜롬비아 냉동·냉장 설비 시장은 식품·음료, 물류, 의료·제약, 데이터 인프라 분야의 온도관리 수요 확대에 힘입어 성장하고 있다.","콜롬비아 냉동&middot;냉장 설비 시장은 식품&middot;음료, 물류, 의료&middot;제약, 데이터 인프라 분야의 온도관리 수요 확대에 힘입어 성장하고 있다. 2025년",local,10,콜드체인,,,0.9502426828704471,,1.0,0.9502426828704471,8.591019268055879,7.0,9.651698780093131,False
2026-06-04,BD,2026-06-05 07:02:00,Naver News,https://www.thebell.co.kr/free/content/ArticleView.asp?key=202606032033589520103826,"[더벨][ASCO로 보는 K-바이오] 온코닉테라, 네수파립 gBRCA 변이 없는 환...","온코닉테라퓨틱스 관계자는 ""직접 허가단계까지 이끌고 싶지만 항암제는 비용이 많이 들고 경쟁이 치열해 개발 속도를 높여야 하는 부담이 있다""며 ""병용 결과에 대한 학회 현장에서 많은 관심이 있어 라이선스... ","온코닉테라퓨틱스 관계자는 ""직접 허가단계까지 이끌고 싶지만 항암제는 비용이 많이 들고 경쟁이 치열해 개발 속도를 높여야 하는 부담이 있다""며 ""병용 결과에 대한 학회 현장에서 많은 관심이 있어 라이선스... ",local,10,라이선스,,,0.9498294034792104,,1.0,0.9498294034792104,8.589283494612683,7.0,9.648805824354472,False
2026-06-04,BD,2026-06-04 06:02:00,Naver News,https://www.apsk.co.kr/news/articleView.html?idxno=539506,"독감·대상포진 백신이 치매 막는다?…빅파마, 100조 신경퇴행성질환 시장 정조준 - 메디팜스투데이","감염병 예방에 머물렀던 백신이 치매와 알츠하이머병, 파킨슨병 등 신경퇴행성 질환 예방 가능성까지 제시하면서 제약업계가 새로운 성장 동력을 모색하고 있다.그동안 백.","감염병 예방에 머물렀던 백신이 치매와 알츠하이머병, 파킨슨병 등 신경퇴행성 질환 예방 가능성까지 제시하면서 제약업계가 새로운 성장 동력을 모색하고 있다.그동안 백",local,10,바이오젠,,,0.9485161082481338,,1.0,0.9485161082481338,8.583767654642163,7.0,9.639612757736938,False
2026-06-04,Client,2026-06-05 06:02:00,Naver News,https://www.yakup.com/news/index.html?mode=view&cat=12&nid=328119,[약업신문]독일 약가 규제에 제약업계 경고장…릴리·베링거 수조원 투자 철회,독일 정부의 의료비 절감 정책이 글로벌 제약사들의 대규모 투자 축소로 이어지고 있다. 일라이 릴리(Eli Lilly)와 베링거인겔하임(Boehringer Ingelheim)은 독일 정부가 추진 중인 의료개혁안에 반발하며 당초 ...,독일 정부의 의료비 절감 정책이 글로벌 제약사들의 대규모 투자 축소로 이어지고 있다. 일라이 릴리(Eli Lilly)와 베링거인겔하임(Boehringer Ingelheim)은 독일 정부가 추진 중인 의료개혁안에 반발하며 당초 ...,local,10,약가,,,0.9468779801094173,,1.0,0.9468779801094173,8.576887516459552,7.0,9.628145860765919,False
2026-06-04,BD,2026-06-05 00:01:00,Naver News,https://news.tf.co.kr/read/economy/2329456.htm,"대웅·중외제약, 혁신형 신청 자격 '미지수'…가산·감면 혜택 기로 - 경제 | 기사 - 더팩트","8월 인증 신청 계획...리베이트 규제 완화 안되면 불가리베이트 규제 완화에 세금 투입, 사회적책임 고려 반발 커서울시 강남구 대웅제약 본사(왼쪽), 충남 당진시에 위치한 JW중..","8월 인증 신청 계획...리베이트 규제 완화 안되면 불가리베이트 규제 완화에 세금 투입, 사회적책임 고려 반발 커서울시 강남구 대웅제약 본사(왼쪽), 충남 당진시에 위치한 JW중..",local,10,제네릭,,,0.9462835238119146,,1.0,0.9462835238119146,8.574390800010042,7.0,9.623984666683402,False
2026-06-04,Client,2026-06-05 06:02:00,Naver News,https://www.dailypharm.com/user/news/339153?REFERER=NP,[데일리팜]겔포스·카네스텐 등 스테디셀러 일반약의 변신과 도전,"지난 5월 한 달간 허가된 의약품은 전문의약품 75품목, 일반의약품 36품목 등 총 111품목으로 집계됐습니다. 이는 올해 들어 가장 많은 허가 건수(총 178품목)를 기록했던 전월(4월) 대비 약 37.6% 감소한 수치입니다. 최근 수개월간의 허가 추이를 살펴보면 지난해 11월 122품목, 12월 119품목에 이어 올해 1월 101품목으로 시작한 허가 건수는 2월 124품목으로 늘었다가 3월(88품목)에….","지난 5월 한 달간 허가된 의약품은 전문의약품 75품목, 일반의약품 36품목 등 총 111품목으로 집계됐습니다. 이는 올해 들어 가장 많은 허가 건수(총 178품목)를 기록했던 전월(4월) 대비 약 37.6% 감소한 수치입니다. 최근 수개월간의 허가 추이를 살펴보면 지난해 11월 122품목, 12월 119품목에 이어 올해 1월 101품목으로 시작한 허가 건수는 2월 124품목으로 늘었다가 3월(88품목)에…",local,10,제형,,,0.9456779426244786,,1.0,0.9456779426244786,8.57184735902281,7.0,9.619745598371349,False
2026-06-04,Client,2026-06-05 05:56:00,Naver News,https://www.monews.co.kr/news/articleView.html?idxno=411619,"아바스틴 기반 3제 요법, 우측 전이성 대장암 이득 입증 실패 - 메디칼업저버",우측 전이성 대장암 1차 치료 전략으로 로슈 아바스틴(성분명 베바시주맙) 기반 3제 항암화학 병용요법이 2제 병용요법 대비 생존 이득.,[메디칼업저버 양영구 기자] 우측 전이성 대장암 1차 치료 전략으로 로슈 아바스틴(성분명 베바시주맙) 기반 3제 항암화학 병용요법이 2제 병용요법 대비 생존 이득,local,10,로슈,,,0.9450426513014016,,1.0,0.9450426513014016,8.569179135465886,7.0,9.61529855910981,False
2026-06-04,Client,2026-06-04 17:24:00,Naver News,https://www.medipana.com/news/articleView.html?idxno=412374,'빌로이·핀테플라' 약평위 통과…'테빔브라' 5개 적응증 확대 - 메디파나뉴스,"위암 치료제 '빌로이주(졸베툭시맙)'와 드라벳증후군 치료제 '핀테플라액(펜플루라민염산염)', 비소세포폐암 치료제 '리브리반트주(아.","[메디파나뉴스 = 박으뜸 기자] 위암 치료제 '빌로이주(졸베툭시맙)'와 드라벳증후군 치료제 '핀테플라액(펜플루라민염산염)', 비소세포폐암 치료제 '리브리반트주(아",local,10,얀센,,,0.9443192232640782,,1.0,0.9443192232640782,8.566140737709128,7.0,9.610234562848547,False
2026-06-04,BD,2026-06-04 06:00:00,Naver News,https://www.pharmnews.com/news/articleView.html?idxno=303940,[기자의 펜] 빅파마 CEO 20명이 일본 총리를 만난 '진짜' 이유 - 팜뉴스,지난주 미국·유럽·일본을 대표하는 주요 바이오제약기업 CEO를 포함한 글로벌 제약 리더 20여 명이 다카이치 사나에 일본 총리와 회동했다.,[팜뉴스=김민건 기자] 지난주 미국·유럽·일본을 대표하는 주요 바이오제약기업 CEO를 포함한 글로벌 제약 리더 20여 명이 다카이치 사나에 일본 총리와 회동했다.,local,10,특허만료,,,0.9435608760939008,,1.0,0.9435608760939008,8.562955679594383,7.0,9.604926132657305,False
2026-06-04,Client,2026-05-29 12:06:00,Naver News,https://www.dailypharm.com/user/news/338984?REFERER=NP,"[데일리팜]렌비마에 카보메틱스도 승전보...보령, 항암제 특허 연속 극복",보령이 간암치료제 ‘카보메틱스(카보잔티닙)’ 미등재 특허의 일부 무효에 성공하면서 제네릭 발매 시점을 앞당겼다. 연초 대법원 판결로 확보한 ‘렌비마(렌바티닙)’ 제네릭에서 카보메틱스 제네릭으로 이어지는 간세포암‧신세포암 치료제 라인을 구축했다는 평가다. 29일 제약업계에 따르면 최근 특허심판원은 보령이 입센을 상대로 청구한 카보메틱스 미등재 조성물특허(10-1862324)에….,보령이 간암치료제 ‘카보메틱스(카보잔티닙)’ 미등재 특허의 일부 무효에 성공하면서 제네릭 발매 시점을 앞당겼다. 연초 대법원 판결로 확보한 ‘렌비마(렌바티닙)’ 제네릭에서 카보메틱스 제네릭으로 이어지는 간세포암‧신세포암 치료제 라인을 구축했다는 평가다. 29일 제약업계에 따르면 최근 특허심판원은 보령이 입센을 상대로 청구한 카보메틱스 미등재 조성물특허(10-1862324)에…,local,10,입센,,,0.9432092861721983,,1.0,0.9432092861721983,8.561479001923233,7.0,9.602465003205388,False
2026-06-04,BD,2026-06-02 06:02:00,Naver News,https://www.dailypharm.com/user/news/339080?REFERER=NP,[데일리팜]창고형 등 약국광고 제한 복지부령 폐기..국회입법 추진 여파,"보건복지부가 입법예고했던 약사법 시행규칙 개정안 중 상당수 조항이 사실상 폐기됐다. 약국이 ‘창고형’, ‘마트형’, ‘성지’, ‘특가’, ‘할인’ 등의 문구를 사용해 표시·광고를 하지 못하도록 제한하려던 규제 조항도 이번 폐기 대상에 포함됐다. 이번 시행규칙 개정안의 대규모 폐기는 국회 보건복지위원회 법안심사소위원회를 통과한 약사법 개정안의 영향이 큰 것으로 풀이된다.","보건복지부가 입법예고했던 약사법 시행규칙 개정안 중 상당수 조항이 사실상 폐기됐다. 약국이 ‘창고형’, ‘마트형’, ‘성지’, ‘특가’, ‘할인’ 등의 문구를 사용해 표시·광고를 하지 못하도록 제한하려던 규제 조항도 이번 폐기 대상에 포함됐다. 이번 시행규칙 개정안의 대규모 폐기는 국회 보건복지위원회 법안심사소위원회를 통과한 약사법 개정안의 영향이 큰 것으로 풀이된다. 상위법…",local,10,판촉영업자,,,0.9423317430719889,,1.0,0.9423317430719889,8.557793320902354,7.0,9.596322201503922,False
2026-06-04,BD,2026-06-04 16:04:00,Naver News,https://www.yakup.com/news/index.html?mode=view&cat=16&nid=328091,"[약업신문]FDA, 세포‧유전자 치료제 공급 가속화 지침 초안 공개",FDA가 기존의 학술‧규제 지식의 활용도를 높여 개발자들이 유망한 유전자 치료제들을 환자들에게 보다 효율적으로 공급할 수 있도록 도움을 제공하기 위한 지침 초안을 2일 공개했다.이 지침이 확정되면 임...,FDA가 기존의 학술‧규제 지식의 활용도를 높여 개발자들이 유망한 유전자 치료제들을 환자들에게 보다 효율적으로 공급할 수 있도록 도움을 제공하기 위한 지침 초안을 2일 공개했다.이 지침이 확정되면 임...,local,10,생물학적제제,,,0.941143895027233,,1.0,0.941143895027233,8.552804359114377,7.0,9.58800726519063,False
2026-06-04,BD,2026-06-04 17:42:00,Naver News,http://www.bokuennews.com/news/article.html?no=279238,글로벌 금융그룹이 짚은 한국 바이오제약의 현주소는,한국 바이오제약 산업은 제네릭 의약품 중심에서 바이오의약품 전문 산업으로 전환해 왔다. 정부 지원... 보고서는 한국 제약산업의 변화를 제네릭 의약품 생산 중심에서 바이오의약품 전문 산업으로의 전환으로... ,한국 바이오제약 산업은 제네릭 의약품 중심에서 바이오의약품 전문 산업으로 전환해 왔다. 정부 지원... 보고서는 한국 제약산업의 변화를 제네릭 의약품 생산 중심에서 바이오의약품 전문 산업으로의 전환으로... ,local,10,제네릭,,,0.9399374731609664,,1.0,0.9399374731609664,8.547737387276058,7.0,9.579562312126765,False
2026-06-04,Client,2026-06-02 13:56:00,Naver News,https://www.biotimes.co.kr/news/articleView.html?idxno=32150,휴미라 독점 끝났다…100조 원 자가면역 시장 '세대교체' 시작 - 바이오타임즈,글로벌 제약업계가 차세대 자가면역질환 치료제 확보 경쟁에 속도를 내고 있다. 장기간 블록버스터 의약품을 배출해 온 자가면역질환 시장이 세대교체 국.,[바이오타임즈] 글로벌 제약업계가 차세대 자가면역질환 치료제 확보 경쟁에 속도를 내고 있다. 장기간 블록버스터 의약품을 배출해 온 자가면역질환 시장이 세대교체 국,local,10,애브비,,,0.9390310000552025,,1.0,0.9390310000552025,8.54393020023185,7.0,9.573217000386416,False
2026-06-04,Client,2026-06-04 09:16:00,Naver News,http://www.foodnews.co.kr/news/articleView.html?idxno=118835,의약품 유사 명칭 사용 금지에 대한 법률적 문제,"4남매 이름을 지으면서 작명법 책도 보고, 유명인들이 사용하는 이름도 검색해 보면서 어떤 것으로 결정해야 할지 고민했던 시기가 생각납니다. 그리고 법인을 설립하거나 ‘식품저널’처럼 언론사를 만들 때도 제일 처음에 해야 할 일은 이미 사용되고 있는 것인지 검색하는 일입니다. 물론 상표권을 출원할 때도 비슷한 절차와 과정이 적용될 것입니다. 당연히 이런 문제는 식품회사에서 제품 이름을 결정하는 과정에도 적용될 수밖에 없습니다.","4남매 이름을 지으면서 작명법 책도 보고, 유명인들이 사용하는 이름도 검색해 보면서 어떤 것으로 결정해야 할지 고민했던 시기가 생각납니다. 그리고 법인을 설립하거나 ‘식품저널’처럼 언론사를 만들 때도 제일 처음에 해야 할 일은 이미 사용되고 있는 것인지 검색하는 일입니다. 물론 상표권을 출원할 때도 비슷한 절차와 과정이 적용될 것입니다. 당연히 이런 문제는 식품회사에서 제품 이름을 결정하는 과정에도 적용될 수밖에 없습니다. 소비자의 관심을 끌면서 해당 제품의 성분이나 표현하고 개발자가 소비자에게 알려주고 싶은 제품 개발의 목적을 자",local,10,마운자로,,,0.9389539359949929,,1.0,0.9389539359949929,8.54360653117897,7.0,9.57267755196495,False
2026-06-04,Client,2026-06-02 09:22:00,Naver News,http://www.bokuennews.com/news/article.html?no=279102,"한국오가논 프로페시아, 세계모발학회서 장기 치료 효과 입증",한국오가논이 지난달 31일 서울 코엑스에서 열린 제14차 세계모발학회(WCHR 2026)에 참가해 남성형 경구용... 한국오가논은 중도 치료 중단을 방지하기 위한 디지털 환자 지원 도구인 '마이프로페시아'도 소개했다. 이 앱은... ,한국오가논이 지난달 31일 서울 코엑스에서 열린 제14차 세계모발학회(WCHR 2026)에 참가해 남성형 경구용... 한국오가논은 중도 치료 중단을 방지하기 위한 디지털 환자 지원 도구인 '마이프로페시아'도 소개했다. 이 앱은... ,local,10,오가논,,,0.9380262634728492,,1.0,0.9380262634728492,8.539710306585967,7.0,9.566183844309943,False
2026-06-04,Client,2026-06-02 17:10:00,Naver News,https://kormedi.com/?p=2821431,MASH 치료제 경쟁 본격화…디앤디파마텍·한미·유한양행 도전,"대사이상지방간염(MASH)은 전 세계 수억 명이 앓지만 FDA 승인 치료제는 많지 않다. 디앤디파마텍, 한미약품, 유한양행 등이 MASH 신약 개발에 속도를 내며 글로벌 기술이전 가능성에도 관심이 쏠린다.","대사이상지방간염(MASH)은 전 세계 수억 명이 앓지만 FDA 승인 치료제는 많지 않다. 디앤디파마텍, 한미약품, 유한양행 등이 MASH 신약 개발에 속도를 내며 글로벌 기술이전 가능성에도 관심이 쏠린다.",local,10,노보노디스크,,,0.9370017874665819,,1.0,0.9370017874665819,8.535407507359643,7.0,9.559012512266072,False
2026-06-04,Client,2026-06-04 06:02:00,Naver News,https://www.yakup.com/news/index.html?mode=view&cat=12&nid=328059,[약업신문][ASCO 2026] 간암 영토 넓히는 임핀지…임주도 병용으로 조기 치료시장 정조준,"아스트라제네카(AstraZeneca)가 간세포암(HCC) 치료 영역 확대에 속도를 내고 있다. 진행성 간암에서 입지를 구축한 면역항암제 임핀지(Imfinzi, durvalumab)와 임주도(Imjudo, tremelimumab) 병용요법이 이번에...","아스트라제네카(AstraZeneca)가 간세포암(HCC) 치료 영역 확대에 속도를 내고 있다. 진행성 간암에서 입지를 구축한 면역항암제 임핀지(Imfinzi, durvalumab)와 임주도(Imjudo, tremelimumab) 병용요법이 이번에...",local,10,로슈,,,0.9343397544910411,,1.0,0.9343397544910411,8.524226968862372,7.0,9.540378281437288,False
2026-06-04,Client,2026-06-04 18:43:00,Naver News,http://www.fnnews.com/news/202606041841419002,"다이어트 성수기, 비만ETF 기지개","전 세계적인 다이어트 열풍으로 비만 관련 바이오 글로벌 제약사에 투자하는 글로벌 비만 ETF들의 최근 한달간 상승률이 평균 10%를 넘어섰다.김남호 미래에셋운용 글로벌ETF운용본부 본부장은 ""유럽비만학회 이후 릴리의 경구 비만약 오포글리프론, 노보의 고용량 위고….","전 세계적인 다이어트 열풍으로 비만 관련 바이오 글로벌 제약사에 투자하는 글로벌 비만 ETF들의 최근 한달간 상승률이 평균 10%를 넘어섰다.김남호 미래에셋운용 글로벌ETF운용본부 본부장은 ""유럽비만학회 이후 릴리의 경구 비만약 오포글리프론, 노보의 고용량 위고…",local,10,릴리,,,0.9334032267660949,,1.0,0.9334032267660949,8.520293552417598,7.0,9.533822587362664,False
2026-06-04,Client,2026-06-04 15:08:00,Naver News,https://biz.chosun.com/science-chosun/bio/2026/06/04/Y36AGNBEVJFL5DIFVYHY475TMI/?utm_source=naver&utm_medium=original&utm_campaign=biz,"엔벤트릭, 급성 뇌경색 혈전 제거기기 ‘울트리바’ 식약처 허가","엔벤트릭, 급성 뇌경색 혈전 제거기기 울트리바 식약처 허가 독자 기술 아크원 적용굴곡진 뇌혈관에서도 혈전 안정적 제거   뇌경색 시술 기기 제품군 확대외산 독점 시장 도전장.","엔벤트릭, 급성 뇌경색 혈전 제거기기 울트리바 식약처 허가 독자 기술 아크원 적용굴곡진 뇌혈관에서도 혈전 안정적 제거   뇌경색 시술 기기 제품군 확대외산 독점 시장 도전장",local,10,애보트,,,0.9320566550786357,,1.0,0.9320566550786357,8.514637951330268,7.0,9.524396585550448,False
2026-06-04,Client,2026-05-31 06:01:00,Naver News,https://biz.chosun.com/science-chosun/bio/2026/05/31/CWN2APC6BVG6PIRQ5WBUUQYHEI/?utm_source=naver&utm_medium=original&utm_campaign=biz,"100주년 유한양행, 조직·개발 전략 개편…“공동개발·TPD·AI 승부수""","100주년 유한양행, 조직·개발 전략 개편공동개발·TPD·AI 승부수 유한USA 앞세워 글로벌 공동 개발 확대 리제네론·비원메디슨식 성장 언급 1차 표준 치료 겨냥 블록버스터 목표.","100주년 유한양행, 조직·개발 전략 개편공동개발·TPD·AI 승부수 유한USA 앞세워 글로벌 공동 개발 확대 리제네론·비원메디슨식 성장 언급 1차 표준 치료 겨냥 블록버스터 목표",local,10,베이진,,,0.9318153027432099,,1.0,0.9318153027432099,8.513624271521481,7.0,9.522707119202469,False
2026-06-04,Client,2026-06-04 15:28:00,Naver News,https://www.ytn.co.kr/_ln/0134_202606041528580199,"""날씬한데 어떻게 처방?""...'위고비 성지' 논란에 전문가 경고 [지금이뉴스]","비만치료제 마운자로와 위고비가 다이어트 열풍과 함께 확산되는 가운데, 일부 의료기관의 이른바 '위고비 성지' 마케팅과 형식적인 진료 관행이 의료법 위반 소지가 있다...","비만치료제 마운자로와 위고비가 다이어트 열풍과 함께 확산되는 가운데, 일부 의료기관의 이른바 '위고비 성지' 마케팅과 형식적인 진료 관행이 의료법 위반 소지가 있다...",local,10,위고비,,,0.9303948804953615,,1.0,0.9303948804953615,8.507658498080518,7.0,9.51276416346753,False
2026-06-04,Client,2026-06-04 12:20:00,Naver News,https://www.ytn.co.kr/_ln/0103_202606041220370464,"[사건X파일] ""날씬한데, 어떻게 마운자로 처방을?"" 비만치료제 과잉처방·과장광고 논란","방송 : FM 94.5 (06:40~06:55, 12:40~12:55, 19:40~19:55)■ 방송일 : 2026년 6월 4일 (목)■ 진행 : 이원화 변호사■ 대담 : 이성호 변호사* 아래 텍스트는 실제 방송 내...","■ 방송 : FM 94.5 (06:40~06:55, 12:40~12:55, 19:40~19:55)■ 방송일 : 2026년 6월 4일 (목)■ 진행 : 이원화 변호사■ 대담 : 이성호 변호사* 아래 텍스트는 실제 방송 내...",local,10,위고비,,,0.9298664132948209,,1.0,0.9298664132948209,8.505438935838248,7.0,9.509064893063746,False
2026-06-04,BD,2026-06-02 06:00:00,Naver News,https://www.bosa.co.kr/news/articleView.html?idxno=3005492,대웅제약 나보타·JW중외제약 리바로 분기 매출 500억원 돌파 - 의학신문,"올해 1분기 대웅제약 ‘나보타’, JW중외제약 ‘리바로 패밀리’, 한미약품 ‘로수젯’ 등 56개 품목이 분기 매출 100억원 이.","[의학신문·일간보사=김정일 기자] 올해 1분기 대웅제약 ‘나보타’, JW중외제약 ‘리바로 패밀리’, 한미약품 ‘로수젯’ 등 56개 품목이 분기 매출 100억원 이",local,10,입센,,,0.9295129218660839,,1.0,0.9295129218660839,8.503954271837552,7.0,9.506590453062588,False
2026-06-04,Client,2026-06-02 11:08:00,Naver News,https://www.kpanews.co.kr/news/articleView.html?idxno=536105,"폐의약품, 버리는 방법도 중요하다…바이엘 코리아 캠페인 전개 - 약사공론","바이엘 코리아는 오는 5일 세계 환경의 날을 앞두고 폐의약품의 올바른 분리배출 방법을 알리는 '건강한 인류, 지속가능한 지구를 위한 올바른 약(藥)속' 캠페인을.","바이엘 코리아는 오는 5일 세계 환경의 날을 앞두고 폐의약품의 올바른 분리배출 방법을 알리는 '건강한 인류, 지속가능한 지구를 위한 올바른 약(藥)속' 캠페인을",local,10,바이엘,,,0.9286192674268406,,1.0,0.9286192674268406,8.50020092319273,7.0,9.500334871987885,False
2026-06-04,Client,2026-06-04 14:26:00,Naver News,https://www.yakup.com/news/index.html?mode=view&cat=16&nid=328090,[약업신문]애브비 ‘아큅타’ 편두통 예방서 급성기 치료까지,편두통 예방에서 편두통 급성기 치료(acute treatment option)까지..애브비社는 편두통 예방요법제 ‘아큅타’(Aquipta: 아토제판트)가 EU 집행위원회로부터 적응증 추가를 승인받았다고 2일 공표했다....,편두통 예방에서 편두통 급성기 치료(acute treatment option)까지..애브비社는 편두통 예방요법제 ‘아큅타’(Aquipta: 아토제판트)가 EU 집행위원회로부터 적응증 추가를 승인받았다고 2일 공표했다....,local,10,애브비,,,0.9260792744107958,,1.0,0.9260792744107958,8.489532952525343,7.0,9.48255492087557,False
2026-06-04,BD,2026-06-05 06:02:00,Naver News,http://www.hansbiz.co.kr/news/articleView.html?idxno=842450,B형간염 완치 시대 오나…GSK 선두에 국내 바이오 추격,만성 B형간염 치료 패러다임이 바뀌고 있다. 바이러스 증식 억제를 위해 평생 약을 복용하던 기존 방식에서 벗어나 투약을 중단한 뒤에도 바이러스를 통제하는 ‘기능적 완치’ 치료제 개발이 속도를 내고 있다. 글로벌에서 GSK가 선두에 선 가운데 국내 기업들도 신약 개발에 집중하고 있다.5일 건강보험심사평가원에 따르면 지난 2024년 B형간염 환자는 40만9916명으로 집계됐다.,| 서울=한스경제 허승아 기자 | 만성 B형간염 치료 패러다임이 바뀌고 있다. 바이러스 증식 억제를 위해 평생 약을 복용하던 기존 방식에서 벗어나 투약을 중단한 뒤에도 바이러스를 통제하는 ‘기능적 완치’ 치료제 개발이 속도를 내고 있다. 글로벌에서 GSK가 선두에 선 가운데 국내 기업들도 신약 개발에 집중하고 있다.5일 건강보험심사평가원에 따르면 지난 2024년 B형간염 환자는 40만9916명으로 집계됐다. 이 가운데 입원 환자는 1만8059명이었으며 외래 진료 건수는 158만6230건에 달했다.간염은 A형부터 E형까지 5가지 유형,local,10,백신,,,0.9259894815687668,,1.0,0.9259894815687668,8.48915582258882,7.0,9.481926370981366,False
2026-06-04,Client,2026-06-02 00:35:00,Naver News,https://www.chosun.com/economy/science/2026/06/02/HB5DLTLG7JC2ZPRBJ27GRKT3AI/?utm_source=naver&utm_medium=referral&utm_campaign=naver-news,“주사 한 방이면 끝”… 유전자 치료제 개발 경쟁,지난달 미 식품의약국(FDA)은 미국 제약사 리제네론이 개발한 유전성 난청 치료를 위한 유전자 치료제 ‘오타르메니’를 세계 최초로 승인했다. 인텔리아 테라퓨틱스가 개발하는 유전성 혈관부종 유전자 치료제도... ,지난달 미 식품의약국(FDA)은 미국 제약사 리제네론이 개발한 유전성 난청 치료를 위한 유전자 치료제 ‘오타르메니’를 세계 최초로 승인했다. 인텔리아 테라퓨틱스가 개발하는 유전성 혈관부종 유전자 치료제도... ,local,10,리제네론,,,0.92489662125827,,1.0,0.92489662125827,8.484565809284733,7.0,9.474276348807889,False
2026-06-04,Client,2026-06-02 10:16:00,Naver News,https://www.kpanews.co.kr/news/articleView.html?idxno=536090,"켄뷰, 타이레놀·니코레트 강연 마련…약국 상담 역할 조명 - 약사공론",켄뷰코리아판매 유한회사는 지난달 31일 서울 코엑스 마곡에서 개최된 '2026년 1차 서울 약사학술제 및 제51회 팜엑스포'에서 타이레놀®과 니코레트®를 주제로.,켄뷰코리아판매 유한회사는 지난달 31일 서울 코엑스 마곡에서 개최된 '2026년 1차 서울 약사학술제 및 제51회 팜엑스포'에서 타이레놀®과 니코레트®를 주제로,local,10,켄뷰,,,0.924564432258728,,1.0,0.924564432258728,8.483170615486657,7.0,9.471951025811094,False
2026-06-04,BD,2026-06-05 04:00:00,Naver News,https://www.mt.co.kr/thebio/2026/06/05/2026060419473433349,22년 연구 결실… 루게릭 치료제 '뉴로나타-알주' 美 간다 - 머니투데이,22년간 연구하며 400명 이상 환자에게 공급한 줄기세포 치료제의 글로벌 시장진출이 눈앞으로 다가온 셈이다. 코아스템켐온은 뉴로나타-알주의 품목허가사항 변경신청을 식품의약품안전처로부터 승인받은 데 이어 상업생산과 미국진출을 동시에 추진한다고 4일 밝혔다.,22년간 연구하며 400명 이상 환자에게 공급한 줄기세포 치료제의 글로벌 시장진출이 눈앞으로 다가온 셈이다. 코아스템켐온은 뉴로나타-알주의 품목허가사항 변경신청을 식품의약품안전처로부터 승인받은 데 이어 상업생산과 미국진출을 동시에 추진한다고 4일 밝혔다.,local,10,생물학적제제,,,0.9234112304730396,,1.0,0.9234112304730396,8.478327167986766,7.0,9.463878613311277,False
2026-06-04,BD,2026-06-02 07:01:00,Naver News,https://zdnet.co.kr/view/?no=20260601154437,"중증 COPD 환자, 진단 이후 치료 확대 위한 논의 필요","만성폐쇄성폐질환의 진단이 빨라지고 있지만, 환자의 치료 선택권은 오히려 정체돼 있어 개선이 필요하다는 요구다.국가건강정보포털에 따르면 폐는 산소를 흡수하고 이산화탄소를 배출하는 아주 중요한 장기로, 흡연, 공기오염, 폐감염 등으로 폐와 기관지에 손상이 생겨 발생하는 흔한 만성 폐질환이 만성...","만성폐쇄성폐질환의 진단이 빨라지고 있지만, 환자의 치료 선택권은 오히려 정체돼 있어 개선이 필요하다는 요구다.국가건강정보포털에 따르면 폐는 산소를 흡수하고 이산화탄소를 배출하는 아주 중요한 장기로, 흡연, 공기오염, 폐감염 등으로 폐와 기관지에 손상이 생겨 발생하는 흔한 만성 폐질환이 만성...",local,10,생물학적제제,,,0.9230075918832614,,1.0,0.9230075918832614,8.476631885909699,7.0,9.46105314318283,False
2026-06-04,BD,2026-06-05 06:02:00,Naver News,https://www.dailypharm.com/user/news/339168?REFERER=NP,[데일리팜]㉙ 근원적 치료로의 패러다임 전환 '유전자치료제',"인간 게놈은 약 2만 5,000개의 유전자로 구성돼 있다. 이들 유전자는 세포의 구조와 기능, 생리적 과정 유지에 필요한 다양한 단백질을 암호화한다. 유전자 정보는 일반적으로 세대를 거쳐 안정적으로 유지되지만, 일부 유전자는 돌연변이(mutation), 기능 이상 또는 결실(deletion) 등에 의해 비정상적으로 변화할 수 있다. 이러한 유전적 이상은 단백질 기능 변화를 유발하며, 결과적으….","인간 게놈은 약 2만 5,000개의 유전자로 구성돼 있다. 이들 유전자는 세포의 구조와 기능, 생리적 과정 유지에 필요한 다양한 단백질을 암호화한다. 유전자 정보는 일반적으로 세대를 거쳐 안정적으로 유지되지만, 일부 유전자는 돌연변이(mutation), 기능 이상 또는 결실(deletion) 등에 의해 비정상적으로 변화할 수 있다. 이러한 유전적 이상은 단백질 기능 변화를 유발하며, 결과적으…",local,10,백신,,,0.9226807094515789,,1.0,0.9226807094515789,8.475258979696632,7.0,9.458764966161052,False
2026-06-04,Client,2026-06-04 12:20:00,Naver News,https://www.monews.co.kr/news/articleView.html?idxno=411577,"비라토비+얼비툭스+FOLFIRI 병용, BRAF 변이 대장암 생존 개선 - 메디칼업저버",전이성 대장암(mCRC) 환자에서 BRAF 표적치료를 1차 치료에 적용한 오노약품공업 비라토비(성분명 엔코라페닙) 병용요법이 무진행생.,[메디칼업저버 정연주 기자] 전이성 대장암(mCRC) 환자에서 BRAF 표적치료를 1차 치료에 적용한 오노약품공업 비라토비(성분명 엔코라페닙) 병용요법이 무진행생,local,10,로슈,,,0.9220313820336554,,1.0,0.9220313820336554,8.472531804541353,7.0,9.454219674235587,False
2026-06-04,BD,2026-06-05 07:00:00,Naver News,https://www.fetv.co.kr/news/articleView.html?idxno=303535,[휴온스 승계지도] ①휴온스·랩 합병에 얽힌 논란 '일파만파' - FETV,휴온스와 휴온스랩 합병을 계기로 휴온스그룹의 지배구조가 주목받고 있다. 합병 주체인 휴온스는 바이오 연구개발 역량 강화를 위한 결정이라고.,[FETV=이건우 기자] 휴온스와 휴온스랩 합병을 계기로 휴온스그룹의 지배구조가 주목받고 있다. 합병 주체인 휴온스는 바이오 연구개발 역량 강화를 위한 결정이라고,local,10,신약,,,0.9217321535128906,,1.0,0.9217321535128906,8.47127504475414,7.0,9.452125074590235,False
2026-06-04,Client,2026-05-29 15:39:00,Naver News,https://www.bloter.net/news/articleView.html?idxno=663950,"삼성바이오에피스, 운전자본 관리 필요 증대…직판·신약 확장 대응",삼성에피스홀딩스의 핵심 자회사 삼성바이오에피스가 2000억원 규모 한도대출 약정을 새로 맺으며 운전자본 관리 필요성이 커지는 분위기다. 1분기 들어 이익이 개선됐지만 영업활동현금흐름은 마이너스를 기록했다. 매출채권과 재고자산이 동시에 늘면서 실적개선과 현금전환 사이의 시차도 드러났다.,삼성에피스홀딩스의 핵심 자회사 삼성바이오에피스가 2000억원 규모 한도대출 약정을 새로 맺으며 운전자본 관리 필요성이 커지는 분위기다. 1분기 들어 이익이 개선됐지만 영업활동현금흐름은 마이너스를 기록했다. 매출채권과 재고자산이 동시에 늘면서 실적개선과 현금전환 사이의 시차도 드러났다.,local,10,바이오젠,,,0.9205814017094556,,1.0,0.9205814017094556,8.466441887179712,7.0,9.444069811966187,False
2026-06-04,BD,2026-06-05 06:06:00,Naver News,https://www.medipana.com/news/articleView.html?idxno=412380,[초점] 휴온스-휴온스랩 시너지 합병에 그룹-주주 소통 개시 - 메디파나뉴스,휴온스와 휴온스랩의 합병이 그룹의 바이오 R&D 역량을 하나로 모아 사업화 단계로 옮기는 과정으로 전개되고 있다.,[메디파나뉴스 = 최인환 기자] 휴온스와 휴온스랩의 합병이 그룹의 바이오 R&D 역량을 하나로 모아 사업화 단계로 옮기는 과정으로 전개되고 있다. 휴온스는 휴온스,local,10,라이선스,,,0.9205572614650196,,1.0,0.9205572614650196,8.466340498153082,7.0,9.443900830255137,False
2026-06-04,Client,2026-06-04 13:21:00,Naver News,https://www.polinews.co.kr/news/articleView.html?idxno=733096,"K-바이오, AI·데이터 기반 글로벌 빅파마 협업 제고","국내 바이오산업이 전통적인 실험실 중심 연구개발(R&D)에서 벗어나 인공지능(AI)과 데이터 기반 플랫폼을 활용한 신약개발 체제로 전환하고 있다. 최근 막을 내린 국내 최대 바이오헬스 행사 '바이오코리아 2026'은 이 같은 산업 변화와 함께 국내 기업들의 글로벌 협력 확대 가능성을 확인한 자리로 평가받고 있다.AI 신약개발 플랫폼 부상… 글로벌 빅파마 발길 이어져4일 업계에 따르면 바이오코리아 2026에는 전 세계 59개국 775개 기업이 참가했다. 특히 글로벌 제약사인 일라이 릴리, MSD, 로슈, 베링거인겔하임 등이 3년 연속.","국내 바이오산업이 전통적인 실험실 중심 연구개발(R&D)에서 벗어나 인공지능(AI)과 데이터 기반 플랫폼을 활용한 신약개발 체제로 전환하고 있다. 최근 막을 내린 국내 최대 바이오헬스 행사 '바이오코리아 2026'은 이 같은 산업 변화와 함께 국내 기업들의 글로벌 협력 확대 가능성을 확인한 자리로 평가받고 있다.AI 신약개발 플랫폼 부상… 글로벌 빅파마 발길 이어져4일 업계에 따르면 바이오코리아 2026에는 전 세계 59개국 775개 기업이 참가했다. 특히 글로벌 제약사인 일라이 릴리, MSD, 로슈, 베링거인겔하임 등이 3년 연속",local,10,MSD,,,0.9200975132257232,,1.0,0.9200975132257232,8.464409555548038,7.0,9.440682592580062,False
2026-06-04,BD,2026-06-05 00:06:00,Naver News,http://www.kdfnews.com/news/articleView.html?idxno=183883,日 홍역 감염자 벌써 511명… 지난해보다 약 4배 급증 [KDF World],일본에서 올해 홍역 감염자가 500명을 넘어서는 등 확산세가 이어지고 있다.2일 NHK 등 일본 언론들은 국립건강위기관리연구기구의 집계를 인용해 올해 들어 5월 24일까지 전국 의료기관에서 보고된 홍역 감염자는 총 511명으로 집계됐다고 보도했다.이는 지난해 같은 기간보다 약 3.9배 증가한 수치이며 최근 10년 사이 두 번째로 많은 감염자 수다. 지역별로는 도쿄가 253명으로 전체 환자의 절반가량을 차지해 가장 많았다.홍역은 공기 감염을 통해 전파되는 전염성이 매우 강한 질환으로 감염 후 약 10일의 잠복기를 거쳐 발열과 발진 증.,일본에서 올해 홍역 감염자가 500명을 넘어서는 등 확산세가 이어지고 있다.2일 NHK 등 일본 언론들은 국립건강위기관리연구기구의 집계를 인용해 올해 들어 5월 24일까지 전국 의료기관에서 보고된 홍역 감염자는 총 511명으로 집계됐다고 보도했다.이는 지난해 같은 기간보다 약 3.9배 증가한 수치이며 최근 10년 사이 두 번째로 많은 감염자 수다. 지역별로는 도쿄가 253명으로 전체 환자의 절반가량을 차지해 가장 많았다.홍역은 공기 감염을 통해 전파되는 전염성이 매우 강한 질환으로 감염 후 약 10일의 잠복기를 거쳐 발열과 발진 증,local,10,합병,,,0.9195990439901908,,1.0,0.9195990439901908,8.462315984758801,7.0,9.437193307931334,False
2026-06-04,Client,2026-06-02 15:46:00,Naver News,https://www.goodkyung.com/news/articleView.html?idxno=287731,"셀트리온, 범미 이어 유럽 류마티스학회 총회 참가…해외 공략 가속도 - 굿모닝경제",셀트리온이 영국 런던에서 개최되는 글로벌 류마티스 질환 학회에 참가할 예정인 가운데 해외 주요 학회를 중심으로 폭넓은 류마티스 치료제 라인업을 알리는 데 집중하며.,셀트리온이 영국 런던에서 개최되는 글로벌 류마티스 질환 학회에 참가할 예정인 가운데 해외 주요 학회를 중심으로 폭넓은 류마티스 치료제 라인업을 알리는 데 집중하며,local,10,애브비,,,0.9190082535650352,,1.0,0.9190082535650352,8.459834664973148,7.0,9.433057774955246,False
2026-06-04,Client,2026-06-04 06:02:00,Naver News,https://www.yakup.com/news/index.html?mode=view&cat=18&nid=328056,[약업신문]늙어가는 혈관을 막아라…심혈관 노화 치료의 새로운 시대,"인구 고령화가 가속화되면서 노화와 관련된 질환에 대한 관심이 높아지고 있다. 특히 심혈관계는 노화의 영향을 가장 먼저, 그리고 가장 직접적으로 받는 기관 가운데 하나다. 실제로 나이가 들수록 혈관은 탄력...","인구 고령화가 가속화되면서 노화와 관련된 질환에 대한 관심이 높아지고 있다. 특히 심혈관계는 노화의 영향을 가장 먼저, 그리고 가장 직접적으로 받는 기관 가운데 하나다. 실제로 나이가 들수록 혈관은 탄력...",local,10,오가논,,,0.9173533640541466,,1.0,0.9173533640541466,8.452884129027415,7.0,9.421473548379026,False
2026-06-04,BD,2026-06-04 09:26:00,Naver News,https://www.bosa.co.kr/news/articleView.html?idxno=3005618,릴리 RNA 엑손 편집 치료제 R&D 제휴 - 의학신문,일라이 릴리가 비공개 단일유전자 신장질환에 RNA 엑손 편집 치료제를 개발하기 위한 연구 제휴를 어시디언 쎄러퓨틱스와 체결했다.,[의학신문·일간보사=김자연 기자] 일라이 릴리가 비공개 단일유전자 신장질환에 RNA 엑손 편집 치료제를 개발하기 위한 연구 제휴를 어시디언 쎄러퓨틱스와 체결했다.,local,10,로슈,,,0.9152604373157223,,1.0,0.9152604373157223,8.444093836726033,7.0,9.406823061210055,False
2026-06-04,Client,2026-06-04 12:20:00,Naver News,https://www.kpanews.co.kr/news/articleView.html?idxno=536177,"""중국으로 가는 기술 막겠다""…미국, 바이오 투자 통제 본격화 - 약사공론",미국 의회가 중국 바이오산업에 대한 자국 기업의 투자와 기술 이전을 제한하는 법안을 발의하면서 글로벌 바이오산업 공급망과 연구개발(R&D) 협력 구조에 적지 않은.,미국 의회가 중국 바이오산업에 대한 자국 기업의 투자와 기술 이전을 제한하는 법안을 발의하면서 글로벌 바이오산업 공급망과 연구개발(R&D) 협력 구조에 적지 않은,local,10,화이자,,,0.9144365525476165,,1.0,0.9144365525476165,8.440633520699988,7.0,9.401055867833314,False
2026-06-04,BD,2026-06-04 14:34:00,Naver News,https://view.asiae.co.kr/article/2026060414325250787,"""치료제도 백신도 없는데 벌써 220명 사망""…'비상사태 선포'에 CEPI 나섰다",아프리카를 중심으로 에볼라 바이러스가 빠르게 확산하면서 국제사회가 대응 수위를 끌어올리고 있다.,아프리카를 중심으로 에볼라 바이러스가 빠르게 확산하면서 국제사회가 대응 수위를 끌어올리고 있다.,local,10,아스트라제네카,,,0.914075755369224,,1.0,0.914075755369224,8.43911817255074,7.0,9.398530287584567,False
2026-06-04,Client,2026-06-04 13:42:00,Naver News,https://lady.khan.co.kr/khlady.html?mode=view&artid=202606041341021&code=14,“입에서 왜 배설물 냄새가?” 치과의사들이 지목한 진짜 원인,대화를 나누던 상대의 입에서 마치 배설물과 비슷한 냄새가 난다고 느낀 경험을 호소하는 사람들이 적지 않다. 온라인 커뮤니티와 사회관계망서비스(SNS)에서도 “입냄새가 대변 냄새 같다”는 목격담이 꾸준히 올라온다. 실제로 입에서 배설물과 유사한 악취가 날 수 있을까. 전문가들은 “가능하다”고 설명한다. 다만 많은 사람이 생각하듯 장이나 위가 원인인 경우...,대화를 나누던 상대의 입에서 마치 배설물과 비슷한 냄새가 난다고 느낀 경험을 호소하는 사람들이 적지 않다. 온라인 커뮤니티와 사회관계망서비스(SNS)에서도 “입냄새가 대변 냄새 같다”는 목격담이 꾸준히 올라온다. 실제로 입에서 배설물과 유사한 악취가 날 수 있을까. 전문가들은 “가능하다”고 설명한다. 다만 많은 사람이 생각하듯 장이나 위가 원인인 경우...,local,10,MSD,,,0.9136075472209843,,1.0,0.9136075472209843,8.437151698328133,7.0,9.39525283054689,False
2026-06-04,Client,2026-06-04 11:48:00,Naver News,http://www.fntimes.com/html/view.php?ud=202606041113384028923defd0cc_18,"2265억 실탄 쥔 디앤디파마텍, MASH 기술수출 청신호 - 한국금융신문",디앤디파마텍이 2200억 원대 자금 조달에 성공하며 시장의 신뢰를 쌓아가고 있다. 외부 자금 유치에 더해 글로벌 석학 창업자들도 세금을 감수하며 자발적 매도 제한(보호예수)을 통한 ‘책임경영’ 행보에 나서면서다. 최근 글로벌 학회에서 디앤디파마텍의 대사이상 관련 지방간염(MASH) 치료.,디앤디파마텍이 2200억 원대 자금 조달에 성공하며 시장의 신뢰를 쌓아가고 있다. 외부 자금 유치에 더해 글로벌 석학 창업자들도 세금을 감수하며 자발적 매도 제한(보호예수)을 통한 ‘책임경영’ 행보에 나서면서다. 최근 글로벌 학회에서 디앤디파마텍의 대사이상 관련 지방간염(MASH) 치료,local,10,베링거인겔하임,,,0.908944545952124,,1.0,0.908944545952124,8.41756709299892,7.0,9.362611821664867,False
2026-06-04,BD,2026-06-05 05:52:00,Naver News,https://www.kpanews.co.kr/news/articleView.html?idxno=536218,'기술은 안 된다' 美·中 동시 견제…바이오 협력 공식 바뀌나 - 약사공론,글로벌 제약·바이오 시장이 미국과 중국의 전방위적인 규제 폭탄으로 인해 급격한 얼어붙고 있다. 중국이 해외 투자와 기술 유출의 고삐를 죄자 미국은 자국 자본이 중.,글로벌 제약·바이오 시장이 미국과 중국의 전방위적인 규제 폭탄으로 인해 급격한 얼어붙고 있다. 중국이 해외 투자와 기술 유출의 고삐를 죄자 미국은 자국 자본이 중,local,10,라이선스,,,0.9088091508422999,,1.0,0.9088091508422999,8.41699843353766,7.0,9.3616640558961,False
2026-06-04,Client,2026-06-03 13:50:00,Naver News,https://www.pinpointnews.co.kr/news/articleView.html?idxno=457335,"하나증권 ""로레알이 선택한 올릭스…글로벌 시장 진출 기대감 커진다""",국내 바이오 기업 올릭스가 글로벌 화장품 기업 로레알의 전략적 투자 유치에 성공하면서 시장의 관심이 집중되고 있다.단순한 공동개발 관계를 넘어 실제 자금 투자까지 이어졌다는 점에서 올릭스의 유전자 치료 플랫폼 기술에 대한 글로벌 기업의 신뢰가 확인됐다는 평가가 나온다. 공동연구를 진행한 뒤 이뤄진 투자라는 점에서 향후 추가 협력 가능성에 대한 기대감도 커지고 있다.하나증권은 최근 보고서를 통해 올릭스가 로레알 그룹과 글로벌 투자기관으로부터 총 1108억원 규모의 자금을 유치했다고 분석했다. 이번 투자는 단순 재무적 투자 이상의 의미.,국내 바이오 기업 올릭스가 글로벌 화장품 기업 로레알의 전략적 투자 유치에 성공하면서 시장의 관심이 집중되고 있다.단순한 공동개발 관계를 넘어 실제 자금 투자까지 이어졌다는 점에서 올릭스의 유전자 치료 플랫폼 기술에 대한 글로벌 기업의 신뢰가 확인됐다는 평가가 나온다. 공동연구를 진행한 뒤 이뤄진 투자라는 점에서 향후 추가 협력 가능성에 대한 기대감도 커지고 있다.하나증권은 최근 보고서를 통해 올릭스가 로레알 그룹과 글로벌 투자기관으로부터 총 1108억원 규모의 자금을 유치했다고 분석했다. 이번 투자는 단순 재무적 투자 이상의 의미,local,10,로레알,,,0.90625437132808,,1.0,0.90625437132808,8.406268359577936,7.0,9.34378059929656,False
2026-06-04,Client,2026-06-05 07:16:00,Naver News,https://www.medicopharma.co.kr/news/articleView.html?idxno=68299,"위고비, 음식 갈망까지 관리한다…'장기 체중유지' 가능성 주목","비만 치료의 목표가 단순한 체중 감량을 넘어 장기적인 체중 유지로 확대되는 가운데, 위고비(성분명 세마글루티드)가 음식 갈망 조절 효과를 장기간 유지한 것으로 나타났다. 체중 감량 이후에도 지속되는 음식 갈망은 체중 재증가의 주요 요인으로 꼽히는 만큼,.","[메디코파마뉴스=이호빈 기자] 비만 치료의 목표가 단순한 체중 감량을 넘어 장기적인 체중 유지로 확대되는 가운데, 위고비(성분명 세마글루티드)가 음식 갈망 조절 효과를 장기간 유지한 것으로 나타났다. 체중 감량 이후에도 지속되는 음식 갈망은 체중 재증가의 주요 요인으로 꼽히는 만큼,",local,10,위고비,,,0.897907455671835,,1.0,0.897907455671835,8.371211313821707,7.0,9.285352189702845,False
2026-06-04,Client,2026-06-04 06:06:00,Naver News,https://www.medipana.com/news/articleView.html?idxno=412311,"'K-비만신약', 'ADA 2026' 출격…개발 경쟁력 선보인다 - 메디파나뉴스","글로벌 비만 치료제 경쟁이 체중 감량률 중심에서 근손실 보완, 대사질환 확장, 투약 편의성 개선으로 넓어지는 가운데, 미국당뇨병학.","[메디파나뉴스 = 최인환 기자] 글로벌 비만 치료제 경쟁이 체중 감량률 중심에서 근손실 보완, 대사질환 확장, 투약 편의성 개선으로 넓어지는 가운데, 미국당뇨병학",local,10,암젠,,,0.9493990316070325,,1.0,0.9493990316070325,7.3874759327495365,4.0,9.645793221249228,False
2026-06-04,BD,2026-06-02 09:59:00,Naver News,https://www.mk.co.kr/article/12063796,"올릭스, 로레알·와이스서 1100억 투자 유치…글로벌 공룡들 ‘베팅’ - 매일경제",로레알 벤처펀드 BOLD·美 와이스 참여 탈모·MASH·비만 신약까지 성장성 주목 RNA 간섭(RNAi) 기술 기반 신약개발 기업 올릭스가 글로벌 뷰티 1위 기업 로레알과 미국 기관투자가로부터 1100억원 규모 투자를 유치했다. 최근 바이오 투자 시장이 위축된 상황에서도 전략적 투자자(SI)와 해외 기관투자가(FI)가 동시에 참여하면서 올릭스의 짧은 간섭 RNA(siRNA) 플랫폼 경쟁력이 다시 한번 주목받고 있다. 올릭스는 로레알 그룹의 벤처펀드 BOLD와 미국 자산운용사 와이스 에셋 매니지먼트를 대상으로 제3자 배정 유상증자를 실시해 약 1107억원을 조달한다고 2일 밝혔다.,"로레알 벤처펀드 BOLD·美 와이스 참여
탈모·MASH·비만 신약까지 성장성 주목
RNA 간섭(RNAi) 기술 기반 신약개발 기업 올릭스가 글로벌 뷰티 1위 기업 로레알과 미국 기관투자가로부터 1100억원 규모 투자를 유치했다. 최근 바이오 투자 시장이 위축된 상황에서도 전략적 투자자(SI)와 해외 기관투자가(FI)가 동시에 참여하면서 올릭스의 짧은 간섭 RNA(siRNA) 플랫폼 경쟁력이 다시 한번 주목받고 있다.
올릭스는 로레알 그룹의 벤처펀드 BOLD와 미국 자산운용사 와이스 에셋 매니지먼트를 대상으로 제3자 배정 유상증자를 실시해 약 1107억원을 조달한다고 2일 밝혔다. 투자 규모는 와이스가 약 1002억원, 로레알 BOLD가 약 105억원이다.
이번 투자에서 시장의 관심은 단연 로레알에 쏠린다. 로레알은 지난해 6월 올릭스와 피부·모발 분야 공동 연구개발 계약을 체결한 바 있다. 공동 연구를 시작한 지 1년 만에 직접 지분 투자까지 결정하면서 양사 협력이 한 단계 진전됐다는 평가다.
업계에서는 글로벌 기업이 공동 연구 과정에서 국내 바이오벤처 지분 투자까지 단행한 사례가 드물다는 점에 주목하고 있다. 특히 로레알이 화장품 기업을 넘어 바이오 기술 확보 경쟁에 적극 나서고 있는 만큼 이번 투자는 단순 재무적 투자를 넘어 전략적 의미가 크다는 분석이다.
엄민용 신한투자증권 연구원은 “현재 공동 연구가 특정 의사결정 단계에 도달해 로레알이 지분 투자를 결정한 것으로 보인다”며 “이는 향후 본계약 체결 가능성을 높이는 긍정적 신호”라고 분석했다. 이어 “탈모 치료제와 화장품 관련 연구가 상업화 가능성을 확인할 정도로 진전됐음을 보여주는 사례”라고 덧붙였다.
올릭스는 확보한 자금을 피부·모발 분야 공동 연구를 비롯해 다양한 치료 영역의 siRNA 파이프라인 개발에 활용할 계획이다. 회사는 이번 투자를 계기로 로레알과의 전략적 파트너십도 더욱 강화할 수 있을 것으로 기대하고 있다.
와이스의 재투자도 눈길을 끈다. 와이스는 지난해 8월 투자에 이어 이번 유상증자에도 참여하며 올릭스에 대한 신뢰를 재확인했다. 글로벌 기관투자가가 추가 자금을 투입했다는 점에서 기술력과 성장성에 대한 검증 효과도 있다는 평가다.
올릭스는 최근 비만·대사질환 분야에서도 존재감을 확대하고 있다. 회사가 미국 제약사 릴리와 공동 개발 중인 MARC1 타깃대사이상 관련 지방간염(MASH) 치료제 OLX702A는 지난달 임상 1b상을 마쳤다. 회사는 하반기 임상 결과를 확보한 뒤 임상 2상 진입을 추진할 계획이다.
증권가에서는 향후 릴리와의 협력 확대 가능성에도 주목하고 있다. 올릭스는 현재 릴리와 차세대 이중 타깃 기술이전 논의를 진행 중인 것으로 알려졌다. 최근 글로벌 제약업계의 최대 관심 분야인 비만 타깃 ALK7 프로그램 역시 이달 미국 바이오USA에서 사업개발(BD) 논의가 예정돼 있다.
엄 연구원은 “글로벌 siRNA 기업인 애로우헤드는 릴리나 노보노디스크와 같은 비만 분야 대형 파트너십 없이도 시가총액이 약 15조원에 달한다”며 “올릭스는 릴리와 MASH 치료제를 공동 개발하고 있고 추가 기술이전 가능성도 보유하고 있어 현재 기업가치가 충분히 반영되지 않은 상태”라고 평가했다. 이어 “로레알과의 본계약 체결, 황반변성 치료제 신규 기술수출 등이 가시화될 경우 기업가치 재평가도 가능할 것”이라고 내다봤다.
기이브 벌루치 로레알 오픈 이노베이션 및 증강 뷰티 부문 글로벌 총괄자는 “BOLD의 지분 투자를 통해 올릭스와의 파트너십을 더욱 강화하게 돼 기쁘다”며 “올릭스의 siRNA 플랫폼 역량과 로레알의 생물학·기술·제형 분야 혁신 역량을 결합해 미래 뷰티 산업을 더욱 빠르게 발전시킬 수 있을 것”이라고 말했다.
이동기 올릭스 대표는 “글로벌 전략적 파트너와 재무적 파트너가 함께 참여했다는 점에서 의미가 크다”며 “기술 경쟁력과 미래 성장 잠재력에 대한 시장의 신뢰를 보여주는 결과”라고 했다.",local,10,노보노디스크,,,0.9125968936416553,,1.0,0.9125968936416553,7.232906953294952,4.0,9.388178255491587,False
2026-06-04,Product Approval,2026-06-05 06:02:00,Naver News,https://www.apsk.co.kr/news/articleView.html?idxno=539520,"종근당, 천연물 위염치료제 '지텍'…허가 4년 만에 급여 문턱 넘나 - 메디팜스투데이",종근당이 자체 개발한 천연물 의약품 '지텍정(성분명 육계건조엑스)'이 허가 약 4년 만에 급여 적용 가능성을 확보했다. 회사 측이 조건부 급여를 수용할 경우 위염.,종근당이 자체 개발한 천연물 의약품 '지텍정(성분명 육계건조엑스)'이 허가 약 4년 만에 급여 적용 가능성을 확보했다. 회사 측이 조건부 급여를 수용할 경우 위염,local,2,적응증,,,0.6153705537233631,,0.2,0.6153705537233631,6.944556325638125,10.0,4.907593876063541,False
2026-06-04,Reimbursement,2026-06-05 06:53:00,Naver News,https://www.thescoop.co.kr/news/articleView.html?idxno=310450,"실손 믿고 받았는데...도수치료 회당 4만원, 연 15회 묶인다","정부가 실손보험금 누수의 주요 원인으로 지목돼 왔던 도수치료에 메스를 들었다. 앞으로 도수치료는 건강보험 관리급여 대상으로 편입돼 회당 비용이 4만3850원으로 표준화된다. 자부담비율은 95%로, 도수치료를 받을 때마다 4만원 넘는 비용을 환자가 지불해야 한다.","정부가 실손보험금 누수의 주요 원인으로 지목돼 왔던 도수치료에 메스를 들었다. 앞으로 도수치료는 건강보험 관리급여 대상으로 편입돼 회당 비용이 4만3850원으로 표준화된다. 자부담비율은 95%로, 도수치료를 받을 때마다 4만원 넘는 비용을 환자가 지불해야 한다. 치료",local,2,급여,,,0.6023119545301443,,0.2,0.6023119545301443,6.4897102090266054,9.0,4.816183681711009,False
2026-06-04,Client,2026-06-02 05:30:00,Naver News,https://www.medicaltimes.com/Main/News/NewsView.html?ID=1169036&ref=naverpc,[메디칼타임즈] 공시 의무화 제약업계 극과 극…기존사 껑충vs신규사 저조,"기업지배구조 보고서 공시가 의무화 된 가운데, 기존에 이를 이행하던 제약사들의 준수율이 개선되는 모습을 보였다.다만 올해 첫 제출 기업들의 경우 핵심지표 준수율이 절반을 넘지 못하는 기업들이 대다수라는 점에서 향후 개선이 더욱 필요한 모습이다.올해 기업지배구조 보고서 의무화에 따라 49개사가 관련 공시를 진행했다. 메디칼타임즈는 1일 오후 6시까지 기업지배구조보고서를 공시한 상장 제약기업들의 관련 공시를 분석한 결과 이같이 나타났다.이날 의료용 물질 및 의약품 제조업 업종에 해당하는 기업 중 이번에 기업지배구조보고서를 제출한 기업은 49개사였다.기업지배구조보고서 공시제도는 상장기업이 지배구조 핵심원칙 준수 여부를 공시하고, 준수하지 못하는 경우에는 그 사유를 설명(Comply or Explain)토록 해 자율적인 경영투명성 개선을 유도하기 위해 시도된 제도다.기업지배구조 보고서 작성의무는 2019년 자산규모 2조원 이상 코스피 상장사를 대상으로 의무화하였고, 2022년부터 자산규모 1조원 이상 코스피 상장사로, 2024년부터는 자산규모 5000억원 이상 기업에 의무화됐다.여기에 올해부터는 그 적용 대상이 유가증권시장 전체 상장기업으로 확대됨에 따라 다수의 제약사들이 이를 제출한 상황이다.기업지배구조보고서에는 주주, 이사회, 감사기구 등과 관련한 핵심원칙 10가지와 이와 관련한 세부원칙 등이 존재하며, 이를 포함해 지배구조 핵심지표로 15가지 사항을 제시하고 있다.이에 해당 기업들은 핵심지표와 관련한 이행 여부를 통해 준수율을 나타내고 있는 상태다.■ 기존 제출 24개사 일부 후퇴에도 대부분 준수율 상향우선 이미 지난해에도 관련 내용을 공시한 기업은 지주사 등을 포함해 총 24개사였다.이는 광동제약, 녹십자, 대웅, 대웅제약, 대원제약, 동아에스티, 동화약품, 바이오노트, 보령, 삼성바이오로직스, 셀트리온, 에이프로젠, 에이프로젠바이오로직스, 유한양행, 일동제약, 일동홀딩스, 제일약품, 종근당, 종근당홀딩스, 한독, 한미약품, 한올바이오파마, JW중외제약, SK바이오사이언스(가나다순) 등이다.이중에서는 제일약품과 한올바이오파마가 지난해 처음으로 보고서를 제출했고 다른 기업들은 이미 그전부터 보고서 제출을 해왔다.그런만큼 대상이 된 기업들은 대부분 직전년도 수준을 유지하거나 이를 개선하는 성과를 거뒀다실제로 전년도 24개사의 평균 준수율은 58.6%였으나 이번에는 65.6% 수준으로 개선된 것으로 확인됐다.이를 기업별로 살펴보면 일동홀딩스와 유한양행이 86.7%로 가장 높은 준수율을 기록했으며, 일동제약과 대웅제약, 셀트리온이 80%로 그 뒤를 이었다.또한 광동제약, 녹십자, 대웅, 대웅제약, 대원제약, 한독, 한미약품, 한올바이오파마가 73.3%의 준수율을 기록했다.여기에 삼성바이오로직스와 동아에스티, 종근당홀딩스가 66.7% 바이오노트와 JW중외제약, 제일약품이 60%, 보령과 종근당이 53.3%의 준수율을 나타냈다.다만 동화약품은 46.7%. 에이프로젠은 26.7%, 에이프로젠바이오로직스는 13.3%의 준수율에 그쳤다.준수율 개선의 경우 제일약품이 26.7%에서 60%로 33.3% 개선에 성공했으며, 일동홀딩스가 66.7%에서 86.7%로 개선했다.또한 광동제약과 대원제약, 한올바이오파마가 53.3%에서 73.3%로 20%p 개선에 성공했고, JW중외제약 역시 40%에서 60%로 20%p 준수율을 높였다.아울러 SK바이오사이언스는 60%에서 73.3%, 종근당은 40에서 53.3%로 13.3%p 준수율을 개선하는데 성공했다.이외에도 대웅제약, 유한양행, 일동제약, 동아에스티, 종근당홀딩스는 6.7%p, 녹십자, 한미약품은 6.6%p 준수율을 높였다.반면 삼성바이오로직스의 경우 전년도 80%에서 올해 66.7%로 13.3%p 준수율이 낮아졌으며, 대웅은 80%에서 73.3%로 6.7%p 준수율이 낮아졌다.삼성바이오로직스의 경우 2026년 주주총회는 집중일에 해당되지 않는 3/20일에 개최하였으나 주총분산 자율준수 프로그램 미참여했으며, 배당 정책 및 실시계획을 전년도가 아닌 올해 1월 홈페이지 게시한데 따른 것이었다.또 대웅은 보고서 제출일 기준으로 내부감사기구에 회계 또는 재무 전문가 요건에 해당하지 않았기 때문이었다.아울러 에이프로젠바이오로직스는 전자투표 실시와 주주총회 집중일 이외 개최를 준수하지 않아 직전년도 33.3%에서 13.3%로 20%p 준수율이 낮아져, 가장 낮은 준수율을 나타내게 됐다.■ 첫 제출 기업도 25개사…준수율 평균 35% 수준한편 이번에 처음으로 기업지배구조 보고서를 제출한 기업은 총 25개사로 확인됐다.이번에 제출한 기업들은 경보제약, 국제약품, 동성제약, 명문제약, 명인제약, 부광약품, 삼성제약, 삼양바이오팜, 삼일제약, 삼진제약, 신풍제약, 영진약품, 오리엔트바이오, 유유제약, 이연제약, 일성아이에스, 일양약품, 종근당바이오, 진원생명과학, 팜젠사이언스, 하나제약, 한국유나이티드제약, 현대약품, 환인제약, JW생명과학 등이다.이들은 올해 의무화 확대에 따라 처음 보고서를 제출한 만큼 준수율 자체가 절반 미만에 그치는 경우가 많았다.실제로 25개사의 평균 준수율은 약 35% 수준에 불과해 앞선 기업들과 차이가 명확한 것으로 파악된다.이를 확인해보면 진원생명과학이 66.7%로 가장 높은 준수율을 보였으며, 종근당바이오가 60%, JW생명과학이 53.3%로 절반 이상의 준수율을 나타냈다.올해 처음으로 기업지배 구조 보고서를 제출한 기업들은 핵심 지표 준수율이 절반 이하 수준이 많았다.","[메디칼타임즈=허성규 기자] 기업지배구조 보고서 공시가 의무화 된 가운데, 기존에 이를 이행하던 제약사들의 준수율이 개선되는 모습을 보였다.다만 올해 첫 제출 기업들의 경우 핵심지표 준수율이 절반을 넘지 못하는 기업들이 대다수라는 점에서 향후 개선이 더욱 필요한 모습이다.올해 기업지배구조 보고서 의무화에 따라 49개사가 관련 공시를 진행했다. 메디칼타임즈는 1일 오후 6시까지 기업지배구조보고서를 공시한 상장 제약기업들의 관련 공시를 분석한 결과 이같이 나타났다.이날 의료용 물질 및 의약품 제조업 업종에 해당하는 기업 중 이번에 기업지배구조보고서를 제출한 기업은 49개사였다.기업지배구조보고서 공시제도는 상장기업이 지배구조 핵심원칙 준수 여부를 공시하고, 준수하지 못하는 경우에는 그 사유를 설명(Comply or Explain)토록 해 자율적인 경영투명성 개선을 유도하기 위해 시도된 제도다.기업지배구조 보고서 작성의무는 2019년 자산규모 2조원 이상 코스피 상장사를 대상으로 의무화하였고, 2022년부터 자산규모 1조원 이상 코스피 상장사로, 2024년부터는 자산규모 5000억원 이상 기업에 의무화됐다.여기에 올해부터는 그 적용 대상이 유가증권시장 전체 상장기업으로 확대됨에 따라 다수의 제약사들이 이를 제출한 상황이다.기업지배구조보고서에는 주주, 이사회, 감사기구 등과 관련한 핵심원칙 10가지와 이와 관련한 세부원칙 등이 존재하며, 이를 포함해 지배구조 핵심지표로 15가지 사항을 제시하고 있다.이에 해당 기업들은 핵심지표와 관련한 이행 여부를 통해 준수율을 나타내고 있는 상태다.■ 기존 제출 24개사 일부 후퇴에도 대부분 준수율 상향우선 이미 지난해에도 관련 내용을 공시한 기업은 지주사 등을 포함해 총 24개사였다.이는 광동제약, 녹십자, 대웅, 대웅제약, 대원제약, 동아에스티, 동화약품, 바이오노트, 보령, 삼성바이오로직스, 셀트리온, 에이프로젠, 에이프로젠바이오로직스, 유한양행, 일동제약, 일동홀딩스, 제일약품, 종근당, 종근당홀딩스, 한독, 한미약품, 한올바이오파마, JW중외제약, SK바이오사이언스(가나다순) 등이다.이중에서는 제일약품과 한올바이오파마가 지난해 처음으로 보고서를 제출했고 다른 기업들은 이미 그전부터 보고서 제출을 해왔다.그런만큼 대상이 된 기업들은 대부분 직전년도 수준을 유지하거나 이를 개선하는 성과를 거뒀다실제로 전년도 24개사의 평균 준수율은 58.6%였으나 이번에는 65.6% 수준으로 개선된 것으로 확인됐다.이를 기업별로 살펴보면 일동홀딩스와 유한양행이 86.7%로 가장 높은 준수율을 기록했으며, 일동제약과 대웅제약, 셀트리온이 80%로 그 뒤를 이었다.또한 광동제약, 녹십자, 대웅, 대웅제약, 대원제약, 한독, 한미약품, 한올바이오파마가 73.3%의 준수율을 기록했다.여기에 삼성바이오로직스와 동아에스티, 종근당홀딩스가 66.7% 바이오노트와 JW중외제약, 제일약품이 60%, 보령과 종근당이 53.3%의 준수율을 나타냈다.다만 동화약품은 46.7%. 에이프로젠은 26.7%, 에이프로젠바이오로직스는 13.3%의 준수율에 그쳤다.준수율 개선의 경우 제일약품이 26.7%에서 60%로 33.3% 개선에 성공했으며, 일동홀딩스가 66.7%에서 86.7%로 개선했다.또한 광동제약과 대원제약, 한올바이오파마가 53.3%에서 73.3%로 20%p 개선에 성공했고, JW중외제약 역시 40%에서 60%로 20%p 준수율을 높였다.아울러 SK바이오사이언스는 60%에서 73.3%, 종근당은 40에서 53.3%로 13.3%p 준수율을 개선하는데 성공했다.이외에도 대웅제약, 유한양행, 일동제약, 동아에스티, 종근당홀딩스는 6.7%p, 녹십자, 한미약품은 6.6%p 준수율을 높였다.반면 삼성바이오로직스의 경우 전년도 80%에서 올해 66.7%로 13.3%p 준수율이 낮아졌으며, 대웅은 80%에서 73.3%로 6.7%p 준수율이 낮아졌다.삼성바이오로직스의 경우 2026년 주주총회는 집중일에 해당되지 않는 3/20일에 개최하였으나 주총분산 자율준수 프로그램 미참여했으며, 배당 정책 및 실시계획을 전년도가 아닌 올해 1월 홈페이지 게시한데 따른 것이었다.또 대웅은 보고서 제출일 기준으로 내부감사기구에 회계 또는 재무 전문가 요건에 해당하지 않았기 때문이었다.아울러 에이프로젠바이오로직스는 전자투표 실시와 주주총회 집중일 이외 개최를 준수하지 않아 직전년도 33.3%에서 13.3%로 20%p 준수율이 낮아져, 가장 낮은 준수율을 나타내게 됐다.■ 첫 제출 기업도 25개사…준수율 평균 35% 수준한편 이번에 처음으로 기업지배구조 보고서를 제출한 기업은 총 25개사로 확인됐다.이번에 제출한 기업들은 경보제약, 국제약품, 동성제약, 명문제약, 명인제약, 부광약품, 삼성제약, 삼양바이오팜, 삼일제약, 삼진제약, 신풍제약, 영진약품, 오리엔트바이오, 유유제약, 이연제약, 일성아이에스, 일양약품, 종근당바이오, 진원생명과학, 팜젠사이언스, 하나제약, 한국유나이티드제약, 현대약품, 환인제약, JW생명과학 등이다.이들은 올해 의무화 확대에 따라 처음 보고서를 제출한 만큼 준수율 자체가 절반 미만에 그치는 경우가 많았다.실제로 25개사의 평균 준수율은 약 35% 수준에 불과해 앞선 기업들과 차이가 명확한 것으로 파악된다.이를 확인해보면 진원생명과학이 66.7%로 가장 높은 준수율을 보였으며, 종근당바이오가 60%, JW생명과학이 53.3%로 절반 이상의 준수율을 나타냈다.올해 처음으로 기업지배 구조 보고서를 제출한 기업들은 핵심 지표 준수율이 절반 이하 수준이 많았다. 이어 경보제약, 국제약품, 부광약품, 삼진제약, 영진약품 등이 46.7%, 삼양바이오팜, 일양약품, 현대약품이 40% 수준이었다.아울러 삼일제약, 유유제약, 한국유나이티드제약이 33.3%, 명인제약, 삼성제약, 신풍제약, 이연제약, 환인제약이 26.7%로 그 뒤를 이었다.이외에도 명문제약, 오리엔트바이오, 팜젠사이언스는 20%로 핵심 지표 중 3개 지표만을 준수했고, 일성아이에스와 하나제약은 13.3%로 핵심지표 중 2개 지표만을 준수하는데 그쳤다.실제 이들이 준수한 핵심 지표는 일성아이에스는 ▲내부감사기구에 회계 또는 재무 전문가 존재 여부 ▲경영 관련 중요정보에 내부감사기구가 접근할 수 있는 절차 마련 여부였고, 하나제약은 ▲이사회 구성원 모두 단일성(性)이 아님 ▲경영 관련 중요정보에 내부감사기구가 접근할 수 있는 절차 마련 여부 등이었다.결국 올해 처음 기업들이 관련 보고서를 제출한 만큼 관련 핵심 지표 준수가 상대적으로 어려웠기 때문으로 풀이된다.이에 앞으로 의무화가 지속되는 만큼 준수율이 낮았던 기업들이 올해 관련 정비 등을 진행해 내년 보고서에서는 개선이 이뤄질지도 주목된다.",local,10,현대약품,,,0.9216433177023079,,1.0,0.9216433177023079,6.470901934349693,2.0,9.451503223916156,False
2026-06-04,Reimbursement,2026-06-05 06:20:00,Naver News,https://www.bosa.co.kr/news/articleView.html?idxno=3005693,도수치료 관리급여? 사실상 전문 재활 퇴출 선언 - 의학신문,정부가 도수치료를 관리급여로 편입하고 1회당 4만3850원 수준의 수가와 주 2회·연 15회 이용 제한을 확정하자 의료계의 반발.,[의학신문·일간보사=김현기 기자] 정부가 도수치료를 관리급여로 편입하고 1회당 4만3850원 수준의 수가와 주 2회·연 15회 이용 제한을 확정하자 의료계의 반발,local,2,급여,,,0.5531243652008073,,0.2,0.5531243652008073,6.283122333843391,9.0,4.4718705564056505,False
2026-06-04,Reimbursement,2026-06-05 05:40:00,Naver News,https://www.dnews.co.kr/uhtml/view.jsp?idxno=202606011347556230721,글로벌 선진국 비만치료제 약가인하ㆍ보험적용…“가격 저렴해 진다”,"선진국 앞다퉈 GLP-1 치료제 약가 낮추고 건보 적용 확대 미국·영국·일본 잇따라 급여화 추진하는데…한국은 ‘비급여’ 장벽 여전 글로벌 제약 시장을 뒤흔들고 있는 GLP-1 계열 비만치료제를 둘러싸고, 미국·유럽·일본 등 주요국이 잇따라 약가를 대폭 인하하고 건강보험 적용 범위를 확대하고 있다. 비만을 개인의 의지 문제가 아닌 국가가 관리해야 할 만성질환으로 공식 인정하는 흐름이 글로벌 보건 정책의 패러다임 자체를 바꾸고 있는 것이다. 1일 한국바이오협회 바이오경제연구센터에 따르면 미국의 공적 건강보험을 총괄하는 건강보험국(CMS)은 내달 7월 1일부터 메디케어 파트 D(외래환자 처방약) 수혜자를 대상으로 특정 GLP-1 의약품을 월 50달러(약 6만8000원)에 제공하는 ‘메디케어 GLP-1 브릿지’ 시범 프로그램을 시행한다.","선진국 앞다퉈 GLP-1 치료제 약가 낮추고 건보 적용 확대
미국·영국·일본 잇따라 급여화 추진하는데…한국은 ‘비급여’ 장벽 여전
[대한경제=김호윤 기자] 글로벌 제약 시장을 뒤흔들고 있는 GLP-1 계열 비만치료제를 둘러싸고, 미국·유럽·일본 등 주요국이 잇따라 약가를 대폭 인하하고 건강보험 적용 범위를 확대하고 있다. 비만을 개인의 의지 문제가 아닌 국가가 관리해야 할 만성질환으로 공식 인정하는 흐름이 글로벌 보건 정책의 패러다임 자체를 바꾸고 있는 것이다.
1일 한국바이오협회 바이오경제연구센터에 따르면 미국의 공적 건강보험을 총괄하는 건강보험국(CMS)은 내달 7월 1일부터 메디케어 파트 D(외래환자 처방약) 수혜자를 대상으로 특정 GLP-1 의약품을 월 50달러(약 6만8000원)에 제공하는 ‘메디케어 GLP-1 브릿지’ 시범 프로그램을 시행한다.
미국 정부는 시범 사업이 종료되는 2027년 말 이후, 2028년부터는 이를 정식 메디케어 제도인 ‘BALANCE 모델’ 안으로 편입할 구상인 것으로 알려졌다.
유럽에서는 프랑스 정부가 지난 28일(현지시간) 비만·당뇨병 치료제인 위고비와 마운자로를 중증 비만 환자에 한해 건강보험 급여 대상에 포함하는 행정 고시 2건을 관보에 게재했다.
보험 적용률은 65%다. 급여 대상은 체질량지수(BMI) 40㎏/㎡ 이상의 고도 비만 환자, 또는 BMI 35㎏/㎡ 이상이면서 당뇨·고혈압·수면무호흡증 등 동반 질환이 1개 이상 있는 중증 비만 환자 중, 6개월간 1차 영양 치료를 받았음에도 체중 감량이 5% 미만에 그친 경우로 제한된다. 보건 당국의 수혜 인구 추산은 100만~210만명이다.
영국은 국가보건서비스(NHS) 체계 아래 NICE(National Institute for Health and Care Excellence) 승인을 거쳐 단계적 처방을 시작했으며, 약물치료 전 9개월 이상 영양·운동 프로그램 참여를 의무화했다.
아시아에서는 일본이 먼저 치고나갔다. 2023년 3월 위고비(세마글루타이드)가 일본 당국의 비만치료 목적 판매 허가를 받은 데 이어,2024년 2월 22일부터 국민건강보험(NHI) 급여 대상에 공식 편입됐다. 비만치료제가 일본 건강보험 급여 목록에 오른 것은 약 30년 만의 일이었다.
적용 조건은 엄격하다. BMI 35 이상이거나 BMI 27 이상에 고혈압·고지혈증·2형 당뇨 가운데 하나 이상을 동반한 환자에 한해 보험이 적용되며, 처방 전 최소 6개월 이상 해당 의료기관에서 식이·운동 치료를 받은 기록도 필수 조건이다.
이 같은 글로벌 흐름 속에서 한국의 상황은 대조적이다. 현재 국내에서 비만치료제 대부분은 건강보험 급여 대상이 아니며 위고비 기준 월 40만원 안팎의 비용을 환자가 전액 부담해야 한다.
이에 따라 의료계에서는 급여화를 촉구하는 목소리가 높아지고 있다.
대한비만학회는 올해 1월 정부에 “BMI 35 이상 또는 BMI 30 이상에 동반질환이 있는 환자를 우선 대상으로 단계적 급여화를 추진하고, 이후 소아·청소년 및 의료취약계층으로 확대할 것”을 공식 건의했다.
흥미로운 점은, 비만치료제와 같은 목적으로 시행하는 비만대사수술(위소매절제술, 위우회술 등)은 이미 2019년부터 건강보험이 적용되고 있다는 것이다. “같은 비만 치료인데 수술은 보험이 되고 약은 안 된다”는 형평성 지적이 꾸준히 제기되는 이유다.
업계 관계자는 “급여화가 실현되려면 명확한 적용 기준 마련, 재정 시뮬레이션, 약가 협상이라는 3단계 관문을 모두 넘어야 한다고 본다”고 말했다.
김호윤 기자 khy2751@
〈ⓒ 대한경제신문(www.dnews.co.kr), 무단전재 및 수집, 재배포금지〉",local,2,약가,,,0.5082345132813886,,0.2,0.5082345132813886,6.094584955781832,9.0,4.15764159296972,False
2026-06-04,Supply Issues,2026-06-02 11:41:00,Naver News,https://biz.heraldcorp.com/article/10762283?ref=naver,약값 내리고 건보급여 적용...주요국 ‘비만약’ 확대 사활,글로벌 제약·바이오 시장의 판도를 바꾸고 있는 GLP-1(글루카곤 유사 펩타이드-1) 계열 비만 및 당뇨 치료제를 둘러싸고 해외 주요국들이 본격적인 ‘약가 통제’와 ‘공.,글로벌 제약·바이오 시장의 판도를 바꾸고 있는 GLP-1(글루카곤 유사 펩타이드-1) 계열 비만 및 당뇨 치료제를 둘러싸고 해외 주요국들이 본격적인 ‘약가 통제’와 ‘공,local,2,품귀,,,0.5621414059341245,,0.2,0.5621414059341245,5.920993904923323,8.0,4.534989841538871,False
2026-06-04,Client,2026-06-04 17:02:00,Naver News,https://www.medicopharma.co.kr/news/articleView.html?idxno=68302,"AZ ‘카미제스트란트’, ESR1 변이 유방암 치료 전략 변화 예고","ESR1 변이가 확인된 HR 양성·HER2 음성 진행성 유방암 환자에서 ‘카미제스트란트(camizestrant)’ 기반 치료 전략의 추가 임상 근거가 제시됐다. 4일 업계에 따르면, 아스트라제네카는 최근 미국임상종양학회(ASCO) 2026에서 카미제스트란.","[메디코파마뉴스=이호빈 기자] ESR1 변이가 확인된 HR 양성·HER2 음성 진행성 유방암 환자에서 ‘카미제스트란트(camizestrant)’ 기반 치료 전략의 추가 임상 근거가 제시됐다. 4일 업계에 따르면, 아스트라제네카는 최근 미국임상종양학회(ASCO) 2026에서 카미제스트란",local,10,아스트라제네카,,,0.9528673789964321,,1.0,0.9528673789964321,5.802042991785015,0.0,9.670071652975025,False
2026-06-04,BD,2026-06-04 05:00:00,Naver News,https://www.etoday.co.kr/news/view/2589583,국산 MASH 신약 기대감…임상 승인에 글로벌 학회서 존재감 뽐내,전 세계적으로 미충족 의료 수요가 높은 대사이상지방간염(MASH) 치료제 시장을 선점하기 위한 국내 제약·바이오 기업.,(그래픽=신미영 기자 win8226@)전 세계적으로 미충족 의료 수요가 높은 대사이상지방간염(MASH) 치료제 시장을 선점하기 위한 국내 제약·바이오 기업,local,10,베링거인겔하임,,,0.9520397494385946,,1.0,0.9520397494385946,5.7985669476420965,0.0,9.664278246070161,False
2026-06-04,Client,2026-06-03 19:16:00,Naver News,http://www.fnnews.com/news/202606031913560607,"치매 산업, 신약 경쟁 넘어 인프라 경쟁 단계 진입… '플랫폼 기술'이 핵심 승부처","치매 시장을 바라보는 글로벌 제약바이오 업계의 시선이 달라지고 있다.특히 치매 환자가 지속적으로 증가하고 있다는 점도 플랫폼 기업들에 유리한 환경을 조성하고 있다.바이오업계 관계자는 ""치매 산업은 이제 신약 경쟁을 넘어 인프라 경쟁 단계에 진입했다""며 ""경….","치매 시장을 바라보는 글로벌 제약바이오 업계의 시선이 달라지고 있다.특히 치매 환자가 지속적으로 증가하고 있다는 점도 플랫폼 기업들에 유리한 환경을 조성하고 있다.바이오업계 관계자는 ""치매 산업은 이제 신약 경쟁을 넘어 인프라 경쟁 단계에 진입했다""며 ""경…",local,10,바이오젠,,,0.9493604418517904,,1.0,0.9493604418517904,5.787313855777519,0.0,9.645523092962533,False
2026-06-04,Client,2026-06-03 00:18:00,Naver News,http://www.newsmp.com/news/articleView.html?idxno=254188,"[ASCO 2026] 다트로웨이ㆍ트로델비, 삼중음성 유방암 후속치료에도 긍정적 영향","삼중음성 유방암에서 존재감을 확대하고 있는 Trop-2 표적 항체약물접합체 다트로웨이(성분명 다토포타맙 데룩스테칸, 다이이찌산쿄ㆍ아스트라제네카)와 트로델비(성분명 사시투주맙 고비테칸, 길리어드)가 후속치료에도 긍정적인 영향을 준다는 연구 결과가 보고됐다.2일(현지시간) 미국임상종양학회 연례학술회의(ASCO 2026)에서는 전신치료 이력이 없는 전이성 삼중음성 유방암 환자를 대상으로 다트로웨이와 트로델비를 평가하고 있는 3건의 3상 임상, TROPION-Breast02와 ASCENT-03 및 04 연구의 2차.","[의약뉴스 in 시카고] 삼중음성 유방암에서 존재감을 확대하고 있는 Trop-2 표적 항체약물접합체 다트로웨이(성분명 다토포타맙 데룩스테칸, 다이이찌산쿄ㆍ아스트라제네카)와 트로델비(성분명 사시투주맙 고비테칸, 길리어드)가 후속치료에도 긍정적인 영향을 준다는 연구 결과가 보고됐다.2일(현지시간) 미국임상종양학회 연례학술회의(ASCO 2026)에서는 전신치료 이력이 없는 전이성 삼중음성 유방암 환자를 대상으로 다트로웨이와 트로델비를 평가하고 있는 3건의 3상 임상, TROPION-Breast02와 ASCENT-03 및 04 연구의 2차",local,10,다이이찌산쿄,,,0.947047354546474,,1.0,0.947047354546474,5.777598889095191,0.0,9.629331481825318,False
2026-06-04,Client,2026-06-04 06:02:00,Naver News,https://biz.chosun.com/science-chosun/bio/2026/06/04/CTXI4GMSYNFS3C5MMM3AJQBVIA/?utm_source=naver&utm_medium=original&utm_campaign=biz,세계 최대 암 학회 흔든 ‘차이나 쇼크’…K바이오는 ‘치료 사각지대’ 공략,"세계 최대 암 학회 흔든 차이나 쇼크K바이오는 치료 사각지대 공략 中 단독 임상, ASCO 최고 무대 첫 입성 韓 보로노이·지아이·온코닉, 치료 공백 시장 공략 엔허투 이후·면역항암제 이후·전이성 췌장암 승부수.","세계 최대 암 학회 흔든 차이나 쇼크K바이오는 치료 사각지대 공략 中 단독 임상, ASCO 최고 무대 첫 입성 
韓 보로노이·지아이·온코닉, 치료 공백 시장 공략 
엔허투 이후·면역항암제 이후·전이성 췌장암 승부수",local,10,머크,,,0.9445203323444507,,1.0,0.9445203323444507,5.766985395846692,0.0,9.611642326411154,False
2026-06-04,Client,2026-06-04 16:06:00,Naver News,https://news.mtn.co.kr/news-detail/2026060415464088080,'MASH'가 뜬다…바이오부터 전통 제약사까지 '주목',대사이상지방간염(MASH) 치료제가 차세대 성장동력으로 떠오르면서 국내 제약·바이오 업계가 개발 경쟁에 뛰어들고 있다.최근 유럽 간학회(EASL)가 공개한 'EASL 2026 초록'에 따르면 디앤디파마텍 등 국내 제약 바이오 기업들은 개발 중인 MASH 치료제 임상 결과를 공개했다.MASH는 간세포 안에 지방이 과도하게 쌓여 생기는 질환이다. 음주와 관계없이 비만·당뇨처럼 대사가 나빠지면 발생한다. 한국보건산업진흥원에 따르면 글로벌 MASH 치료제 시장 규모는 2024년 2753억원에서 2030년 약 14조원에 이를 것으로 전망.,대사이상지방간염(MASH) 치료제가 차세대 성장동력으로 떠오르면서 국내 제약·바이오 업계가 개발 경쟁에 뛰어들고 있다.최근 유럽 간학회(EASL)가 공개한 'EASL 2026 초록'에 따르면 디앤디파마텍 등 국내 제약 바이오 기업들은 개발 중인 MASH 치료제 임상 결과를 공개했다.MASH는 간세포 안에 지방이 과도하게 쌓여 생기는 질환이다. 음주와 관계없이 비만·당뇨처럼 대사가 나빠지면 발생한다. 한국보건산업진흥원에 따르면 글로벌 MASH 치료제 시장 규모는 2024년 2753억원에서 2030년 약 14조원에 이를 것으로 전망,local,10,베링거인겔하임,,,0.9424216091841217,,1.0,0.9424216091841217,5.758170758573311,0.0,9.596951264288851,False
2026-06-04,Client,2026-06-04 09:18:00,Naver News,https://www.businessplus.kr/news/articleView.html?idxno=112409,"[K제약바이오 ·K브랜드]""꿈의 신약개발에 한걸음 더""…종근당 R&D 역량 빛나","국내 제약바이오업계가 축적된 연구개발(R&D) 역량을 바탕으로 새로운 시장 개척에 속도를 내고 있다. 단순 복제약 중심의 성장 전략에서 벗어나 혁신 신약과 바이오 기술, 글로벌 시장 진출을 통해 새로운 성장동력을 확보하려는 움직임이 활발하다. 특히 희귀질환 치료제와 항암제, 디지털 헬스케어 등 고부가가치 분야를 중심으로 경쟁력 강화에 나서고 있다. 국내 기업들은 기술수출과 해외 임상 확대를 통해 글로벌 제약사와 어깨를 나란히 하는 성과도 만들어내고 있다.","국내 제약바이오업계가 축적된 연구개발(R&D) 역량을 바탕으로 새로운 시장 개척에 속도를 내고 있다. 단순 복제약 중심의 성장 전략에서 벗어나 혁신 신약과 바이오 기술, 글로벌 시장 진출을 통해 새로운 성장동력을 확보하려는 움직임이 활발하다. 특히 희귀질환 치료제와 항암제, 디지털 헬스케어 등 고부가가치 분야를 중심으로 경쟁력 강화에 나서고 있다. 국내 기업들은 기술수출과 해외 임상 확대를 통해 글로벌 제약사와 어깨를 나란히 하는 성과도 만들어내고 있다. 국내 제약바이오사들의 신시장 개척 전략과 성과 그리고 앞으로의 과제를 살펴본다",local,10,노바티스,,,0.9417282582890745,,1.0,0.9417282582890745,5.7552586848141125,0.0,9.59209780802352,False
2026-06-04,Client,2026-06-01 08:14:00,Naver News,https://www.medicopharma.co.kr/news/articleView.html?idxno=68266,"리가켐바이오, TROP2 ADC 확장세에 LCB84 가치 부각",리가켐바이오의 항체약물접합체(ADC) 파이프라인 가치가 TROP2 ADC 시장 확대와 맞물려 재평가되고 있다. TROP2 ADC가 후방 치료제에서 1차 치료 및 적응증 확장 영역으로 진입하면서 LCB84의 전략적 가치가 부각되는 흐름이다.다이이찌산쿄(Da.,[메디코파마뉴스=최원석 기자] 리가켐바이오의 항체약물접합체(ADC) 파이프라인 가치가 TROP2 ADC 시장 확대와 맞물려 재평가되고 있다. TROP2 ADC가 후방 치료제에서 1차 치료 및 적응증 확장 영역으로 진입하면서 LCB84의 전략적 가치가 부각되는 흐름이다.다이이찌산쿄(Da,local,10,다이이찌산쿄,,,0.9402690536662555,,1.0,0.9402690536662555,5.749130025398272,0.0,9.581883375663788,False
2026-06-04,Client,2026-06-04 16:22:00,Naver News,https://www.hitnews.co.kr/news/articleView.html?idxno=76609,"에이비엘바이오, ABL503 병용요법 위해 임상 1상 IND 변경 신청","이중항체 전문기업 에이비엘바이오(대표 이상훈)는 이중항체 면역항암제 ABL503(라지스토미그, Ragistomig)의 임상 1상 시험계획(IND) 변경 신청서를 식품의약품안전처에 제출했다.이상훈 대표는 4일 ""이번 IND 변경을 통해 ABL503의 임상 개발 전략을 단독요법에서 병용요법으로 확대했다""며 ""4-1BB 기반 이중항체 플랫폼 그랩바디-T(Grabody-T)가 적용된 또 다른 후보물질 ABL111(지바스토미그, Givastomig)이 화학요법 및 PD-1 억제제와의 병용요법에서 고무적인 임상 데이터로 많은 관심을 받고 있는.","이중항체 전문기업 에이비엘바이오(대표 이상훈)는 이중항체 면역항암제 ABL503(라지스토미그, Ragistomig)의 임상 1상 시험계획(IND) 변경 신청서를 식품의약품안전처에 제출했다.이상훈 대표는 4일 ""이번 IND 변경을 통해 ABL503의 임상 개발 전략을 단독요법에서 병용요법으로 확대했다""며 ""4-1BB 기반 이중항체 플랫폼 그랩바디-T(Grabody-T)가 적용된 또 다른 후보물질 ABL111(지바스토미그, Givastomig)이 화학요법 및 PD-1 억제제와의 병용요법에서 고무적인 임상 데이터로 많은 관심을 받고 있는",local,10,사노피,,,0.9395810404414194,,1.0,0.9395810404414194,5.746240369853961,0.0,9.577067283089935,False
2026-06-04,Distribution,2026-06-01 23:16:00,Naver News,https://www.bosa.co.kr/news/articleView.html?idxno=3005506,국내외 제약사 국제 학회서 ‘임상 근거·기업 가치’ 동시 입증나서 - 의학신문,국내외 제약·바이오 기업들이 국제 학술대회를 자사 의약품의 '임상적 근거'를 확보하고 시장에 '기업 가치'를 증명하는 전략적 무대.,[의학신문·일간보사=김상일 기자]국내외 제약·바이오 기업들이 국제 학술대회를 자사 의약품의 '임상적 근거'를 확보하고 시장에 '기업 가치'를 증명하는 전략적 무대,local,10,오가논,,,0.9366584756095157,,1.0,0.9366584756095157,5.733965597559965,0.0,9.556609329266609,False
2026-06-04,Client,2026-06-03 01:40:00,Naver News,http://www.newsmp.com/news/articleView.html?idxno=254191,"[ASCO 2026] 이잘론타맙-브렌지테칸, 삼중음성유방암에 새로운 해결사 등극","BMS가 개발하고 있는 EGFR×HER3 이중항체 이잘론타맙-브렌지테칸(Iza-bren)이 치료제를 소진한 삼중음성 유방암 환자들에게 새로운 해결사로 떠올랐다.2일(현지시간) 미국임상종양학회 연례학술회의(ASCO 2026)에서는 이전에 탁산 계열을 포함해 1~2차례 전신치료를 받은 이력이 있는 삼중음성 유방암 환자를 대상으로 Iza-bren을 평가한 3상 임상 결과가 공개됐다.연구는 총 418명의 환자를 1대 1로 무작위 배정, Iza-bren 또는 의사가 선택한 항암화학요법(에리불린, 카페시타빈, 젬시타빈.","[의약뉴스 in 시카고] BMS가 개발하고 있는 EGFR×HER3 이중항체 이잘론타맙-브렌지테칸(Iza-bren)이 치료제를 소진한 삼중음성 유방암 환자들에게 새로운 해결사로 떠올랐다.2일(현지시간) 미국임상종양학회 연례학술회의(ASCO 2026)에서는 이전에 탁산 계열을 포함해 1~2차례 전신치료를 받은 이력이 있는 삼중음성 유방암 환자를 대상으로 Iza-bren을 평가한 3상 임상 결과가 공개됐다.연구는 총 418명의 환자를 1대 1로 무작위 배정, Iza-bren 또는 의사가 선택한 항암화학요법(에리불린, 카페시타빈, 젬시타빈",local,10,BMS,,,0.9357835069123845,,1.0,0.9357835069123845,5.730290729032014,0.0,9.550484548386692,False
2026-06-04,Client,2026-06-04 11:34:00,Naver News,https://www.medipana.com/news/articleView.html?idxno=412349,"오스코텍 ""'세비도플레닙' 딜로 R&D 재편…항내성 항암제 전환"" - 메디파나뉴스",오스코텍이 자가면역질환 치료제 후보물질 '세비도플레닙' 기술이전을 계기로 기존 파이프라인 정리와 신규 연구개발(R&D) 전략 전환.,[메디파나뉴스 = 최인환 기자] 오스코텍이 자가면역질환 치료제 후보물질 '세비도플레닙' 기술이전을 계기로 기존 파이프라인 정리와 신규 연구개발(R&D) 전략 전환,local,10,노바티스,,,0.9324111251503655,,1.0,0.9324111251503655,5.716126725631535,0.0,9.52687787605256,False
2026-06-04,Client,2026-06-04 06:02:00,Naver News,https://www.yakup.com/news/index.html?mode=view&cat=12&nid=328057,[약업신문][ASCO 2026] 로슈의 자신감…기레데스트란트 미래는 조기유방암,로슈(Roche)가 기대를 모았던 경구용 SERD(선택적 에스트로겐 수용체 분해제) '기레데스트란트(giredestrant)'의 1차 전이성 유방암 임상 3상 실패에도 불구하고 조기 유방암 시장에서의 성장 가능성에 강한 자신...,로슈(Roche)가 기대를 모았던 경구용 SERD(선택적 에스트로겐 수용체 분해제) '기레데스트란트(giredestrant)'의 1차 전이성 유방암 임상 3상 실패에도 불구하고 조기 유방암 시장에서의 성장 가능성에 강한 자신...,local,10,화이자,,,0.9302083809215639,,1.0,0.9302083809215639,5.706875199870567,0.0,9.511458666450945,False
2026-06-04,Client,2026-06-02 15:38:00,Naver News,https://kormedi.com/?p=2821275,"위장관기질종양 치료제 경쟁…벨자티닙, 글리벡 이후 판 바꿀까","미국임상종양학회(ASCO 2026)에서 위장관기질종양(GIST) 차세대 치료제 경쟁이 주목받았다. 벨자티닙은 KIT 내성 변이를 겨냥해 종양 감소 효과를 보였으며, 글리벡 이후 표준치료를 바꿀 후보로 평가받고 있다.","미국임상종양학회(ASCO 2026)에서 위장관기질종양(GIST) 차세대 치료제 경쟁이 주목받았다. 벨자티닙은 KIT 내성 변이를 겨냥해 종양 감소 효과를 보였으며, 글리벡 이후 표준치료를 바꿀 후보로 평가받고 있다.",local,10,바이엘,,,0.92843100134313,,1.0,0.92843100134313,5.699410205641146,0.0,9.49901700940191,False
2026-06-04,Client,2026-06-04 08:22:00,Naver News,https://www.edaily.co.kr/news/newspath.asp?newsid=02774886645478440,"페니트리움바이오, 네이처 논문 ‘수치’로 입증한 항암 내성 돌파구...美 임상 ‘청신호’",페니트리움바이오(187660)사이언스가 최근 세계적 학술지 네이처 커뮤니케이션즈(Nature Communications)에 게재된 논문의 상세 데이터를 공개하며 글로벌 표적항암제 시장 진출을 위한 과학적 교두보를 확보했다. 페니트리움바이오사이언스는 이번 논문에서 입증...,페니트리움바이오(187660)사이언스가 최근 세계적 학술지 네이처 커뮤니케이션즈(Nature Communications)에 게재된 논문의 상세 데이터를 공개하며 글로벌 표적항암제 시장 진출을 위한 과학적 교두보를 확보했다. 페니트리움바이오사이언스는 이번 논문에서 입증...,local,10,아스트라제네카,,,0.9265268872550885,,1.0,0.9265268872550885,5.69141292647137,0.0,9.485688210785618,False
2026-06-04,Client,2026-06-04 12:10:00,Naver News,https://www.medicaltimes.com/Main/News/NewsView.html?ID=1169071&ref=naverpc,[메디칼타임즈] 위고비·마운자로 이을 비만·당뇨약은? ADA서 진검승부,"전 세계 제약·바이오 시장을 이끌고 있는 위고비(세마글루타이드)와 마운자로(터제파타이드)의 뒤를 이을 '차세대 비만·당뇨병 치료제'들의 개발 현황이 공개된다.오는 5일 미국 샌프란시스코에서 개막하는 미국당뇨병학회(ADA 2026)의 플레너리(Plenary) 및 주요 구두 발표(Oral Presentation) 세션 라인업이 공개되면서 비만‧당뇨병 치료제 시장을 둘러싼 글로벌 빅파마들의 주도권 경쟁에 관심이 집중되고 있다. 오는 5일 미국 샌프란시스코에서 미국당뇨병학회(ADA 2026)가 개최된다.그동안 글로벌 시장을 지배해 온 GLP-1 계열 치료제들이 체중 감량과 혈당 강하 효과를 증명했다면, 이번 ADA 2026에서는 이를 뛰어넘는 강력한 효과와 편의성을 장착한 차세대 파이프라인들이 전면에 배치돼 시장 재편을 예고하고 있다.일라이 릴리 '레타트루티드' 출격글로벌 대사질환 시장의 선두 주자인 일라이 릴리는 마운자로를 이을 차세대 게임 체인저로 꼽히는 삼중작용제(GIP/GLP-1/글루카곤) '레타트루타이드(Retatrutide)'의 핵심 임상 3상 데이터 공개를 예고한 상태다.가장 기대를 모으는 것은 비만 환자를 대상으로 한 'TRIUMPH-1' 임상 3상 결과다. 앞선 초기 임상에서 압도적인 체중 감량 수치를 기록하며 의료계의 시선을 사로잡았던 만큼, 이번 대규모 3상 확증 임상을 통해 세대교체 선두주자로서의 입지를 입증할지가 관전 포인트다.릴리는 2형 당뇨병 환자를 대상으로 한 'TRANSCEND-T2D-1' 3상 데이터도 함께 공개한다.","[메디칼타임즈=문성호 기자]전 세계 제약·바이오 시장을 이끌고 있는 위고비(세마글루타이드)와 마운자로(터제파타이드)의 뒤를 이을 '차세대 비만·당뇨병 치료제'들의 개발 현황이 공개된다.오는 5일 미국 샌프란시스코에서 개막하는 미국당뇨병학회(ADA 2026)의 플레너리(Plenary) 및 주요 구두 발표(Oral Presentation) 세션 라인업이 공개되면서 비만‧당뇨병 치료제 시장을 둘러싼 글로벌 빅파마들의 주도권 경쟁에 관심이 집중되고 있다. 오는 5일 미국 샌프란시스코에서 미국당뇨병학회(ADA 2026)가 개최된다.그동안 글로벌 시장을 지배해 온 GLP-1 계열 치료제들이 체중 감량과 혈당 강하 효과를 증명했다면, 이번 ADA 2026에서는 이를 뛰어넘는 강력한 효과와 편의성을 장착한 차세대 파이프라인들이 전면에 배치돼 시장 재편을 예고하고 있다.일라이 릴리 '레타트루티드' 출격글로벌 대사질환 시장의 선두 주자인 일라이 릴리는 마운자로를 이을 차세대 게임 체인저로 꼽히는 삼중작용제(GIP/GLP-1/글루카곤) '레타트루타이드(Retatrutide)'의 핵심 임상 3상 데이터 공개를 예고한 상태다.가장 기대를 모으는 것은 비만 환자를 대상으로 한 'TRIUMPH-1' 임상 3상 결과다. 앞선 초기 임상에서 압도적인 체중 감량 수치를 기록하며 의료계의 시선을 사로잡았던 만큼, 이번 대규모 3상 확증 임상을 통해 세대교체 선두주자로서의 입지를 입증할지가 관전 포인트다.릴리는 2형 당뇨병 환자를 대상으로 한 'TRANSCEND-T2D-1' 3상 데이터도 함께 공개한다. 비만뿐만 아니라 당뇨병 환자에게서도 강력한 당화혈색소(HbA1c) 감소 효과와 함께 혈압, 콜레스테롤 등 심혈관계 위험 지표를 얼마나 유의미하게 개선했는지 증명해 '당뇨·비만 통합 치료제'로서의 입지를 확고히 하겠다는 구상이다.릴리 심혈관·대사질환 부문 총괄 사장인 케네스 커스터(Kenneth Custer) 박사는",local,10,아스트라제네카,,,0.9209199797643011,,1.0,0.9209199797643011,5.667863915010064,0.0,9.446439858350107,False
2026-06-04,Zuellig,2026-06-04 15:21:00,Naver News,https://www.newsis.com/view/NISX20260604_0003656604,"""백신이 암 치료""…'면역항암제 병용' 난치암 공략",치료용 암백신과 면역항암제를 함께 쓰는 병용치료법이 고위험군이나 후기 암 등에서 치료 가능성을 제시하고 있다. 4일 제약업계에 따르면 치료용 암백신과 면역항암제를 병용해 치료했더니 고위험 흑색종 환자의 재발 또는 사망 위험을 49% 줄인 연구결과가 나왔다. 모더나와 MSD가 최근 미국임상종양학회(ASCO)에서 발표한 고위험 3..,[서울=뉴시스]송연주 기자 = 치료용 암백신과 면역항암제를 함께 쓰는 병용치료법이 고위험군이나 후기 암 등에서 치료 가능성을 제시하고 있다. 4일 제약업계에 따르면 치료용 암백신과 면역항암제를 병용해 치료했더니 고위험 흑색종 환자의 재발 또는 사망 위험을 49% 줄인 연구결과가 나왔다. 모더나와 MSD가 최근 미국임상종양학회(ASCO)에서 발표한 고위험 3..,local,10,리브타요,,,0.9194760150382765,,1.0,0.9194760150382765,5.661799263160761,0.0,9.436332105267935,False
2026-06-04,Client,2026-06-04 16:56:00,Naver News,https://dealsite.co.kr/articles/162995,"오스코텍, 자력 물질 두 번째 기술수출…R&D 역량 재부각","BTK 억제제의 대표 주자로는 프랑스 사노피의 '릴자부르티닙(임상 2상 완료)'이 존재한다. 윤 대표는 ""SYK 및... 회사는 앞서 언급한 2건의 기술수출 이외에 지난해 12월 프랑스 사노피와 항체 기반 치매 신약 후보물질... ","BTK 억제제의 대표 주자로는 프랑스 사노피의 '릴자부르티닙(임상 2상 완료)'이 존재한다. 윤 대표는 ""SYK 및... 회사는 앞서 언급한 2건의 기술수출 이외에 지난해 12월 프랑스 사노피와 항체 기반 치매 신약 후보물질... ",local,10,사노피,,,0.9191288645481357,,1.0,0.9191288645481357,5.660341231102169,0.0,9.433902051836949,False
2026-06-04,Client,2026-06-04 00:32:00,Naver News,https://www.chosun.com/economy/science/2026/06/04/LEXMKCDGAFHQFBVDQEM44OII64/?utm_source=naver&utm_medium=referral&utm_campaign=naver-news,[모닝] 비만 치료제 맞으니 유방암 위험 줄더라,‘위고비’와 ‘마운자로’ 같은 GLP-1 계열 비만 치료제를 사용한 여성들의 유방암 발생 위험이 30%이상 낮다는 대규모 연구 결과가 나왔다. 미국 펜실베이니아 페렐만 의과대학의 엘리자베스 맥도날드 박사팀이... ,‘위고비’와 ‘마운자로’ 같은 GLP-1 계열 비만 치료제를 사용한 여성들의 유방암 발생 위험이 30%이상 낮다는 대규모 연구 결과가 나왔다. 미국 펜실베이니아 페렐만 의과대학의 엘리자베스 맥도날드 박사팀이... ,local,10,마운자로,,,0.91841420598061,,1.0,0.91841420598061,5.6573396651185615,0.0,9.428899441864269,False
2026-06-04,Client,2026-06-04 14:24:00,Naver News,https://new.dailypharm.com/user/news/339149?REFERER=NP,"[데일리팜]퍼스트바이오, 빅파마 출신 SAB 꾸려 신약개발 속도","퍼스트바이오가 글로벌 빅파마 연구개발 수장 출신 전문가들을 과학자문위원회에 영입하며 신약개발 역량 강화에 나선다. 퍼스트바이오테라퓨틱스는 얀 룬드베리(Jan Lundberg) 박사를 비롯한 해외 신약개발 전문가들을 과학자문위원회(Scientific Advisory Board, SAB)에 영입했다고 4일 밝혔다. 회사는 이번 SAB 출범을 통해 글로벌 임상 1상을 진행 중인 면역항암제 FB849의 개발 전략….","퍼스트바이오가 글로벌 빅파마 연구개발 수장 출신 전문가들을 과학자문위원회에 영입하며 신약개발 역량 강화에 나선다. 퍼스트바이오테라퓨틱스는 얀 룬드베리(Jan Lundberg) 박사를 비롯한 해외 신약개발 전문가들을 과학자문위원회(Scientific Advisory Board, SAB)에 영입했다고 4일 밝혔다. 회사는 이번 SAB 출범을 통해 글로벌 임상 1상을 진행 중인 면역항암제 FB849의 개발 전략…",local,10,노바티스,,,0.9167713417492169,,1.0,0.9167713417492169,5.650439635346712,0.0,9.41739939224452,False
2026-06-04,Client,2026-06-04 20:58:00,Naver News,http://www.newsmp.com/news/articleView.html?idxno=254251,"FDA, 로슈 경구용 SERD 조기 유방암 보조요법 우선심사","미국 식품의약국(FDA)이 스위스 제약사 로슈의 경구용 선택적 에스트로겐 수용체 분해제(SERD) 신약 후보물질을 조기 유방암 환자의 수술 후 보조요법으로 우선 심사하기로 했다.로슈는 FDA가 에스트로겐 수용체(ER) 양성, HER2(사람상피세포성장인자수용체2) 음성, 1ㆍ2ㆍ3기 유방암 성인 환자의 수술 후 보조요법으로서 기레데스트란트(giredestrant)의 신약허가신청을 우선 심사 대상으로 접수했다고 2일 발표했다.전문의약품 허가신청자 비용부담법(PDUFA)에 따른 심사 기한은 올해 11월 30일로 정해졌다.이번.","[의약뉴스] 미국 식품의약국(FDA)이 스위스 제약사 로슈의 경구용 선택적 에스트로겐 수용체 분해제(SERD) 신약 후보물질을 조기 유방암 환자의 수술 후 보조요법으로 우선 심사하기로 했다.로슈는 FDA가 에스트로겐 수용체(ER) 양성, HER2(사람상피세포성장인자수용체2) 음성, 1ㆍ2ㆍ3기 유방암 성인 환자의 수술 후 보조요법으로서 기레데스트란트(giredestrant)의 신약허가신청을 우선 심사 대상으로 접수했다고 2일 발표했다.전문의약품 허가신청자 비용부담법(PDUFA)에 따른 심사 기한은 올해 11월 30일로 정해졌다.이번",local,10,로슈,,,0.9164826020782453,,1.0,0.9164826020782453,5.64922692872863,0.0,9.415378214547717,False
2026-06-04,Client,2026-06-04 06:02:00,Naver News,https://www.apsk.co.kr/news/articleView.html?idxno=539504,"난공불락 '비정형·엑손20' 뚫었다… ASCO, 타그리소 장벽 넘는 차세대 폐암 신약 대거 등판 - 메디팜스투데이",전 세계 제약바이오 업계와 임상 의학자들의 이목이 집중된 미국임상종양학회 연례학술대회(ASCO 2026)에서 기존 3세대 표적치료제로도 정복하기 어려웠던 기형적.,전 세계 제약바이오 업계와 임상 의학자들의 이목이 집중된 미국임상종양학회 연례학술대회(ASCO 2026)에서 기존 3세대 표적치료제로도 정복하기 어려웠던 기형적,local,10,아스트라제네카,,,0.9158857228865165,,1.0,0.9158857228865165,5.646720036123369,0.0,9.411200060205616,False
2026-06-04,Client,2026-06-01 11:10:00,Naver News,https://www.medicaltimes.com/Main/News/NewsView.html?ID=1169014&ref=naverpc,[메디칼타임즈] 8주부터 발모…로게인폼 임상 근거 세계모발학회서 소개,"전 세계 모발 연구자들이 모인 세계모발학회(WCHR) 2026에서 오리지널 폼타입 미녹시딜 '로게인폼'의 임상적 가치가 재조명됐다. 켄뷰는 런천 심포지엄을 통해 미녹시딜 외용제의 발모 효과와 폼 제형의 임상적 장점, 다양한 탈모 치료 증례를 공유하며 국내외 전문가들과 최신 치료 전략을 논의했다.1일 켄뷰코리아판매 유한회사(켄뷰)는 지난 29일 서울 코엑스에서 열린 세계모발학회(World Congress for Hair Research, WCHR) 2026에서 런천 심포지엄을 개최하고, 로게인폼의 임상 근거와 탈모 치료 전략을 공유했다고 밝혔다.세계모발학회(WCHR)는 국제모발연구학회연맹(IFHRS)이 주관하는 세계적 권위의 모발 연구 학술대회로, 올해는 대한모발학회(KHRS) 주최로 5월 28일부터 31일까지 서울 코엑스에서 진행됐다. 켄뷰는 일반의약품으로는 이례적으로 이번 학회 플래티넘 스폰서로 참가해 행사 기간 동안 전시 부스를 운영하며 로게인폼의 주요 임상 데이터와 폼 제형의 임상적 이점을 소개했다.","[메디칼타임즈=최선 기자] 전 세계 모발 연구자들이 모인 세계모발학회(WCHR) 2026에서 오리지널 폼타입 미녹시딜 '로게인폼'의 임상적 가치가 재조명됐다. 켄뷰는 런천 심포지엄을 통해 미녹시딜 외용제의 발모 효과와 폼 제형의 임상적 장점, 다양한 탈모 치료 증례를 공유하며 국내외 전문가들과 최신 치료 전략을 논의했다.1일 켄뷰코리아판매 유한회사(켄뷰)는 지난 29일 서울 코엑스에서 열린 세계모발학회(World Congress for Hair Research, WCHR) 2026에서 런천 심포지엄을 개최하고, 로게인폼의 임상 근거와 탈모 치료 전략을 공유했다고 밝혔다.세계모발학회(WCHR)는 국제모발연구학회연맹(IFHRS)이 주관하는 세계적 권위의 모발 연구 학술대회로, 올해는 대한모발학회(KHRS) 주최로 5월 28일부터 31일까지 서울 코엑스에서 진행됐다. 켄뷰는 일반의약품으로는 이례적으로 이번 학회 플래티넘 스폰서로 참가해 행사 기간 동안 전시 부스를 운영하며 로게인폼의 주요 임상 데이터와 폼 제형의 임상적 이점을 소개했다. 아울러 학회 기간 중 런천 심포지엄을 개최해 국내외 탈모 분야 전문가들과 임상 근거 및 치료 전략을 심층적으로 논의하는 자리를 마련했다. 이번 심포지엄은 5월 29일(금) 진행됐으며, 고려대학교 구로병원 피부과 전지현 교수가 좌장을 맡은 가운데, 인하대학교병원 피부과 최광성 교수와 분당서울대병원 피부과 신정원 교수가 각각 연자로 나서 미녹시딜 외용제의 임상 근거와 실제 치료 증례를 발표했다.분당서울대병원 피부과 신정원 교수가 미녹시딜 외용제의 임상 근거를 설명하고 있다.신정원 교수는 '탈모의 기본 치료: 미녹시딜 외용제의 활용과 증례 공유(Basic Therapy for Hair Loss Treatment: The Use of Topical Minoxidil & Case Sharing)'를 주제로 발표했다. 신 교수는 미녹시딜이 혈관뿐 아니라 모낭에 직접 작용하며, 휴지기를 단축하고 성장기를 연장해 모발 성장을 촉진하는 다중 기전을 갖춘 치료제라고 설명했다.이어 남성 탈모와 여성 탈모 대상 대표 임상을 소개했다. 남성 탈모 대상 16주 무작위 이중맹검 임상(n=352)에서 폼타입 미녹시딜 투여군은 위약 대비 약 4.5배 높은 모발 수 증가를 보였으며(20.9개/cm² vs. 4.7개/cm², p<0.0001), 주관적 개선 보고율, 전문가 평가 등 모든 지표에서 위약 대비 유의한 효과가 확인됐다. 여성 탈모 대상 24주 임상(n=404)에서도 모발 수(13.4개/cm² vs. 4.3개/cm², p<0.001), 모발 밀도, 전문가 평가 모두에서 유의한 효과가 입증됐다. 남녀 임상 모두에서 8주부터 위약 대비 유의한 모발 재생 효과가 확인됐다.또한 기존 미녹시딜 액상 제형 대비 폼 제형의 임상적 이점을 소개하며, 높은 사용 편의성을 갖추면서도 모낭 흡수율은 높이고 전신 흡수율은 낮춘, 효능과 안전성을 균형 있게 갖춘 제형이라 평가했다. 오리지널 폼타입 미녹시딜인 로게인폼은 프로필렌글리콜(PG)을 포함하지 않아 두피 자극이 적고, 모낭 흡수율은 기존 액상 제형 대비 약 5배 향상시키면서 전신 흡수율은 절반으로 낮춘 것이 특징이다.신정원 교수는",local,10,켄뷰,,,0.9147913079461298,,1.0,0.9147913079461298,5.642123493373745,0.0,9.403539155622909,False
2026-06-04,Client,2026-06-04 17:42:00,Naver News,http://www.docdocdoc.co.kr/news/articleView.html?idxno=3039756,"퍼스트바이오, 글로벌 빅파마 R&D 수장 주축 '과학자문위원회' 출범","퍼스트바이오가 글로벌 신약개발 전문가들로 구성된 과학자문위원회를 출범하고 파이프라인 개발 전략 고도화에 나섰다.퍼스트바이오테라퓨틱스는 글로벌 빅파마 연구개발(R&D) 수장 출신 얀 룬드베리(Jan Lundberg, M.D., Ph.D.) 박사를 비롯한 해외 신약개발 전문가들을 과학자문위원회(Scientific Advisory Board, SAB)에 영입했다고 4일 밝혔다.퍼스트바이오는 이번 SAB 출범을 통해 글로벌 1상 임상시을 진행 중인 면역항암제 ‘FB849’ 개발 전략을 고도화하고, 차세대 퇴행성신경질환 파이프라인의 연구 경.","퍼스트바이오가 글로벌 신약개발 전문가들로 구성된 과학자문위원회를 출범하고 파이프라인 개발 전략 고도화에 나섰다.퍼스트바이오테라퓨틱스는 글로벌 빅파마 연구개발(R&D) 수장 출신 얀 룬드베리(Jan Lundberg, M.D., Ph.D.) 박사를 비롯한 해외 신약개발 전문가들을 과학자문위원회(Scientific Advisory Board, SAB)에 영입했다고 4일 밝혔다.퍼스트바이오는 이번 SAB 출범을 통해 글로벌 1상 임상시을 진행 중인 면역항암제 ‘FB849’ 개발 전략을 고도화하고, 차세대 퇴행성신경질환 파이프라인의 연구 경",local,10,릴리,,,0.9127867563344381,,1.0,0.9127867563344381,5.633704376604639,0.0,9.389507294341065,False
2026-06-04,BD,2026-06-04 08:22:00,Naver News,https://www.edaily.co.kr/news/newspath.asp?newsid=02771606645478440,디앤디파마텍 MASH 신약 몸값 재평가…“선급금 3~5배 뛴다”,디앤디파마텍(347850)의 대사이상 관련 지방간염(MASH) 치료제 후보물질 자보페그듀타이드(개발코드명 DD01)가 임상 2상 조직생검에서 핵심 지표를 모두 충족하면서 글로벌 기술수출 기대감이 급격히 커지고 있다. 그간 자보페그듀타이드의 최대 리스크였던 조직생검 불...,디앤디파마텍(347850)의 대사이상 관련 지방간염(MASH) 치료제 후보물질 자보페그듀타이드(개발코드명 DD01)가 임상 2상 조직생검에서 핵심 지표를 모두 충족하면서 글로벌 기술수출 기대감이 급격히 커지고 있다. 그간 자보페그듀타이드의 최대 리스크였던 조직생검 불...,local,10,GSK,,,0.9122170691669292,,1.0,0.9122170691669292,5.631311690501103,0.0,9.385519484168505,False
2026-06-04,BD,2026-06-05 06:16:00,Naver News,http://www.newsmp.com/news/articleView.html?idxno=254257,"이노벤트, CLDN18.2 표적 ADC 위암 3상 성공","중국 바이오제약사 이노벤트 바이오로직스(Innovent Biologics, 신다생물제약)가 일본 다케다제약과 협력해 개발 중인 항체-약물 접합체(ADC) 후보물질의 임상 3상 시험에서 주요 목표를 달성했다.이노벤트는 아르코타투그 타바테칸(Arcotatug tavatecan, 개발명 IBI343 또는 TAK-921)의 국제 다기관 임상 3상 시험 G-HOPE-001의 첫 중간 분석 결과, 1차 평가변수를 충족했다고 4일 발표했다.아르코타투그 타바테칸은 CLDN18.2(클라우딘18.2) 발현 암 치료를 위한 정밀의약품으로.","[의약뉴스] 중국 바이오제약사 이노벤트 바이오로직스(Innovent Biologics, 신다생물제약)가 일본 다케다제약과 협력해 개발 중인 항체-약물 접합체(ADC) 후보물질의 임상 3상 시험에서 주요 목표를 달성했다.이노벤트는 아르코타투그 타바테칸(Arcotatug tavatecan, 개발명 IBI343 또는 TAK-921)의 국제 다기관 임상 3상 시험 G-HOPE-001의 첫 중간 분석 결과, 1차 평가변수를 충족했다고 4일 발표했다.아르코타투그 타바테칸은 CLDN18.2(클라우딘18.2) 발현 암 치료를 위한 정밀의약품으로",local,10,라이선스,,,0.9088253641917813,,1.0,0.9088253641917813,5.617066529605481,0.0,9.361777549342468,False
2026-06-04,Client,2026-06-04 16:00:00,Naver News,https://www.startuptoday.co.kr/news/articleView.html?idxno=802757,"[이슈] 로레알, 탈모 데이터 공개 전 '올릭스' 베팅… 치료제 임상 착착 - 오늘경제",세계 최대 뷰티 기업 로레알이 국내 바이오기업 올릭스에 전략적 투자자로 참여하면서 RNA 기반 플랫폼 기술이 주목받고 있다. 특히 피부·모발 분야 공동 연구에 이.,세계 최대 뷰티 기업 로레알이 국내 바이오기업 올릭스에 전략적 투자자로 참여하면서 RNA 기반 플랫폼 기술이 주목받고 있다. 특히 피부·모발 분야 공동 연구에 이,local,10,로레알,,,0.9067449957694838,,1.0,0.9067449957694838,5.608328982231831,0.0,9.347214970386386,False
2026-06-04,BD,2026-06-05 01:14:00,Naver News,http://www.thefirstmedia.net/news/articleView.html?idxno=200639,"서울아산병원 대장항문외과 교수팀, 크론병 치루 치료 효과 입증…""회복기간도 단축""","재발이 잦고 완치가 어려운 크론병 치루 치료에 새로운 가능성을 제시하는 연구 결과가 나왔다.서울아산병원 대장항문외과 윤용식·이종률 교수팀은 크론병 치루 수술 과정에서 연어 유래 재생물질인 PDRN(폴리디옥시리보뉴클레오티드)을 국소 주입한 결과, 기존 수술법 대비 완치율이 약 1.8배 높아지고 회복 기간도 크게 단축됐다고 5일 밝혔다.크론병 치루는 크론병 환자에게 흔히 발생하는 합병증으로 항문 주변에 고름이 차는 누공이 형성되는 질환이다. 통증과 분비물로 삶의 질을 크게 떨어뜨리며 재발률이 높아 치료가 까다로운 것으로 알.","재발이 잦고 완치가 어려운 크론병 치루 치료에 새로운 가능성을 제시하는 연구 결과가 나왔다.서울아산병원 대장항문외과 윤용식&middot;이종률 교수팀은 크론병 치루 수술 과정에서 연어 유래 재생물질인 PDRN(폴리디옥시리보뉴클레오티드)을 국소 주입한 결과, 기존 수술법 대비 완치율이 약 1.8배 높아지고 회복 기간도 크게 단축됐다고 5일 밝혔다.크론병 치루는 크론병 환자에게 흔히 발생하는 합병증으로 항문 주변에 고름이 차는 누공이 형성되는 질환이다. 통증과 분비물로 삶의 질을 크게 떨어뜨리며 재발률이 높아 치료가 까다로운 것으로 알",local,10,합병,,,0.9002415322323303,,1.0,0.9002415322323303,5.581014435375787,0.0,9.301690725626312,False
2026-06-04,Product Approval,2026-06-05 05:56:00,Naver News,https://www.monews.co.kr/news/articleView.html?idxno=411601,암 환자 정신건강 관리 사각지대…벤조디아제핀 중심 처방 구조 드러나 - 메디칼업저버,암 환자에서 우울증·불안장애 등 정신질환 부담이 적지 않지만 실제 처방은 벤조디아제핀 계열 중심으로 이뤄지고 있는 것으로 조사됐다.정.,[메디칼업저버 이지현 기자] 암 환자에서 우울증·불안장애 등 정신질환 부담이 적지 않지만 실제 처방은 벤조디아제핀 계열 중심으로 이뤄지고 있는 것으로 조사됐다.정,local,2,용량,,,0.5475625834744592,,0.2,0.5475625834744592,5.459762850592728,7.0,4.432938084321214,False
2026-06-04,Product Approval,2026-06-05 05:56:00,Naver News,https://www.pharmnews.com/news/articleView.html?idxno=303977,"'안압 자동 조절' 국산 녹내장 임플란트, 기존 수술 대체 도전장 - 팜뉴스",눈 속에 미세한 튜브를 넣어 안압을 낮추는 국산 녹내장 의료기기 '에이스트림'이 기존 표준 수술법과 대등한 장기 치료 효과를 입증했다.,[팜뉴스=김응민 기자] 눈 속에 미세한 튜브를 넣어 안압을 낮추는 국산 녹내장 의료기기 '에이스트림'이 기존 표준 수술법과 대등한 장기 치료 효과를 입증했다. 특,local,2,출시,,,0.18337975052505395,,0.2,0.18337975052505395,5.130194952205226,10.0,1.8836582536753776,False
2026-06-04,Therapeutic Areas,2026-06-05 05:30:00,Naver News,https://www.medicaltimes.com/Main/News/NewsView.html?ID=1169082&ref=naverpc,"[메디칼타임즈] 블록버스터 의존 깨뜨린 한국다케다, 균형 성장 결실","국내 항암제 시장이 면역항암제와 차세대 표적치료제를 중심으로 급격히 재편되면서 연평균 두 자릿수 성장세를 기록, 약 3조원 규모로 확대됐다. 하지만 까다로운 급여 기준과 재정적 제약으로 인해 국내 환자들의 치료 접근성 격차는 여전히 해결해야 할 과제로 남아있다. 이러한 시장 환경 속에서 특정 블록버스터 제품에 의존하지 않고, 균형 잡힌 포트폴리오와 환자 중심 전략을 바탕으로 내실 있는 성장 구조를 구축한 제약사가 있어 주목받고 있다.","[메디칼타임즈=문성호 기자]국내 항암제 시장이 면역항암제와 차세대 표적치료제를 중심으로 급격히 재편되면서 연평균 두 자릿수 성장세를 기록, 약 3조원 규모로 확대됐다. 하지만 까다로운 급여 기준과 재정적 제약으로 인해 국내 환자들의 치료 접근성 격차는 여전히 해결해야 할 과제로 남아있다. 이러한 시장 환경 속에서 특정 블록버스터 제품에 의존하지 않고, 균형 잡힌 포트폴리오와 환자 중심 전략을 바탕으로 내실 있는 성장 구조를 구축한 제약사가 있어 주목받고 있다.  혈액암과 주요 고형암을 아우르는 포트폴리오 기반 성장 구조를 완성, 전사 성장의 핵심 축으로 자리매김한 한국다케다제약 항암제사업부가 그 주인공이다. 한국다케다제약 항암제사업부 김미승 총괄은 성장 비결로 특정 제품 중심이 아닌 균형 잡힌 포트폴리오와 환자 중심 전략이 기반이 됐다고 강조했다.최근 한국다케다제약 김미승 총괄을 비롯한 항암제사업부를 만나 연속 성장 비결과 향후 국내 항암 치료 환경 개선을 위한 전략을 들어봤다.",local,2,항암제,,,0.35926418534422705,,0.2,0.35926418534422705,5.068909578445753,8.0,3.1148492974095894,False
2026-06-04,Product Approval,2026-06-05 05:52:00,Naver News,https://www.kpanews.co.kr/news/articleView.html?idxno=536217,"'AI·약가정책·RWE' 대전환 ISPOR 2026, 가치 기반 의료 분기점 제시 - 약사공론","전 세계 건강경제 및 성과연구(Health Economics & Outcomes Research, HEOR) 전문가들이 한자리에 모이는 국제약물경제성평가 및 성과.","전 세계 건강경제 및 성과연구(Health Economics & Outcomes Research, HEOR) 전문가들이 한자리에 모이는 국제약물경제성평가 및 성과",local,2,출시,,,0.16113281481642738,,0.2,0.16113281481642738,5.036757822228995,10.0,1.7279297037149917,False
2026-06-04,Therapeutic Areas,2026-06-05 05:56:00,Naver News,https://www.kpanews.co.kr/news/articleView.html?idxno=536212,"끊길 뻔한 항암제 공급, 정부 주문제조로 잇는다 - 약사공론",악성흑색종과 호지킨림프종 치료에 쓰이는 필수 항암제의 공급 불안을 해소하기 위해 정부가 공적 공급체계를 가동한다. 시장 규모와 수익성 한계로 민간 공급만으로는 안.,악성흑색종과 호지킨림프종 치료에 쓰이는 필수 항암제의 공급 불안을 해소하기 위해 정부가 공적 공급체계를 가동한다. 시장 규모와 수익성 한계로 민간 공급만으로는 안,local,2,항암제,,,0.6038756688354281,,0.2,0.6038756688354281,4.896277809108797,5.0,4.827129681847996,False
2026-06-04,Product Approval,2026-06-05 07:10:00,Naver News,https://medicalworldnews.co.kr/news/view.php?idx=1510975120,‘다카르바진 주사제’ 주문제조 추진…생산 원가 보전·공공 책임 구매 방식 전환,"식품의약품안전처가 악성흑색종·호지킨림프종 표준치료에 필수적인 ‘다카르바진 주사제’의 공급 중단 우려에 선제 대응하기 위해 국가필수의약품 주문제조 제도를 활용, 6월 중 의료현장에 해당 약품을 공급한다.◆환자·의료현장 요청…정책 전환‘다카르바진 주사제’는 악성흑색종과 호지킨림프종, 평활근육종을 포함한 연조직육종 치료에 쓰이는 표준 항암제다. 국내에서 대체 가능한 치료 선택지가 제한적인 상황에서, 환자와 가족들은 치료 지속을 위한 정부의.","식품의약품안전처가 악성흑색종·호지킨림프종 표준치료에 필수적인 ‘다카르바진 주사제’의 공급 중단 우려에 선제 대응하기 위해 국가필수의약품 주문제조 제도를 활용, 6월 중 의료현장에 해당 약품을 공급한다.◆환자·의료현장 요청…정책 전환‘다카르바진 주사제’는 악성흑색종과 호지킨림프종, 평활근육종을 포함한 연조직육종 치료에 쓰이는 표준 항암제다. 국내에서 대체 가능한 치료 선택지가 제한적인 상황에서, 환자와 가족들은 치료 지속을 위한 정부의",local,2,허가,,,0.3732107684511338,,0.2,0.3732107684511338,4.727485227494762,7.0,3.2124753791579366,False
2026-06-04,Product Approval,2026-06-05 06:14:00,Naver News,https://www.newsen.com/news_view.php?uid=202606042034162510,194억 건물주 이정현 “쿠폰없으면 장도 못 봐” 의사 남편 가스라이팅 폭로(편스토랑),이정현이 남편의 지나친 절약 정신에 불만을 드러냈다. 6월 4일 방송된 KBS 2TV ‘신상출시 편스토랑’에서 이정현이 남편의 짠돌이 면모를 폭로했다. 식재료를 사야한다는 말에 이정현 ...,이정현이 남편의 지나친 절약 정신에 불만을 드러냈다.   6월 4일 방송된 KBS 2TV ‘신상출시 편스토랑’에서 이정현이 남편의 짠돌이 면모를 폭로했다.   식재료를 사야한다는 말에 이정현 ...,local,2,출시,,,0.07300166159009314,,0.2,0.07300166159009314,4.6666069786783915,10.0,1.111011631130652,False
2026-06-04,Product Approval,2026-06-05 06:20:00,Naver News,https://www.bosa.co.kr/news/articleView.html?idxno=3005682,한의사 리도카인·전문의약품 약침 사용 면허정지 적법 - 의학신문,리도카인과 전문의약품을 약침에 사용하고 유효기간이 지난 리도카인까지 사용한 한의사에게 내려진 면허자격정지 처분이 적법하다는 법원.,[의학신문·일간보사=정광성 기자] 리도카인과 전문의약품을 약침에 사용하고 유효기간이 지난 리도카인까지 사용한 한의사에게 내려진 면허자격정지 처분이 적법하다는 법원,local,2,허가,,,0.3418701705963418,,0.2,0.3418701705963418,4.595854716504635,7.0,2.9930911941743923,False
2026-06-04,Product Approval,2026-06-05 07:03:00,Naver News,https://kormedi.com/?p=2821698,"“사랑니 아파서 치과 갔다가”…’이 암’ 진단 받은 19세, 무슨 증상 겪었나 - 코메디닷컴",한 달 넘게 치통을 겪던 19세 남성이 치과 진료를 받다가 의사의 의심으로 혈액암 진단을 받은 사연이 전해졌다.영국 매체 미러 등 보도에 딸면 더비셔주에 사는 에단 해리슨(19)은 오른쪽 사랑니 통증이 계속되자 치과를 찾았다.,한 달 넘게 치통을 겪던 19세 남성이 치과 진료를 받다가 의사의 의심으로 혈액암 진단을 받은 사연이 전해졌다.영국 매체 미러 등 보도에 딸면 더비셔주에 사는 에단 해리슨(19)은 오른쪽 사랑니 통증이 계속되자 치과를 찾았다. 처음엔 으레,local,2,신약,,,0.2442979813795646,,0.2,0.2442979813795646,4.186051521794171,7.0,2.310085869656952,False
2026-06-04,Therapeutic Areas,2026-06-04 17:10:00,Naver News,https://medicalworldnews.co.kr/news/view.php?idx=1510975032,젊은 층부터 고령자·임산부까지…‘맞춤형 고혈압 관리’ 시대 개막,"대한고혈압학회가 발표한 ‘2026 고혈압 진료지침(제6판)’에 따르면 비만·청년·고령자·임산부 등 특수 집단에 대한 관리 방침을 대폭 강화하고, 고혈압성 응급의 정의를 재정립했으며, 환자중심진료를 독립 챕터로 신설했다. ‘한 가지 잣대로 모든 환자를 관리하는 시대는 끝났다’는 메시지가 지침 곳곳에 녹아 있다.◆비만 고혈압, 독립 섹션으로 격상국내 비만 유병률은 2013년 31.1%에서 2023년 38.4%로 증가했고, 남성은 같은 기간.","대한고혈압학회가 발표한 ‘2026 고혈압 진료지침(제6판)’에 따르면 비만·청년·고령자·임산부 등 특수 집단에 대한 관리 방침을 대폭 강화하고, 고혈압성 응급의 정의를 재정립했으며, 환자중심진료를 독립 챕터로 신설했다. ‘한 가지 잣대로 모든 환자를 관리하는 시대는 끝났다’는 메시지가 지침 곳곳에 녹아 있다.◆비만 고혈압, 독립 섹션으로 격상국내 비만 유병률은 2013년 31.1%에서 2023년 38.4%로 증가했고, 남성은 같은 기간",local,2,불임,,,0.3513693641835914,,0.2,0.3513693641835914,3.8357513295710834,5.0,3.0595855492851394,False
2026-06-04,Supply Issues,2026-06-04 18:01:00,Naver News,https://www.ddaily.co.kr/page/view/2026060417522481789,"조류독감 여파에 계란이 '금값'…대형마트, '1인 1판' 구매 제한",지난 5월14일 홈플러스가 판매하는 태국산 신선란이 전량 완판됐다. [사진=연합뉴스][디지털데일리 장주영 기자] 고병원성 조류인플루엔자(AI) 확산에 따른 수급 불안으로 계란 가격...,지난 5월14일 홈플러스가 판매하는 태국산 신선란이 전량 완판됐다. [사진=연합뉴스][디지털데일리 장주영 기자] 고병원성 조류인플루엔자(AI) 확산에 따른 수급 불안으로 계란 가격...,local,2,품절,,,0.2961402027823315,,0.2,0.2961402027823315,3.603788851685792,5.0,2.6729814194763204,False
2026-06-04,Product Approval,2026-06-04 18:11:00,Naver News,https://www.sedaily.com/article/20051962?ref=naver,"요요·근손실 방지…K바이오, 차세대 비만치료 해법 제시",접근이 거부되었습니다 관리자에게 문의하세요 Email : 홈으로 돌아가기.,"403
접근이 거부되었습니다
관리자에게 문의하세요
Email : sscinfra@ssc.co.kr
홈으로 돌아가기",local,2,제형,,,0.07995845299518671,,0.2,0.07995845299518671,3.4958255025797844,7.0,1.1597091709663068,False
2026-06-04,Product Approval,2026-06-05 07:02:00,Naver News,https://www.thebell.co.kr/free/content/ArticleView.asp?key=202606012033434960107689,[더벨][thebell interview] 정보라 스틱벤처스 대표 “딥테크 스케일업 강...,"항체·분해제 접합체(DAC) 기반 신약 개발사 오름테라퓨틱 역시 90%가량 회수를 진행했다. 잔여 상장 자산도 다수 남아 있다. 위성 지상국 솔루션 기업 컨텍, 우주 발사체 기업 이노스페이스, 오름테라퓨틱, 노타... ","항체·분해제 접합체(DAC) 기반 신약 개발사 오름테라퓨틱 역시 90%가량 회수를 진행했다. 잔여 상장 자산도 다수 남아 있다. 위성 지상국 솔루션 기업 컨텍, 우주 발사체 기업 이노스페이스, 오름테라퓨틱, 노타... ",local,2,신약,,,0.06974258956869277,,0.2,0.06974258956869277,3.4529188761885097,7.0,1.0881981269808494,False
2026-06-04,Product Approval,2026-06-05 06:02:00,Naver News,https://www.kukinews.com/article/view/kuk202606040217,“18세 되면 치료 끊길까 불안”…신경섬유종증 환자·가족들이 뛴 이유,"Why have I been blocked? This website is using a security service to protect itself from online attacks. The action you just performed triggered the security solution. There are several actions that could trigger this block including submitting a certain word or phrase, a SQL command or malformed data.","Why have I been blocked?
This website is using a security service to protect itself from online attacks. The action you just performed triggered the security solution. There are several actions that could trigger this block including submitting a certain word or phrase, a SQL command or malformed data.",local,2,적응증,,,0.0659372476390324,,0.2,0.0659372476390324,3.436936440083936,7.0,1.0615607334732267,False
2026-06-04,Supply Issues,2026-06-01 18:38:00,Naver News,https://www.polinews.co.kr/news/articleView.html?idxno=732782,약가 인하 폭탄에 우는 K-제약의 비명…신약 파이프라인 멈추나,정부가 건강보험 재정 건전성 확보를 명분으로 대규모 약가 제도 개편을 예고하면서 국내 제약업계 전반에 짙은 먹구름이 드리우고 있다.보건복지부가 추진 중인 이번 개편안의 골자는 제네릭(복제약) 의약품의 상한 가격을 기존 오리지널 대비 50%대에서 40%대 초반으로 일괄 조정하는 것이다. 정부는 건보 재정의 지속 가능성을 위해 불가피한 조치라는 입장이다.하지만 제약 현장에서는 이번 조치가 단순한 기업 매출 감소를 넘어 한국 제약·바이오 산업의 핵심 성장 동력인 연구개발(R&D) 생태계를 뿌리째 흔들 수 있다며 비틀거리고 있다.자금줄 막.,정부가 건강보험 재정 건전성 확보를 명분으로 대규모 약가 제도 개편을 예고하면서 국내 제약업계 전반에 짙은 먹구름이 드리우고 있다.보건복지부가 추진 중인 이번 개편안의 골자는 제네릭(복제약) 의약품의 상한 가격을 기존 오리지널 대비 50%대에서 40%대 초반으로 일괄 조정하는 것이다. 정부는 건보 재정의 지속 가능성을 위해 불가피한 조치라는 입장이다.하지만 제약 현장에서는 이번 조치가 단순한 기업 매출 감소를 넘어 한국 제약·바이오 산업의 핵심 성장 동력인 연구개발(R&D) 생태계를 뿌리째 흔들 수 있다며 비틀거리고 있다.자금줄 막,local,2,품귀,,,0.6718411571293227,,0.2,0.6718411571293227,3.1817328599431547,0.0,5.302888099905258,False
2026-06-04,Reimbursement,2026-06-05 06:06:00,Naver News,https://www.medipana.com/news/articleView.html?idxno=412376,"보령, ESG서도 '필수의약품 공급자 역할' 부각 - 메디파나뉴스",보령이 필수의약품 공급자로서 역할과 책임을 ESG 영역에서도 구체화했다. 회사 성장전략에서 한 축으로 설정한 데 이어 ESG에서도.,[메디파나뉴스 = 조후현 기자] 보령이 필수의약품 공급자로서 역할과 책임을 ESG 영역에서도 구체화했다. 회사 성장전략에서 한 축으로 설정한 데 이어 ESG에서도,local,2,약가,,,0.09593560307862029,,0.2,0.09593560307862029,3.1629295329302054,6.0,1.271549221550342,False
2026-06-04,Therapeutic Areas,2026-06-05 06:00:00,Naver News,https://www.pharmnews.com/news/articleView.html?idxno=303950,"[명의를 만나다] ""킴리아, CAR-T '표준 치료' 옵션으로 성장"" - 팜뉴스",반복 재발하거나 기존 치료에 반응하지 않는 미만성 거대 B세포 림프종(r/r DLBCL) 환자에게 3차 이상 치료는 오랫동안 한계가 뚜렷한.,[팜뉴스=김민건 기자] 반복 재발하거나 기존 치료에 반응하지 않는 미만성 거대 B세포 림프종(r/r DLBCL) 환자에게 3차 이상 치료는 오랫동안 한계가 뚜렷한,local,2,항암제,,,0.18891623396673804,,0.2,0.18891623396673804,3.1534481826603,5.0,1.9224136377671663,False
2026-06-04,Reimbursement,2026-05-31 07:00:00,Naver News,https://www.news1.kr/bio/general/6180664,[李정부 1년] 의사 늘리고 1조 투입 '지역·필수·공공' 의료 복원 시동,"Access Denied You don't have permission to access ""http://www.news1.kr/bio/general/6180664"" on this server. Reference #18.c4352f17.1780611756.272e6e5 https://errors.edgesuite.net/18.c4352f17.1780611756.272e6e5.","Access Denied
You don't have permission to access ""http://www.news1.kr/bio/general/6180664"" on this server.
Reference #18.c4352f17.1780611756.272e6e5
https://errors.edgesuite.net/18.c4352f17.1780611756.272e6e5",local,2,보험등재,,,0.07746785780339868,,0.2,0.07746785780339868,3.085365002774275,6.0,1.1422750046237908,False
2026-06-04,Therapeutic Areas,2026-06-04 07:31:00,Naver News,https://www.tvreport.co.kr/entertainment/article/1050594/,"'박수홍♥' 김다예, 시험관 시술 당시 정신적 고통 고백…""이번에도 안 될까 봐"" [RE:뷰]","방송인 박수홍의 아내 김다예가 둘째 임신 준비를 위해 난임 병원을 다시 찾은 가운데, 과거 첫째 시험관 시술 당시 겪었던 극심한 정신적 고통을 고백해 수많은 난임 부부들의 공감을 자아내고 있다. 지난 1일 채널 '박수홍 행복해다홍'에는 '재이.","방송인 박수홍의 아내 김다예가 둘째 임신 준비를 위해 난임 병원을 다시 찾은 가운데, 과거 첫째 시험관 시술 당시 겪었던 극심한 정신적 고통을 고백해 수많은 난임 부부들의 공감을 자아내고 있다. 지난 1일 채널 '박수홍 행복해다홍'에는 '재이",local,2,난임,,,0.12405827233244111,,0.2,0.12405827233244111,2.8810447437962523,5.0,1.4684079063270876,False
2026-06-04,Therapeutic Areas,2026-06-04 09:22:00,Naver News,https://nownews.seoul.co.kr/news/newsView.php?id=20260604601003&wlog_tag3=naver,"“내 아이인 줄 알았는데”…아내가 낳은 둘째, ‘남의 정자’였다 [핫이슈]",별거 중이던 아내가 남편의 동의서를 위조해 제3자의 정자로 아이를 출산한 사건이 일본에서 논란이 되고 있다. 남편은 불임치료 병원이 본인 동의 여부를 제대로 확인하지 않았다며 손해배상 소송을 냈다. 3일 요미우리신문에 따르면 일본 교토시에 사는 한 남성은 불임치료 병원을 운영하는 의료….,"별거 중이던 아내가 남편의 동의서를 위조해 제3자의 정자로 아이를 출산한 사건이 일본에서 논란이 되고 있다. 남편은 불임치료 병원이 본인 동의 여부를 제대로 확인하지 않았다며 손해배상 소송을 냈다.
3일 요미우리신문에 따르면 일본 교토시에 사는 한 남성은 불임치료 병원을 운영하는 의료…",local,2,불임,,,0.11745555249776206,,0.2,0.11745555249776206,2.8533133204906007,5.0,1.4221888674843344,False
2026-06-04,Therapeutic Areas,2026-06-04 18:46:00,Naver News,http://www.hellodd.com/news/articleView.html?idxno=111986,"""대장암 치료 실패 원인 찾았다""···생명연, 항암제 내성 극복 전략 제시","대장암 세포가 항암제에 내성을 갖는 핵심 원인을 찾아 기존 치료 효과를 되살릴 가능성을 국내 연구진이 제시했다.한국생명공학연구원(원장 권석윤)은 줄기세포융합연구센터 조현수 박사 연구팀이 경북대학교 허근 교수 연구팀과 함께 대장암 세포가 5-FU에 내성을 갖게 되는 원인을 찾고 암세포를 다시 항암제에 반응하도록 하는 치료 전략을 제시했다고 4일 밝혔다.5-FU는 대장암 치료에 가장 많이 쓰이는 항암제 중 하나다. 많은 환자에게 치료 효과를 보여 왔지만, 치료가 반복되면 일부 암세포가 약물 공격에 적응해 더 이상 약이 듣지 않는 문제가.","대장암 세포가 항암제에 내성을 갖는 핵심 원인을 찾아 기존 치료 효과를 되살릴 가능성을 국내 연구진이 제시했다.한국생명공학연구원(원장 권석윤)은 줄기세포융합연구센터 조현수 박사 연구팀이 경북대학교 허근 교수 연구팀과 함께 대장암 세포가 5-FU에 내성을 갖게 되는 원인을 찾고 암세포를 다시 항암제에 반응하도록 하는 치료 전략을 제시했다고 4일 밝혔다.5-FU는 대장암 치료에 가장 많이 쓰이는 항암제 중 하나다. 많은 환자에게 치료 효과를 보여 왔지만, 치료가 반복되면 일부 암세포가 약물 공격에 적응해 더 이상 약이 듣지 않는 문제가",local,2,항암제,,,0.09888665775312398,,0.2,0.09888665775312398,2.7753239625631205,5.0,1.2922066042718678,False
2026-06-04,Reimbursement,2026-06-05 05:36:00,Naver News,http://www.medisobizanews.com/news/articleView.html?idxno=139213,"동아ST, 도입상품이 ‘구원투수’ …비만약 등 신약개발 ‘강속구’",동아에스티가 미래를 책임질 글로벌 진출의 전초기지로서 비만치료제 파이프라인을 당차게 키워내고 있다. 종전 주력 품목들이 주춤하는 상황에서도 성장동력에 대한 끊임없는 투자를 이어가며 미국 시장을 향한 새로운 비전을 구체화하는 모습이다.금융감독원에 따르면 동아에스티는 지난 1분기 핵심 제품인 성장호르몬 ‘그리트로핀’이 제자리 걸음을 걷고 ‘모티리톤’이 소폭 성장하는 데 그치며 주력 제품의 확장에 다소 한계를 드러냈다.특히 한때 퇴출 위기에서 생환한 ‘스티렌’을 비롯해 ‘리피논’의 매출 하락세가 이어지면서 완만하던 성장세도 다소 주춤하는.,동아에스티가 미래를 책임질 글로벌 진출의 전초기지로서 비만치료제 파이프라인을 당차게 키워내고 있다. 종전 주력 품목들이 주춤하는 상황에서도 성장동력에 대한 끊임없는 투자를 이어가며 미국 시장을 향한 새로운 비전을 구체화하는 모습이다.금융감독원에 따르면 동아에스티는 지난 1분기 핵심 제품인 성장호르몬 ‘그리트로핀’이 제자리 걸음을 걷고 ‘모티리톤’이 소폭 성장하는 데 그치며 주력 제품의 확장에 다소 한계를 드러냈다.특히 한때 퇴출 위기에서 생환한 ‘스티렌’을 비롯해 ‘리피논’의 매출 하락세가 이어지면서 완만하던 성장세도 다소 주춤하는,local,2,약가,,,0.13859229890644398,,0.2,0.13859229890644398,2.5420876554070646,4.0,1.5701460923451078,False
2026-06-04,Product Approval,2026-06-05 06:02:00,Naver News,https://www.apsk.co.kr/news/articleView.html?idxno=539517,"HK이노엔, 근감소증 치료제 개발 본격화…'IN-207907' 임상 2상 승인 - 메디팜스투데이",고령화에 따른 대표적 노인성 질환으로 꼽히는 근감소증 치료제 시장을 겨냥해 HK이노엔이 본격적인 신약 개발에 나선다.식품의약품안전처는 지난 4일 HK이노엔의 근감.,고령화에 따른 대표적 노인성 질환으로 꼽히는 근감소증 치료제 시장을 겨냥해 HK이노엔이 본격적인 신약 개발에 나선다.식품의약품안전처는 지난 4일 HK이노엔의 근감,local,2,적응증,,,0.18467538291061236,,0.2,0.18467538291061236,1.135636608224572,0.0,1.8927276803742865,False
2026-06-04,Product Approval,2026-06-05 06:02:00,Naver News,https://www.apsk.co.kr/news/articleView.html?idxno=539519,ASCO 열기 이어받는 유럽혈액학회(EHA)…'CAR-T·ADC·이중항체' 키워드 - 메디팜스투데이,미국임상종양학회(ASCO 2026)가 폐암과 유방암 등 고형암 분야 신약 경쟁의 장이었다면 글로벌 제약바이오 업계의 다음 시선은 혈액암 분야 최대 학술행사인 유럽.,미국임상종양학회(ASCO 2026)가 폐암과 유방암 등 고형암 분야 신약 경쟁의 장이었다면 글로벌 제약바이오 업계의 다음 시선은 혈액암 분야 최대 학술행사인 유럽,local,2,적응증,,,0.12988266020070147,,0.2,0.12988266020070147,0.905507172842946,0.0,1.50917862140491,False
2026-06-04,Product Approval,2026-06-05 06:36:00,Naver News,http://www.docdocdoc.co.kr/news/articleView.html?idxno=3039742,"[ASCO 2026] 실패했던 'GPC3', 간암 치료 새 표적으로 부활하나","한때 실패로 남았던 표적이 다시 간세포암 치료의 전면에 섰다. 주인공은 'GPC3(Glypican-3)'다. 간세포암에서 높은 빈도로 발현되는 표적이지만, 과거 단클론항체 접근으로는 임상적 효과를 입증하지 못했던 타깃이다.그러나 치료제 모달리티(Modality) 기술이 진화하면서 상황이 달라지고 있다. 단순히 GPC3에 결합하는 항체가 아니라, GPC3를 매개로 종양 미세환경에서 T세포를 활성화하는 이중항체가 등장했기 때문이다.","[시카고=김윤미 기자] 한때 실패로 남았던 표적이 다시 간세포암 치료의 전면에 섰다. 주인공은 'GPC3(Glypican-3)'다. 간세포암에서 높은 빈도로 발현되는 표적이지만, 과거 단클론항체 접근으로는 임상적 효과를 입증하지 못했던 타깃이다.그러나 치료제 모달리티(Modality) 기술이 진화하면서 상황이 달라지고 있다. 단순히 GPC3에 결합하는 항체가 아니라, GPC3를 매개로 종양 미세환경에서 T세포를 활성화하는 이중항체가 등장했기 때문이다. GPC3와 4-1BB를 동시에 겨냥하는 'BGB-B2033'이 그 대표적 사례다.",local,2,용량,,,0.11112293365609732,,0.2,0.11112293365609732,0.8267163213556086,0.0,1.377860535592681,False
2026-06-04,Product Approval,2026-06-05 07:02:00,Naver News,https://www.thebell.co.kr/free/content/ArticleView.asp?key=202606021505190280106174,"[더벨][ASCO로 보는 K-바이오] 신라젠, BAL0891 단독요법 효능 확인…혈...",용량 증량 단계의 단독요법에서 완전관해(CR)와 부분관해(PR)가 관찰되면서 병용요법에 기대지 않고도 치료 효과를 기대할 수 있다는 가능성을 보여줬다는 평가다. 특히 최대내성용량(MTD) 240mg과 권장 2상 용량... ,용량 증량 단계의 단독요법에서 완전관해(CR)와 부분관해(PR)가 관찰되면서 병용요법에 기대지 않고도 치료 효과를 기대할 수 있다는 가능성을 보여줬다는 평가다. 특히 최대내성용량(MTD) 240mg과 권장 2상 용량... ,local,2,용량,,,0.10242671849750558,,0.2,0.10242671849750558,0.7901922176895234,0.0,1.316987029482539,False
2026-06-04,Product Approval,2026-06-05 06:02:00,Naver News,http://www.hansbiz.co.kr/news/articleView.html?idxno=842379,"[美 도전 K-세포치료제] ③ 메디포스트 ‘카티스템’, 일본 넘어 미국으로","국내 바이오기업들이 미국 식품의약국(FDA) 허가라는 글로벌 시장의 최고 규제 장벽에 도전하고 있다. 한때 국내 허가와 제한적 상용화 경험에 머물렀던 국산 첨단바이오의약품들은 이제 글로벌 임상 데이터와 장기 추적 결과를 기반으로 세계 최대 의약품 시장 진입 가능성을 시험받는 단계에 들어섰다.세포·유전자치료제는 기존 합성의약품이나 항체의약품과 달리 제조 공정과 품질 관리, 장기 안전성 검증이 훨씬 까다롭다. 치료 효과뿐 아니라 생산 안정성과 상업화 지속 가능성, 보험 시장 진입 전략까지 동시에 입증해야 하는 분야다.","국내 바이오기업들이 미국 식품의약국(FDA) 허가라는 글로벌 시장의 최고 규제 장벽에 도전하고 있다. 한때 국내 허가와 제한적 상용화 경험에 머물렀던 국산 첨단바이오의약품들은 이제 글로벌 임상 데이터와 장기 추적 결과를 기반으로 세계 최대 의약품 시장 진입 가능성을 시험받는 단계에 들어섰다.세포·유전자치료제는 기존 합성의약품이나 항체의약품과 달리 제조 공정과 품질 관리, 장기 안전성 검증이 훨씬 까다롭다. 치료 효과뿐 아니라 생산 안정성과 상업화 지속 가능성, 보험 시장 진입 전략까지 동시에 입증해야 하는 분야다. 글로벌 빅파마들조",local,2,허가,,,0.09352299202518441,,0.2,0.09352299202518441,0.7527965665057744,0.0,1.2546609441762908,False
2026-06-04,Therapeutic Areas,2026-06-04 19:02:00,Naver News,https://www.tokenpost.kr/news/tech/366261,"오스코텍, 375억 획득...자동면역질환 치료제 '세비도플레닙' 기술수출 가속 - TokenPost","오스코텍이 자가면역질환 치료제 후보물질 세비도플레닙을 미국 바이오제약 기업 아지오스 파마슈티컬스에 기술 이전한 뒤에도 후속 임상 지원을 이어가기로 하면서, 확보한 자금을 바탕으로 차세대 신약 개발에 속도를 내겠다는 계획을...","오스코텍이 자가면역질환 치료제 후보물질 세비도플레닙을 미국 바이오제약 기업 아지오스 파마슈티컬스에 기술 이전한 뒤에도 후속 임상 지원을 이어가기로 하면서, 확보한 자금을 바탕으로 차세대 신약 개발에 속도를 내겠다는 계획을...",local,2,항암제,,,0.09211989825100535,,0.2,0.09211989825100535,0.7469035726542224,0.0,1.2448392877570373,False
2026-06-04,Product Approval,2026-06-04 18:28:00,Naver News,https://news.bizwatch.co.kr/article/healthcare/2026/06/04/0036,"에이비엘바이오, 면역항암제 'ABL503' 임상 확대 추진",이중항체 전문기업 에이비엘바이오가 이중항체 면역항암제 ABL503의 임상 개발 범위를 넓힌다. 신규 암종 환자 대상 단독요법 시험군을 추가하고 PD-1 억제제 병용요법 평가에 나서며 적응증 확대와 병용치료 가능...,이중항체 전문기업 에이비엘바이오가 이중항체 면역항암제 ABL503의 임상 개발 범위를 넓힌다. 신규 암종 환자 대상 단독요법 시험군을 추가하고 PD-1 억제제 병용요법 평가에 나서며 적응증 확대와 병용치료 가능...,local,2,용량,,,0.06799801282247156,,0.2,0.06799801282247156,0.6455916538543804,0.0,1.0759860897573008,False
