date,category,published_date,site_name,url,title,summary,content,region,score_ag,keywords,reward_x,rl_score,lgbm_score,reward_y,score_ag_norm,lgbm_score_norm,final_score,strategic_score,lgbm_component,is_top20
2026-04-09,Distribution,2026-04-09 12:30:00,Naver News,https://www.kpanews.co.kr/news/articleView.html?idxno=532647,마운자로 공급 대란 '현재진행형'…5월 수요 폭증에 비상 - 약사공론,비만치료제 '마운자로(성분명 티르제파타이드)'의 수급 불균형이 좀처럼 해소되지 않고 있다. 일부 용량의 공급이 재개됐지만 수요가 공급을 앞지르면서 환자들의 불편이.,비만치료제 '마운자로(성분명 티르제파타이드)'의 수급 불균형이 좀처럼 해소되지 않고 있다. 일부 용량의 공급이 재개됐지만 수요가 공급을 앞지르면서 환자들의 불편이,local,10,의약품유통,,,0.8153264849030468,,1.0,0.8153264849030468,12.024371236592795,17.0,8.707285394321326,True
2026-04-09,Distribution,2026-04-10 06:02:00,Naver News,https://www.yakup.com/news/index.html?mode=view&cat=12&nid=325832,"[약업신문]탑헬스케어, 식물성 멜라토닌 멜라졸리어  누적판매 3만개 돌파",약국몰 전문 유통 기업 탑헬스케어(주)(대표 조영민)의 수면 건강 관리 제품 ‘멜라졸리어’가 누적 판매량 3만 개를 돌파했다.‘멜라졸리어’는 현대인의 불규칙한 생활 패턴과 스트레스로 인한 수면 고민 개선에 도...,약국몰 전문 유통 기업 탑헬스케어(주)(대표 조영민)의 수면 건강 관리 제품 ‘멜라졸리어’가 누적 판매량 3만 개를 돌파했다.‘멜라졸리어’는 현대인의 불규칙한 생활 패턴과 스트레스로 인한 수면 고민 개선에 도...,local,10,바로팜,,,0.7607790154782037,,1.0,0.7607790154782037,11.795271865008456,17.0,8.325453108347425,True
2026-04-09,Distribution,2026-04-05 14:46:00,Naver News,http://www.bizwnews.com/news/articleView.html?idxno=132347,"바로팜, 바임과 ‘쥬베룩 스킨케어’ 신제품 유통 협력",바로팜(대표 김슬기)은 메디컬 에스테틱 전문 기업 바임과 약국 전용 신제품 ‘쥬베룩 스킨케어’ 유통 협력·판매를 위한 업무협약(MOU)을 체결했다고 5일 밝혔다. 바로팜에 따르면 이번 협력을 통해 병·의원 스킨부스터 시장에서 주사 누적 판매량 200만 바이알을 기록한 바임의 대표 브랜드 쥬베룩이 처음으로 약국 채널에 진입한다.바임은 오는 15일 약국 전용 신제품 ‘쥬베룩 PDLLA 어드벤스드 프로텍팅 크림’을 출시한다.해당 제품은 핵심 성분인 PDLLA(폴리디엘락틱애씨드)를 기반으로 개발됐다고 한다.바로팜 관계자는 “병.,[비즈월드] 바로팜(대표 김슬기)은 메디컬 에스테틱 전문 기업 바임과 약국 전용 신제품 ‘쥬베룩 스킨케어’ 유통 협력·판매를 위한 업무협약(MOU)을 체결했다고 5일 밝혔다. 바로팜에 따르면 이번 협력을 통해 병·의원 스킨부스터 시장에서 주사 누적 판매량 200만 바이알을 기록한 바임의 대표 브랜드 쥬베룩이 처음으로 약국 채널에 진입한다.바임은 오는 15일 약국 전용 신제품 ‘쥬베룩 PDLLA 어드벤스드 프로텍팅 크림’을 출시한다.해당 제품은 핵심 성분인 PDLLA(폴리디엘락틱애씨드)를 기반으로 개발됐다고 한다.바로팜 관계자는 “병,local,10,바로팜,,,0.7742353703890275,,1.0,0.7742353703890275,11.051788555633914,15.0,8.41964759272319,True
2026-04-09,Client,2026-04-10 06:10:00,Naver News,https://www.hitnews.co.kr/news/articleView.html?idxno=75306,美에서 맞붙은 파운데요·위고비 필…국내 출시는 아직 미정,"일라이 릴리의 경구용 비만약 '파운데요(성분 오르포글리프론)'가 미국 식품의약국(FDA) 허가를 획득하면서 '위고비 필(성분 세마글루타이드)'과 경쟁을 본격화했다. 다만 두 약물 모두 국내 출시 시점은 정해지지 않은 것으로 확인됐다.9일 관련업계에 따르면 일라이 릴리의 파운데요는 지난 1일(현지시간) 미국 식품의약국(FDA) 허가를 획득했다. 릴리는 허가 발표 당시 파운데요를 자사 유통 플랫폼 '릴리다이렉트'를 통해 즉시 처방 접수하고, 6일부터 배송을 시작한다고 밝혔다.","일라이 릴리의 경구용 비만약 '파운데요(성분 오르포글리프론)'가 미국 식품의약국(FDA) 허가를 획득하면서 '위고비 필(성분 세마글루타이드)'과 경쟁을 본격화했다. 다만 두 약물 모두 국내 출시 시점은 정해지지 않은 것으로 확인됐다.9일 관련업계에 따르면 일라이 릴리의 파운데요는 지난 1일(현지시간) 미국 식품의약국(FDA) 허가를 획득했다. 릴리는 허가 발표 당시 파운데요를 자사 유통 플랫폼 '릴리다이렉트'를 통해 즉시 처방 접수하고, 6일부터 배송을 시작한다고 밝혔다. 이어 미국 내 소매약국과 원격의료 플랫폼으로도 순차 확대할",local,10,허가,,,0.8186023828308499,,1.0,0.8186023828308499,10.83813000788957,14.0,8.730216679815948,False
2026-04-09,Distribution,2026-04-07 11:56:00,Naver News,https://www.medipana.com/news/articleView.html?idxno=409379,"지오영, 3PL/4PL 실적 본격화 힘입어 5년 연속 성장세 - 메디파나뉴스",국내 매출 1위 의약품 유통기업 지오영이 3PL/4PL 사업 실적 본격화에 힘입어 5년 연속 성장세를 나타냈다.7일 금융감독원 전.,[메디파나뉴스 = 조해진 기자] 국내 매출 1위 의약품 유통기업 지오영이 3PL/4PL 사업 실적 본격화에 힘입어 5년 연속 성장세를 나타냈다.7일 금융감독원 전,local,10,지오영,,,0.7189305012209143,,1.0,0.7189305012209143,10.81950810512784,15.0,8.0325135085464,False
2026-04-09,Client,2026-04-08 17:27:00,Naver News,https://www.dt.co.kr/article/12056416?ref=naver,한국은 비만약 5위 시장…‘마운자로’ 들여온 한국릴리 매출 3배 급증,비만치료제 ‘위고비’와 ‘마운자로’ 열풍으로 이 약을 들여온 노보노디스크와 일라이릴리의 한국 지사 실적이 크게 올랐다. 이들 비만약은 ‘한 달에 약 25만원(저용량 기준)만 들이면 단기간에 살을 뺄 수 있다’는 입소문을 타고 국내에 출시되자마자 전국적인 재고 부족 현상.,비만치료제 ‘위고비’와 ‘마운자로’ 열풍으로 이 약을 들여온 노보노디스크와 일라이릴리의 한국 지사 실적이 크게 올랐다. 이들 비만약은 ‘한 달에 약 25만원(저용량 기준)만 들이면 단기간에 살을 뺄 수 있다’는 입소문을 타고 국내에 출시되자마자 전국적인 재고 부족 현상,local,10,노보노디스크,,,0.7794374636328275,,1.0,0.7794374636328275,10.673637347257875,14.0,8.456062245429791,False
2026-04-09,Client,2026-04-09 08:33:00,Naver News,https://news.bizwatch.co.kr/article/healthcare/2026/04/09/0001,"JW중외제약, 中서 비만신약 도입…위고비 대체 경쟁 '가세'","JW중외제약이 투약 편의성을 대폭 개선한 비만 치료제 신약을 도입하며 급성장하는 GLP-1 비만치료제 시장에 본격 뛰어들었다. 한미약품, HK이노엔 등과 함께 국내 '위고비' 대항마 자리를 둔 치...","JW중외제약이 투약 편의성을 대폭 개선한 비만 치료제 신약을 도입하며 급성장하는 GLP-1 비만치료제 시장에 본격 뛰어들었다. 한미약품, HK이노엔 등과 함께 국내 &#39;위고비&#39; 대항마 자리를 둔 치...",local,10,노보노디스크,,,0.7771980439597904,,1.0,0.7771980439597904,10.66423178463112,14.0,8.440386307718533,False
2026-04-09,Client,2026-04-09 18:12:00,Naver News,https://www.sentv.co.kr/article/view/sentv202604090080,"JW중외, 2주 간격 GLP-1 비만약 도입… 생활의학 '승부수'","국내 제약사들이 항암제 개발에만 집중해 열을 올리는 사이, JW중외제약은 비만, 탈모, 통풍 등 생활 밀착형 질환을 공략하고 있습니다.","국내 제약사들이 항암제 개발에만 집중해 열을 올리는 사이, JW중외제약은 비만, 탈모, 통풍 등 생활 밀착형 질환을 공략하고 있습니다. 최근에는 환자",local,10,위고비,,,0.7766441552683571,,1.0,0.7766441552683571,10.6619054521271,14.0,8.436509086878498,False
2026-04-09,Client,2026-04-08 12:06:00,Naver News,https://www.dailypharm.com/user/news/337276?REFERER=NP,[데일리팜]'스핀라자' 고용량 국내 허가 임박…SMA 치료전략 변화 촉각,"척수성 근위축증(SMA) 치료제 스핀라자의 고용량 요법이 국내 도입을 앞두면서, 치료 전략 변화 가능성이 제기되고 있다. 기존 저용량(12mg) 중심 치료에서 용량 최적화를 통한 효과 개선 접근이 본격화되는 흐름이다. 8일 관련 업계에 따르면 바이오젠코리아 스핀라자(누시네르센) 고용량 제제(50mg/5mL, 28mg/5mL)의 국내 허가가 임박했다. 이달 내 승인 여부가 결정될 것으로 예상된다….","척수성 근위축증(SMA) 치료제 스핀라자의 고용량 요법이 국내 도입을 앞두면서, 치료 전략 변화 가능성이 제기되고 있다. 기존 저용량(12mg) 중심 치료에서 용량 최적화를 통한 효과 개선 접근이 본격화되는 흐름이다. 8일 관련 업계에 따르면 바이오젠코리아 스핀라자(누시네르센) 고용량 제제(50mg/5mL, 28mg/5mL)의 국내 허가가 임박했다. 이달 내 승인 여부가 결정될 것으로 예상된다…",local,10,바이오젠,,,0.7694885986055793,,1.0,0.7694885986055793,10.631852114143433,14.0,8.386420190239054,True
2026-04-09,Client,2026-04-08 16:44:00,Naver News,https://www.kukinews.com/article/view/kuk202604080172,응급실서 밀리는 뇌졸중 환자들…신경계 배후진료·혁신약물 도입 요구↑,뇌경색은 뇌혈관이 막인 이후 1분마다 약 200만 개의 신경세포가 손상돼 치료까지 걸리는 시간이 환자의 생존과 장애 여부를 결정하는 대표적인 중증.,뇌경색은 뇌혈관이 막인 이후 1분마다 약 200만 개의 신경세포가 손상돼 치료까지 걸리는 시간이 환자의 생존과 장애 여부를 결정하는 대표적인 중증,local,10,베링거인겔하임,,,0.7653046095317193,,1.0,0.7653046095317193,10.61427936003322,14.0,8.357132266722035,True
2026-04-09,Client,2026-04-09 06:02:00,Naver News,https://www.bosa.co.kr/news/articleView.html?idxno=3002734,"뇌졸중학회, '메탈라제' 신속한 급여 촉구...""뇌졸중 치료 흐름 개선 기대"" - 의학신문","뇌졸중 치료의 ‘골든타임’을 단축하기 위해서는, 베링거인겔하임의 혈전용해제인 메탈라제(성분명 테넥테플라제)의 건강보험 급여 적용.","[의학신문·일간보사=이재원 기자] 뇌졸중 치료의 ‘골든타임’을 단축하기 위해서는, 베링거인겔하임의 혈전용해제인 메탈라제(성분명 테넥테플라제)의 건강보험 급여 적용",local,10,베링거인겔하임,,,0.7424397392194862,,1.0,0.7424397392194862,10.518246904721842,14.0,8.197078174536404,True
2026-04-09,Client,2026-04-08 07:02:00,Naver News,https://www.thebell.co.kr/free/content/ArticleView.asp?key=202604051705043640106587,[더벨]파트너 찾는 '애브비·노바티스·암젠·베링거·아스텔라스',이를 위시해 애브비·노바티스·베링거인겔하임·아스텔라스·암젠·애브비 등 주요 빅파마들의 사업개발(BD) 등의 임원들이 '2026 제약·바이오 포럼'에 참석해 K-바이오를 만난다. ◇연간 27조원 기술이전…글로벌... ,이를 위시해 애브비·노바티스·베링거인겔하임·아스텔라스·암젠·애브비 등 주요 빅파마들의 사업개발(BD) 등의 임원들이 '2026 제약·바이오 포럼'에 참석해 K-바이오를 만난다. ◇연간 27조원 기술이전…글로벌... ,local,10,베링거인겔하임,,,0.7410960244353687,,1.0,0.7410960244353687,10.512603302628548,14.0,8.18767217104758,True
2026-04-09,Client,2026-04-09 14:15:00,Naver News,https://www.newsis.com/view/NISX20260409_0003584564,'창업 3년차' 신생 AI바이오텍…조 단위 돈 몰리는 이유,"전 세계적으로 AI 신약개발이 화두로 떠오른 가운데, 신생 AI 바이오텍이 글로벌 빅파마와 계약에 성공하고, 1조원 이상의 투자를 받으면서 주목받고 있다.9일 관련 업계에 따르면, 에아렌딜 랩스(Earendil Labs)가 AI 신약개발 신예 기업으로 떠오르고 있다. 에아렌딜 랩스는 지난해 글로벌 빅파마인 사노피와 총 17억2..","[서울=뉴시스]황재희 기자 = 전 세계적으로 AI 신약개발이 화두로 떠오른 가운데, 신생 AI 바이오텍이 글로벌 빅파마와 계약에 성공하고, 1조원 이상의 투자를 받으면서 주목받고 있다.9일 관련 업계에 따르면, 에아렌딜 랩스(Earendil Labs)가 AI 신약개발 신예 기업으로 떠오르고 있다. 에아렌딜 랩스는 지난해 글로벌 빅파마인 사노피와 총 17억2..",local,10,화이자,,,0.7201986805078707,,1.0,0.7201986805078707,10.424834458133057,14.0,8.041390763555095,True
2026-04-09,BD,2026-04-06 05:02:00,Naver News,http://www.fntimes.com/html/view.php?ud=202604040231549613dd55077bc2_18,"성석제 제일약품 대표, CEO만 21년 ‘현직 최장ʼ…제일약품 ‘1조 클럽ʼ 이끈다 - 한국금융신문","21년 동안 한 회사에서 최고경영자(CEO) 자리를 지킨 사람이 있다. 바로 성석제 제일약품 대표다.그는 제약업계 현직 최장수 CEO로, 최근 대표 연임에 성공하며 장기 집권 기록 경신에 관심이 쏠린다.글로벌 기업 거친 재무·운영 전문가1960년생인 성석제 대표는 충북대학교 경영학과 졸.","21년 동안 한 회사에서 최고경영자(CEO) 자리를 지킨 사람이 있다. 바로 성석제 제일약품 대표다.그는 제약업계 현직 최장수 CEO로, 최근 대표 연임에 성공하며 장기 집권 기록 경신에 관심이 쏠린다.글로벌 기업 거친 재무·운영 전문가1960년생인 성석제 대표는 충북대학교 경영학과 졸",local,10,코프로모션,,,0.8081874263398086,,1.0,0.8081874263398086,10.394387190627196,13.0,8.657311984378659,True
2026-04-09,Distribution,2026-04-10 06:00:00,Naver News,https://www.bosa.co.kr/news/articleView.html?idxno=3002777,"제약업계, 품질·표시·유용성 문제로 잇단 의약 자진 회수 - 의학신문","레오파마, 한독, JW중외제약, 화이트생명과학 등 주요 제약사들이 표시 오류부터 불순물 검출 우려, 유용성 미입증까지 다양한 이유.","[의학신문·일간보사=김상일 기자]레오파마, 한독, JW중외제약, 화이트생명과학 등 주요 제약사들이 표시 오류부터 불순물 검출 우려, 유용성 미입증까지 다양한 이유",local,10,의약품유통,,,0.790968443227754,,1.0,0.790968443227754,10.322067461556566,13.0,8.536779102594277,False
2026-04-09,Distribution,2026-04-10 00:01:00,Naver News,https://news.tf.co.kr/read/economy/2311461.htm,'거점도매 갈등' 대웅제약·의약품유통협 만난다···해법은 난항 - 경제 | 기사 - 더팩트,13일 대웅·협회·거점업체 모여 논의철회 협회 vs 유통 선진 대웅···접점 주목서울시 강남구 봉은사로 대웅제약 본사 전경. /대웅제약[더팩트ㅣ이준영 기자] 의약품 유통을 거..,13일 대웅·협회·거점업체 모여 논의철회 협회 vs 유통 선진 대웅···접점 주목서울시 강남구 봉은사로 대웅제약 본사 전경. /대웅제약[더팩트ㅣ이준영 기자] 의약품 유통을 거..,local,10,품절,,,0.7815011578763921,,1.0,0.7815011578763921,10.282304863080846,13.0,8.470508105134744,False
2026-04-09,BD,2026-04-08 14:11:00,Naver News,https://www.news1.kr/bio/pharmaceutical-bio/6129553,"사노피, 독감백신 2종 국내판매 휴온스로 일원화",글로벌 바이오제약 기업 사노피의 한국법인은 국내 제약사 휴온스(243070)와 자사 인플루엔자(독감) 백신 라인업에 대한 코프로모션 파트너십을 강화한다고 8일 밝 ….,글로벌 바이오제약 기업 사노피의 한국법인은 국내 제약사 휴온스(243070)와 자사 인플루엔자(독감) 백신 라인업에 대한 코프로모션 파트너십을 강화한다고 8일 밝 …,local,10,코프로모션,,,0.7758778504090172,,1.0,0.7758778504090172,10.258686971717873,13.0,8.431144952863121,True
2026-04-09,Distribution,2026-04-10 06:02:00,Naver News,https://www.yakup.com/news/index.html?mode=view&cat=12&nid=325825,"[약업신문]서울시유통협회, 대웅 거점도매 전면 투쟁 선언",서울시의약품유통협회가 9일 회관에서 2026년도 초도이사회를 개최하고 대웅제약 거점도매 정책 대응 방안을 논의하고 있다. ©서울시의약품유통협회서울특별시의약품유통협회(회장 정성천)가 대웅제약의 거점 물...,서울시의약품유통협회가 9일 회관에서 2026년도 초도이사회를 개최하고 대웅제약 거점도매 정책 대응 방안을 논의하고 있다. ©서울시의약품유통협회서울특별시의약품유통협회(회장 정성천)가 대웅제약의 거점 물...,local,10,의약품유통,,,0.7326958628927496,,1.0,0.7326958628927496,10.077322624149549,13.0,8.128871040249248,False
2026-04-09,BD,2026-04-09 06:02:00,Naver News,https://www.apsk.co.kr/news/articleView.html?idxno=539088,美 파운다요 vs 위고비 경구용 경쟁 본격화…국내 도입은 언제쯤? - 메디팜스투데이,일라이 릴리의 경구용 비만 치료제 '파운다요(성분명 오르포글리프론)'가 FDA 승인과 동시에 미국 전역에서 처방을 시작하면서 먼저 시장에 진입한 노보 노디스크의.,일라이 릴리의 경구용 비만 치료제 '파운다요(성분명 오르포글리프론)'가 FDA 승인과 동시에 미국 전역에서 처방을 시작하면서 먼저 시장에 진입한 노보 노디스크의,local,10,콜드체인,,,0.8200669355149618,,1.0,0.8200669355149618,10.04428112916284,12.0,8.740468548604731,True
2026-04-09,BD,2026-04-10 06:06:00,Naver News,http://www.newsmp.com/news/articleView.html?idxno=252622,제약사 R&D 재편 속 신약 개발 ‘완주 역량’에 이목집중,"국내 제약사들 사이에서 신약 개발 전주기 역량을 강화하려는 움직임이 확대되고 있다.후보물질 확보를 넘어 임상과 허가, 상업화까지 아우르는 체계를 갖추기 위해 조직 재편과 외부 인재 영입, 투자 확대에 나서는 모습이다.최근 업계에서는 외부에서 연구개발 부문 리더를 영입하거나 개발 지원 조직을 재정비하는 사례가 잇따르고 있다. 글로벌 임상과 인허가, 사업개발(BD) 경험을 갖춘 인물을 전면에 배치하는 흐름이다.일동제약은 지난 1일 박재홍 사장을 R&D본부장으로 선임했다. 그는 얀센, 다케다제약, 베링거인겔하임 등 글로벌 제.","[의약뉴스] 국내 제약사들 사이에서 신약 개발 전주기 역량을 강화하려는 움직임이 확대되고 있다.후보물질 확보를 넘어 임상과 허가, 상업화까지 아우르는 체계를 갖추기 위해 조직 재편과 외부 인재 영입, 투자 확대에 나서는 모습이다.최근 업계에서는 외부에서 연구개발 부문 리더를 영입하거나 개발 지원 조직을 재정비하는 사례가 잇따르고 있다. 글로벌 임상과 인허가, 사업개발(BD) 경험을 갖춘 인물을 전면에 배치하는 흐름이다.일동제약은 지난 1일 박재홍 사장을 R&D본부장으로 선임했다. 그는 얀센, 다케다제약, 베링거인겔하임 등 글로벌 제",local,10,판권,,,0.8130512314726033,,1.0,0.8130512314726033,10.014815172184933,12.0,8.691358620308222,True
2026-04-09,BD,2026-04-10 06:02:00,Naver News,https://www.dailypharm.com/user/news/337362?REFERER=NP,"[데일리팜]GLP-1 비만약 전면전…한 발 빠른 한미, 이노엔·JW 추격",국내 GLP-1 계열 비만치료제 경쟁이 전면전에 돌입했다. 한미약품이 임상 완료 후 허가 단계에 진입하며 선점에 나섰고 HK이노엔과 JW중외제약은 도입 전략을 기반으로 각각 속도와 제형 차별화를 앞세워 추격하고 있다. 현재 국내에서 판매 중인 GLP-1 비만치료제는 일라이 릴리의 ‘마운자로’(성분명 터제파타이드)와 노보 노디스크의 ‘위고비’(성분명 세마글루타이드) 두 종류다.,국내 GLP-1 계열 비만치료제 경쟁이 전면전에 돌입했다. 한미약품이 임상 완료 후 허가 단계에 진입하며 선점에 나섰고 HK이노엔과 JW중외제약은 도입 전략을 기반으로 각각 속도와 제형 차별화를 앞세워 추격하고 있다. 현재 국내에서 판매 중인 GLP-1 비만치료제는 일라이 릴리의 ‘마운자로’(성분명 터제파타이드)와 노보 노디스크의 ‘위고비’(성분명 세마글루타이드) 두 종류다. 여기…,local,10,라이선스,,,0.7948203565480989,,1.0,0.7948203565480989,9.938245497502017,12.0,8.563742495836692,False
2026-04-09,Client,2026-04-10 06:10:00,Naver News,https://www.monews.co.kr/news/articleView.html?idxno=410616,"안텐진코리아, 韓시장 철수 작업 중··· 항암사업 '보령'이 흡수 - 메디칼업저버",중국 바이오텍 안텐진코리아가 국내 사업을 접고 철수한다. 이 회사의 유일한 약제이자 항암제인 엑스포비오(성분명 셀리넥서)의 판권을 보.,[메디칼업저버 문윤희 기자] 중국 바이오텍 안텐진코리아가 국내 사업을 접고 철수한다. 이 회사의 유일한 약제이자 항암제인 엑스포비오(성분명 셀리넥서)의 판권을 보,local,10,허가,,,0.7791374594649796,,1.0,0.7791374594649796,9.872377329752915,12.0,8.453962216254856,True
2026-04-09,Distribution,2026-04-06 15:02:00,Naver News,http://www.lawissue.co.kr/view.php?ud=202604061500422369f4ab64559d_12,"지오영, 지르텍 3년 누적 판매량 800만 개 기록","지오영이 알레르기 치료제 ‘지르텍정’의 최근 3년간 누적 판매량이 800만 개를 넘었다고 6일 밝혔다.지오영에 따르면 2023년부터 2025년까지 지르텍정 판매량은 2023년 260만 개, 2024년 263만 개, 2025년 278만 개로 집계돼 3년 누적 약 801만 개를 기록했다.","지오영이 알레르기 치료제 ‘지르텍정’의 최근 3년간 누적 판매량이 800만 개를 넘었다고 6일 밝혔다.지오영에 따르면 2023년부터 2025년까지 지르텍정 판매량은 2023년 260만 개, 2024년 263만 개, 2025년 278만 개로 집계돼 3년 누적 약 801만 개를 기록했다.",local,10,지오영,,,0.7740483164585013,,1.0,0.7740483164585013,9.851002929125706,12.0,8.41833821520951,False
2026-04-09,Client,2026-04-09 10:30:00,Naver News,https://kpenews.com/View.aspx?No=4035336,"한미약품, 비만치료제 첫 주자 올 하반기 출격..가격 경쟁력이 관건 - 한국정경신문",한미약품의 국내 첫 비만치료제 신약이 하반기 출격을 예고하고 있다. 현재는 위고비와 마운자로가 국내 비만치료제 시장을 양분하고 있다. 한미약품의 비만치료제가 가격경쟁력과 한국인 체형에 맞춘 효능으로 균양강 체제에 균열을 낼 수 있을 지 주목된다.9일 한미약품에 따르면 GLP-1 계열 바이오신약인 에페글레나타이드를 올 하반기 출시한다. 지난해 12월 비만 식약처 허가 신청 및 신속심사 지정 이후 당뇨 병용 국내 임상 3상 IND 승인을 마치고 하반기 상용화에 속도를 내고 있다.,[한국정경신문=서재필 기자] 한미약품의 국내 첫 비만치료제 신약이 하반기 출격을 예고하고 있다. 현재는 위고비와 마운자로가 국내 비만치료제 시장을 양분하고 있다. 한미약품의 비만치료제가 가격경쟁력과 한국인 체형에 맞춘 효능으로 균양강 체제에 균열을 낼 수 있을 지 주목된다.9일 한미약품에 따르면 GLP-1 계열 바이오신약인 에페글레나타이드를 올 하반기 출시한다. 지난해 12월 비만 식약처 허가 신청 및 신속심사 지정 이후 당뇨 병용 국내 임상 3상 IND 승인을 마치고 하반기 상용화에 속도를 내고 있다. 앞서 에페글레나타이드는 지난,local,10,마운자로,,,0.7371074140406353,,1.0,0.7371074140406353,9.695851138970669,12.0,8.159751898284448,False
2026-04-09,Client,2026-04-09 15:16:00,Naver News,https://www.asiatoday.co.kr/view.php?key=20260409010002908,"JW중외제약, ‘격주 투여’ 비만신약 도입…관건은 상업화 속도","JW중외제약이 2주 1회 투여하는 비만 신약 후보물질을 도입하며 비만 치료제 시장 진출에 나선다. 현재 주 1회 투여 약물이 주류인 시장에서 투약 주기를 늘린 전략으로 차별화를 꾀하는 모습이다. 다만 장기지속형과 경구용 비만약의 개발·허가 경쟁이 본격화되고 있어, 빠..","JW중외제약이 2주 1회 투여하는 비만 신약 후보물질을 도입하며 비만 치료제 시장 진출에 나선다. 현재 주 1회 투여 약물이 주류인 시장에서 투약 주기를 늘린 전략으로 차별화를 꾀하는 모습이다. 다만 장기지속형과 경구용 비만약의 개발·허가 경쟁이 본격화되고 있어, 빠..",local,10,화이자,,,0.7256758709580933,,1.0,0.7256758709580933,9.647838658023993,12.0,8.079731096706652,False
2026-04-09,BD,2026-04-07 05:56:00,Naver News,https://www.pharmnews.com/news/articleView.html?idxno=302638,"'월 1회·소아 적응증 확대' 엡글리스 , 아토피 경쟁 구도 흔들까 - 팜뉴스",국내 중등도-중증 아토피피부염 치료 시장에서 한국릴리 IL-13 억제제 엡글리스(레브리키주맙)가 다시 주목받고 있다. 듀피젠트(두필루맙)와.,[팜뉴스=김민건 기자] 국내 중등도-중증 아토피피부염 치료 시장에서 한국릴리 IL-13 억제제 엡글리스(레브리키주맙)가 다시 주목받고 있다. 듀피젠트(두필루맙)와,local,10,생물학적제제,,,0.8110144499302434,,1.0,0.8110144499302434,9.606260689707021,11.0,8.677101149511703,True
2026-04-09,Client,2026-04-09 12:04:00,Naver News,https://new.dailypharm.com/user/news/337350?REFERER=NP,"[데일리팜]비만약, 오·남용약 지정 가닥…""분업예외 과다처방 등 영향""","식품의약품안전처 중앙약사심의위원회가 위고비, 마운자로 등 GLP-1 계열 비만치료제를 오·남용우려의약품으로 지정할 필요가 있다는 자문 결과를 도출한 것으로 확인됐다. GLP-1 비만 주사제가 전국적 인기를 끌면서 의약분업예외지역의 무분별한 처방 판매와 소아를 대상으로 한 처방이 급격히 늘어난 게 오·남용우려약 지정에 영향을 미친것으로 나타났다. 9일 제약업계에 따르면 중앙….","식품의약품안전처 중앙약사심의위원회가 위고비, 마운자로 등 GLP-1 계열 비만치료제를 오·남용우려의약품으로 지정할 필요가 있다는 자문 결과를 도출한 것으로 확인됐다. GLP-1 비만 주사제가 전국적 인기를 끌면서 의약분업예외지역의 무분별한 처방 판매와 소아를 대상으로 한 처방이 급격히 늘어난 게 오·남용우려약 지정에 영향을 미친것으로 나타났다. 9일 제약업계에 따르면 중앙…",local,10,마운자로,,,0.8085321321297928,,1.0,0.8085321321297928,9.59583495494513,11.0,8.659724924908549,False
2026-04-09,BD,2026-04-08 12:10:00,Naver News,https://www.medicaltimes.com/Main/News/NewsView.html?ID=1168154&ref=naverpc,[메디칼타임즈] 비만약 경구제 또 등장...가격 경쟁 속 처방 확산 초읽기,"비만 치료제 시장의 중심축이 주사제에서 경구제로 빠르게 이동하고 있다. 주간 단위 투여의 번거로움을 해결하기 위한 제약사들의 제형 변화 노력이 결실을 맺으면서, 비만 치료가 만성질환 관리와 유사한 처방 환경으로 접어드는 모습이다.최근 일라이 릴리가 경구용 비만 치료제 '파운다요'이 FDA 승인을 획득했다. 노보노디스크의 '위고비정'과 함께 본격적인 경구제 경쟁 시대를 열게 됐다.","[메디칼타임즈=문성호 기자]비만 치료제 시장의 중심축이 주사제에서 경구제로 빠르게 이동하고 있다. 주간 단위 투여의 번거로움을 해결하기 위한 제약사들의 제형 변화 노력이 결실을 맺으면서, 비만 치료가 만성질환 관리와 유사한 처방 환경으로 접어드는 모습이다.최근 일라이 릴리가 경구용 비만 치료제 '파운다요'이 FDA 승인을 획득했다.  노보노디스크의 '위고비정'과 함께 본격적인 경구제 경쟁 시대를 열게 됐다. 8일 제약업계에 따르면, 최근 일라이 릴리의 경구용 비만 치료제 '오르포글리프론(제품명 파운다요)'이 FDA 승인을 획득함에 따라, 앞서 시장을 형성한 노보노디스크의 '위고비정(세마글루타이드)'과 함께 본격적인 경구제 경쟁 시대를 열게 됐다. 이번 경구제 대전의 가장 큰 특징은 공격적인 약가 정책이다. 릴리는 파운다요의 비보험(Cash-pay) 환자 기준 시작가를 월 149달러(약 20만원)로 공표했다. 이는 월 1000달러를 상회하던 기존 주사제 '젭바운드'나 가격과 비교하면 70% 이상 낮은 수치다.노보노디스크 역시 즉각 대응에 나섰다. 위고비정의 초기 도입 용량에 대해 릴리와 동일한 149달러 수준의 혜택을 제공하기 시작하며 환자 이탈 방어에 나선 상태다.동시에 단순한 가격 인하를 넘어 유통 구조의 변화도 주목할 대목이다. 릴리는 자사 직판 플랫폼인 '릴리다이렉트(LillyDirect)'를 통해 중간 유통 마진을 최소화하는 전략을 택했다. 제약사가 환자에게 직접 약을 배송하는 D2C(Direct-to-Consumer) 모델을 강화해 최종 소비자 가격을 낮춘 것이다.물류 비용의 절감 또한 가격 파괴를 가능케 한 핵심 동력이다. 단백질 제제인 주사제와 달리, 합성 의약품인 파운다요는 상온 보관 및 유통이 가능하다. 냉장 설비가 필수적인 '콜드체인' 비용을 절감하면서도 대량 생산을 통한 원가 경쟁력을 확보한 것이 주효했다는 분석이다.임상현장에서는 경구제 시장의 핵심 분수령은 환자의 복약 순응도가 결정할 것으로 보고 있다. 다시 말해, 편의성이 쟁점이 될 것이란 뜻이다.펩타이드 제제의 특성상 위장 내 흡수율 유지를 위해 엄격한 공복 상태 유지가 필수적이지만 릴리의 파운다요는 비단백질성 저분자 화합물(Small Molecule)로 개발돼 식사 여부나 수분 섭취량 등 복용 조건에서 상대적으로 자유롭다는 강점을 가진다.임상 현장에서는 이러한 편의성이 실제 처방 확대로 이어질지에 주목하고 있다. 서울의 한 대학병원 내분비내과 교수는",local,10,콜드체인,,,0.8046219921164087,,1.0,0.8046219921164087,9.579412366888917,11.0,8.632353944814861,False
2026-04-09,Client,2026-04-08 17:42:00,Naver News,https://www.kmib.co.kr/article/view.asp?arcid=0029650843&code=61171811&cp=nv,주사 대신 하루 한 알…‘먹는 비만약’ 경쟁 본격화,글로벌 비만치료제 경쟁의 2막이 올랐다. 노보노디스크의 ‘위고비 알약’에 이어 일라이릴리의 먹는 비만약이 시판 허가를 받으면서다. 효능을 넘어 복용 편의.,글로벌 비만치료제 경쟁의 2막이 올랐다. 노보노디스크의 ‘위고비 알약’에 이어 일라이릴리의 먹는 비만약이 시판 허가를 받으면서다. 효능을 넘어 복용 편의,local,10,노보노디스크,,,0.8043988837684377,,1.0,0.8043988837684377,9.57847531182744,11.0,8.630792186379065,False
2026-04-09,Distribution,2026-04-07 07:32:00,Naver News,https://www.cbci.co.kr/news/articleView.html?idxno=565889,[기업家] 카카오 ㅣ 'AI·핀테크·모빌리티 전방위 확장…글로벌 협력 가속',"● 2026-04-06카카오헬스케어-사노피, RWE·AI 연구 협력 MOU 체결…한국·프랑스 정상 방한 계기카카오헬스케어와 사노피의 한국법인이 의료 데이터 활용과 인공지능 솔루션 개발을 위한 협력에 나선다. 양사는 최근 '한국·프랑스 경제계 미래 대화' 행사에서 실사용데이터(RWE) 실증 연구 및 AI 모델 공동 개발을 골자로 하는 양해각서(MOU)를 체결했다. 이번 협력은 한국과 프랑스의 수교 140주년을 맞아 마련된 자리에서 공식화됐다.지오영은 알레르기 질환 치료제 '지르텍'의 누적 판매량이 800만개를 넘어섰다고 밝혔다.","● 2026-04-06카카오헬스케어-사노피, RWE·AI 연구 협력 MOU 체결…한국·프랑스 정상 방한 계기카카오헬스케어와 사노피의 한국법인이 의료 데이터 활용과 인공지능 솔루션 개발을 위한 협력에 나선다. 양사는 최근 '한국·프랑스 경제계 미래 대화' 행사에서 실사용데이터(RWE) 실증 연구 및 AI 모델 공동 개발을 골자로 하는 양해각서(MOU)를 체결했다. 이번 협력은 한국과 프랑스의 수교 140주년을 맞아 마련된 자리에서 공식화됐다.지오영은 알레르기 질환 치료제 '지르텍'의 누적 판매량이 800만개를 넘어섰다고 밝혔다. 20",local,10,지오영,,,0.7067876823676992,,1.0,0.7067876823676992,9.568508265944338,12.0,7.947513776573894,False
2026-04-09,Client,2026-04-09 03:26:00,Naver News,https://www.g-enews.com/view.php?ud=20260408173415686fbbec65dfb_1,"281조 ‘다이아베시티’ 시장 재편… 일라이 릴리, 노보 노디스크 꺾고 ‘1강’ 굳히나 - 글로벌이코노믹","비만·당뇨 동반 질환인 이른바 ‘다이아베시티(Diabesity, Diabetes+Obesity)’ 시장이 전례 없이 빠른 속도로 커지며 글로벌 제약 판도를 다시 짜고 있다. 지난 7일(현지시각) 배런스 보도를 보면, 글로벌 투자은행 모건스탠리는 최근 보고서에서 2035년 다이아베시티 관.","비만·당뇨 동반 질환인 이른바 ‘다이아베시티(Diabesity, Diabetes+Obesity)’ 시장이 전례 없이 빠른 속도로 커지며 글로벌 제약 판도를 다시 짜고 있다. 지난 7일(현지시각) 배런스 보도를 보면, 글로벌 투자은행 모건스탠리는 최근 보고서에서 2035년 다이아베시티 관",local,10,암젠,,,0.7904146585529094,,1.0,0.7904146585529094,9.51974156592222,11.0,8.532902609870366,False
2026-04-09,BD,2026-04-09 14:13:00,Naver News,https://www.hankyung.com/article/202604075274i,삼천당제약 '먹는 위고비 기술'의 모순…신규 특허 vs 제네릭 인정 [김유림의 바이오핀셋],"삼천당제약 '먹는 위고비 기술'의 모순…신규 특허 vs 제네릭 인정 [김유림의 바이오핀셋], S-PASS 아닌 ‘신규 폴리머’…특허 회피 전략 제네릭 주장 속 제형 차별화…FDA 기준 충돌 엄연히 다른 성분…505(b)(2) 요구 가능성 제기.","삼천당제약 '먹는 위고비 기술'의 모순…신규 특허 vs 제네릭 인정 [김유림의 바이오핀셋], S-PASS 아닌 &lsquo;신규 폴리머&rsquo;&hellip;특허 회피 전략 제네릭 주장 속 제형 차별화&hellip;FDA 기준 충돌 엄연히 다른 성분&hellip;505(b)(2) 요구 가능성 제기",local,10,노보노디스크,,,0.7816215914483301,,1.0,0.7816215914483301,9.482810684082986,11.0,8.47135114013831,False
2026-04-09,BD,2026-04-08 18:16:00,Naver News,https://www.asiatoday.co.kr/view.php?key=20260408010002309,[시사용어] 제네릭,"대표적인 사례로 비만치료제 '위고비'를 개발한 노보노디스크가 있습니다. 해당 치료제의 주성분인 세미글루타이드의 물질 특허는 국내에서 올해 만료될 예정이지만, 경구용 제형은 추가 특허를 통해 2039년까지 보호... ","대표적인 사례로 비만치료제 '위고비'를 개발한 노보노디스크가 있습니다. 해당 치료제의 주성분인 세미글루타이드의 물질 특허는 국내에서 올해 만료될 예정이지만, 경구용 제형은 추가 특허를 통해 2039년까지 보호... ",local,10,노보노디스크,,,0.7787945972664959,,1.0,0.7787945972664959,9.470937308519282,11.0,8.451562180865471,False
2026-04-09,Client,2026-04-10 06:01:00,Naver News,https://www.newsis.com/view/NISX20260409_0003585144,"""더 많이 빼자""…위고비, '최고용량' 3배 늘려 미국 출시","노보 노디스크(이하 노보)의 비만치료제 '위고비'의 고용량 제품이 미국에서 발매됐다. 경쟁사 제품에 대응하고, 새로운 환자를 공략해 비만 치료 시장을 확대하는 모습이다.10일 관련 업계에 따르면, 위고비 고용량 제품인 '위고비 HD'가 지난 7일부터 미국 전역에서 발매됐다. 위고비 HD는 7.2㎎으로, 기존 최고 용량이었던 2..","[서울=뉴시스]황재희 기자 = 노보 노디스크(이하 노보)의 비만치료제 '위고비'의 고용량 제품이 미국에서 발매됐다. 경쟁사 제품에 대응하고, 새로운 환자를 공략해 비만 치료 시장을 확대하는 모습이다.10일 관련 업계에 따르면, 위고비 고용량 제품인 '위고비 HD'가 지난 7일부터 미국 전역에서 발매됐다. 위고비 HD는 7.2㎎으로, 기존 최고 용량이었던 2..",local,10,용량,,,0.7615411483272279,,1.0,0.7615411483272279,9.398472822974359,11.0,8.330788038290596,False
2026-04-09,Client,2026-04-08 10:42:00,Naver News,https://www.bosa.co.kr/news/articleView.html?idxno=3002682,바이오헬스 혁신기업 국내서 만난다 - 의학신문,국내에서 글로벌 바이오헬스 혁신기업을 만나는 자리가 열린다.한국보건산업진흥원(원장 차순도)과 충청북도(지사 김영환)가 공동 개최.,[의학신문·일간보사=정광성 기자] 국내에서 글로벌 바이오헬스 혁신기업을 만나는 자리가 열린다.한국보건산업진흥원(원장 차순도)과 충청북도(지사 김영환)가 공동 개최,local,10,베링거인겔하임,,,0.7509358505234595,,1.0,0.7509358505234595,9.35393057219853,11.0,8.256550953664217,True
2026-04-09,BD,2026-04-08 10:28:00,Naver News,https://www.bosa.co.kr/news/articleView.html?idxno=3002683,바이오젠 안티센스 치료제 개발 제휴  - 의학신문,바이오젠이 여러 비공개 타깃에 대해 안티센스 치료제 개발을 위해 알로이 쎄러퓨틱스와 협력 제휴를 체결했다.알로이는 바이오젠이 다.,[의학신문·일간보사=김자연 기자] 바이오젠이 여러 비공개 타깃에 대해 안티센스 치료제 개발을 위해 알로이 쎄러퓨틱스와 협력 제휴를 체결했다.알로이는 바이오젠이 다,local,10,바이오젠,,,0.7227246037313535,,1.0,0.7227246037313535,9.235443335671684,11.0,8.059072226119474,True
2026-04-09,Client,2026-04-07 07:02:00,Naver News,https://www.thebell.co.kr/free/content/ArticleView.asp?key=202604061531447280107976,"[더벨]더벨 바이오 포럼, 빅파마·해외VC '딜 메이킹' 접점 만든다","연사 발표만 참여하는 애브비를 제외하고 포럼 연사에 참여하는 노바티스, 베링거인겔하임, 암젠 등 주요 빅파마 BD 담당자들이 원온원 미팅을 진행한다. 노바티스에서는 야마구치 아사코 부국장... ","연사 발표만 참여하는 애브비를 제외하고 포럼 연사에 참여하는 노바티스, 베링거인겔하임, 암젠 등 주요 빅파마 BD 담당자들이 원온원 미팅을 진행한다. 노바티스에서는 야마구치 아사코 부국장... ",local,10,애브비,,,0.7201890089299893,,1.0,0.7201890089299893,9.224793837505956,11.0,8.041323062509925,True
2026-04-09,BD,2026-04-09 06:22:00,Naver News,https://www.hitnews.co.kr/news/articleView.html?idxno=75277,"'로수젯·케이캡', 1·2위 격차 고작 '9억'…바짝붙은 '타그리소'",한 분기 뿐이지만 원외처방 1위 '로수젯'과 2위 '케이캡'의 격차는 10억원 안쪽으로 줄어들었다. 선별급여 소송 이후 직격을 맞은 인지기능 개선제 콜린알포세레이트 제제는 크게 하락하는 모양새다. 가 최근 나온 의약품 시장조사기관 유비스트의 1분기 원외처방 데이터를 분석한 결과 이같은 흐름이 관측됐다.'어일로(어차피 1등은 로수젯)'라고?'케이캡' 9억 뒤까지 쫓아왔다올해 1분기 원외처방 1위 역시 지난해와 마찬가지로 한미약품의 이상지질혈증 복합제 '로수젯'(성분명 로수바스타틴/에제티미브)이었다.,한 분기 뿐이지만 원외처방 1위 '로수젯'과 2위 '케이캡'의 격차는 10억원 안쪽으로 줄어들었다. 선별급여 소송 이후 직격을 맞은 인지기능 개선제 콜린알포세레이트 제제는 크게 하락하는 모양새다. 가 최근 나온 의약품 시장조사기관 유비스트의 1분기 원외처방 데이터를 분석한 결과 이같은 흐름이 관측됐다.'어일로(어차피 1등은 로수젯)'라고?'케이캡' 9억 뒤까지 쫓아왔다올해 1분기 원외처방 1위 역시 지난해와 마찬가지로 한미약품의 이상지질혈증 복합제 '로수젯'(성분명 로수바스타틴/에제티미브)이었다. 2026년 1분기 원외처,local,10,한독,,,0.8097383754842273,,1.0,0.8097383754842273,9.200901177033753,10.0,8.66816862838959,True
2026-04-09,BD,2026-04-07 18:08:00,Naver News,https://www.meconomynews.com/news/articleView.html?idxno=129955,"""신제품만으로는 부족하다""... 화장품 업계, 기술 차별화 경쟁 뜨거워졌다","국내외 화장품 업계가 정밀 바이오, 인공지능(AI), 글로벌 산학 협업을 앞세워 기술 경쟁력 강화에 속도를 내고 있어 관심을 모은다.단순히 신제품을 출시하는 수준을 넘어 피부와 모발의 기능을 분자·세포 수준에서 정밀하게 설계하고 검증하는 방향으로 연구개발(R&D) 무게중심이 이동하는 모습이다. 또한 다양한 글로벌 협업 구조가 확대되며 영역 확장에 대한 기대감도 높아지고 있다.실제로 최근 대봉엘에스와 바스프의 공동 심포지엄, 로레알 그룹과 파스퇴르 연구소의 연구 파트너십 체결, 아모레퍼시픽의 AI 기반 모발 케라틴 강화 펩타이드 개발.","국내외 화장품 업계가 정밀 바이오, 인공지능(AI), 글로벌 산학 협업을 앞세워 기술 경쟁력 강화에 속도를 내고 있어 관심을 모은다.단순히 신제품을 출시하는 수준을 넘어 피부와 모발의 기능을 분자·세포 수준에서 정밀하게 설계하고 검증하는 방향으로 연구개발(R&D) 무게중심이 이동하는 모습이다. 또한 다양한 글로벌 협업 구조가 확대되며 영역 확장에 대한 기대감도 높아지고 있다.실제로 최근 대봉엘에스와 바스프의 공동 심포지엄, 로레알 그룹과 파스퇴르 연구소의 연구 파트너십 체결, 아모레퍼시픽의 AI 기반 모발 케라틴 강화 펩타이드 개발",local,10,로레알,,,0.7941821325056517,,1.0,0.7941821325056517,9.135564956523737,10.0,8.559274927539562,True
2026-04-09,BD,2026-04-08 12:10:00,Naver News,https://medicalworldnews.co.kr/news/view.php?idx=1510973959,[건정심 약가제도 전면 개편③]공급안정·약가관리…퇴장방지 보상 강화·정책가산 신설,"보건복지부가 이번 약가제도 개편의 두 번째 축으로 의약품 수급 안정 전주기 대응체계 강화, 세 번째 축으로 약가 관리체계 합리화를 제시했다.◆퇴장방지의약품 제도 내실화…지정기준 10% 상향·정책가산 10% 신설2000년 도입 이후 지정·보전 기준에 큰 변화가 없었던 퇴장방지의약품 제도를 전면 개선한다. 퇴장방지의약품은 현재 622개 품목(377개 성분), 국가필수의약품은 1,782개 품목(488개 성분)이며 356개 품목(204개 성분.","보건복지부가 이번 약가제도 개편의 두 번째 축으로 의약품 수급 안정 전주기 대응체계 강화, 세 번째 축으로 약가 관리체계 합리화를 제시했다.◆퇴장방지의약품 제도 내실화…지정기준 10% 상향·정책가산 10% 신설2000년 도입 이후 지정·보전 기준에 큰 변화가 없었던 퇴장방지의약품 제도를 전면 개선한다. 퇴장방지의약품은 현재 622개 품목(377개 성분), 국가필수의약품은 1,782개 품목(488개 성분)이며 356개 품목(204개 성분",local,10,특허만료,,,0.79326250199112,,1.0,0.79326250199112,9.131702508362704,10.0,8.55283751393784,False
2026-04-09,BD,2026-04-10 06:16:00,Naver News,https://www.kpanews.co.kr/news/articleView.html?idxno=532705,"설 곳 잃는 포괄임금제 속 제약업계, 임금체계 재정비 '촉각' - 약사공론",정부가 포괄임금제 오남용 방지를 위한 지도지침을 시행하고 법 개정에 나서는 등 실제 근로시간 중심 임금 지급 체계 마련에 강력한 의지를 보이는 가운데 제약업계도.,정부가 포괄임금제 오남용 방지를 위한 지도지침을 시행하고 법 개정에 나서는 등 실제 근로시간 중심 임금 지급 체계 마련에 강력한 의지를 보이는 가운데 제약업계도,local,10,계약,,,0.7920771652551704,,1.0,0.7920771652551704,9.126724094071715,10.0,8.544540156786192,False
2026-04-09,Client,2026-04-08 16:28:00,Naver News,https://www.sisajournal-e.com/news/articleView.html?idxno=420347,프롤리아 시밀러 경쟁 격화···HK이노엔·신풍 약가 전략 촉각 - 시사저널e,골다공증 치료제 ‘프롤리아’의 바이오시밀러(복제약) 출시를 준비 중인 HK이노엔과 신풍제약이 어떤 약가 전략을 선택할지 업계 관.,[시사저널e=이상구 의약전문기자] 골다공증 치료제 ‘프롤리아’의 바이오시밀러(복제약) 출시를 준비 중인 HK이노엔과 신풍제약이 어떤 약가 전략을 선택할지 업계 관,local,10,암젠,,,0.7893327412433234,,1.0,0.7893327412433234,9.115197513221958,10.0,8.525329188703264,False
2026-04-09,Client,2026-04-09 13:10:00,Naver News,https://medicalworldnews.co.kr/news/view.php?idx=1510973939,자궁선근증 치료제 급여 사각지대…“같은 약인데 진단명 다르다고 보험 차별”,"가임기 여성의 삶의 질을 심각하게 위협하는 자궁선근증에 효과가 입증된 치료제들이 보험 급여를 받지 못하면서 환자들이 치료비 전액을 부담해야 하는 현실이 확인됐다. 대한자궁내막증학회는 본지와 만난 자리에서 관련 당국에 급여 기준 재검토를 촉구했다.◆자궁내막증 치료제, 선근증에도 효과…근거 잇따라자궁선근증은 자궁 근육층에 자궁내막 조직이 침투해 자라는 질환으로, 극심한 월경통·과다출혈·만성 골반통을 일으킨다. 유병률은 전체 여성의 20~3.","가임기 여성의 삶의 질을 심각하게 위협하는 자궁선근증에 효과가 입증된 치료제들이 보험 급여를 받지 못하면서 환자들이 치료비 전액을 부담해야 하는 현실이 확인됐다. 대한자궁내막증학회는 본지와 만난 자리에서 관련 당국에 급여 기준 재검토를 촉구했다.◆자궁내막증 치료제, 선근증에도 효과…근거 잇따라자궁선근증은 자궁 근육층에 자궁내막 조직이 침투해 자라는 질환으로, 극심한 월경통·과다출혈·만성 골반통을 일으킨다. 유병률은 전체 여성의 20~3",local,10,바이엘,,,0.7859945970118385,,1.0,0.7859945970118385,9.10117730744972,10.0,8.50196217908287,False
2026-04-09,BD,2026-04-10 06:00:00,Naver News,https://www.bosa.co.kr/news/articleView.html?idxno=3002818,美 시장서 커진 K-바이오…관세 변수에 수출 전략 재편 불가피 - 의학신문,"미국 시장에서 한국산 의약품의 존재감이 빠르게 커지는 가운데, 수입 의약품 관세 부과라는 정책 변수까지 겹치며 산업 구조 전환이.","[의학신문·일간보사=유은제 기자]미국 시장에서 한국산 의약품의 존재감이 빠르게 커지는 가운데, 수입 의약품 관세 부과라는 정책 변수까지 겹치며 산업 구조 전환이",local,10,파트너십,,,0.7847306165410868,,1.0,0.7847306165410868,9.095868589472564,10.0,8.493114315787608,False
2026-04-09,BD,2026-04-09 19:10:00,Naver News,http://www.newsmp.com/news/articleView.html?idxno=252617,"동아제약, 오펠라와 일반약 4종 국내 독점 유통 계약 체결 外","◇동아제약, 오펠라와 일반약 4종 국내 독점 유통 계약 체결동아제약은 오펠라헬스케어코리아와 일반의약품 4종 국내 독점 유통 계약을 체결했다고 밝혔다.지난달 24일 진행한 협약식에는 동아제약 백상환 사장과 오펠라헬스케어 ASEA 지역 총괄 마리아 스포시토 대표, 오펠라헬스케어코리아 강지욱 대표 등 양사 주요 관계자들이 참석해 상호 협력을 다짐했다.이번 계약을 통해 동아제약은 오펠라헬스케어코리아의 대표 브랜드인 ▲변비치료제 둘코락스 ▲알레르기 비염 치료제 알레그라 ▲진해거담제 뮤코펙트 ▲진경제 부스코판의 국내 영업 및 유통을 전담하게.","◇동아제약, 오펠라와 일반약 4종 국내 독점 유통 계약 체결동아제약은 오펠라헬스케어코리아와 일반의약품 4종 국내 독점 유통 계약을 체결했다고 밝혔다.지난달 24일 진행한 협약식에는 동아제약 백상환 사장과 오펠라헬스케어 ASEA 지역 총괄 마리아 스포시토 대표, 오펠라헬스케어코리아 강지욱 대표 등 양사 주요 관계자들이 참석해 상호 협력을 다짐했다.이번 계약을 통해 동아제약은 오펠라헬스케어코리아의 대표 브랜드인 ▲변비치료제 둘코락스 ▲알레르기 비염 치료제 알레그라 ▲진해거담제 뮤코펙트 ▲진경제 부스코판의 국내 영업 및 유통을 전담하게",local,10,제형,,,0.777436835333854,,1.0,0.777436835333854,9.065234708402187,10.0,8.442057847336978,False
2026-04-09,Client,2026-04-09 13:01:00,Naver News,https://www.newsis.com/view/NISX20260409_0003584442,"""5달에 한번"" 안구 주사 승인…시장 판도 바뀌나 '긴장'","5개월에 한 번 투여할 수 있는 황반변성 주사 '아일리아 고용량'이 승인돼, 기존 저용량의 바이오시밀러 출시를 준비하는 기업들이 예의주시하고 있다.9일 제약업계에 따르면 미국 리제네론 파마슈티컬스는 지난 2일(현지 시간) 미국 식품의약국(FDA)에서 습성 황반변성 및 당뇨병성 황반부종 치료제 '아일리아 HD'(고용량 8㎎)의 ..","[서울=뉴시스]송연주 기자 = 5개월에 한 번 투여할 수 있는 황반변성 주사 '아일리아 고용량'이 승인돼, 기존 저용량의 바이오시밀러 출시를 준비하는 기업들이 예의주시하고 있다.9일 제약업계에 따르면 미국 리제네론 파마슈티컬스는 지난 2일(현지 시간) 미국 식품의약국(FDA)에서 습성 황반변성 및 당뇨병성 황반부종 치료제 '아일리아 HD'(고용량 8㎎)의 ..",local,10,리제네론,,,0.7745337626306262,,1.0,0.7745337626306262,9.053041803048629,10.0,8.421736338414384,False
2026-04-09,Client,2026-04-06 13:34:00,Naver News,https://www.m-i.kr/news/articleView.html?idxno=1361710,美 관세 장벽에도 K-바이오 ‘굳건’,"매일일보 = 이용 기자 | 미국이 수입 의약품에 고율 관세를 적용하면서 글로벌 제약산업의 공급망 재편이 불가피해졌다. 특허의약품과 원료의약품 중심으로 최대 100% 관세가 예고되면서, 기존의 글로벌 분업 구조가 현지 생산 중심으로 빠르게 이동하는 흐름이다. 다만 이번 조치가 한국 제약바이오 산업 전반에 미치는 영향은 제한적이라는 평가가 우세하다. 오히려 일부 영역에서는 반사이익 가능성도 거론된다.6일 업계에 따르면, 미국 보건복지부(HHS)는 최혜국(MFN) 가격 기준 도입과 함께 관세를 병행 적용하는 방식으로 다국적 제약사의 가격.","매일일보 = 이용 기자 | 미국이 수입 의약품에 고율 관세를 적용하면서 글로벌 제약산업의 공급망 재편이 불가피해졌다. 특허의약품과 원료의약품 중심으로 최대 100% 관세가 예고되면서, 기존의 글로벌 분업 구조가 현지 생산 중심으로 빠르게 이동하는 흐름이다. 다만 이번 조치가 한국 제약바이오 산업 전반에 미치는 영향은 제한적이라는 평가가 우세하다. 오히려 일부 영역에서는 반사이익 가능성도 거론된다.6일 업계에 따르면, 미국 보건복지부(HHS)는 최혜국(MFN) 가격 기준 도입과 함께 관세를 병행 적용하는 방식으로 다국적 제약사의 가격",local,10,애브비,,,0.7679430889178042,,1.0,0.7679430889178042,9.025360973454777,10.0,8.375601622424629,False
2026-04-09,Client,2026-04-09 14:00:00,Naver News,https://www.koreahealthlog.com/news/articleView.html?idxno=56671,"전립선암치료제 ‘엑스탄디’, 캡슐 제형 이어 더 작은 크기 '정제'도 급여","전립선암치료제 ‘엑스탄디(성분명 엔잘루타마이드)’의 치료옵션이 확대됐다. 캡슐 제형에 이어 더 작은 크기의 정제가 급여 출시됐고, 기존 약제의 2배 용량인 80mg 용량의 정제도 급여 치료옵션에 추가된 것이다. 한국아스텔라스는 보건복지부 고시에 따라 이달 1일부터 엑스탄디 정제 40mg과 80mg 2가지 용량을 새롭게 급여 출시했다고 9일 밝혔다.엑스탄디 40mg 정제는 기존 40mg 연질캡슐 대비 장축을 약 절반으로 줄였다.","전립선암치료제 ‘엑스탄디(성분명 엔잘루타마이드)’의 치료옵션이 확대됐다. 캡슐 제형에 이어 더 작은 크기의 정제가 급여 출시됐고, 기존 약제의 2배 용량인 80mg 용량의 정제도 급여 치료옵션에 추가된 것이다. 한국아스텔라스는 보건복지부 고시에 따라 이달 1일부터 엑스탄디 정제 40mg과 80mg 2가지 용량을 새롭게 급여 출시했다고 9일 밝혔다.엑스탄디 40mg 정제는 기존 40mg 연질캡슐 대비 장축을 약 절반으로 줄였다. 또 80mg 고용량 정제가 추가 출시돼 기존 40mg 캡슐 기준으로 1일 4캡슐을 복용해야 했던 환자들의",local,10,아스텔라스,,,0.7658893625147775,,1.0,0.7658893625147775,9.016735322562065,10.0,8.361225537603442,False
2026-04-09,BD,2026-04-09 15:21:00,Naver News,https://biz.sbs.co.kr/article_hub/20000303244?division=NAVER,"주사기 품귀인데 '가족 병원'에 몰아주기?…복지부, 조사 착수","중동발 여파로 주사기와 수액백 등 의료용품 수급이 비상인 가운데 정부가 의료용품을 병원에 납품하는 중간 유통업체들에 대한 첫 실태조사에 나서는 것으로 확인됐습니다.앞서 이들 업체가 사실상 특수관계에 있는 병원과 부당거래를 하고 있다는 의혹이 제기된 바 있는데요.오정인 기자, 의료용품 납품업체에 대한 조사가 ….","[앵커]중동발 여파로 주사기와 수액백 등 의료용품 수급이 비상인 가운데 정부가 의료용품을 병원에 납품하는 중간 유통업체들에 대한 첫 실태조사에 나서는 것으로 확인됐습니다.앞서 이들 업체가 사실상 특수관계에 있는 병원과 부당거래를 하고 있다는 의혹이 제기된 바 있는데요.오정인 기자, 의료용품 납품업체에 대한 조사가 …",local,10,제휴,,,0.745775783900657,,1.0,0.745775783900657,8.932258292382759,10.0,8.220430487304599,False
2026-04-09,Client,2026-04-08 09:44:00,Naver News,http://www.bokuennews.com/news/article.html?no=276381,머크 '텝메코' 급여 1주년... MET 변이 폐암 정밀의료 지평 확대,국립암센터 혈액종양내과 한지연 교수가 MET 변이 비소세포폐암의 정밀의료적 접근과 국내 환자에서 텝메코 치료를 적용한 사례를 발표하고 있다. 한국머크 헬스케어가 MET 엑손 14 결손 변이 비소세포폐암 표..,"국립암센터 혈액종양내과 한지연 교수가 MET 변이 비소세포폐암의 정밀의료적 접근과 국내 환자에서 텝메코 치료를 적용한 사례를 발표하고 있다.



한국머크 헬스케어가 MET 엑손 14 결손 변이 비소세포폐암 표..",local,10,머크,,,0.7293014850776225,,1.0,0.7293014850776225,8.863066237326013,10.0,8.105110395543356,False
2026-04-09,BD,2026-04-10 06:06:00,Naver News,http://www.newsmp.com/news/articleView.html?idxno=252625,"로슈, C4 테라퓨틱스와 분해제-항체 접합체 개발 협력","스위스 제약기업 로슈가 미국 바이오제약회사 C4 테라퓨틱스(C4 Therapeutics, C4T)와 단백질 분해제-항체 접합체(Degrader-Antibody Conjugates, DAC) 개발을 위해 협력을 확대하기로 했다.C4 테라퓨틱스는 새롭게 부상하는 분해제-항체 접합체 분야의 연구를 발전시키기 위해 로슈와 신규 협력 계약을 체결했다고 9일 발표했다.양사는 이번 협력을 통해 항체-약물 접합체(ADC)와 표적 단백질 분해(TPD)를 결합함으로써 분해제의 특이성과 촉매 효율성, ADC의 전달 능력을 동시에 활용하는.","[의약뉴스] 스위스 제약기업 로슈가 미국 바이오제약회사 C4 테라퓨틱스(C4 Therapeutics, C4T)와 단백질 분해제-항체 접합체(Degrader-Antibody Conjugates, DAC) 개발을 위해 협력을 확대하기로 했다.C4 테라퓨틱스는 새롭게 부상하는 분해제-항체 접합체 분야의 연구를 발전시키기 위해 로슈와 신규 협력 계약을 체결했다고 9일 발표했다.양사는 이번 협력을 통해 항체-약물 접합체(ADC)와 표적 단백질 분해(TPD)를 결합함으로써 분해제의 특이성과 촉매 효율성, ADC의 전달 능력을 동시에 활용하는",local,10,로슈,,,0.7208971868700667,,1.0,0.7208971868700667,8.827768184854278,10.0,8.046280308090466,False
2026-04-09,Distribution,2026-04-10 06:02:00,Naver News,https://www.yakup.com/news/index.html?mode=view&cat=12&nid=325827,"[약업신문]제2의 키트루다, 새 타깃 아닌 조합·구조 설계에서 나온다",에이피트바이오 한용해 공동대표가 발표하고 있다.©약업신문“새로운 면역항암제 타깃을 찾는 경쟁은 사실상 끝났다. 이제는 그 타깃을 어떻게 조합하고 설계하느냐의 문제다.”에이피트바이오 한용해 공동대표는 8...,에이피트바이오 한용해 공동대표가 발표하고 있다.©약업신문“새로운 면역항암제 타깃을 찾는 경쟁은 사실상 끝났다. 이제는 그 타깃을 어떻게 조합하고 설계하느냐의 문제다.”에이피트바이오 한용해 공동대표는 8...,local,10,CJ,,,0.718630989862028,,1.0,0.718630989862028,8.818250157420518,10.0,8.030416929034196,False
2026-04-09,Client,2026-04-07 16:09:00,Naver News,https://www.polinews.co.kr/news/articleView.html?idxno=727780,[기획] BIO USA D-60…금리 피벗 속 '상업화 경쟁' 나서는 K-바이오,"전 세계 제약 · 바이오 업계의 시선이 다시 미국 샌디에이고로 향하고 있다. 오는 6월 22일 열리는 '2026 바이오 인터내셔널 컨벤션(BIO USA)'을 두 달 앞두고 국내 기업들의 움직임이 분주하다.올해는 분위기가 사뭇 다르다. 지난 2년간 업계를 짓눌렀던 고금리의 무게가 가벼워진 가운데, 국내 기업들이 단순한 '가능성'을 넘어 '상업적 실체'를 증명하며 글로벌 파트너링의 주인공으로 급부상하고 있기 때문이다.매크로 피벗 기대감에 바이오 밸류에이션 재평가 급물살최근 발표된 미국 고용지표는 바이오텍들에게 가뭄의 단비와 같다.","전 세계 제약 · 바이오 업계의 시선이 다시 미국 샌디에이고로 향하고 있다. 오는 6월 22일 열리는 '2026 바이오 인터내셔널 컨벤션(BIO USA)'을 두 달 앞두고 국내 기업들의 움직임이 분주하다.올해는 분위기가 사뭇 다르다. 지난 2년간 업계를 짓눌렀던 고금리의 무게가 가벼워진 가운데, 국내 기업들이 단순한 '가능성'을 넘어 '상업적 실체'를 증명하며 글로벌 파트너링의 주인공으로 급부상하고 있기 때문이다.매크로 피벗 기대감에 바이오 밸류에이션 재평가 급물살최근 발표된 미국 고용지표는 바이오텍들에게 가뭄의 단비와 같다. 실업",local,10,얀센,,,0.7118220954396088,,1.0,0.7118220954396088,8.789652800846357,10.0,7.982754668077262,False
2026-04-09,BD,2026-04-09 18:04:00,Naver News,https://kormedi.com/?p=2805964,[기자수첩] 삼천당제약 논란 키운 정보 비대칭… 강경 대응에 입 다문 애널리스트 - 코메디닷컴,삼천당제약 본사 전경. 사진=삼천당제약 계약 규모와 기술력 논란을 빚은 삼천당제약이 제약·바이오 업계 이슈의 중심에 섰다. 논란이 확산된 배경에는 소극적인 정보 제공과 일부 증권사·애널리스트를 상대로 한 과도한 법적 대응이 자리하고 있다는 지적이 나온다. 예전부터 삼천당제약은.,삼천당제약 본사 전경. 사진=삼천당제약 계약 규모와 기술력 논란을 빚은 삼천당제약이 제약·바이오 업계 이슈의 중심에 섰다. 논란이 확산된 배경에는 소극적인 정보 제공과 일부 증권사·애널리스트를 상대로 한 과도한 법적 대응이 자리하고 있다는 지적이 나온다. 예전부터 삼천당제약은,local,10,제네릭,,,0.7116501898298693,,1.0,0.7116501898298693,8.78893079728545,10.0,7.9815513288090845,False
2026-04-09,Distribution,2026-04-07 20:30:00,Naver News,https://kidd.co.kr/news/245594,"[KOREA PACK & ICPI WEEK 2026] DKSH코리아, 제약·환경 분석 자동화 솔루션 대거 투입",제약·바이오 산업 내 데이터 신뢰성과 규제 대응의 중요성이 커지면서 분석 장비 시장이 자동화와 정밀도를 중심으로 재편되고 있다. DKSH코리아(DKSH Korea)는 고양시 일산 킨텍스(KINTEX)에서 열린 ‘ICPI WEEK 2026’에 참가해 글로벌 분석 장비 포트폴리오와 제약·환경 분야 대응 전략을...,[산업일보]제약·바이오 산업 내 데이터 신뢰성과 규제 대응의 중요성이 커지면서 분석 장비 시장이 자동화와 정밀도를 중심으로 재편되고 있다. DKSH코리아(DKSH Korea)는 고양시 일산 킨텍스(KINTEX)에서 열린 ‘ICPI WEEK 2026’에 참가해 글로벌 분석 장비 포트폴리오와 제약·환경 분야 대응 전략을...,local,10,DKSH,,,0.7051858788760975,,1.0,0.7051858788760975,8.761780691279608,10.0,7.936301152132682,False
2026-04-09,Client,2026-04-08 15:15:00,Naver News,https://www.newspim.com/news/view/20260408001045,"한미약품, 지난해 R&D 투자 '역대 최대'…비만 신약 등 성과 초읽기",한미약품이 지난해 역대 최대 연구개발(R&D) 투자를 단행하며 신약 개발에 속도를 내고 있다. 연내 비만 신약 에페글레나타이드의 국내 출시를 기점으로 그간 쌓아온 R&D 성과가 가시화될 전망이다.8일 금융감독원 전.,[서울=뉴스핌] 김신영 기자 = 한미약품이 지난해 역대 최대 연구개발(R&D) 투자를 단행하며 신약 개발에 속도를 내고 있다. 연내 비만 신약 에페글레나타이드의 국내 출시를 기점으로 그간 쌓아온 R&D 성과가 가시화될 전망이다.8일 금융감독원 전,local,10,MSD,,,0.7037088191370533,,1.0,0.7037088191370533,8.755577040375623,10.0,7.925961733959372,False
2026-04-09,BD,2026-04-10 06:16:00,Naver News,https://www.kpanews.co.kr/news/articleView.html?idxno=532676,"노보와 21억달러 빅딜…비브텍스 ""약물전달 넘어 ‘경구 신약 설계’로 간다"" - 약사공론",비브텍스 테라퓨틱스(Vivtex Therapeutics)가 노보 노디스크(Novo Nordisk)와 최대 21억달러 규모의 협업 계약을 체결하며 주목받고 있다.,비브텍스 테라퓨틱스(Vivtex Therapeutics)가 노보 노디스크(Novo Nordisk)와 최대 21억달러 규모의 협업 계약을 체결하며 주목받고 있다.,local,10,파트너십,,,0.70267209897603,,1.0,0.70267209897603,8.751222815699325,10.0,7.918704692832209,False
2026-04-09,Distribution,2026-04-10 06:04:00,Naver News,https://news.mtn.co.kr/news-detail/2026040915223220773,피부 클리닉 갔다 화장품 쇼핑하고 커피 한잔…'K웰니스' 판 키우는 의사 [MTN 픽],"'K뷰티'를 넘어 'K웰니스'가 각광받고 있습니다. 새로운 유행에 관련업계도 민감하게 반응하고 있습니다.화장품 쇼핑 가서 시술도 받고, 내 몸에 꼭 맞는 음료도 즐길 수 있는 곳. 전문의가 상주하는 클리닉과 스토어, 카페가 결합한 복합 공간, '웰니스하우스서울(WellnessHouseSeoul Store)'이 서울 강남에 새롭게 문을 열었습니다. 강남역에서 5분여 걸어 도착한 한 빌딩 앞.","'K뷰티'를 넘어 'K웰니스'가 각광받고 있습니다. 새로운 유행에 관련업계도 민감하게 반응하고 있습니다.화장품 쇼핑 가서 시술도 받고, 내 몸에 꼭 맞는 음료도 즐길 수 있는 곳. 전문의가 상주하는 클리닉과 스토어, 카페가 결합한 복합 공간, '웰니스하우스서울(WellnessHouseSeoul Store)'이 서울 강남에 새롭게 문을 열었습니다. 강남역에서 5분여 걸어 도착한 한 빌딩 앞. 테크 기업 같은 외관에 지나칠 뻔 했지만, '웰니스하우스서울'이라는 간판을 확인하고 안으로 들어가 봤습니다.1층 입구에 들어서면 우주선",local,10,CJ,,,0.6986635731074324,,1.0,0.6986635731074324,8.734387007051216,10.0,7.890645011752027,False
2026-04-09,Client,2026-04-09 11:14:00,Naver News,https://daily.hankooki.com/news/articleView.html?idxno=1356518,"[제약사에 가면] 광동제약, 주니어보드 18기 출범 外","광동제약은 실무진이 경영에 참여해 조직문화 혁신을 이끄는 사내 협의체 ‘주니어보드(Junior Board)’ 18기가 9일 공식 출범했다.2009년 처음 도입된 광동제약 주니어보드는 G2(대리급) 이하 직원으로 구성된 청년 중역회의다. 각 부서의 실무진이 조직 운영과 업무 환경 개선에 대한 아이디어를 제안하며 경영진과 직원 간 소통 창구 역할을 수행하고 있다.이번 18기는 영업, 마케팅, R&D, 기획관리 등 여러 직군에서 선발된 10명의 위원으로 구성됐다. 이들은 향후 1년 동안 조직문화 혁신과.","[데일리한국 최성수, 심우민 기자]광동제약은 실무진이 경영에 참여해 조직문화 혁신을 이끄는 사내 협의체 ‘주니어보드(Junior Board)’ 18기가 9일 공식 출범했다.2009년 처음 도입된 광동제약 주니어보드는 G2(대리급) 이하 직원으로 구성된 청년 중역회의다. 각 부서의 실무진이 조직 운영과 업무 환경 개선에 대한 아이디어를 제안하며 경영진과 직원 간 소통 창구 역할을 수행하고 있다.이번 18기는 영업, 마케팅, R&D, 기획관리 등 여러 직군에서 선발된 10명의 위원으로 구성됐다. 이들은 향후 1년 동안 조직문화 혁신과",local,10,현대약품,,,0.6791883441183972,,1.0,0.6791883441183972,8.652591045297267,10.0,7.75431840882878,False
2026-04-09,BD,2026-04-06 10:34:00,Naver News,http://www.press9.kr/news/articleView.html?idxno=74604,"[M&A Check][한미약품]③AML 1차 시장, 투스페티닙 경쟁 물질들의 한계","고령·집중화학요법 불가 급성골수성백혈병(AML) 1차 치료 시장에서 베네토클락스(VEN)와 아자시티딘(AZA) 병용요법이 표준으로 자리 잡은 이후, 이 조합에 세 번째 약물을 추가하는 삼제요법 개발 경쟁이 빠르게 달아오르고 있다. 한미약품이 앱토즈 인수로 직접 개발에 나서는 투스페티닙/VEN/AZA 삼제요법은 AML 1차 치료제의 주요 후보군 중 하나다. 선발 경쟁자들이 어떤 한계를 안고 있고, 투스페티닙이 어떻게 틈새를 노릴 수 있는지가 이번 인수의 전략적 합리성을 가늠하는 잣대가 된다.앞서 VEN/AZA 병용요법은.","[프레스나인] 고령·집중화학요법 불가 급성골수성백혈병(AML) 1차 치료 시장에서 베네토클락스(VEN)와 아자시티딘(AZA) 병용요법이 표준으로 자리 잡은 이후, 이 조합에 세 번째 약물을 추가하는 삼제요법 개발 경쟁이 빠르게 달아오르고 있다. 한미약품이 앱토즈 인수로 직접 개발에 나서는 투스페티닙/VEN/AZA 삼제요법은 AML 1차 치료제의 주요 후보군 중 하나다. 선발 경쟁자들이 어떤 한계를 안고 있고, 투스페티닙이 어떻게 틈새를 노릴 수 있는지가 이번 인수의 전략적 합리성을 가늠하는 잣대가 된다.앞서 VEN/AZA 병용요법은",local,10,입센,,,0.7666979292011032,,1.0,0.7666979292011032,8.620131302644634,9.0,8.366885504407723,False
2026-04-09,BD,2026-04-10 06:02:00,Naver News,https://www.kukinews.com/article/view/kuk202604090173,중동 전쟁 속 숨 고른 제약바이오 업계…2분기 ‘반등’ 주목,"지난 1분기 제약바이오 업계는 중동 전쟁에 따른 공급망 불안과 미국의 품목관세 변수, 기업별 실적 부담이 겹치며 녹록지 않은 시간을 보냈다.","지난 1분기 제약바이오 업계는 중동 전쟁에 따른 공급망 불안과 미국의 품목관세 변수, 기업별 실적 부담이 겹치며 녹록지 않은 시간을 보냈다. 다만",local,10,인수,,,0.7357391285974574,,1.0,0.7357391285974574,8.49010434010932,9.0,8.150173900182201,False
2026-04-09,BD,2026-04-09 03:20:00,Naver News,https://www.g-enews.com/view.php?ud=2026040820355668822bd56fbc3c_1,"길리어드, 7.3조 원에 독일 튜불리스 인수…ADC 항암제 승부수 - 글로벌이코노믹","글로벌 제약 시장의 헤게모니가 항체-약물 접합체(ADC)로 급격히 이동하는 가운데, 미국 길리어드 사이언스(Gilead Sciences)가 항암 신약 주도권을 굳히기 위한 초대형 승부수를 던졌다. 지난 7일(현지시각) 바이오 전문 매체 피어스바이오텍(Fierce Biotech) 보도에.","글로벌 제약 시장의 헤게모니가 항체-약물 접합체(ADC)로 급격히 이동하는 가운데, 미국 길리어드 사이언스(Gilead Sciences)가 항암 신약 주도권을 굳히기 위한 초대형 승부수를 던졌다. 지난 7일(현지시각) 바이오 전문 매체 피어스바이오텍(Fierce Biotech) 보도에",local,10,머크,,,0.7339449244024536,,1.0,0.7339449244024536,8.482568682490305,9.0,8.137614470817175,False
2026-04-09,BD,2026-04-09 16:56:00,Naver News,http://www.smedaily.co.kr/news/articleView.html?idxno=355395,미국발 호재에도 韓 바이오시밀러 '희비',미국이 바이오시밀러에 대한 관세 부과를 재검토하고 미국의 보험 시스템(CMS)도 바이오시밀러 친화적으로 방향을 변경하면서 국내 업체들의 희비가 엇갈리고 있다. 이미 미국 시장에 진출한 한국 바이오시밀러 대기업들은 가격 경쟁력을 바탕으로 시장 점유율을 높일 수 있는 기회로 작용하겠지만 중소기업들은 가격 경쟁력 약화와 마케팅 능력 부족으로 고전할 수 있다는 우려가 제기되고 있다. 9일 업계에 따르면 지난 2일(현지시간) 미국 정부는 바이오시밀러와 제네릭 제품에 대해 최소 1년간 관세를 부과하지 않기로 했다.,미국이 바이오시밀러에 대한 관세 부과를 재검토하고 미국의 보험 시스템(CMS)도 바이오시밀러 친화적으로 방향을 변경하면서 국내 업체들의 희비가 엇갈리고 있다. 이미 미국 시장에 진출한 한국 바이오시밀러 대기업들은 가격 경쟁력을 바탕으로 시장 점유율을 높일 수 있는 기회로 작용하겠지만 중소기업들은 가격 경쟁력 약화와 마케팅 능력 부족으로 고전할 수 있다는 우려가 제기되고 있다. 9일 업계에 따르면 지난 2일(현지시간) 미국 정부는 바이오시밀러와 제네릭 제품에 대해 최소 1년간 관세를 부과하지 않기로 했다. 미국 CMS(메디케어·메디케,local,10,제네릭,,,0.730067877760123,,1.0,0.730067877760123,8.466285086592517,9.0,8.110475144320862,False
2026-04-09,BD,2026-04-09 20:16:00,Naver News,https://www.catchnews.kr/news/articleView.html?idxno=122591,"진양곤 HLB의장 “성과로 증명, 반드시 결과로 보답하겠다”","“앞으로도 도전을 통해 성과로 증명하고, 시장의 편견을 넘어서는 기업으로 나아가겠다. 주주 여러분의 신뢰에 반드시 결과로 보답하겠다.”간암·담관암 신약의 미국 식품의약국(FDA) 허가가 임박한 가운데, 진양곤 HLB그룹 의장이 9일 서울 여의도 중소기업중앙회에서 열린 통합 주주간담회에서 이 같이 말했다.진 의장은 “HLB는 실패와 좌절을 교훈 삼아 성장해왔으며 그 과정에서 주주 여러분과의 신뢰를 가장 중요한 기반으로 쌓아왔다”며 “여러 연구개발 성과 발표를 앞둔 중요한 시점에서 보다 폭넓고 솔직한 소통을 위해 통합 주주간담회를 마련.","“앞으로도 도전을 통해 성과로 증명하고, 시장의 편견을 넘어서는 기업으로 나아가겠다. 주주 여러분의 신뢰에 반드시 결과로 보답하겠다.”간암·담관암 신약의 미국 식품의약국(FDA) 허가가 임박한 가운데, 진양곤 HLB그룹 의장이 9일 서울 여의도 중소기업중앙회에서 열린 통합 주주간담회에서 이 같이 말했다.진 의장은 “HLB는 실패와 좌절을 교훈 삼아 성장해왔으며 그 과정에서 주주 여러분과의 신뢰를 가장 중요한 기반으로 쌓아왔다”며 “여러 연구개발 성과 발표를 앞둔 중요한 시점에서 보다 폭넓고 솔직한 소통을 위해 통합 주주간담회를 마련",local,10,M&A,,,0.7245409621872962,,1.0,0.7245409621872962,8.443072041186644,9.0,8.071786735311074,False
2026-04-09,BD,2026-04-10 06:02:00,Naver News,https://www.yakup.com/news/index.html?mode=view&cat=16&nid=325824,[약업신문]최장기간 재임 미국 제약협회 회장 “물러나겠다”,미국 제약협회(PhRMA) 이사회는 지난 10년 이상 재임해 왔던 스티븐 J. 어블 회장(사진)이 올해 말 물러나겠다는 계획을 통보받았다고 8일 공표했다.어블 회장은 지난 2015년 존 J. 카스텔라니 前 회장의 ...,미국 제약협회(PhRMA) 이사회는 지난 10년 이상 재임해 왔던 스티븐 J. 어블 회장(사진)이 올해 말 물러나겠다는 계획을 통보받았다고 8일 공표했다.어블 회장은 지난 2015년 존 J. 카스텔라니 前 회장의 ...,local,10,인수,,,0.7199212140601539,,1.0,0.7199212140601539,8.423669099052645,9.0,8.039448498421077,False
2026-04-09,BD,2026-04-10 05:00:00,Naver News,http://www.mkhealth.co.kr/news/articleView.html?idxno=78200,"국내 제약, 일본 '건강시장' 공략 2막…임상·생산으로 확장","국내 제약·헬스케어 기업들의 일본 공략 방식이 유통 확대를 넘어 임상 협력, 기술 이전, 생산 계약으로 확장하고 있다. 화장품과 일반의약품 중심의 판매망 확보에 이어 최근에는 연구개발과 생산, 상업화 전 단계로 접점을 넓히는 흐름이다. 일본이 고령화에 따른 의료 수요 확대와 제도적 안정성을 바탕으로 한 글로벌 상위권 의약품 시장으로 꼽히는 만큼, 국내 기업들 사이에서도 단순 수출처가 아닌 전략 시장으로서 위상이 커지고 있다는 분석이다.동국제약은 유통채널 확대에 주력하고 있다.","국내 제약·헬스케어 기업들의 일본 공략 방식이 유통 확대를 넘어 임상 협력, 기술 이전, 생산 계약으로 확장하고 있다. 화장품과 일반의약품 중심의 판매망 확보에 이어 최근에는 연구개발과 생산, 상업화 전 단계로 접점을 넓히는 흐름이다. 일본이 고령화에 따른 의료 수요 확대와 제도적 안정성을 바탕으로 한 글로벌 상위권 의약품 시장으로 꼽히는 만큼, 국내 기업들 사이에서도 단순 수출처가 아닌 전략 시장으로서 위상이 커지고 있다는 분석이다.동국제약은 유통채널 확대에 주력하고 있다. 더마코스메틱 브랜드 센텔리안24는 이달부터 일본 돈키호테",local,10,라이선스,,,0.8099907188196221,,1.0,0.8099907188196221,8.401961019042414,8.0,8.669935031737355,False
2026-04-09,BD,2026-04-10 06:21:00,Naver News,https://www.mk.co.kr/article/12013259,요즘 오너 3세들이 열공하는 분야는…대기업들 바이오 영토 확장 러시 - 매일경제,오너일가가 직접 챙기면서 그룹 미래먹거리로 급부상  “신약 직접 개발은 오래 걸려 유망한 바이오벤처 찾아라” M&A·지분 투자에 관심 많아  제약바이오 업계도 예의주시.,오너일가가 직접 챙기면서 그룹 미래먹거리로 급부상  “신약 직접 개발은 오래 걸려 유망한 바이오벤처 찾아라” M&A·지분 투자에 관심 많아  제약바이오 업계도 예의주시,local,10,M&A,,,0.7038922630350998,,1.0,0.7038922630350998,8.356347504747418,9.0,7.927245841245698,False
2026-04-09,Client,2026-04-06 08:38:00,Naver News,https://www.monews.co.kr/news/articleView.html?idxno=410517,"환우회, ""엡킨리 급여 진입, 치료 공백 해소 출발점"" - 메디칼업저버",재발성 또는 불응성 미만성 거대 B세포 림프종(DLBCL) 치료제 한국애브비의 엡킨리(성분명 엡코리타맙)가 건강보험 급여권에 진입했다.,[메디칼업저버 문윤희 기자] 재발성 또는 불응성 미만성 거대 B세포 림프종(DLBCL) 치료제 한국애브비의 엡킨리(성분명 엡코리타맙)가 건강보험 급여권에 진입했다,local,10,애브비,,,0.7811616656802641,,1.0,0.7811616656802641,8.280878995857108,8.0,8.468131659761848,False
2026-04-09,BD,2026-04-10 00:46:00,Naver News,http://www.gimhaenews.co.kr/news/articleView.html?idxno=53199,"[6·3김해] 박준호 도의원 후보 ""김해중앙병원 재개원 시기 반드시 앞당길 것""","더불어민주당 박준호(김해7) 도의원 후보가 김해중앙병원 재개원과 관련해 “가능한 모든 수단을 동원해 재개원 시기를 반드시 앞당기겠다”고 밝혔다.박 후보는 지난 8일 김해시청 프레스센터에서 기자회견을 열고 ""숭인의료재단 김해복음병원이 최근 재개원 계획을 밝힌 데 대해 감사드린다""면서 ""구체적인 개원 계획을 제시한 점은 의미 있게 평가한다""고 말했다. 다만, “제시된 1단계 개원 계획은 시민들이 체감하기에는 여전히 상당한 시간이 소요되는 수준”이라며 “김해중앙병원은 2023년 10월 운영 중단 이후 약 2년 6개월간 의료 공백이 지속되.","더불어민주당 박준호(김해7) 도의원 후보가 김해중앙병원 재개원과 관련해 “가능한 모든 수단을 동원해 재개원 시기를 반드시 앞당기겠다”고 밝혔다.박 후보는 지난 8일 김해시청 프레스센터에서 기자회견을 열고 ""숭인의료재단 김해복음병원이 최근 재개원 계획을 밝힌 데 대해 감사드린다""면서 ""구체적인 개원 계획을 제시한 점은 의미 있게 평가한다""고 말했다. 다만, “제시된 1단계 개원 계획은 시민들이 체감하기에는 여전히 상당한 시간이 소요되는 수준”이라며 “김해중앙병원은 2023년 10월 운영 중단 이후 약 2년 6개월간 의료 공백이 지속되",local,10,인수,,,0.6824402666209612,,1.0,0.6824402666209612,8.266249119808037,9.0,7.7770818663467285,False
2026-04-09,BD,2026-04-10 06:10:00,Naver News,https://www.hitnews.co.kr/news/articleView.html?idxno=75042,"""중국 바이오의 진짜 힘은 규제 혁신과 실행력에서 나온다""","Read China 바이오텍 강국 중국① 차세대 모달리티 파이프라인 키 플레이어② 잘 나가는 차이나 스피드의 이면③ 바이오 굴기와 자립자강을 향한 일로매진④ 바이오 지원정책과 보조를 맞춘 규제 개혁 60일에서 30일로, NMPA의 '속도 혁명'중국 국가약품감독관리국(NMPA)은 혁신 의약품 개발과 글로벌 동시 개발을 촉진하기 위해 규제 체계를 지속적으로 개편하고 있다. 바이오·제약 산업을 전략 산업으로 육성하는 정책 기조 아래 의약품 심사·허가 절차의 효율성을 높이기 위한 제도 개선을 추진하고 있으며, 이러한 정책의 일환으로 의약품.","Read China 바이오텍 강국 중국① 차세대 모달리티 파이프라인 키 플레이어② 잘 나가는 차이나 스피드의 이면③ 바이오 굴기와 자립자강을 향한 일로매진④ 바이오 지원정책과 보조를 맞춘 규제 개혁 60일에서 30일로, NMPA의 '속도 혁명'중국 국가약품감독관리국(NMPA)은 혁신 의약품 개발과 글로벌 동시 개발을 촉진하기 위해 규제 체계를 지속적으로 개편하고 있다. 바이오·제약 산업을 전략 산업으로 육성하는 정책 기조 아래 의약품 심사·허가 절차의 효율성을 높이기 위한 제도 개선을 추진하고 있으며, 이러한 정책의 일환으로 의약품",local,10,파트너십,,,0.737050563203136,,1.0,0.737050563203136,8.09561236545317,8.0,8.159353942421951,False
2026-04-09,Client,2026-04-09 13:30:00,Naver News,https://www.medicopharma.co.kr/news/articleView.html?idxno=67716,"아스텔라스, 근육질환 타깃 AAV 캡시드 도입…다이노와 협력 확대","아스텔라스가 근육질환을 표적하는 유전자치료 전달체 확보에 나서며 관련 파이프라인 강화에 속도를 내고 있다.9일 업계에 따르면 아스텔라스는 미국 바이오텍 다이노 테라퓨틱스(Dyno Therapeutics)와의 기존 연구 협력을 기반으로, 골격근 조직에 유전.","[메디코파마뉴스=이호빈 기자] 아스텔라스가 근육질환을 표적하는 유전자치료 전달체 확보에 나서며 관련 파이프라인 강화에 속도를 내고 있다.9일 업계에 따르면 아스텔라스는 미국 바이오텍 다이노 테라퓨틱스(Dyno Therapeutics)와의 기존 연구 협력을 기반으로, 골격근 조직에 유전",local,10,로슈,,,0.7288154519356883,,1.0,0.7288154519356883,8.06102489812989,8.0,8.101708163549818,False
2026-04-09,BD,2026-04-09 17:10:00,Naver News,https://www.sisajournal-e.com/news/articleView.html?idxno=420380,"큐라클, 임상 성공에 기술이전 가속···“복수 국내 제약사 우선 타진” - 시사저널e",큐라클이 당뇨병성 신증 치료제 임상에서 유의미한 결과를 확보하며 상업화 발판을 마련했다. 국내 판권 기술이전을 우선 추진하며 사업화에.,[시사저널e=최성근 기자] 큐라클이 당뇨병성 신증 치료제 임상에서 유의미한 결과를 확보하며 상업화 발판을 마련했다. 국내 판권 기술이전을 우선 추진하며 사업화에,local,10,판권,,,0.7282092025564079,,1.0,0.7282092025564079,8.058478650736912,8.0,8.097464417894855,False
2026-04-09,Client,2026-04-09 08:00:00,Naver News,http://www.digitalbizon.com/news/articleView.html?idxno=2342581,“AI”… 신약 개발의 미래,"AI 기술은 단순한 보조 도구를 넘어 신약 개발 전 주기를 혁신하는 전략적 파트너로서의 위상을 확립하고 있다. 그간 신약 개발 산업은 ‘고위험 고수익’이라는 구조 아래, 막대한 시간과 자본을 투입하고도 운에 기대는 확률 게임을 반복한다. 그러나 AI의 등장으로 단순히 연구 보조 도구를 넘어 타겟 발굴부터 임상 시험 설계와 시판 후 감시까지 전 과정에 개입하여 의사결정의 정확도를 향상시키고 있다.방대한 바이오 데이터를 학습하여 신약 개발의 속도와 정확성을 획기적으로 향상된다.","[디지털비즈온 김맹근 기자] AI 기술은 단순한 보조 도구를 넘어 신약 개발 전 주기를 혁신하는 전략적 파트너로서의 위상을 확립하고 있다. 그간 신약 개발 산업은 ‘고위험 고수익’이라는 구조 아래, 막대한 시간과 자본을 투입하고도 운에 기대는 확률 게임을 반복한다. 그러나 AI의 등장으로 단순히 연구 보조 도구를 넘어 타겟 발굴부터 임상 시험 설계와 시판 후 감시까지 전 과정에 개입하여 의사결정의 정확도를 향상시키고 있다.방대한 바이오 데이터를 학습하여 신약 개발의 속도와 정확성을 획기적으로 향상된다. AI는 수백만 건의 논문과 실",local,10,암젠,,,0.7257513863362449,,1.0,0.7257513863362449,8.048155822612229,8.0,8.080259704353715,False
2026-04-09,BD,2026-04-09 14:58:00,Naver News,https://www.mediapen.com/news/view/1092269,"[약가인하①]“재정만 보고 칼질”…약가인하, 제약산업 기반 흔든다","정부가 약가 인하 정책을 강행하면서 국내 제약 업계에 큰 영향이 있을 것으로 예상된다. 각 제약사별로 10~50% 정도의 매출 하락이 예상되고 있는데, 전통 제약사들의 경우 더욱&.","정부가 약가 인하 정책을 강행하면서 국내 제약 업계에 큰 영향이 있을 것으로 예상된다. 각 제약사별로 10~50% 정도의 매출 하락이 예상되고 있는데, 전통 제약사들의 경우 더욱&",local,10,특허만료,,,0.8060371356841534,,1.0,0.8060371356841534,7.985355969873444,7.0,8.642259949789073,False
2026-04-09,BD,2026-04-10 06:20:00,Naver News,https://www.dailymedi.com/news/news_view.php?wr_id=935493,당뇨약 SGLT2 억제제서 ‘중증 부작용’ 확인 촉각,"﻿﻿﻿﻿당뇨병 치료제 SGLT2 억제제 계열에서 기존 인식과는 다른 수준의 중증 부작용 사례가 확인되면서 안전성 논의가 재점화되고 있다. 특히 ‘정상 혈당 상태’에서도 발생하는 케톤산증이 장애로 이어진 사례가 공식적으로 인정돼 단순 부작용을 넘어 시장 전반에 영향을 미칠 수 있는 변수로 떠오르는 분위기다.8일 공개된 식품의약품안전처 의약품부작용 심의위원회 회의 결과에 따르면, 메트포르민·다파글리플로진 복합제 및 다파글리플로진 단일제와 관련해 ‘정상 혈당 당뇨성 케톤산증’으로 인한 사지마비 장애 사례가 피해구제로 인정됐다.","﻿﻿﻿﻿당뇨병 치료제 SGLT2 억제제 계열에서 기존 인식과는 다른 수준의 중증 부작용 사례가 확인되면서 안전성 논의가 재점화되고 있다. 특히 ‘정상 혈당 상태’에서도 발생하는 케톤산증이 장애로 이어진 사례가 공식적으로 인정돼 단순 부작용을 넘어 시장 전반에 영향을 미칠 수 있는 변수로 떠오르는 분위기다.8일 공개된 식품의약품안전처 의약품부작용 심의위원회 회의 결과에 따르면, 메트포르민·다파글리플로진 복합제 및 다파글리플로진 단일제와 관련해 ‘정상 혈당 당뇨성 케톤산증’으로 인한 사지마비 장애 사례가 피해구제로 인정됐다. 이는 단순…",local,10,허가,,,0.8046039270461715,,1.0,0.8046039270461715,7.9793364935939195,7.0,8.6322274893232,False
2026-04-09,BD,2026-04-09 09:02:00,Naver News,http://www.edaily.co.kr/news/newspath.asp?newsid=02824086645414480,신약 육성 위해 약가 40% 낮췄는데...인센티브 부족에 반쪽짜리 정책 우려,"정부가 제네릭(복제약) 의약품 약가를 40% 초중반 수준으로 낮추는 약가제도 개편을 추진하면서 제약산업 구조 전환이 본격화되고 있다. 제네릭 과잉 경쟁 완화, 건강보험 재정 안정화와 함께 신약 중심 산업으로 체질을 바꾸겠다는 강력한 의지로 풀이된다. 정부 정책 방향에...","정부가 제네릭(복제약) 의약품 약가를 40% 초중반 수준으로 낮추는 약가제도 개편을 추진하면서 제약산업 구조 전환이 본격화되고 있다. 제네릭 과잉 경쟁 완화, 건강보험 재정 안정화와 함께 신약 중심 산업으로 체질을 바꾸겠다는 강력한 의지로 풀이된다. 정부 정책 방향에...",local,10,특허만료,,,0.8041715265772238,,1.0,0.8041715265772238,7.97752041162434,7.0,8.629200686040566,False
2026-04-09,Client,2026-04-03 10:44:00,Naver News,https://www.yakup.com/news/index.html?mode=view&cat=16&nid=325572,[약업신문]‘아일리아 HD’ 투여간격 최대 5월까지 딜레이,최대 5개월까지..리제네론 파마슈티컬스社는 자사의 황반변성 치료제 ‘아일리아’(애플리버셉트)의 8mg 고용량 제형 ‘아일리아 HD’의 투여간격 연장이 FDA의 허가를 취득했다고 2일 공표했다.이에 따라 ‘아일리아 ...,최대 5개월까지..리제네론 파마슈티컬스社는 자사의 황반변성 치료제 ‘아일리아’(애플리버셉트)의 8mg 고용량 제형 ‘아일리아 HD’의 투여간격 연장이 FDA의 허가를 취득했다고 2일 공표했다.이에 따라 ‘아일리아 ...,local,10,리제네론,,,0.7981124308111819,,1.0,0.7981124308111819,7.952072209406964,7.0,8.586787015678272,False
2026-04-09,BD,2026-04-09 09:44:00,Naver News,http://www.press9.kr/news/articleView.html?idxno=74807,"[Generic Trend]거세지는 '듀오다트' 도전, 단순 제네릭 승산 있나","GSK의 전립선비대증 복합제 '듀오다트(성분명 두타스테리드·탐스로신)'의 제네릭 개발에 도전하는 제약사가 계속해서 늘어나는 모습이다. 하지만 단순 제네릭으로는 경쟁력 확보에 한계가 있을 것으로 예상되며, 이에 따라 이를 극복할 수 있는 전략이 필요할 것으로 전망된다.식품의약품안전처에 따르면 신풍제약은 지난 8일 듀오다트 제네릭 개발을 위한 생물학적동등성시험 두 건을 승인 받았다.이미 에이프로젠제약과 유유제약, 유나이티드제약, 큐엘파마 등 다수의 제약사가 제네릭 개발에 나섰는데, 여기에 신풍제약까지 합류한 것이다.문제는.","[프레스나인] GSK의 전립선비대증 복합제 '듀오다트(성분명 두타스테리드·탐스로신)'의 제네릭 개발에 도전하는 제약사가 계속해서 늘어나는 모습이다. 하지만 단순 제네릭으로는 경쟁력 확보에 한계가 있을 것으로 예상되며, 이에 따라 이를 극복할 수 있는 전략이 필요할 것으로 전망된다.식품의약품안전처에 따르면 신풍제약은 지난 8일 듀오다트 제네릭 개발을 위한 생물학적동등성시험 두 건을 승인 받았다.이미 에이프로젠제약과 유유제약, 유나이티드제약, 큐엘파마 등 다수의 제약사가 제네릭 개발에 나섰는데, 여기에 신풍제약까지 합류한 것이다.문제는",local,10,GSK,,,0.789591115129574,,1.0,0.789591115129574,7.91628268354421,7.0,8.527137805907017,False
2026-04-09,Client,2026-04-08 12:00:00,Naver News,https://www.medipana.com/news/articleView.html?idxno=409411,"건일제약, 외형 조정 속 순이익 방어…상품 확대·현금흐름 흑자 - 메디파나뉴스","건일제약이 지난해 외형 조정 국면에서도 순이익 흑자와 영업현금흐름 플러스를 유지했다. 제품매출은 줄었지만 상품매출이 늘었고, 이익.","[메디파나뉴스 = 최인환 기자] 건일제약이 지난해 외형 조정 국면에서도 순이익 흑자와 영업현금흐름 플러스를 유지했다. 제품매출은 줄었지만 상품매출이 늘었고, 이익",local,10,바이엘,,,0.7849007987070687,,1.0,0.7849007987070687,7.896583354569689,7.0,8.49430559094948,False
2026-04-09,BD,2026-04-08 17:28:00,Naver News,https://www.sedaily.com/article/20030026?ref=naver,‘버물리’ 현대약품 전산망 먹통에…병원·약국 혼란,벌레 물림 치료제 ‘버물리’ 제조사인 현대약품(004310)의 내부 전산망이 일주일째 마비되면서 일선 병원과 약국이 큰 혼란을 빚고 있다. 현재까지 복구 일정에 대한 회사의 공식 입장이 없는 상황에서 사태가 장기화될 경우 제약사 영업대행업체(CSO)의 정산 지연 가능성.,벌레 물림 치료제 ‘버물리’ 제조사인 현대약품(004310)의 내부 전산망이 일주일째 마비되면서 일선 병원과 약국이 큰 혼란을 빚고 있다. 현재까지 복구 일정에 대한 회사의 공식 입장이 없는 상황에서 사태가 장기화될 경우 제약사 영업대행업체(CSO)의 정산 지연 가능성,local,10,CSO,,,0.7778382563312465,,1.0,0.7778382563312465,7.866920676591235,7.0,8.444867794318725,False
2026-04-09,BD,2026-04-09 14:54:00,Naver News,http://www.hansbiz.co.kr/news/articleView.html?idxno=831777,'포시가' 제네릭 美 첫 승인…국내보다 늦어진 이유는,글로벌 아스트라제네카의 핵심 블록버스터 의약품인 SGLT-2 억제제 ‘포시가(성분명 다파글리플로진)’의 미국 내 독점권이 막을 내렸다. 9일 미국 식품의약국(FDA)에 따르면 제2형 당뇨병 성인의 혈당 조절 개선 및 심혈관 질환 환자의 심부전 입원 위험을 낮추기 위한 용도로 포시가의 첫 번째 제네릭 정제 승인을 발표했다. 이번 승인 대상에는 인도의 알렘빅 파마(Alembic Pharmaceuticals)를 포함한 복수의 제약사가 포함됐으며 이들은 5mg과 10mg 두 가지 용량에 대해 최종 허가를.,| 서울=한스경제 허승아 기자 | 글로벌 아스트라제네카의 핵심 블록버스터 의약품인 SGLT-2 억제제 ‘포시가(성분명 다파글리플로진)’의 미국 내 독점권이 막을 내렸다. 9일 미국 식품의약국(FDA)에 따르면 제2형 당뇨병 성인의 혈당 조절 개선 및 심혈관 질환 환자의 심부전 입원 위험을 낮추기 위한 용도로 포시가의 첫 번째 제네릭 정제 승인을 발표했다. 이번 승인 대상에는 인도의 알렘빅 파마(Alembic Pharmaceuticals)를 포함한 복수의 제약사가 포함됐으며 이들은 5mg과 10mg 두 가지 용량에 대해 최종 허가를,local,10,아스트라제네카,,,0.7771235629354843,,1.0,0.7771235629354843,7.863918964329034,7.0,8.43986494054839,False
2026-04-09,Client,2026-04-08 06:02:00,Naver News,https://new.dailypharm.com/user/news/337277?REFERER=NP,"[데일리팜]고혈압약 네비보롤, SU 병용 시 '중증 저혈당 위험' 추가","고혈압치료제 네비보롤 제제 허가사항에 베타차단제는 설포닐우레아(SU)와 병용투여시 중증 저혈당증 위험을 더 높일 수 있다는 문구가 추가된다. 이는 EMA 안전성 정보에 따라 식약처가 허가사항 변경을 추진하는 것이다. 베타차단제와 SU와 병용 시 증상 은폐에 따른 저혈당 우려는 많이 알려져 있지만, 이번 조치를 통해 위험성을 더 부각시켜 모니터링을 강화하기 위한 것으로 풀이된….","고혈압치료제 네비보롤 제제 허가사항에 베타차단제는 설포닐우레아(SU)와 병용투여시 중증 저혈당증 위험을 더 높일 수 있다는 문구가 추가된다. 이는 EMA 안전성 정보에 따라 식약처가 허가사항 변경을 추진하는 것이다. 베타차단제와 SU와 병용 시 증상 은폐에 따른 저혈당 우려는 많이 알려져 있지만, 이번 조치를 통해 위험성을 더 부각시켜 모니터링을 강화하기 위한 것으로 풀이된…",local,10,메나리니,,,0.7765805451407267,,1.0,0.7765805451407267,7.861638289591053,7.0,8.436063815985086,False
2026-04-09,BD,2026-04-08 15:01:00,Naver News,https://zdnet.co.kr/view/?no=20260408125205,美 바이오시밀러 무관세에 업계 ‘우선 다행’…단기적 수출 영향 제한적,"미국의 의약품 관세 부과가 당장 국내에 큰 영향을 미치지는 않을 것이라는 전망이다. 우리나라의 미국 수출 주력인 바이오시밀러에 대해서는 무관세로 결정됐고, 의약품에 대한 15% 관세도 경쟁국에 비해 불리하지 않다는 것이다. 다만, 바이오시밀러에 대한 무관세가 기간 한정이라는 점에서...","미국의 의약품 관세 부과가 당장 국내에 큰 영향을 미치지는 않을 것이라는 전망이다. 우리나라의 미국 수출 주력인 바이오시밀러에 대해서는 무관세로 결정됐고, 의약품에 대한 15% 관세도 경쟁국에 비해 불리하지 않다는 것이다. 다만, 바이오시밀러에 대한 무관세가 기간 한정이라는 점에서...",local,10,MSD,,,0.7714819904651178,,1.0,0.7714819904651178,7.8402243599534955,7.0,8.400373933255825,False
2026-04-09,BD,2026-04-08 14:18:00,Naver News,http://www.bizwnews.com/news/articleView.html?idxno=132895,"제약·바이오, 'R&D 수장' 교체 속속…글로벌 경쟁력 강화 포석",국내 제약·바이오 기업들이 새로운 R&D(연구개발) 인재 확보를 통한 조직 재편에 나섰다. 신약 개발 경쟁이 치열해지고 해외 시장 진출이 중요해지면서 경험과 전문성을 갖춘 R&D 리더 확보의 필요성이 한층 커진 것으로 풀이된다.8일 업계에 따르면 최근 다수 제약·바이오 기업들이 잇따라 R&D 책임자를 교체하거나 연구개발 조직을 정비하며 체질 강화에 나섰다.일동제약은 이달 1일 신임 R&D 본부장으로 박재홍 사장을 선임했다.박 사장은 연세대학교에서 생명공학 학·석사를 마치고 미국 보스턴대학교 의과대학에서 박사 학위를 취득.,[비즈월드] 국내 제약·바이오 기업들이 새로운 R&D(연구개발) 인재 확보를 통한 조직 재편에 나섰다. 신약 개발 경쟁이 치열해지고 해외 시장 진출이 중요해지면서 경험과 전문성을 갖춘 R&D 리더 확보의 필요성이 한층 커진 것으로 풀이된다.8일 업계에 따르면 최근 다수 제약·바이오 기업들이 잇따라 R&D 책임자를 교체하거나 연구개발 조직을 정비하며 체질 강화에 나섰다.일동제약은 이달 1일 신임 R&D 본부장으로 박재홍 사장을 선임했다.박 사장은 연세대학교에서 생명공학 학·석사를 마치고 미국 보스턴대학교 의과대학에서 박사 학위를 취득,local,10,CSO,,,0.7676330375053225,,1.0,0.7676330375053225,7.824058757522353,7.0,8.373431262537256,False
2026-04-09,Client,2026-04-07 16:10:00,Naver News,http://www.medisobizanews.com/news/articleView.html?idxno=136913,"고혈압치료제 '네비보롤', 상호작용 등 허가사항 신설","고혈압치료제 '네비보롤'제제에 대한 상호작용 등 허가사항이 변경된다. 식약처는 유럽 의약품청(EMA)에서 '네비보롤' 함유 제제에 대한 안전성 정보 검토 결과를 토대로 허가사항 변경안을 마련, 오는 21일까지 의견조회를 실시한다. 변경내용은 상호작용에서 베타차단제와 설포닐우레아와 병용투여시 중증 저혈당 발생 위험을 높일 수 있다는 내용이 신설됐다. 또한 일반적 주의에 베타차단제의 경우 설포닐우레아와 병용투여시 중증 저혈당 위험을 더 높일 수 있으며 당뇨병 환자에게 혈당 수치를 주의깊게 모니터링하도록 당부해야 한다는 내용도 추가됐다.","고혈압치료제 '네비보롤'제제에 대한 상호작용 등 허가사항이 변경된다. 식약처는 유럽 의약품청(EMA)에서 '네비보롤' 함유 제제에 대한 안전성 정보 검토 결과를 토대로 허가사항 변경안을 마련, 오는 21일까지 의견조회를 실시한다. 변경내용은 상호작용에서 베타차단제와 설포닐우레아와 병용투여시 중증 저혈당 발생 위험을 높일 수 있다는 내용이 신설됐다. 또한 일반적 주의에 베타차단제의 경우 설포닐우레아와 병용투여시 중증 저혈당 위험을 더 높일 수 있으며 당뇨병 환자에게 혈당 수치를 주의깊게 모니터링하도록 당부해야 한다는 내용도 추가됐다.",local,10,메나리니,,,0.7631060845507308,,1.0,0.7631060845507308,7.80504555511307,7.0,8.341742591855116,False
2026-04-09,Client,2026-04-09 06:00:00,Naver News,https://www.bosa.co.kr/news/articleView.html?idxno=3002698,다국적제약사 1000원어치 팔아 '44원' 남겼다 - 의학신문,다국적제약사들이 작년 1000원어치 팔아 44원 남긴 것으로 나타났다.일간보사·의학신문이 한국노바티스 등 33곳 다국적제약사가 금.,[의학신문·일간보사=김상일 기자]다국적제약사들이 작년 1000원어치 팔아 44원 남긴 것으로 나타났다.일간보사·의학신문이 한국노바티스 등 33곳 다국적제약사가 금,local,10,한독,,,0.7585193527230997,,1.0,0.7585193527230997,7.785781281437018,7.0,8.309635469061696,False
2026-04-09,Client,2026-04-09 11:58:00,Naver News,http://www.medical-tribune.co.kr/news/articleView.html?idxno=213556,황반변성치료제 '비오뷰' 한국인 대상 시판후 조사 내달 발표,"황반변성 주사제 비오뷰(성분 브롤루시주맙)의 시판후 조사 결과가 내달 발표될 예정이다.한국산텐제약(대표이사 김진희)은 9일 항-VEGF 주사제 비오뷰의 한국인 환자 3,200명 대상 시판후조사 결과를 내달 미국시각 및 안과회(ARVO)에서 발표한다고 밝혔다.이번 조사는 습성 연령관련.","황반변성 주사제 비오뷰(성분 브롤루시주맙)의 시판후 조사 결과가 내달 발표될 예정이다.한국산텐제약(대표이사 김진희)은 9일 항-VEGF 주사제 비오뷰의 한국인 환자 3,200명 대상 시판후조사 결과를 내달 미국시각 및 안과회(ARVO)에서 발표한다고 밝혔다.이번 조사는 습성 연령관련",local,10,노바티스,,,0.7572709105569704,,1.0,0.7572709105569704,7.780537824339275,7.0,8.300896373898793,False
2026-04-09,Client,2026-04-07 05:54:00,Naver News,http://www.medisobizanews.com/news/articleView.html?idxno=136833,"백혈병 치료제 ‘반플리타’, 유도→유지까지 ‘1질환 1약제’ 첫 사용",FLT3-ITD 변이 양성 급성골수성백혈병(AML) 환자에서 유도ㆍ공고요법부터 유지요법까지 한 약제로 이어지는 '연속 치료' 전략이 국내에서 처음으로 가능해졌다.한국다이이찌산쿄의 표적치료제 '반플리타(퀴자티닙)'가 식품의약품안전처 품목허가를 받으면서 예후가 가장 불량한 고위험군의 치료 옵션이 확대됐다. 장기 치료가 가능해진 만큼 QT 간격 연장 가능성 등 약물 특성에 따른 안전성 관리 또한 새로운 진료 포인트로 떠오르고 있다.반플리타는 새로 진단된 FLT3-ITD 변이 양성 AML 환자에서 유도ㆍ공고요법 병용 후 최대 3년까지 유지.,FLT3-ITD 변이 양성 급성골수성백혈병(AML) 환자에서 유도ㆍ공고요법부터 유지요법까지 한 약제로 이어지는 '연속 치료' 전략이 국내에서 처음으로 가능해졌다.한국다이이찌산쿄의 표적치료제 '반플리타(퀴자티닙)'가 식품의약품안전처 품목허가를 받으면서 예후가 가장 불량한 고위험군의 치료 옵션이 확대됐다. 장기 치료가 가능해진 만큼 QT 간격 연장 가능성 등 약물 특성에 따른 안전성 관리 또한 새로운 진료 포인트로 떠오르고 있다.반플리타는 새로 진단된 FLT3-ITD 변이 양성 AML 환자에서 유도ㆍ공고요법 병용 후 최대 3년까지 유지,local,10,다이이찌산쿄,,,0.7562662057097145,,1.0,0.7562662057097145,7.776318063980799,7.0,8.293863439968,False
2026-04-09,BD,2026-04-10 06:20:00,Naver News,https://www.hitnews.co.kr/news/articleView.html?idxno=75302,"혁신형 제약, 평균 65점 이상이면 통과…공급망 기여 항목 신설","정부가 혁신형 제약기업 인증제도 개편을 추진하면서 연구개발(R&D) 기준 상향, 평가체계를 재정비하고 공급망 안정화 기여 항목 등을 신설했다. 약가개편에 따른 정책 가산과 관련이 있는 만큼 이번 혁신형제약기업 신청 회사가 많을 것으로 전망된다. 9일 관련 업계에 따르면 보건복지부는 업계 대상으로 혁신형 제약기업 인증제도 개편 방향을 안내했다. 지난달 26일 입법·행정 예고한 '혁신형 제약기업 인증 등에 관한 규정' 개정안에 대한 부연설명 자리로 풀이된다.","정부가 혁신형 제약기업 인증제도 개편을 추진하면서 연구개발(R&D) 기준 상향, 평가체계를 재정비하고 공급망 안정화 기여 항목 등을 신설했다. 약가개편에 따른 정책 가산과 관련이 있는 만큼 이번 혁신형제약기업 신청 회사가 많을 것으로 전망된다. 9일 관련 업계에 따르면 보건복지부는 업계 대상으로 혁신형 제약기업 인증제도 개편 방향을 안내했다. 지난달 26일 입법·행정 예고한 '혁신형 제약기업 인증 등에 관한 규정' 개정안에 대한 부연설명 자리로 풀이된다. 실제 복지부는 '혁신형 제약기업 인증 등에 관한 규정' 개정안을 통해 연구개발",local,10,제휴,,,0.7508908016405711,,1.0,0.7508908016405711,7.753741366890399,7.0,8.256235611483998,False
2026-04-09,BD,2026-04-10 06:00:00,Naver News,https://www.pharmnews.com/news/articleView.html?idxno=302749,삼천당제약 '2300억대 증여세 재원' 마련 시나리오는? - 팜뉴스,최근 삼천당제약이 대규모 증여세 납부와 지배구조 수성을 앞두고 전례 없는 재무적 변곡점에 섰다는 평가가 나온다. 업계 전반에서 적용 가능한 일반적인 재무 전략을.,최근 삼천당제약이 대규모 증여세 납부와 지배구조 수성을 앞두고 전례 없는 재무적 변곡점에 섰다는 평가가 나온다. 업계 전반에서 적용 가능한 일반적인 재무 전략을,local,10,제휴,,,0.749927693410211,,1.0,0.749927693410211,7.749696312322886,7.0,8.249493853871478,False
2026-04-09,BD,2026-04-10 06:00:00,Naver News,https://www.bosa.co.kr/news/articleView.html?idxno=3002829,상장제약사 2025년 메가 블록버스터 제품은? - 의학신문,"지난해 대웅제약 ‘나보타’, HK이노엔 ‘케이캡’, JW중외제약 ‘리바로 패밀리’ 등 14개 품목이 매출 1000억원 이상을 벌.","[의학신문·일간보사=김정일 기자] 지난해 대웅제약 ‘나보타’, HK이노엔 ‘케이캡’, JW중외제약 ‘리바로 패밀리’ 등 14개 품목이 매출 1000억원 이상을 벌",local,10,백신,,,0.748834381654734,,1.0,0.748834381654734,7.745104402949883,7.0,8.241840671583137,False
2026-04-09,Client,2026-04-08 06:00:00,Naver News,https://www.bosa.co.kr/news/articleView.html?idxno=3002629,다국적제약사 매출·영업이익·순이익 모두 상승했다 - 의학신문,"작년 의정갈등으로 수익성이 악화된 다국적제약사들이 매출, 영업이익, 당기순이익 모두 상승하는 등 1년만에 반등했다.","[의학신문·일간보사=김상일 기자]작년 의정갈등으로 수익성이 악화된 다국적제약사들이 매출, 영업이익, 당기순이익 모두 상승하는 등 1년만에 반등했다. 그 반등의 중",local,10,BMS,,,0.7466177968789489,,1.0,0.7466177968789489,7.735794746891585,7.0,8.226324578152642,False
2026-04-09,Client,2026-04-08 11:46:00,Naver News,https://www.thepublic.kr/news/articleView.html?idxno=300353,"보령, 우주 사업 속도전…제약사 ‘우주 경쟁’ 본격화",최근 우주 산업이 각광받으면서 이를 배경으로 한 ‘우주 의약 산업’에도 관심이 쏠리고 있다. 국내 제약·바이오 기업들은 우주를 새로운 성장 영역으로 보고 사업 포트폴리오 확장에 나서는 모습이다. 특히 보령은 우주 관련 사업 확대에 속도를 내고 있다.8일  보도.,[더퍼블릭=유수진 기자] 최근 우주 산업이 각광받으면서 이를 배경으로 한 ‘우주 의약 산업’에도 관심이 쏠리고 있다. 국내 제약·바이오 기업들은 우주를 새로운 성장 영역으로 보고 사업 포트폴리오 확장에 나서는 모습이다. 특히 보령은 우주 관련 사업 확대에 속도를 내고 있다.8일  보도,local,10,머크,,,0.7450488685326675,,1.0,0.7450488685326675,7.7292052478372035,7.0,8.215342079728671,False
2026-04-09,Client,2026-04-09 15:56:00,Naver News,https://www.dt.co.kr/article/12056589?ref=naver,"국산 첫 CAR-T 탄생 임박…큐로셀 ""‘림카토’ 상반기 허가 획득·건보적용 목표""","혈액암 말기 환자를 위한 국산 첫 키메라 항원수용체 T세포(CAR-T) 치료제가 상용화될 준비를 마치고 신약 등재를 기다리고 있다. CAR-T 치료제는 단 한 번의 투여로 완치율이 높지만, 면역 세포를 추출해 암세포를 인지하는 수용체를 삽입해야 하는 복잡한 과정이 필요.","혈액암 말기 환자를 위한 국산 첫 키메라 항원수용체 T세포(CAR-T) 치료제가 상용화될 준비를 마치고 신약 등재를 기다리고 있다. CAR-T 치료제는 단 한 번의 투여로 완치율이 높지만, 면역 세포를 추출해 암세포를 인지하는 수용체를 삽입해야 하는 복잡한 과정이 필요",local,10,노바티스,,,0.7434563719177072,,1.0,0.7434563719177072,7.72251676205437,7.0,8.20419460342395,False
2026-04-09,BD,2026-04-08 17:36:00,Naver News,https://www.bosa.co.kr/news/articleView.html?idxno=3002724,"한국천식알레르기협회·학회, '세계 천식의 날’ 기념 천식 극복 수기 공모전 - 의학신문",한국천식알레르기협회·대한천식알레르기학회는 '세계 천식의 날'(매년 5월 첫째 주 화요일)을 기념하여 천식 환자·가족을 대상으로.,[의학신문·일간보사=이상만 기자] 한국천식알레르기협회·대한천식알레르기학회는 '세계 천식의 날'(매년 5월 첫째 주 화요일)을 기념하여 천식 환자·가족을 대상으로,local,10,생물학적제제,,,0.7413832471296607,,1.0,0.7413832471296607,7.713809637944575,7.0,8.189682729907624,False
2026-04-09,BD,2026-04-10 06:02:00,Naver News,https://www.dailypharm.com/user/news/337363?REFERER=NP,"[데일리팜]""가려움-긁기 악순환 차단…듀피젠트, 결절성양진 해법 부상""",피가 날 때까지 긁어도 멈출 수 없는 극심한 가려움으로 환자 삶을 무너뜨리는 결절성 양진(prurigo nodularis) 치료 환경에 변화 조짐이 나타나고 있다. 질환의 근본 기전을 표적하는 생물학적제제 듀피젠트(두필루맙)가 등장하면서 기존 대증 치료 중심 접근에서 벗어나 치료 전략 재정립 필요성이 제기된다. 한태영 노원을지대병원 피부과 교수는 최근 데일리팜과 만난 자리에서 '결절….,피가 날 때까지 긁어도 멈출 수 없는 극심한 가려움으로 환자 삶을 무너뜨리는 결절성 양진(prurigo nodularis) 치료 환경에 변화 조짐이 나타나고 있다. 질환의 근본 기전을 표적하는 생물학적제제 듀피젠트(두필루맙)가 등장하면서 기존 대증 치료 중심 접근에서 벗어나 치료 전략 재정립 필요성이 제기된다. 한태영 노원을지대병원 피부과 교수는 최근 데일리팜과 만난 자리에서 '결절…,local,10,생물학적제제,,,0.7387410350130426,,1.0,0.7387410350130426,7.702712347054778,7.0,8.171187245091296,False
2026-04-09,BD,2026-04-08 09:54:00,Naver News,https://www.ajunews.com/view/20260408094336465,"[로펌라운지] 세종, 약가 압박과 CSO 리스크 시대...제약바이오 CP 전략 긴급 점검 세미나 개최 | 아주경제","법무법인(유) 세종(오종한 대표변호사)은 오는 17일과 24일 두 차례에 걸쳐 세종 그랑서울 24층 세미나실에서 ‘약가 압박과 CSO 리스크 시대, 제...","법무법인(유) 세종(오종한 대표변호사)은 오는 17일과 24일 두 차례에 걸쳐 세종 그랑서울 24층 세미나실에서 ‘약가 압박과 CSO 리스크 시대, 제...",local,10,판촉영업자,,,0.7371167717646842,,1.0,0.7371167717646842,7.695890441411674,7.0,8.15981740235279,False
2026-04-09,Client,2026-04-09 08:46:00,Naver News,https://dealsite.co.kr/articles/159788,[ETF 매치업] 전쟁 중 반등한 中바이오…삼성액티브 > 미래에셋 - 딜사이트,국내에서 중국 바이오 섹터에 투자할 수 있는 상품은 삼성액티브자산운용의 KoAct와 미래에셋자산운용의 TIGER 2종이 유일하다. 두 상품의 성과를 비교한 결과 최근 상장된 삼성액티브자산운용 상품이 근소한 우위를 점하고 있는 것으로 나타났다. 삼성액티브자산운용의 KoAct는 3개월 수익률에서 미래에셋 TIGER를 0.68%포인트 앞섰다. 특히 투자자가 실제로 부담하는 합성 총보수(TER)에서도 KoAct(0.58%)가 TIGER(0.61%)보다 낮아 비용 효율성 측면에서도 우위를 보였다.,"국내에서 중국 바이오 섹터에 투자할 수 있는 상품은 삼성액티브자산운용의 KoAct와 미래에셋자산운용의 TIGER 2종이 유일하다. 두 상품의 성과를 비교한 결과 최근 상장된 삼성액티브자산운용 상품이 근소한 우위를 점하고 있는 것으로 나타났다.
삼성액티브자산운용의 KoAct는 3개월 수익률에서 미래에셋 TIGER를 0.68%포인트 앞섰다. 특히 투자자가 실제로 부담하는 합성 총보수(TER)에서도 KoAct(0.58%)가 TIGER(0.61%)보다 낮아 비용 효율성 측면에서도 우위를 보였다. 두 상품의 성과 차이는 운용 방식과 그에 따른 종목 구성에서 기인한 것으로 분석된다. 기초지수를 그대로 추종하는 패시브 전략의 TIGER와 다르게 KoAct는 운용역의 판단이 개입되는 액티브 전략을 사용한다.
실제 포트폴리오 구성에서도 차이를 보였다. 우선 중국 바이오 섹터의 핵심 종목군(이노벤트, 베이진 등)은 공통적으로 수익을 견인했다. 다만 패시브 상품인 TIGER가 지수 내 비중이 높은 우시앱텍의 리스크에 노출된 사이, 액티브 전략을 구사한 KoAct가 한서제약 등 리스크가 적은 종목으로 비중을 쏠리게 한 것이 근소한 격차를 만들어낸 것으로 분석된다. 업계 관계자는 ""중국 바이오 시장은 정책 변수와 지정학적 리스크가 큰 만큼 지수를 단순 추종하기보다 리스크 종목을 걸러내는 액티브 전략이 유효하게 작용하고 있다""고 말했다.
윤종학 기자 jhyoon@dealsite.co.kr
ⓒ새로운 눈으로 시장을 바라봅니다. 딜사이트 무단전재 배포금지",local,10,베이진,,,0.731422503902177,,1.0,0.731422503902177,7.6719745163891435,7.0,8.11995752731524,False
2026-04-09,Client,2026-04-09 13:26:00,Naver News,https://www.biotimes.co.kr/news/articleView.html?idxno=30967,"돋보기 대신 ‘점안제 한 방울’… 노안 치료제, 시장 판 바꾼다 - 바이오타임즈","노안을 약물로 치료하는 시대가 열리고 있다. 전 세계 수십억 명이 겪는 대표적 노화 질환이 ‘교정’이 아닌 ‘치료’의 영역으로 이동하면서, 안과.","[바이오타임즈] 노안을 약물로 치료하는 시대가 열리고 있다. 전 세계 수십억 명이 겪는 대표적 노화 질환이 ‘교정’이 아닌 ‘치료’의 영역으로 이동하면서, 안과",local,10,애브비,,,0.7296872561553953,,1.0,0.7296872561553953,7.66468647585266,7.0,8.107810793087767,False
2026-04-09,Client,2026-04-07 06:02:00,Naver News,https://www.yakup.com/news/index.html?mode=view&cat=12&nid=325649,[약업신문][2026 기대 신약 TOP 10] ③ 다발성 골수종 치료제 ‘아니토셀’,"AI를 활용해 만든 아니토셀 제품 상상 이미지. 실제 제품 이미지와는 상관없는 이미지.차세대 B세포 성숙 항원(B-cell Maturation Antigen, BCMA) 표적 CAR-T 치료제로 개발 중인 아니토셀(anitocabtagene autole...","AI를 활용해 만든 아니토셀 제품 상상 이미지. 실제 제품 이미지와는 상관없는 이미지.차세대 B세포 성숙 항원(B-cell Maturation Antigen, BCMA) 표적 CAR-T 치료제로 개발 중인 아니토셀(anitocabtagene autole...",local,10,얀센,,,0.7246033330945607,,1.0,0.7246033330945607,7.643333998997154,7.0,8.072223331661924,False
2026-04-09,BD,2026-04-09 07:01:00,Naver News,https://www.newsis.com/view/NISX20260408_0003583327,"바이오시밀러 허가기간 단축…제약업계 ""사업기회 확장""","식품의약품안전처가 최근 바이오시밀러(동등생물의약품)와 관련해 신속허가를 위한 제도 개선에 나선 가운데, 국내 제약바이오 업계는 사업 기회가 늘어난다는 점에서 환영하는 분위기다. 다만, 현장에서 제도가 적용되는지 봐야 한다는 의견도 나온다.9일 관련업계에 따르면 식약처는 바이오시밀러에 대한 신속 심사 근거 마련과 바이오의약품의 ..","[서울=뉴시스]이소헌 기자 = 식품의약품안전처가 최근 바이오시밀러(동등생물의약품)와 관련해 신속허가를 위한 제도 개선에 나선 가운데, 국내 제약바이오 업계는 사업 기회가 늘어난다는 점에서 환영하는 분위기다. 다만, 현장에서 제도가 적용되는지 봐야 한다는 의견도 나온다.9일 관련업계에 따르면 식약처는 바이오시밀러에 대한 신속 심사 근거 마련과 바이오의약품의 ..",local,10,생물학적제제,,,0.7207845931807015,,1.0,0.7207845931807015,7.627295291358946,7.0,8.04549215226491,False
2026-04-09,Client,2026-04-07 18:09:00,Naver News,https://kormedi.com/?p=2805236,"ADC 약점 보완 나선 K-바이오, 그들의 비밀병기는? - 코메디닷컴","에이비엘바이오와 리가켐바이오 등이 한차원 진화한 항체약물접합체(ADC) 개발에 적극 뛰어들고 있다. 사진=각 사, 제미나이 항암제 개발 트렌드를 이끄는 모달리티(치료 접근법)로 자리 잡은 항체약물접합체(ADC)의 성능을 개선하려는 시도가 본격화하고 있다.","에이비엘바이오와 리가켐바이오 등이 한차원 진화한 항체약물접합체(ADC) 개발에 적극 뛰어들고 있다. 사진=각 사, 제미나이 항암제 개발 트렌드를 이끄는 모달리티(치료 접근법)로 자리 잡은 항체약물접합체(ADC)의 성능을 개선하려는 시도가 본격화하고 있다. 국내 대표 주자인",local,10,다이이찌산쿄,,,0.7199990648404501,,1.0,0.7199990648404501,7.62399607232989,7.0,8.039993453883149,False
2026-04-09,Client,2026-04-08 16:52:00,Naver News,https://www.medipana.com/news/articleView.html?idxno=409465,"보산진, 17일까지 '바이오 코리아 2026' 사전 등록 진행 - 메디파나뉴스",한국보건산업진흥원은 바이오헬스 산업 국제 컨벤션 '바이오 코리아 2026' 참가 사전 등록을 오는 17일까지 진행한다고 8일 밝혔다.바이오 코리아 2026은 한국.,한국보건산업진흥원은 바이오헬스 산업 국제 컨벤션 '바이오 코리아 2026' 참가 사전 등록을 오는 17일까지 진행한다고 8일 밝혔다.바이오 코리아 2026은 한국,local,10,MSD,,,0.7184201584244725,,1.0,0.7184201584244725,7.617364665382784,7.0,8.028941108971306,False
2026-04-09,BD,2026-04-10 06:00:00,Naver News,https://www.pharmnews.com/news/articleView.html?idxno=302746,"""제주서 고용·투자 상생""...한국BMI, 바이오 선두주자 '우뚝' - 팜뉴스",제주 이전 16년. 2010년 처음 제주에 뿌리를 내린 한국비엠아이(BMI KOREA)가 강소기업으로 성장한 이후 대규모 자본 재투자에 나.,[팜뉴스=김민건 기자] 제주 이전 16년. 2010년 처음 제주에 뿌리를 내린 한국비엠아이(BMI KOREA)가 강소기업으로 성장한 이후 대규모 자본 재투자에 나,local,10,백신,,,0.7129823283769919,,1.0,0.7129823283769919,7.594525779183366,7.0,7.990876298638943,False
2026-04-09,BD,2026-04-10 06:16:00,Naver News,https://www.ebn.co.kr/news/articleView.html?idxno=1704898,"'K바이오 투톱' 삼성바이오·셀트리온, 1분기 역대급 실적 - 이비엔(EBN)뉴스센터",글로벌 불확실성 속에서도 삼성바이오로직스와 셀트리온이 올해 1분기 '역대급 실적'을 예고하며 질주하고 있다. 단순 실적 방어를 넘어 미국 현지 생산 거점을 확보해.,글로벌 불확실성 속에서도 삼성바이오로직스와 셀트리온이 올해 1분기 '역대급 실적'을 예고하며 질주하고 있다. 단순 실적 방어를 넘어 미국 현지 생산 거점을 확보해,local,10,합병,,,0.7106512933847628,,1.0,0.7106512933847628,7.584735432216004,7.0,7.97455905369334,False
2026-04-09,Client,2026-04-09 13:11:00,Naver News,https://view.asiae.co.kr/article/2026040908260634037,독성 줄인 ADC·기간 단축 AI 신약…글로벌 항암 트렌드 한눈에,세계 3대 암학회 중 하나인 미국암연구학회(AACR)에서 국내외 제약·바이오 기업들이 항체-약물접합체(ADC)의 독성 극복과 인공지능(AI) 기반 신규 타깃 발굴 등 .,세계 3대 암학회 중 하나인 미국암연구학회(AACR)에서 국내외 제약·바이오 기업들이 항체-약물접합체(ADC)의 독성 극복과 인공지능(AI) 기반 신규 타깃 발굴 등 .,local,10,아스트라제네카,,,0.7084709148850625,,1.0,0.7084709148850625,7.575577842517262,7.0,7.959296404195437,False
2026-04-09,BD,2026-04-07 18:32:00,Naver News,https://www.ajunews.com/view/20260402153820007,"[글로벌 바이오 패권전쟁] 美 독주, 中 맹추격… 아시아 성장 속 K-바이오 공격 투자 | 아주경제",글로벌 시장에서 상장 바이오 기업 수와 바이오 특허 출원 건수가 꾸준히 증가하는 가운데 미국이 15년째 선두를 달리고 있다. 다만 향후 중국을 중심으로 한 아시아...,글로벌 시장에서 상장 바이오 기업 수와 바이오 특허 출원 건수가 꾸준히 증가하는 가운데 미국이 15년째 선두를 달리고 있다. 다만 향후 중국을 중심으로 한 아시아...,local,10,BMS,,,0.7083862036413162,,1.0,0.7083862036413162,7.575222055293528,7.0,7.9587034254892135,False
2026-04-09,Client,2026-04-07 11:40:00,Naver News,http://www.bizwnews.com/news/articleView.html?idxno=132713,"[제약·바이오 이모저모] 켄뷰코리아, 한독, 휴젤, 유한양행, 광동제약 등","◆켄뷰코리아, 타이레놀 파우더 신규 캠페인 ‘타이레놀런’ 공개켄뷰코리아판매 유한회사(이하 켄뷰, 대표 백준혁)는 진통제 타이레놀이 참여형 러닝 프로그램 ‘타이레놀런(타이레놀RUN)’을 공개했다고 7일 밝혔다.켄뷰에 따르면 이는 지난 3월부터 전개 중인 ‘타이레놀산’의 특장점을 알리는 캠페인의 일환으로 T자형으로 구성된 광화문 궁궐 일대 코스와 반포대교 인근 한강 코스를 중심으로 운영된다.해당 코스는 약 한 달 동안 카카오맵을 통해 확인할 수 있다는 소개다. 이 밖에도 타이레놀은 러닝 애플리케이션 ‘런데이’와 협업해 ‘타.","[비즈월드] ◆켄뷰코리아, 타이레놀 파우더 신규 캠페인 ‘타이레놀런’ 공개켄뷰코리아판매 유한회사(이하 켄뷰, 대표 백준혁)는 진통제 타이레놀이 참여형 러닝 프로그램 ‘타이레놀런(타이레놀RUN)’을 공개했다고 7일 밝혔다.켄뷰에 따르면 이는 지난 3월부터 전개 중인 ‘타이레놀산’의 특장점을 알리는 캠페인의 일환으로 T자형으로 구성된 광화문 궁궐 일대 코스와 반포대교 인근 한강 코스를 중심으로 운영된다.해당 코스는 약 한 달 동안 카카오맵을 통해 확인할 수 있다는 소개다. 이 밖에도 타이레놀은 러닝 애플리케이션 ‘런데이’와 협업해 ‘타",local,10,켄뷰,,,0.7045114462406056,,1.0,0.7045114462406056,7.558948074210543,7.0,7.931580123684238,False
2026-04-09,BD,2026-04-10 06:06:00,Naver News,https://www.monews.co.kr/news/articleView.html?idxno=410584,"""파브리병, '치료 가능한 질환'…조기 진단이 삶을 바꾼다"" - 메디칼업저버","메디칼업저버는 올해부터 질환 인식 개선, 환자 중심 치료 환경 구축을 위해 '질환의 날(달)'에 해당하는 환자 인터뷰를 진행한다.","[메디칼업저버 문윤희 기자] 메디칼업저버는 올해부터 질환 인식 개선, 환자 중심 치료 환경 구축을 위해 '질환의 날(달)'에 해당하는 환자 인터뷰를 진행한다. 환",local,10,합병,,,0.7043482572827362,,1.0,0.7043482572827362,7.558262680587491,7.0,7.930437800979153,False
2026-04-09,BD,2026-04-09 19:49:00,Naver News,https://sjbnews.com/news/news.php?number=875956,"장수군보건의료원, 고병원성 AI 대응 예방교육","장수군보건의료원은 최근 산서면의 한 육용오리 농장에서 H5형 고병원성 조류인플루엔자(AI) 항원이 검출됨에 따라 지난 1일부터 8일까지 인근 마을회관에서 지역 주민을 대상으로 ‘조류인플루엔자 예방 및 대응 교육’을 실시했다. 이번 교육은 가금농장 종사자와 지역 주민의 인체 감염을 사전에 차단하고, 바이러스의 농장 내외 유입을 방지하기 위해 마련됐다. 교육은 하천변 및 철새 도래지 방문 자제, 가금농가 방문 자제, 계절 인플루엔자 백신 접종, 손씻기 등 개인위생 수칙 준수, 폐사한 가금류 및 야생조류 사체 발견 시 접촉 금지 등으로 구성됐다.","장수군보건의료원은 최근 산서면의 한 육용오리 농장에서 H5형 고병원성 조류인플루엔자(AI) 항원이 검출됨에 따라 지난 1일부터 8일까지 인근 마을회관에서 지역 주민을 대상으로 ‘조류인플루엔자 예방 및 대응 교육’을 실시했다.
이번 교육은 가금농장 종사자와 지역 주민의 인체 감염을 사전에 차단하고, 바이러스의 농장 내외 유입을 방지하기 위해 마련됐다.
교육은 하천변 및 철새 도래지 방문 자제, 가금농가 방문 자제, 계절 인플루엔자 백신 접종, 손씻기 등 개인위생 수칙 준수, 폐사한 가금류 및 야생조류 사체 발견 시 접촉 금지 등으로 구성됐다.
아울러 장수군은 이상 증상 발생 시 감염병 대응팀(☎063-350-2661) 또는 질병관리청(☎1339) 문의를 당부하며 경로당·마을회관 내 예방 포스터 부착 등 다양한 홍보 활동을 병행했다.
특히 조류인플루엔자 인체감염 예방을 위해 계절 독감 예방접종을 적극 권장하고 있다.
노승무 원장은 “고병원성 AI 발생으로 군민의 우려가 있을 수 있으나 장수군보건의료원을 중심으로 인체감염 예방 대응체계를 철저히 가동하고 있다”며 “군민의 건강 보호를 최우선으로 감염병 대응에 만전을 기하고 있다”고 밝혔다.
/장수=유기종 기자",local,10,백신,,,0.7003300042339385,,1.0,0.7003300042339385,7.541386017782543,7.0,7.90231002963757,False
2026-04-09,Client,2026-04-08 11:52:00,Naver News,http://www.whosaeng.com/169610,≪후생신보≫ “바이오 코리아 2026” 사전등록 D-10…글로벌 바이오헬스 기업 한자리에,대한민국 대표 바이오헬스 산업 국제 컨벤션 ‘바이오 코리아 2026’이 개막을 앞두고 사전등록 마감이 임박했다. 바이오 코리아 2026은 한.,【후생신보】 대한민국 대표 바이오헬스 산업 국제 컨벤션 ‘바이오 코리아 2026’이 개막을 앞두고 사전등록 마감이 임박했다. 바이오 코리아 2026은 한,local,10,암젠,,,0.6975745871997893,,1.0,0.6975745871997893,7.529813266239115,7.0,7.8830221103985245,False
2026-04-09,BD,2026-04-09 17:25:00,Naver News,https://kormedi.com/?p=2805902,"다발성경화증약이 신장약으로... 큐라클, ‘약물 재창출’ 성공할까 - 코메디닷컴","사진=큐라클, 제미나이 ‘약물 재창출’ 기법이 과연 마법을 발휘할 것인가. 신약 개발 전문 기업 큐라클이 기존에 사용하던 치료제에서 새로운 치료 효과를 찾아내는 방식으로 개발 중인 신장병 신약에 대한 관심이 높아지고 있다. 큐라클은 최근 해당 후보 물질인 ‘CU01’에 대한.","사진=큐라클, 제미나이 ‘약물 재창출’ 기법이 과연 마법을 발휘할 것인가. 신약 개발 전문 기업 큐라클이 기존에 사용하던 치료제에서 새로운 치료 효과를 찾아내는 방식으로 개발 중인 신장병 신약에 대한 관심이 높아지고 있다. 큐라클은 최근 해당 후보 물질인 ‘CU01’에 대한",local,10,제네릭,,,0.6963059494754295,,1.0,0.6963059494754295,7.524484987796804,7.0,7.874141646328006,False
2026-04-09,BD,2026-04-09 22:38:00,Naver News,https://www.getnews.co.kr/news/articleView.html?idxno=867414,"[제약소식]GC녹십자, 미국 라레도 혈장센터 FDA 승인 획득 外 JW중외제약·코오롱생명과학",GC녹십자의 미국 자회사 ABO플라즈마가 텍사스주 라레도 혈장센터에 대한 FDA 허가를 당초 예상보다 3개월 이상 앞당겨 획득했다고 9일 밝혔다.,GC녹십자의 미국 자회사 ABO플라즈마가 텍사스주 라레도 혈장센터에 대한 FDA 허가를 당초 예상보다 3개월 이상 앞당겨 획득했다고 9일 밝혔다. 이로써 ABO플,local,10,라이선스,,,0.692933604859885,,1.0,0.692933604859885,7.510321140411516,7.0,7.850535234019194,False
2026-04-09,Client,2026-04-09 10:02:00,Naver News,https://www.dailypharm.com/user/news/337344?REFERER=NP,[데일리팜]현대약품 전산 먹통 일주일…출고 차질에 처방 이탈 조짐,현대약품이 내부 전산 시스템 장애로 출고 차질을 겪고 있는 것으로 확인됐다. 장애 발생 이후 일주일 가까이 정상 복구가 이뤄지지 않으면서 영업 현장과 거래처 대응에 혼선이 이어지는 분위기다. 제약 업계에 따르면 현대약품은 지난 2일 전산 시스템 장애가 발생한 이후 주문·출고 업무가 일주일이 지난 시점까지 정상적으로 작동하지 않는 상황이 이어지고 있다. 현재 일부 물량은….,현대약품이 내부 전산 시스템 장애로 출고 차질을 겪고 있는 것으로 확인됐다. 장애 발생 이후 일주일 가까이 정상 복구가 이뤄지지 않으면서 영업 현장과 거래처 대응에 혼선이 이어지는 분위기다. 제약 업계에 따르면 현대약품은 지난 2일 전산 시스템 장애가 발생한 이후 주문·출고 업무가 일주일이 지난 시점까지 정상적으로 작동하지 않는 상황이 이어지고 있다. 현재 일부 물량은…,local,10,현대약품,,,0.6866088480198732,,1.0,0.6866088480198732,7.483757161683467,7.0,7.806261936139112,False
2026-04-09,Client,2026-04-09 18:02:00,Naver News,http://www.hemophilia.co.kr/news/articleView.html?idxno=41641,"음악으로 하나 되는 혈우병 커뮤니티, ‘Beats Music Program’ 개최 - 헤모필리아라이프","미국에서 혈우병 환자와 가족들이 음악을 통해 서로를 연결하고, 정서적 지지를 나누는 특별한 행사가 열린다. 혈우병 B 환자 단체인 The Coalition for.","미국에서 혈우병 환자와 가족들이 음악을 통해 서로를 연결하고, 정서적 지지를 나누는 특별한 행사가 열린다. 혈우병 B 환자 단체인 The Coalition for",local,10,사노피,,,0.6785001945757746,,1.0,0.6785001945757746,7.449700817218254,7.0,7.749501362030422,False
2026-04-09,BD,2026-04-09 20:57:00,Naver News,https://www.ksmnews.co.kr/news/view.php?idx=599643,"경북도, 벤처육성 선순환 결실, ㈜에이엔폴리 공장 준공","경북도는 9일 경북 바이오·백신산업 특화단지 포항지구에서 열린 (주)에이엔폴리 본사 및 공장 준공식에 양금희 경제부지사를 비롯해 포항시, 유관기관 및 기업 관계자 등 100여 명이 참석했다. ㈜에이엔폴리는 경북도가 추진하는 ‘벤처기업 생애주기 맞춤형 지원’으로 성공한....","경북도는 9일 경북 바이오·백신산업 특화단지 포항지구에서 열린 (주)에이엔폴리 본사 및 공장 준공식에 양금희 경제부지사를 비롯해 포항시, 유관기관 및 기업 관계자 등 100여 명이 참석했다. ㈜에이엔폴리는 경북도가 추진하는 ‘벤처기업 생애주기 맞춤형 지원’으로 성공한....",local,10,백신,,,0.6676364331873541,,1.0,0.6676364331873541,7.404073019386887,7.0,7.6734550323114785,False
2026-04-09,Product Approval,2026-04-10 06:02:00,Naver News,https://www.apsk.co.kr/news/articleView.html?idxno=539106,유방암 신약 '티루캡' 급여 첫 관문 암질심 오른다…2차 치료 10년 공백 깨지나 - 메디팜스투데이,국내 유방암 치료 현장에서 표준 요법인 'CDK4/6 억제제' 실패 이후 사용할 수 있는 2차 치료 옵션이 10년 넘게 부재한 실정이다. 이러한 가운데 최초의 한.,국내 유방암 치료 현장에서 표준 요법인 'CDK4/6 억제제' 실패 이후 사용할 수 있는 2차 치료 옵션이 10년 넘게 부재한 실정이다. 이러한 가운데 최초의 한,local,2,신약,,,0.5240209732331608,,0.2,0.5240209732331608,6.560888087579275,10.0,4.268146812632125,True
2026-04-09,Product Approval,2026-04-10 06:00:00,Naver News,https://www.bosa.co.kr/news/articleView.html?idxno=3002820,"파킨슨병 학회, 신약 ‘바이알레브’ 도입 촉구...“허가·장비 문제에 치료 막혀” - 의학신문","대한파킨슨병 및 이상운동질환 학회(회장 조진환)가 파킨슨병 치료제 접근성 개선과 국가 차원의 정책 강화 필요성을 제기하며, 애브.","[의학신문·일간보사=이재원 기자] 대한파킨슨병 및 이상운동질환 학회(회장 조진환)가 파킨슨병 치료제 접근성 개선과 국가 차원의 정책 강화 필요성을 제기하며, 애브",local,2,출시,,,0.46299214374894904,,0.2,0.46299214374894904,6.304567003745586,10.0,3.8409450062426433,False
2026-04-09,Client,2026-04-08 06:01:00,Naver News,https://biz.chosun.com/science-chosun/bio/2026/04/08/MGCBAYOFFVHLZO4IH6GRDWD25M/?utm_source=naver&utm_medium=original&utm_campaign=biz,"천억 적자에도 2천억 R&D 베팅…리가켐바이오, 파이프라인 재정비 속도","천억 적자에도 2천억 R&D 베팅리가켐바이오, 파이프라인 재정비 속도 기술 반환·신규 도입 병행정리·확보 속도전 재편   지난해 영업손실 1064억원에도 2000억대 R&D 투자 지속   기술이전 12건·누적 9.6조 계약올해 추가 마일스톤 유입 기대.","천억 적자에도 2천억 R&D 베팅리가켐바이오, 파이프라인 재정비 속도 기술 반환·신규 도입 병행정리·확보 속도전 재편   지난해 영업손실 1064억원에도 2000억대 R&D 투자 지속   기술이전 12건·누적 9.6조 계약올해 추가 마일스톤 유입 기대",local,10,얀센,,,0.7344942664486055,,1.0,0.7344942664486055,6.084875919084142,3.0,8.141459865140238,False
2026-04-09,Reimbursement,2026-04-10 05:02:00,Naver News,https://www.hani.co.kr/arti/society/women/1253563.html,"임신중지 제도 공백, 의료 현장서도 한계 뚜렷…“건강보험 적용·안전한 약물 도입 서둘러야”",‘강원도 원주에 보호자 없이 혼자 (임신중지 시술) 가능한 곳 아시는 분 있나요?’ ‘임신중지 시술 후 소량의 피가 계속 나오는데 언제쯤 멈출까요? 병원 가 봐야 하는 걸까요?’ 9일 임신중지 정보와 후기 등을 공유하는 한 온라인 커뮤니티에 올라온 질문들이다.,‘강원도 원주에 보호자 없이 혼자 (임신중지 시술) 가능한 곳 아시는 분 있나요?’ ‘임신중지 시술 후 소량의 피가 계속 나오는데 언제쯤 멈출까요? 병원 가 봐야 하는 걸까요?’ 9일 임신중지 정보와 후기 등을 공유하는 한 온라인 커뮤니티에 올라온 질문들이다. 헌법재판,local,2,급여,,,0.49302309527514726,,0.2,0.49302309527514726,6.030697000155618,9.0,4.05116166692603,False
2026-04-09,Supply Issues,2026-04-10 06:02:00,Naver News,https://www.dailypharm.com/user/news/337369?REFERER=NP,[데일리팜]제약업계 온라인몰 유통 재편 가속…약국가 역차별 논란,제약사들의 약국 전용 온라인몰 확대 움직임이 가속화되면서 약국가의 불만이 다시 고개를 들고 있다. 단순한 유통 채널 다변화를 넘어 기존 오프라인 거래처에 대한 가격·제품 공급 정책 변화까지 맞물리며 형평성 논란으로 번지는 양상이다. 최근 지역 약국가에 따르면 일부 제약사들이 온라인몰 거래를 중심으로 유통 구조를 재편하면서 기존 직거래 약국들의 불편이 커지고 있다.,제약사들의 약국 전용 온라인몰 확대 움직임이 가속화되면서 약국가의 불만이 다시 고개를 들고 있다. 단순한 유통 채널 다변화를 넘어 기존 오프라인 거래처에 대한 가격·제품 공급 정책 변화까지 맞물리며 형평성 논란으로 번지는 양상이다. 최근 지역 약국가에 따르면 일부 제약사들이 온라인몰 거래를 중심으로 유통 구조를 재편하면서 기존 직거래 약국들의 불편이 커지고 있다. 일…,local,2,품절,,,0.563655611458015,,0.2,0.563655611458015,5.927353568123664,8.0,4.545589280206105,False
2026-04-09,Product Approval,2026-04-09 18:20:00,Naver News,http://www.thefirstmedia.net/news/articleView.html?idxno=197591,"동국제약, 기미 케어 솔루션 ‘멜라셋 3종’ 올리브영 론칭","동국제약(대표 송준호)이 봄철 기미 관리를 위한 단계별 맞춤 솔루션 ‘멜라셋 3종’을 출시하고, 올리브영 센트럴 명동 타운점과 온라인몰에서 선보인다고 9일 밝혔다.회사 측에 따르면 신제품은 ▲멜라셋 기미 토닝 크리미 에센스 ▲멜라셋 기미 토닝 크림 ▲멜라셋 기미 토닝 스팟 패치 등 3종으로 구성돼, 옅은 기미부터 장기간 누적된 짙은 기미까지 단계별 케어가 가능하다.각 제품은 TECA와 미백 성분으로 구성된 ‘듀얼 멜라퀴논(Dual Mela Quinone)’과 트라넥사믹애씨드, 글루타티온을.","동국제약(대표 송준호)이 봄철 기미 관리를 위한 단계별 맞춤 솔루션 &lsquo;멜라셋 3종&rsquo;을 출시하고, 올리브영 센트럴 명동 타운점과 온라인몰에서 선보인다고 9일 밝혔다.회사 측에 따르면 신제품은 ▲멜라셋 기미 토닝 크리미 에센스 ▲멜라셋 기미 토닝 크림 ▲멜라셋 기미 토닝 스팟 패치 등 3종으로 구성돼, 옅은 기미부터 장기간 누적된 짙은 기미까지 단계별 케어가 가능하다.각 제품은 TECA와 미백 성분으로 구성된 &lsquo;듀얼 멜라퀴논(Dual Mela Quinone)&rsquo;과 트라넥사믹애씨드, 글루타티온을",local,2,신제품,,,0.3721497577849564,,0.2,0.3721497577849564,5.923028982696817,10.0,3.205048304494695,False
2026-04-09,Product Approval,2026-04-09 17:50:00,Naver News,https://mdtoday.co.kr/news/view/1065602288965934,"파마폰티스, 한방 풍 마사지 겔 ‘딥진’ 출시",약국 OTC 의약품 전문 유통기업인 파마폰티스가 자사의 기술력과 노하우를 집약한 신제품 ‘DEEP GIN(딥진)’을 최근 출시했다고 9일 밝혔다.파마폰티스에 따르면 딥진은 양방 및 한방 성분을 결합한 한방 풍 마사지 겔로 근육과 관절의 ...,[mdtoday = 최민석 기자] 약국 OTC 의약품 전문 유통기업인 파마폰티스가 자사의 기술력과 노하우를 집약한 신제품 ‘DEEP GIN(딥진)’을 최근 출시했다고 9일 밝혔다.파마폰티스에 따르면 딥진은 양방 및 한방 성분을 결합한 한방 풍 마사지 겔로 근육과 관절의 ...,local,2,신제품,,,0.3012051445240182,,0.2,0.3012051445240182,5.625061607000877,10.0,2.708436011668127,False
2026-04-09,Client,2026-04-09 14:15:00,Naver News,https://www.hankyung.com/article/202603293167i,"오름테라퓨틱 “세계 최초 신규 항체 DAC 연내 임상, 혈액암 한계 정조준”","오름테라퓨틱 “세계 최초 신규 항체 DAC 연내 임상, 혈액암 한계 정조준”, 항체의 세포 유입 효율·지속 데이터 차별화 기존 치료제 대비 1000배 낮은 농도서 효능 ORM-1023 소세포폐암 등 적응증 4개 확정 항체 및 링커 비공개 전략…DAC 선두 초격차.","오름테라퓨틱 “세계 최초 신규 항체 DAC 연내 임상, 혈액암 한계 정조준”, 항체의 세포 유입 효율&middot;지속 데이터 차별화 기존 치료제 대비 1000배 낮은 농도서 효능 ORM-1023 소세포폐암 등 적응증 4개 확정 항체 및 링커 비공개 전략&hellip;DAC 선두 초격차",local,10,화이자,,,0.7658140979296932,,1.0,0.7658140979296932,5.416419211304712,1.0,8.360698685507852,False
2026-04-09,Product Approval,2026-04-10 06:16:00,Naver News,https://www.kpanews.co.kr/news/articleView.html?idxno=532688,장기처방 여전·투약병 재사용 요구까지…복지부 지침 '공회전' - 약사공론,중동발 지정학적 리스크로 나프타 등 원자재 수급에 차질이 생기면서 일선 약국의 필수 소모품인 시럽병과 조제용 약포지 수급에 빨간불이 켜졌다.보건복지부는 긴급 공문.,중동발 지정학적 리스크로 나프타 등 원자재 수급에 차질이 생기면서 일선 약국의 필수 소모품인 시럽병과 조제용 약포지 수급에 빨간불이 켜졌다.보건복지부는 긴급 공문,local,2,제형,,,0.5265172120162447,,0.2,0.5265172120162447,5.371372290468228,7.0,4.285620484113712,False
2026-04-09,Supply Issues,2026-04-09 19:36:00,Naver News,https://www.incheonilbo.com/news/articleView.html?idxno=1320589,약통·주사기 품귀…인천 의료 현장 '나프타 쇼크',중동 전쟁 여파로 석유화학 원자재 공급망이 흔들리면서 인천에도 의료 소모품 수급난이 현실화하고 있다.플라스틱 기반의 물약통·약포지부터 주사기까지 전반적인 생산이 줄면서 약국과 의료품 유통업체의 부담이 커지고 있다.9일 부평구에서 만난 약사 이모씨(39)는 최근 거래처에서 약통 주문이.,중동 전쟁 여파로 석유화학 원자재 공급망이 흔들리면서 인천에도 의료 소모품 수급난이 현실화하고 있다.플라스틱 기반의 물약통·약포지부터 주사기까지 전반적인 생산이 줄면서 약국과 의료품 유통업체의 부담이 커지고 있다.9일 부평구에서 만난 약사 이모씨(39)는 최근 거래처에서 약통 주문이,local,2,품귀,,,0.4188419945445155,,0.2,0.4188419945445155,5.319136377086965,8.0,3.5318939618116083,False
2026-04-09,Client,2026-04-09 13:44:00,Naver News,https://www.yakup.com/news/index.html?mode=view&cat=16&nid=325809,"[약업신문]멀미 치료제, GLP-1 제제 의한 구토 예방 임상",경구용 뉴로키닌-1(NK-1) 수용체 길항제의 일종인 ‘네레우스’(Nereus: 트래디피탄트)는 지난해 12월 40여년 만에 처음으로 FDA의 허가를 취득한 새로운 멀미 치료제여서 주목받은 바 있다.멀미로 인한 구토 증상...,경구용 뉴로키닌-1(NK-1) 수용체 길항제의 일종인 ‘네레우스’(Nereus: 트래디피탄트)는 지난해 12월 40여년 만에 처음으로 FDA의 허가를 취득한 새로운 멀미 치료제여서 주목받은 바 있다.멀미로 인한 구토 증상...,local,10,마운자로,,,0.726262163683965,,1.0,0.726262163683965,5.2503010874726534,1.0,8.083835145787756,False
2026-04-09,Product Approval,2026-04-10 06:02:00,Naver News,https://www.yakup.com/news/index.html?mode=view&cat=12&nid=325830,"[약업신문]제일약품, 상품 비중 줄이고 내실 잡았다… 신약 자큐보 효과로 수익성 대폭 개선","제일약품이 자사 신약 중심의 매출 구조로 빠르게 재편하며 질적 성장을 입증하고 있다. 2025년 3분기 실적 분석 결과, 타사 제품을 도입해 판매하는 '상품 매출' 비중이 50% 밑으로 떨어지고 고마진의 자사 '제...","제일약품이 자사 신약 중심의 매출 구조로 빠르게 재편하며 질적 성장을 입증하고 있다. 2025년 3분기 실적 분석 결과, 타사 제품을 도입해 판매하는 '상품 매출' 비중이 50% 밑으로 떨어지고 고마진의 자사 '제...",local,2,신약,,,0.18488633793943388,,0.2,0.18488633793943388,5.136522619345622,10.0,1.8942043655760372,False
2026-04-09,BD,2026-04-09 08:30:00,Naver News,https://www.kpanews.co.kr/news/articleView.html?idxno=532612,포스트 블록버스터 쟁탈전…글로벌 제약사 '인수' 경쟁 격화 - 약사공론,글로벌 제약 시장에서 빅파마들의 M&A가 속도를 내고 있다. 주력 제품의 특허 만료라는 공통된 위기감 속에 단순한 파이프라인 확충을 넘어 차세대 치료 플랫폼과 핵.,글로벌 제약 시장에서 빅파마들의 M&A가 속도를 내고 있다. 주력 제품의 특허 만료라는 공통된 위기감 속에 단순한 파이프라인 확충을 넘어 차세대 치료 플랫폼과 핵,local,10,머크,,,0.7904906130498331,,1.0,0.7904906130498331,5.120060574809299,0.0,8.533434291348833,False
2026-04-09,Product Approval,2026-04-10 06:00:00,Naver News,https://www.fetv.co.kr/news/article.html?no=216364,"[FETV] [이달의 신상품] 농협손보, ‘올원더풀보험’ 출시…치매 원스톱 보장","NH농협손해보험은 NH농협금융지주 시니어 특화 브랜드를 적용한 ‘NH올원더풀 바른치료보험’을 출시했다. 이 상품은 암, 뇌혈관질환, 심장질환 등 중대질병과 치매 치료비, 검사비 등 고령층의 수요가 많은 담보를 중심으로 설계됐다. 특히 치매 관련 정밀 검사비와 치료제 처방비를 함께 지원해 원스톱 보장 체계를 구축했다.","[FETV=장기영 기자] NH농협손해보험은 NH농협금융지주 시니어 특화 브랜드를 적용한 ‘NH올원더풀 바른치료보험’을 출시했다. 이 상품은 암, 뇌혈관질환, 심장질환 등 중대질병과 치매 치료비, 검사비 등 고령층의 수요가 많은 담보를 중심으로 설계됐다. 특히 치매 관련 정밀 검사비와 치료제 처방비를 함께 지원해 원스톱 보장 체계를 구축했다. 최경증치매와 경",local,2,출시,,,0.17691930480884716,,0.2,0.17691930480884716,5.103061080197158,10.0,1.83843513366193,False
2026-04-09,Product Approval,2026-04-10 06:16:00,Naver News,https://www.kpanews.co.kr/news/articleView.html?idxno=532581,"[카드뉴스]  ""이 약 투여 후 최소 5개월은 피임하세요"" - 약사공론","아달리무맙(Adalimumab) 제제는 종양괴사인자 알파(TNF-α)를 표적으로 하는 단일클론항체 의약품으로, 다양한 자가면역질환 치료에 사용된다.","아달리무맙(Adalimumab) 제제는 종양괴사인자 알파(TNF-α)를 표적으로 하는 단일클론항체 의약품으로, 다양한 자가면역질환 치료에 사용된다. 해당 제제의",local,2,용량,,,0.4602539976157591,,0.2,0.4602539976157591,5.093066789986188,7.0,3.821777983310313,False
2026-04-09,Client,2026-04-09 12:14:00,Naver News,http://www.newsmp.com/news/articleView.html?idxno=252602,"옵디보, 면역관련 부작용으로 치료 중단해도 우수한 결과 제공","Hit-and-Run 면역관련 이상반응으로 치료를 중단해도 오히려 더 좋은 효과를 기대할 수 있다는 연구 결과가 보고됐다.쵝느 면역항암제 투약 중 면역관련 이상반응이 나타나면 예후가 더 좋다는 연구 결과들이 쌓여가고 있는 가운데, 이 연구는 이로 인해 투약을 중단하더라도 더 나은 결과를 얻을 수 있다는 결론이다.최근 Journal of Cinical Mediciine에는 터키의 4개 암센터에서 면역항암제 옵디보(성분명 니볼루맙, BMSㆍ오노)로 치료를 받던 중 면역관련 이상반응으로 인해 치료를 중단한 전이성(4기) 비소.","[의약뉴스] Hit-and-Run 면역관련 이상반응으로 치료를 중단해도 오히려 더 좋은 효과를 기대할 수 있다는 연구 결과가 보고됐다.쵝느 면역항암제 투약 중 면역관련 이상반응이 나타나면 예후가 더 좋다는 연구 결과들이 쌓여가고 있는 가운데, 이 연구는 이로 인해 투약을 중단하더라도 더 나은 결과를 얻을 수 있다는 결론이다.최근 Journal of Cinical Mediciine에는 터키의 4개 암센터에서 면역항암제 옵디보(성분명 니볼루맙, BMSㆍ오노)로 치료를 받던 중 면역관련 이상반응으로 인해 치료를 중단한 전이성(4기) 비소",local,10,BMS,,,0.7746933763797013,,1.0,0.7746933763797013,5.0537121807947445,0.0,8.422853634657908,False
2026-04-09,Reimbursement,2026-04-10 04:10:00,Naver News,https://www.g-enews.com/view.php?ud=20260409221136292bd56fbc3c_1,"트럼프 vs 제약업계, '약가 인하' 전면전 속 거물 로비스트 우블 사임 - 글로벌이코노믹",워싱턴 정가와 미국 제약업계를 상징하는 최고 로비스트가 무대를 떠난다. 미국 워싱턴포스트(WP)는 지난 8일(현지시각) 보도를 통해 미국제약협회(PhRMA)의 스티븐 우블(Stephen Ubl) 회장 겸 최고경영자(CEO)가 사임을 준비 중이라고 전했다. 이번 사퇴는 도널드 트럼프 대통.,워싱턴 정가와 미국 제약업계를 상징하는 최고 로비스트가 무대를 떠난다. 미국 워싱턴포스트(WP)는 지난 8일(현지시각) 보도를 통해 미국제약협회(PhRMA)의 스티븐 우블(Stephen Ubl) 회장 겸 최고경영자(CEO)가 사임을 준비 중이라고 전했다. 이번 사퇴는 도널드 트럼프 대통,local,2,급여,,,0.2590813826386579,,0.2,0.2590813826386579,5.048141807082363,9.0,2.413569678470605,False
2026-04-09,Client,2026-04-07 12:02:00,Naver News,https://www.bosa.co.kr/news/articleView.html?idxno=3002489,생명공·제약 R&D 파이프라인 첫 수축 - 의학신문,생명공학 및 제약사의 연구·개발 파이프라인이 지난 30년만에 처음으로 수축을 보였다고 사이트라인이 보고했다.이에 따르면 업계 가.,[의학신문·일간보사=김자연 기자] 생명공학 및 제약사의 연구·개발 파이프라인이 지난 30년만에 처음으로 수축을 보였다고 사이트라인이 보고했다.이에 따르면 업계 가,local,10,BMS,,,0.7699695193008487,,1.0,0.7699695193008487,5.033871981063564,0.0,8.38978663510594,False
2026-04-09,Client,2026-04-08 06:00:00,Naver News,https://www.apsk.co.kr/news/articleView.html?idxno=539070,"다발골수종 환자 77% 서울행 '상경 투쟁'...""돈 더 내도 좋으니 신약 써달라"" - 메디팜스투데이",지방에 거주하는 다발골수종 환자 10명 중 6명이 전문 의료진 부재로 인해 매주 서울행 기차에 몸을 싣는다. 환자들은 극심한 피로와 체류비 등 경제적 이중고를 견.,지방에 거주하는 다발골수종 환자 10명 중 6명이 전문 의료진 부재로 인해 매주 서울행 기차에 몸을 싣는다. 환자들은 극심한 피로와 체류비 등 경제적 이중고를 견,local,10,BMS,,,0.7697477565183221,,1.0,0.7697477565183221,5.032940577376952,0.0,8.388234295628255,False
2026-04-09,Product Approval,2026-04-10 06:34:00,Naver News,http://www.docdocdoc.co.kr/news/articleView.html?idxno=3038106,포말리스트 2차 급여 기대감…'PFS 20개월'이 증명한 가치,"다발골수종 치료 전략이 '고령 환자의 삶의 질'과 '장기 치료 지속 가능성'이라는 두 축을 중심으로 재편되고 있다. 특히 2차 치료에서 포말리스트(성분명 포말리도마이드) 기반 요법의 역할이 재조명되며 급여 확대 필요성도 함께 제기된다.청년의사는 세브란스병원 혈액내과 김진석 교수를 만나 고령 환자 치료 전략, 2차 치료 선택 기준, 포말리스트의 임상적 가치와 향후 다발골수종의 치료 패러다임 변화에 대해 들었다.-다발골수종 환자가 1만명을 넘어섰다고 하는데, 임상에서 체감하는 환자 연령대 변화와 장기 치료 시 어려운 점은 무엇인가.평균.","다발골수종 치료 전략이 '고령 환자의 삶의 질'과 '장기 치료 지속 가능성'이라는 두 축을 중심으로 재편되고 있다. 특히 2차 치료에서 포말리스트(성분명 포말리도마이드) 기반 요법의 역할이 재조명되며 급여 확대 필요성도 함께 제기된다.청년의사는 세브란스병원 혈액내과 김진석 교수를 만나 고령 환자 치료 전략, 2차 치료 선택 기준, 포말리스트의 임상적 가치와 향후 다발골수종의 치료 패러다임 변화에 대해 들었다.-다발골수종 환자가 1만명을 넘어섰다고 하는데, 임상에서 체감하는 환자 연령대 변화와 장기 치료 시 어려운 점은 무엇인가.평균",local,2,용량,,,0.3397935876367149,,0.2,0.3397935876367149,4.987133068074202,8.0,2.9785551134570043,False
2026-04-09,Client,2026-04-07 05:30:00,Naver News,https://www.medicaltimes.com/Main/News/NewsView.html?ID=1168113&ref=naverpc,"[메디칼타임즈] 바이엘과 샤리떼가 보여준 정밀의료, 위기를 기회로 바꾼다","고령화의 파고 속에 암 환자는 매년 폭증하고 있지만, 이를 판독하고 진단할 숙련된 영상의학 전문의는 오히려 줄어드는 것이 의료 현장이 놓은 엄연한 현실이다. 바이엘은 이 거대한 난제에 대한 해답을 인공지능(AI)에서 찾고, 이를 바탕으로 유럽 최대 규모의 의료기관인 샤리떼(Charité) 병원의 실제 병실에서 실현하고 있었다. 단순히 고해상도 영상을 찍는 시대를 넘어, 바이엘의 차세대 저용량 조영제 기술과 샤리떼의 임상 데이터가 결합해 진단의 정확도를 극대화하고, 올해 4월부터는 정책적으로 AI 폐암 검진 시스템까지 시행되면서 '정밀의료'의 생태계가 의료 현장에 자리 잡은 것이다.전문의 부족 난제, AI와 '저용량'으로 푼다우선 바이엘 영상진단 R&D 수장인 콘스탄체 디펜바흐(Konstanze Diefenbach) 박사는 바이엘 글로벌 미디어데이에서 영상의학계가 직면한 냉혹한 현실을 가감 없이 드러냈다.","[메디칼타임즈=문성호 기자]고령화의 파고 속에 암 환자는 매년 폭증하고 있지만, 이를 판독하고 진단할 숙련된 영상의학 전문의는 오히려 줄어드는 것이 의료 현장이 놓은 엄연한 현실이다. 바이엘은 이 거대한 난제에 대한 해답을 인공지능(AI)에서 찾고, 이를 바탕으로 유럽 최대 규모의 의료기관인 샤리떼(Charité) 병원의 실제 병실에서 실현하고 있었다. 단순히 고해상도 영상을 찍는 시대를 넘어, 바이엘의 차세대 저용량 조영제 기술과 샤리떼의 임상 데이터가 결합해 진단의 정확도를 극대화하고, 올해 4월부터는 정책적으로 AI 폐암 검진 시스템까지 시행되면서 '정밀의료'의 생태계가 의료 현장에 자리 잡은 것이다.전문의 부족 난제, AI와 '저용량'으로 푼다우선 바이엘 영상진단 R&D 수장인 콘스탄체 디펜바흐(Konstanze Diefenbach) 박사는 바이엘 글로벌 미디어데이에서 영상의학계가 직면한 냉혹한 현실을 가감 없이 드러냈다. 현재 전 세계적으로 매년 약 3억 4000만건의 조영 증강 CT 및 MRI 검사가 수행되고 있으며, 특히 2045년까지 전 세계 암 발생 건수가 60%나 증가할 것으로 예측되는 상황에서 숙련된 전문의의 심각한 부족 현상은 의료 시스템의 붕괴를 예고하고 있다. 바이엘 영상진단 R&D 수장인 콘스탄체 디펜바흐(Konstanze Diefenbach) 박사가 의료진 부담을 줄여줄 차세대 진단 시스템을 설명하고 있다.디펜바흐 박사는",local,10,바이엘,,,0.758606417012651,,1.0,0.758606417012651,4.986146951453134,0.0,8.310244919088557,False
2026-04-09,Client,2026-04-09 06:22:00,Naver News,https://www.hitnews.co.kr/news/articleView.html?idxno=75273,CTC로 액체생검 한계 넘는다…씨티셀즈의 승부수,"최근 암 치료의 패러다임이 표적 치료제로 전환되면서, 약물의 효과를 극대화하기 위한 정밀 바이오마커 분석의 중요성이 강조되고 있다. 특히 별도의 조직 생검 절차 없이 혈액 만으로 종양 변이를 확인할 수 있는 '액체 생검(Liquid Biopsy)'은 신약 개발과 임상 현장에서 최적의 치료제를 제공하기 위한 핵심 요소로 작용하고 있다.현재 가장 보편적으로 액체 생검은 혈액 내 떠돌아다니는 암세포의 DNA 조각인 ‘ctDNA’를 분석하는 방법이 사용되고 있다. 비교적 혈액내에 많아 검출이 용이하다는 특징이 있지만, 종양의 실제 기능이나.","최근 암 치료의 패러다임이 표적 치료제로 전환되면서, 약물의 효과를 극대화하기 위한 정밀 바이오마커 분석의 중요성이 강조되고 있다. 특히 별도의 조직 생검 절차 없이 혈액 만으로 종양 변이를 확인할 수 있는 '액체 생검(Liquid Biopsy)'은 신약 개발과 임상 현장에서 최적의 치료제를 제공하기 위한 핵심 요소로 작용하고 있다.현재 가장 보편적으로 액체 생검은 혈액 내 떠돌아다니는 암세포의 DNA 조각인 ‘ctDNA’를 분석하는 방법이 사용되고 있다. 비교적 혈액내에 많아 검출이 용이하다는 특징이 있지만, 종양의 실제 기능이나",local,10,다이이찌산쿄,,,0.7575143782897473,,1.0,0.7575143782897473,4.981560388816939,0.0,8.302600648028232,False
2026-04-09,Client,2026-04-09 17:14:00,Naver News,https://www.womaneconomy.co.kr/news/articleView.html?idxno=252269,'10년 새 환자 2배' 심방세동···종근당 신약 'CKD-510' 주목하는 이유,종근당이 기술수출한 신약 후보물질 'CKD-510'이 심방세동 환자를 대상으로 글로벌 임상 2상에 들어갔다. 고령화로 환자가 빠르게 늘고 있는 질환 영역에서 새로운 기전 치료제가 실제 효과를 입증할 수 있을지 관심이 모인다.9일 제약업계에 따르면 종근당이 개발해 글로벌 제약사 노바티스에 기술수출한 CKD-510(개발명 PKN605)은 현재 다국가 임상 2상 단계에서 평가가 진행되고 있다. 이번 임상은 심방세동 환자 165명을 대상으로 미국·캐나다·중국 등에서 수행되고 있으며 2027년 9월 완료가 예상된다.,종근당이 기술수출한 신약 후보물질 'CKD-510'이 심방세동 환자를 대상으로 글로벌 임상 2상에 들어갔다. 고령화로 환자가 빠르게 늘고 있는 질환 영역에서 새로운 기전 치료제가 실제 효과를 입증할 수 있을지 관심이 모인다.9일 제약업계에 따르면 종근당이 개발해 글로벌 제약사 노바티스에 기술수출한 CKD-510(개발명 PKN605)은 현재 다국가 임상 2상 단계에서 평가가 진행되고 있다. 이번 임상은 심방세동 환자 165명을 대상으로 미국·캐나다·중국 등에서 수행되고 있으며 2027년 9월 완료가 예상된다. 해당 임상은 2025년,local,10,노바티스,,,0.7557365741664165,,1.0,0.7557365741664165,4.974093611498948,0.0,8.290156019164915,False
2026-04-09,Client,2026-04-08 23:46:00,Naver News,https://www.cstimes.com/news/articleView.html?idxno=701329,"자생한방병원, '육공단' 치매 원인 타우 단백질 억제 기전 규명","컨슈머타임스=안우진 기자 | 자생한방병원 척추관절연구소(소장 하인혁)가 한의학의 대표적 보약인 '육공단'의 해마 신경세포 보호 효과와 그 과학적 작용 기전을 규명했다고 밝혔다.이번 연구 결과는 SCI(E)급 국제학술지인 '생물학(Biology, IF=3.5)' 최신호에 게재되며 학계의 주목을 받고 있다.뇌의 기억 저장소인 해마는 알츠하이머 등 신경퇴행성 질환 진행에 결정적인 역할을 하는 기관이다.김현성 박사 연구팀은 쥐의 신경세포를 활용해 치매와 유사한 산화 스트레스 환경을 조성한 뒤, 육공단 투여에 따른 세포 변화를 정밀 분석했다.","컨슈머타임스=안우진 기자 | 자생한방병원 척추관절연구소(소장 하인혁)가 한의학의 대표적 보약인 '육공단'의 해마 신경세포 보호 효과와 그 과학적 작용 기전을 규명했다고 밝혔다.이번 연구 결과는 SCI(E)급 국제학술지인 '생물학(Biology, IF=3.5)' 최신호에 게재되며 학계의 주목을 받고 있다.뇌의 기억 저장소인 해마는 알츠하이머 등 신경퇴행성 질환 진행에 결정적인 역할을 하는 기관이다.김현성 박사 연구팀은 쥐의 신경세포를 활용해 치매와 유사한 산화 스트레스 환경을 조성한 뒤, 육공단 투여에 따른 세포 변화를 정밀 분석했다",local,10,GSK,,,0.7442499494527455,,1.0,0.7442499494527455,4.925849787701531,0.0,8.209749646169218,False
2026-04-09,Supply Issues,2026-04-10 06:10:00,Naver News,https://medicalworldnews.co.kr/news/view.php?idx=1510974017,"보건복지부, 대형병원 의료제품 사재기 금지 요청","정부가 중동전쟁으로 인한 의약품, 의료기기 등 의료제품의 수급불안정을 해소하기 위한 간담회를 연이어 개최했다. ◆보건복지부 ‘의료제품 안정공급 간담회’ 개최보건복지부 이형훈 제2차관은 4월 9일 서울 코엑스에서 대한병원협회와 중동전쟁으로 인한 의약품, 의료기기 등 의료제품의 수급불안정을 해소하기 위한 ‘의료제품 안정공급 간담회’를 개최했다.이번 간담회에는 이형훈 보건복지부 제2차관 및 이성규 대한병원협회장, 김원섭 충북대병원장, 김한수.","정부가 중동전쟁으로 인한 의약품, 의료기기 등 의료제품의 수급불안정을 해소하기 위한 간담회를 연이어 개최했다. ◆보건복지부 ‘의료제품 안정공급 간담회’ 개최보건복지부 이형훈 제2차관은 4월 9일 서울 코엑스에서 대한병원협회와 중동전쟁으로 인한 의약품, 의료기기 등 의료제품의 수급불안정을 해소하기 위한 ‘의료제품 안정공급 간담회’를 개최했다.이번 간담회에는 이형훈 보건복지부 제2차관 및 이성규 대한병원협회장, 김원섭 충북대병원장, 김한수",local,2,품절,,,0.6091961764283705,,0.2,0.6091961764283705,4.918623940999156,5.0,4.864373234998593,False
2026-04-09,Distribution,2026-04-08 15:26:00,Naver News,https://www.asiatime.co.kr/article/20260408500318,"동아쏘시오홀딩스, 자회사 성장에 1분기 실적 기대감 ↑","1분기 매출 3522억·영업익 234억 전망 동아제약, 박카스 유통 채널 확대·신제품 효과 에스티젠바이오, 생산 효율화 통한 마진 개선 [아시아타임즈=정상명 기자] 동아쏘시오홀딩스가 전 사업부의 고른 성장에 힘입어 올해 1분기 시장 기대치를 상회하는 실적을 기록할 전망.","1분기 매출 3522억·영업익 234억 전망 동아제약, 박카스 유통 채널 확대·신제품 효과 에스티젠바이오, 생산 효율화 통한 마진 개선 [아시아타임즈=정상명 기자] 동아쏘시오홀딩스가 전 사업부의 고른 성장에 힘입어 올해 1분기 시장 기대치를 상회하는 실적을 기록할 전망",local,10,용마,,,0.7400309527146934,,1.0,0.7400309527146934,4.9081300014017115,0.0,8.180216669002853,False
2026-04-09,Client,2026-04-04 06:06:00,Naver News,https://www.medipana.com/news/articleView.html?idxno=409260,"""신약개발 플랫폼, 끝 아닌 시작…K-바이오, '제약사'로 도약해야"" - 메디파나뉴스","K-바이오가 플랫폼 기술 확보를 넘어 임상 개발과 기술수출, 로열티, 상업화까지 이어지는 전주기 경쟁력을 갖춰야 한다는 진단이 나.","[메디파나뉴스 = 최인환 기자] K-바이오가 플랫폼 기술 확보를 넘어 임상 개발과 기술수출, 로열티, 상업화까지 이어지는 전주기 경쟁력을 갖춰야 한다는 진단이 나",local,10,리제네론,,,0.7300410234964563,,1.0,0.7300410234964563,4.866172298685116,0.0,8.110287164475194,False
2026-04-09,BD,2026-04-09 15:45:00,Naver News,https://www.catchnews.kr/news/articleView.html?idxno=122567,"이재갑 한림대강남성심병원 교수 “세포배양백신, 바이러스 변이영향 적고 항원일치 높아”",세포배양 백신이 바이러스 변이 영향이 적고 항원 일치도가 높다는 주장이 제기됐다. 이재갑 한림대 강남성심병원 교수는 지난 4일 SK바이오사이언스의 2026 스카이 비전 심포지엄(SKY Vision Symposium)에서 “세포배양 방식은 유정란 기반 백신 대비 바이러스 변이 영향이 적고 항원 일치도가 높다”고 말했다. 연사로 나선 이 교수는 최근 영국 등 글로벌 가이드라인에서 권고되는 배경과 실제 임상 근거(RWE)를 통한 예방 효과를 소개했다.,세포배양 백신이 바이러스 변이 영향이 적고 항원 일치도가 높다는 주장이 제기됐다. 이재갑 한림대 강남성심병원 교수는 지난 4일 SK바이오사이언스의 2026 스카이 비전 심포지엄(SKY Vision Symposium)에서 “세포배양 방식은 유정란 기반 백신 대비 바이러스 변이 영향이 적고 항원 일치도가 높다”고 말했다. 연사로 나선 이 교수는 최근 영국 등 글로벌 가이드라인에서 권고되는 배경과 실제 임상 근거(RWE)를 통한 예방 효과를 소개했다. 9일 SK바이오사이언스에 따르면 회사는 지난 4~5일 인천 송도 오크우드 프리미어 포텔,local,10,사노피,,,0.7296717911493461,,1.0,0.7296717911493461,4.864621522827254,0.0,8.107702538045423,False
2026-04-09,BD,2026-04-09 14:25:00,Naver News,https://www.etnews.com/20260409000323,"아델, 490억 프리 IPO 투자 유치","중추신경계(CNS) 신약 개발 기업 아델이 약 490억원 규모의 상장 전 지분투자(프리 IPO)를 유치했다고 9일 밝혔다. 당초 목표였던 400억원을 상회하며 신약 파이프라인 가치와 미래 성장성을 입증했다. 이번 투자에는 15개 기관이 참여했다. 스톤브릿지벤처스, 유안.","중추신경계(CNS) 신약 개발 기업 아델이 약 490억원 규모의 상장 전 지분투자(프리 IPO)를 유치했다고 9일 밝혔다. 당초 목표였던 400억원을 상회하며 신약 파이프라인 가치와 미래 성장성을 입증했다. 이번 투자에는 15개 기관이 참여했다. 스톤브릿지벤처스, 유안",local,10,사노피,,,0.7294407766983474,,1.0,0.7294407766983474,4.863651262133058,0.0,8.106085436888431,False
2026-04-09,BD,2026-04-08 18:10:00,Naver News,https://www.asiatoday.co.kr/view.php?key=20260408010002580,R&D 효율화 결실 맺는 일동제약…신약개발사 체질개선 속도,신약 개발 전문 자회사를 중심으로 R&D 효율화를 꾀한 일동제약의 전략이 점차 결실을 맺고 있다. 실적 개선과 더불어 비만·항암 신약 등 주요 파이프라인의 임상이 순항하며 신약 개발사로의 체질 개선에 속도를 내고 있다. 다만 주요 파이프라인이 아직 개발 초기 단계에..,신약 개발 전문 자회사를 중심으로 R&D 효율화를 꾀한 일동제약의 전략이 점차 결실을 맺고 있다. 실적 개선과 더불어 비만·항암 신약 등 주요 파이프라인의 임상이 순항하며 신약 개발사로의 체질 개선에 속도를 내고 있다. 다만 주요 파이프라인이 아직 개발 초기 단계에..,local,10,CSO,,,0.7287974242813738,,1.0,0.7287974242813738,4.860949181981769,0.0,8.101581969969615,False
2026-04-09,BD,2026-04-08 21:54:00,Naver News,https://www.thelec.kr/news/articleView.html?idxno=54805,"길리어드, 독일 투불리스 인수해 항암제 신약 개발 - 디일렉(THE ELEC)",미국 제약사 길리어드 사이언스가 항암제 경쟁력을 강화한다. 올해 들어 세 번째 인수합병을 진행하며 신약 파이프라인을 확장한다.길리어드는 독일 바이오테크 기업 투불.,미국 제약사 길리어드 사이언스가 항암제 경쟁력을 강화한다. 올해 들어 세 번째 인수합병을 진행하며 신약 파이프라인을 확장한다.길리어드는 독일 바이오테크 기업 투불,local,10,로슈,,,0.728204628429083,,1.0,0.728204628429083,4.858459439402147,0.0,8.09743239900358,False
2026-04-09,Client,2026-04-08 14:11:00,Naver News,https://www.newsis.com/view/NISX20260408_0003582826,"세계 바이오 파이프라인, 30년만에 감소…""효율성 제고""","글로벌 제약바이오 파이프라인이 30년 만에 감소한 것으로 나타났다. 기업들이 비효율적인 프로젝트는 정리하고, '질적 전환'에 나선 것으로 보인다.8일 글로벌 제약바이오 데이터 분석기업인 사이트라인(Citeline)이 발간한 'PHARMA R&D ANNUAL REVIEW 2026' 보고서에 따르면, 올해 초 집계된 글로벌 파이프..","[서울=뉴시스]황재희 기자 = 글로벌 제약바이오 파이프라인이 30년 만에 감소한 것으로 나타났다. 기업들이 비효율적인 프로젝트는 정리하고, '질적 전환'에 나선 것으로 보인다.8일 글로벌 제약바이오 데이터 분석기업인 사이트라인(Citeline)이 발간한 'PHARMA R&D ANNUAL REVIEW 2026' 보고서에 따르면, 올해 초 집계된 글로벌 파이프..",local,10,로슈,,,0.7280156898799589,,1.0,0.7280156898799589,4.857665897495827,0.0,8.096109829159712,False
2026-04-09,Reimbursement,2026-04-09 20:22:00,Naver News,https://www.medipana.com/news/articleView.html?idxno=409554,"유방재건술, 유방암 이후 일상 회복까지 돕는다 - 메디파나뉴스","유방암 치료 이후 환자의 삶의 질 회복을 위한 유방재건술의 역할이 주목되고 있다.유방암 치료는 생명을 지키는 과정이지만, 치료 이후의 삶 역시 환자에게는 또 다른.","유방암 치료 이후 환자의 삶의 질 회복을 위한 유방재건술의 역할이 주목되고 있다.유방암 치료는 생명을 지키는 과정이지만, 치료 이후의 삶 역시 환자에게는 또 다른",local,2,급여,,,0.21194017838860335,,0.2,0.21194017838860335,4.850148749232134,9.0,2.083581248720223,False
2026-04-09,Client,2026-04-08 13:22:00,Naver News,https://www.biotimes.co.kr/news/articleView.html?idxno=30934,"임상·허가 앞둔 ‘결정의 시간’… 바이오 3사, 성과 시험대에 - 바이오타임즈","바이오 산업이 ‘기대’에서 ‘결과’ 중심으로 빠르게 재편되는 흐름이다. 연구개발(R&D) 투자 확대가 이어지는 가운데, 시장의 시선은 임상 결과와.","[바이오타임즈] 바이오 산업이 ‘기대’에서 ‘결과’ 중심으로 빠르게 재편되는 흐름이다. 연구개발(R&D) 투자 확대가 이어지는 가운데, 시장의 시선은 임상 결과와",local,10,얀센,,,0.7172655941504882,,1.0,0.7172655941504882,4.81251549543205,0.0,8.020859159053417,False
2026-04-09,Client,2026-04-09 10:16:00,Naver News,https://www.asiatime.co.kr/article/20260408500056,"셀트·삼바에피스, 美 시장 질주…K-바이오 '훈풍' 이끈다","셀트리온 트룩시마, 2월기준 美 리툭시맘 처방량 1위 바이오시밀러 매출 비중, 셀트 93%·삼바에피스 96% 식약처 3상 규정 완화에 신속심사·美 관세 15% 미해당 [아시아타임즈=옥한빈 기자] 셀트리온과 삼성바이오에피스가 세계 최대 제약시장인 미국에서 'K-바이오'의.","셀트리온 트룩시마, 2월기준 美 리툭시맘 처방량 1위 바이오시밀러 매출 비중, 셀트 93%·삼바에피스 96% 식약처 3상 규정 완화에 신속심사·美 관세 15% 미해당 [아시아타임즈=옥한빈 기자] 셀트리온과 삼성바이오에피스가 세계 최대 제약시장인 미국에서 'K-바이오'의",local,10,오가논,,,0.715065543550243,,1.0,0.715065543550243,4.80327528291102,0.0,8.0054588048517,False
2026-04-09,Supply Issues,2026-04-09 17:46:00,Naver News,https://www.gokorea.kr/news/articleView.html?idxno=863108,"피에브, 누적 135만 개 판매…약국 채널 입점 가속",탈취 솔루션 브랜드 피에브(Piev)가 헬스케어 유통망인 ‘편한가 약국’ 17개 지점에 입점하며 오프라인 판매 거점을 대폭 늘렸다.피에브는 인위적인 향으로 냄새를 가리는 방식에서 벗어나 악취 분자를 직접 흡착·제거하는 고체 탈취 기술을 선보이고 있다.,[공감신문] 신선미 기자=탈취 솔루션 브랜드 피에브(Piev)가 헬스케어 유통망인 ‘편한가 약국’ 17개 지점에 입점하며 오프라인 판매 거점을 대폭 늘렸다.피에브는 인위적인 향으로 냄새를 가리는 방식에서 벗어나 악취 분자를 직접 흡착·제거하는 고체 탈취 기술을 선보이고 있다. 특히 일,local,2,품절,,,0.286939932655179,,0.2,0.286939932655179,4.765147717151752,8.0,2.6085795285862527,False
2026-04-09,BD,2026-04-09 14:22:00,Naver News,https://www.medipana.com/news/articleView.html?idxno=409526,"화이자 '뉴 에라 프리베나 20 심포지엄', 성인 폐렴구균 예방 전략 공유 - 메디파나뉴스",한국화이자제약(대표이사 사장 오동욱)은 성인 폐렴구균 예방 전략과 프리베나20의 임상적 가치를 공유하기 위해 지난 2일부터 23일까지 전국 주요 도시에서 의료진.,한국화이자제약(대표이사 사장 오동욱)은 성인 폐렴구균 예방 전략과 프리베나20의 임상적 가치를 공유하기 위해 지난 2일부터 23일까지 전국 주요 도시에서 의료진,local,10,화이자,,,0.7053038618406188,,1.0,0.7053038618406188,4.762276219730598,0.0,7.937127032884331,False
2026-04-09,Client,2026-04-09 14:30:00,Naver News,https://www.medipana.com/news/articleView.html?idxno=409529,"아노로 엘립타, LAMA/LABA 신규 투여 환자 대상 효과 확인 - 메디파나뉴스","한국 GSK는 국제 학술지 'Jama Internal Medicine'에 게재된 리얼 월드(Real-World) 비교 연구 결과를 인용하며, LAMA/LABA 복.","한국 GSK는 국제 학술지 'Jama Internal Medicine'에 게재된 리얼 월드(Real-World) 비교 연구 결과를 인용하며, LAMA/LABA 복",local,10,GSK,,,0.705132901267117,,1.0,0.705132901267117,4.761558185321891,0.0,7.9359303088698185,False
2026-04-09,Distribution,2026-04-03 07:42:00,Naver News,https://www.hani.co.kr/arti/hanihealth/pharm/1252470.html,"[제약바이오 소식] DKSH코리아, 대한혈액학회서 중증 재생불량성빈혈(SAA) 최신 임상 결과 공유","DKSH코리아 헬스케어 사업부가 지난달 26~28일 열린 ‘대한혈액학회 국제학술대회’(ICKSH2026)에서 ‘중증 재생불량성빈혈’(SAA)의 1차 치료요법과 관련한 최신 의학 정보를 공유했다. 재생불량성빈혈은 골수 내 조혈모세포 감소로 인해 적혈구와 백혈구, 혈소판.","DKSH코리아 헬스케어 사업부가 지난달 26~28일 열린 ‘대한혈액학회 국제학술대회’(ICKSH2026)에서 ‘중증 재생불량성빈혈’(SAA)의 1차 치료요법과 관련한 최신 의학 정보를 공유했다. 재생불량성빈혈은 골수 내 조혈모세포 감소로 인해 적혈구와 백혈구, 혈소판",local,10,DKSH,,,0.702663460346774,,1.0,0.702663460346774,4.75118653345645,0.0,7.918644222427417,False
2026-04-09,Product Approval,2026-04-10 06:16:00,Naver News,https://www.kpanews.co.kr/news/articleView.html?idxno=532679,"경구 GLP-1 시대의 그림자…""흡수·복약시간 관리 못하면 효과 흔들린다"" - 약사공론","경구 GLP-1 수용체 작용제가 당뇨병·비만 치료의 새로운 축으로 부상하고 있지만, 1차의료 현장에서는 ‘다약제 복용(polypharmacy)’과 ‘복약 시간’이.","경구 GLP-1 수용체 작용제가 당뇨병·비만 치료의 새로운 축으로 부상하고 있지만, 1차의료 현장에서는 ‘다약제 복용(polypharmacy)’과 ‘복약 시간’이",local,2,제형,,,0.3768937902501485,,0.2,0.3768937902501485,4.742953919050624,7.0,3.2382565317510394,False
2026-04-09,Client,2026-04-08 13:52:00,Naver News,https://www.yakup.com/news/index.html?mode=view&cat=16&nid=325723,[약업신문]바이엘 심부전 신약 임상 2상 피험자 충원 매듭,심박출률 감소 심부전(HFrEF) 치료용으로 개발 중인 유전자 치료제의 임상 2상 시험 피험자 충원이 마침내 매듭지어졌다.미국 노스캐롤라이나州 리서치 트라이앵글 파크와 영국 스코틀랜드 에딘버러에 본사를 둔 ...,심박출률 감소 심부전(HFrEF) 치료용으로 개발 중인 유전자 치료제의 임상 2상 시험 피험자 충원이 마침내 매듭지어졌다.미국 노스캐롤라이나州 리서치 트라이앵글 파크와 영국 스코틀랜드 에딘버러에 본사를 둔 ...,local,10,바이엘,,,0.6909203404031967,,1.0,0.6909203404031967,4.7018654296934255,0.0,7.836442382822376,False
2026-04-09,BD,2026-04-09 21:54:00,Naver News,http://www.paxetv.com/news/articleView.html?idxno=269112,"SK바이오사이언스, 감염병 예방 및 영양치료 최신 지견 공유","SK바이오사이언스는 ‘2026 스카이 비전 심포지엄(SKY Vision Symposium)’을 성황리에 마쳤다고 9일 밝혔다. 이번 심포지엄은 전국 내과 개원 의료진을 대상으로 감염병 예방과 영양치료 분야의 최신 지견을 공유하고, 실제 진료 현장에서의 효율적인 적용 방안을 논의하고자 기획됐다.이정용 대한내과의사회 회장과 곽경근 서울시내과의사회 회장이 좌장을 맡은 이번 행사에서는 감염내과 전문의 및 개원의들이 연자로 나서 풍부한 임상 경험과 데이터 중심의 강연을 펼쳤다.첫날 백신 세션에서는 세포배양 독감백신의 유.","SK바이오사이언스는 &lsquo;2026 스카이 비전 심포지엄(SKY Vision Symposium)&rsquo;을 성황리에 마쳤다고 9일 밝혔다. 이번 심포지엄은 전국 내과 개원 의료진을 대상으로 감염병 예방과 영양치료 분야의 최신 지견을 공유하고, 실제 진료 현장에서의 효율적인 적용 방안을 논의하고자 기획됐다.이정용 대한내과의사회 회장과 곽경근 서울시내과의사회 회장이 좌장을 맡은 이번 행사에서는 감염내과 전문의 및 개원의들이 연자로 나서 풍부한 임상 경험과 데이터 중심의 강연을 펼쳤다.첫날 백신 세션에서는 세포배양 독감백신의 유",local,10,백신,,,0.6867848508259964,,1.0,0.6867848508259964,4.684496373469185,0.0,7.8074939557819745,False
2026-04-09,Reimbursement,2026-04-10 05:53:00,Naver News,https://www.sidae.com/article/2026040914241139294,"[순혈주의 타파]야인에서 동지로…삼성맨 김태한, HLB 숙원 FDA승인 방점 - 동행미디어 시대",올해 초 바이오 부문 총괄 회장으로 김태한 전 삼성바이오로직스 대표를 선임한 HLB가 간암 신약 리보세라닙·캄렐리주맙 병용요법의 미국 식품의약국(FDA) 허가에 주력한다. 오는 7월 최종 FDA 승인 결과 발표를 앞두고 김 회장이 어떤 역할을 할지 관심을 모은다.1.,올해 초 바이오 부문 총괄 회장으로 김태한 전 삼성바이오로직스 대표를 선임한 HLB가 간암 신약 리보세라닙·캄렐리주맙 병용요법의 미국 식품의약국(FDA) 허가에 주력한다. 오는 7월 최종 FDA 승인 결과 발표를 앞두고 김 회장이 어떤 역할을 할지 관심을 모은다.1,local,2,급여,,,0.15125577227488662,,0.2,0.15125577227488662,4.595274243554524,9.0,1.6587904059242065,False
2026-04-09,Supply Issues,2026-04-09 18:32:00,Naver News,http://www.joseilbo.com/news/news_read.php?uid=566278&class=33&grp=,“주사기 재고 길어야 한 달”...의협 '대응팀' 가동·정부 사재기 단속 - 조세일보,중동 전쟁 장기화로 석유화학 기초 원료인 나프타 공급에 차질이 빚어지면서 주사기와 수액세트 등 의료 소모품 수급 불안이 확산되고 있다. 대한의사협회(의협)는 9일 서.,중동 전쟁 장기화로 석유화학 기초 원료인 나프타 공급에 차질이 빚어지면서 주사기와 수액세트 등 의료 소모품 수급 불안이 확산되고 있다.  대한의사협회(의협)는 9일 서,local,2,품절,,,0.5240136623086962,,0.2,0.5240136623086962,4.560857381696524,5.0,4.268095636160872,False
2026-04-09,Product Approval,2026-04-10 06:00:00,Naver News,https://www.yakup.com/news/index.html?mode=view&cat=12&nid=325814,[약업신문]독일  멀츠 ‘레디어스’ 데콜테 주름개선 미국 FDA 승인,쇄골미녀들을 위하여..독일의 세계 최대 메디컬 에스테틱스 전문기업 멀츠 에스테틱스(Merz Aesthetics)가 자사의 칼슘 하이드록실아파타이트(CaHA) 성분 피부재생 촉진제 ‘레디어스’(Radiesse)가 FDA로부...,쇄골미녀들을 위하여..독일의 세계 최대 메디컬 에스테틱스 전문기업 멀츠 에스테틱스(Merz Aesthetics)가 자사의 칼슘 하이드록실아파타이트(CaHA) 성분 피부재생 촉진제 ‘레디어스’(Radiesse)가 FDA로부...,local,2,적응증,,,0.3227157743473317,,0.2,0.3227157743473317,4.515406252258793,7.0,2.859010420431322,False
2026-04-09,Supply Issues,2026-04-09 18:40:00,Naver News,http://www.bokuennews.com/news/article.html?no=276528,'의료소모품 대란 현실화… 내과의사회 '국가 전략물자 지정' 촉구',"최근 일회용 주사기와 수액세트 등 필수 의료 소모품의 수급 불안이 이어지는 가운데, 대한내과의사회가 이를 '국가적 위기 상황'으로 규정하고 정부의 즉각적인 대응을 촉구하고 나섰다.","최근 일회용 주사기와 수액세트 등 필수 의료 소모품의 수급 불안이 이어지는 가운데, 대한내과의사회가 이를 &#39;국가적 위기 상황&#39;으로 규정하고 정부의 즉각적인 대응을 촉구하고 나섰다. 단순한 일..",local,2,품귀,,,0.48847119272373235,,0.2,0.48847119272373235,4.411579009439675,5.0,4.019298349066126,False
2026-04-09,Reimbursement,2026-04-09 18:24:00,Naver News,https://www.financialpost.co.kr/news/articleView.html?idxno=254953,"[제약업계 3·4세 승계] 대원제약, ‘오너 3세’ 사촌 경영 구도…실적 개선 돌파구 시급","사촌형제 간 ‘오너 3세’ 경영에 들어선 대원제약에 올해 실적 개선과 리스크 축소가 당면 과제로 대두되고 있다. 핵심 품목의 약가가 인하되거나 성장이 둔화되며 수익성이 낮아진 데다 적자행진이 지속되고 있는 자회사에 상장폐지 경고등까지 켜졌기 때문이다.9일 업계에 따르면, 대법원은 대원.","사촌형제 간 ‘오너 3세’ 경영에 들어선 대원제약에 올해 실적 개선과 리스크 축소가 당면 과제로 대두되고 있다. 핵심 품목의 약가가 인하되거나 성장이 둔화되며 수익성이 낮아진 데다 적자행진이 지속되고 있는 자회사에 상장폐지 경고등까지 켜졌기 때문이다.9일 업계에 따르면, 대법원은 대원",local,2,약가,,,0.3067854560393045,,0.2,0.3067854560393045,4.048498915365079,6.0,2.7474981922751316,False
2026-04-09,Product Approval,2026-04-10 06:02:00,Naver News,https://www.dailypharm.com/user/news/337366?REFERER=NP,"[데일리팜]다산제약, 매출 1100억·현금 3배…IPO 체력·신뢰 입증","다산제약이 외형 성장과 현금 축적, 자본 확충을 동시에 이어가며 IPO(기업공개) 경쟁력을 입증했다. ESG 인증까지 확보하며 신뢰 기반도 쌓았다. 다만 수익성 개선은 필요한 과제로 남았다. 2025년 연결 기준 매출은 1101억원으로 전년 938억원 대비 증가했다. 매출 첫 1000억원을 넘어선 가운데 외형 확대가 이어졌다. 현금 창출력도 유지됐다. 영업활동현금흐름은 51억원으로 전년 33….","다산제약이 외형 성장과 현금 축적, 자본 확충을 동시에 이어가며 IPO(기업공개) 경쟁력을 입증했다. ESG 인증까지 확보하며 신뢰 기반도 쌓았다. 다만 수익성 개선은 필요한 과제로 남았다. 2025년 연결 기준 매출은 1101억원으로 전년 938억원 대비 증가했다. 매출 첫 1000억원을 넘어선 가운데 외형 확대가 이어졌다. 현금 창출력도 유지됐다. 영업활동현금흐름은 51억원으로 전년 33…",local,2,제형,,,0.20969979192989083,,0.2,0.20969979192989083,4.040739126105541,7.0,2.0678985435092354,False
2026-04-09,Reimbursement,2026-04-09 07:02:00,Naver News,https://www.thebell.co.kr/free/content/ArticleView.asp?key=202604081447097400101369,"[더벨]'상장 3수' 레메디, 실적 대폭 확대…변수는 '기술혁신성'",의료기기 기업에 대해 임상·품목허가·GMP 인증 등 기본 요건은 물론 △혁신성 △시장성 △보험등재 여부 △경쟁 구도 △유통 역량까지 종합적으로 검증하겠다는 방침이다. 기술 자체뿐 아니라 실제 시장 내 경쟁력과... ,의료기기 기업에 대해 임상·품목허가·GMP 인증 등 기본 요건은 물론 △혁신성 △시장성 △보험등재 여부 △경쟁 구도 △유통 역량까지 종합적으로 검증하겠다는 방침이다. 기술 자체뿐 아니라 실제 시장 내 경쟁력과... ,local,2,보험등재,,,0.18218930309794373,,0.2,0.18218930309794373,3.9251950730113636,7.0,1.8753251216856062,False
2026-04-09,Reimbursement,2026-04-09 17:30:00,Naver News,http://www.thefirstmedia.net/news/articleView.html?idxno=197588,"셀트리온, 美 CMS 개정안 발표로 ‘구조적 수혜’ ... 주력 제품군 현지 영향력 확대 청신호","셀트리온은 지난 6일(현지 시간) 미국 ‘메디케어·메디케이드 서비스 센터’(CMS)에서 발표한 ‘2027년도 메디케어 어드밴티지(Medicare Advantage, 이하 MA) 정액 수가 및 Part C, Part D 지급 정책 발표’에 따라 회사의 현지 직판 전략 및 핵심 제품군에 대한 구조적 성장 기회가 마련돼 처방 확대에 유리한 시장 환경이 조성됐다고 9일 밝혔다.이번 발표에는 ▲MA 플랜에 대한 보험사 부담금 증가(2.48%), ▲환자 본인부담금 상향(2026년 $2,1.","셀트리온은 지난 6일(현지 시간) 미국 &lsquo;메디케어&middot;메디케이드 서비스 센터&rsquo;(CMS)에서 발표한 &lsquo;2027년도 메디케어 어드밴티지(Medicare Advantage, 이하 MA) 정액 수가 및 Part C, Part D 지급 정책 발표&rsquo;에 따라 회사의 현지 직판 전략 및 핵심 제품군에 대한 구조적 성장 기회가 마련돼 처방 확대에 유리한 시장 환경이 조성됐다고 9일 밝혔다.이번 발표에는 ▲MA 플랜에 대한 보험사 부담금 증가(2.48%), ▲환자 본인부담금 상향(2026년 $2,1",local,2,약가,,,0.2140907750961303,,0.2,0.2140907750961303,3.6591812554037477,6.0,2.0986354256729123,False
2026-04-09,Therapeutic Areas,2026-04-09 19:07:00,Naver News,https://news.kbs.co.kr/news/pc/view/view.do?ncd=8531598&ref=A,[이슈톡] 전문병원 간 업무협약…난임 부부 부담 완화 기대,오늘 제주 한마음병원 난임센터가 서울의 난임 전문병원과 업무협약을 맺었습니다. 이번 협약을 통...,[앵커] 오늘 제주 한마음병원 난임센터가 서울의 난임 전문병원과 업무협약을 맺었습니다. 이번 협약을 통...,local,2,난임,,,0.27643794649088166,,0.2,0.27643794649088166,3.5210393752617026,5.0,2.5350656254361716,False
2026-04-09,Therapeutic Areas,2026-04-10 06:00:00,Naver News,https://www.news1.kr/bio/pharmaceutical-bio/6131334,"블록버스터 키우는 K-바이오, 글로벌 항암시장 위해 태평양 건넌다","세계 최대 암 학회 AACR, 17일 샌디에이고서 개막 한미 9건 발표, 삼성바이오는 포트폴리오 확장 노려 오는 17일(현지시간)부터 22일까지 미국 샌디에이고에서 열리는 '미국암연구학회(AACR) 2026' 행사가 일주일 앞으로 다가왔다. 국내 대표 제약·바이오 기업 ….","세계 최대 암 학회 AACR, 17일 샌디에이고서 개막 한미 9건 발표, 삼성바이오는 포트폴리오 확장 노려 오는 17일(현지시간)부터 22일까지 미국 샌디에이고에서 열리는 '미국암연구학회(AACR) 2026' 행사가 일주일 앞으로 다가왔다. 국내 대표 제약·바이오 기업 …",local,2,항암제,,,0.276336699016837,,0.2,0.276336699016837,3.520614135870715,5.0,2.5343568931178586,False
2026-04-09,Therapeutic Areas,2026-04-10 06:34:00,Naver News,https://imnews.imbc.com/replay/2026/nwtoday/article/6814115_37012.html,"[전국 톡톡] ""멀리 안 가요""‥안동의료원 난임 시술 100회",각 지역별 소식 전해드리는 '전국톡톡' 시간입니다. 지방 소도시 주민들은 난임 치료 등을 위해선 인근 대도시나 수도권까지 이동해야 하는데요. 경북의 안동의료원 난임센터...,각 지역별 소식 전해드리는 '전국톡톡' 시간입니다. 지방 소도시 주민들은 난임 치료 등을 위해선 인근 대도시나 수도권까지 이동해야 하는데요. 경북의 안동의료원 난임센터...,local,2,난임,,,0.2644535930983709,,0.2,0.2644535930983709,3.4707050910131576,5.0,2.451175151688596,False
2026-04-09,Therapeutic Areas,2026-04-09 16:51:00,Naver News,https://sports.donga.com/life/article/all/20260409/133708496/1,"자궁내막증 수술, 치료 시 고려해야 할 점은? [건강 올레길]","자궁내막증은 가임기 여성에게서 비교적 흔히 발생하는 만성 질환으로, 자궁 내부를 덮고 있는 자궁내막 조직이 자궁 외부에 존재하게 되면서 염증과 통증을 유발하는 질환이다.이 질환의 원인은 명확하게 단정되지는 않으나 생리혈이 자궁을 통해 질로 배출되지 않고 나팔관을 거쳐….","자궁내막증은 가임기 여성에게서 비교적 흔히 발생하는 만성 질환으로, 자궁 내부를 덮고 있는 자궁내막 조직이 자궁 외부에 존재하게 되면서 염증과 통증을 유발하는 질환이다.이 질환의 원인은 명확하게 단정되지는 않으나 생리혈이 자궁을 통해 질로 배출되지 않고 나팔관을 거쳐…",local,2,불임,,,0.2366020506247516,,0.2,0.2366020506247516,3.3537286126239563,5.0,2.256214354373261,False
2026-04-09,Therapeutic Areas,2026-04-09 20:00:00,Naver News,https://www.xportsnews.com/article/2134642,"'영식♥' 6기 정숙, 계류유산 3번→고위험 임산부 근황 ""오랜 기간 피폐했다""","난임을 극복한 '나는 SOLO' 6기 정숙이 만삭 임산부의 근황을 전했다.7일 정숙은 개인 채널에 ""노산이지만 마음만은 20대 임산부! 결혼과 동시에 3년 동안 이어진 난임 치료(배란유도제, 시험관), 3번의 계류유산과 소파술, 그리고 만 37세의 노산... 고위험 임산부라 조심히 지내야 했지만 난임과 반복 유산을 겪으면서 오랜 기간 피폐하게 지냈기에 임신 기간을 제대로 즐기고 싶었어요""라는 장문의 글과 함께 영상을 업로드했다.이어 정숙은 ""여러분들의 응원과 기도.","(엑스포츠뉴스 김수아 기자) 난임을 극복한 '나는 SOLO' 6기 정숙이 만삭 임산부의 근황을 전했다.7일 정숙은 개인 채널에 ""노산이지만 마음만은 20대 임산부! 결혼과 동시에 3년 동안 이어진 난임 치료(배란유도제, 시험관), 3번의 계류유산과 소파술, 그리고 만 37세의 노산... 고위험 임산부라 조심히 지내야 했지만 난임과 반복 유산을 겪으면서 오랜 기간 피폐하게 지냈기에 임신 기간을 제대로 즐기고 싶었어요""라는 장문의 글과 함께 영상을 업로드했다.이어 정숙은 ""여러분들의 응원과 기도",local,2,난임,,,0.19130967108817742,,0.2,0.19130967108817742,3.163500618570345,5.0,1.939167697617242,False
2026-04-09,Therapeutic Areas,2026-04-09 19:44:00,Naver News,https://www.xportsnews.com/article/2134647,"'전진♥'류이서, 43세에 시험관 중 기쁜 소식…""딸 나올 것 같아"" (내사랑)","그룹 신화 전진의 아내 류이서가 난임 상담을 통해 긍정적인 소식을 전했다.9일 유튜브 채널 '내사랑 류이서'에는 ""전진♥류이서 2세 계획.. 현재 어디까지 진행됐을까? (본격 임신 준비 중)""이라는 제목의 영상이 게재됐다.공개된 영상에서 전진·류이서 부부는 난임 전문의를 찾아 상담을 진행했다. 의사는 ""처음 방문하셨을 때 검사 결과가 굉장히 좋았다""며 ""이서님 나이대에서 보기 드문 좋은 난소 기능을 가지고 있어 다행&qu.","(엑스포츠뉴스 김지영 기자) 그룹 신화 전진의 아내 류이서가 난임 상담을 통해 긍정적인 소식을 전했다.9일 유튜브 채널 '내사랑 류이서'에는 ""전진♥류이서 2세 계획.. 현재 어디까지 진행됐을까? (본격 임신 준비 중)""이라는 제목의 영상이 게재됐다.공개된 영상에서 전진·류이서 부부는 난임 전문의를 찾아 상담을 진행했다. 의사는 ""처음 방문하셨을 때 검사 결과가 굉장히 좋았다""며 ""이서님 나이대에서 보기 드문 좋은 난소 기능을 가지고 있어 다행&qu",local,2,난임,,,0.15023732602726486,,0.2,0.15023732602726486,2.9909967693145125,5.0,1.651661282190854,False
2026-04-09,Therapeutic Areas,2026-04-09 18:26:00,Naver News,https://dealsite.co.kr/articles/159973,"HLB '리보세라닙', FDA 세 번째 도전…""전사 역량 총동원"" - 딜사이트","이에 회사는 올 초 삼성바이오로직스 출신 김태한 회장을 영입하며 CMC 대응 역량 강화에 나섰다. 글로벌 생산 및 품질관리 경험을 갖춘 인물을 전면에 배치해 허가 리스크를 줄이겠다는 판단이다. 김태한 회장은 ""당시 지적된 사항은 데이터나 유효성 문제가 아니라 CMC 문제로 국한돼 있었다""며 ""임상 결과에 문제가 있었다면 재도전 자체가 어려웠을 것""이라고 말했다.","이에 회사는 올 초 삼성바이오로직스 출신 김태한 회장을 영입하며 CMC 대응 역량 강화에 나섰다. 글로벌 생산 및 품질관리 경험을 갖춘 인물을 전면에 배치해 허가 리스크를 줄이겠다는 판단이다.
김태한 회장은 ""당시 지적된 사항은 데이터나 유효성 문제가 아니라 CMC 문제로 국한돼 있었다""며 ""임상 결과에 문제가 있었다면 재도전 자체가 어려웠을 것""이라고 말했다.
이어 김 회장은 ""CMC는 글로벌 제약사들도 반복적으로 겪는 절차적 이슈""라며 ""항서제약과 함께 공정 전반에 대한 점검과 보완 작업을 진행했고, 외부 컨설팅을 통한 예비 실사도 여러 차례 거쳤다""고 설명했다.
진 의장 역시 ""여러 차례 시뮬레이션과 점검을 통해 대응 체계를 마련했다""며 ""충분히 대비가 돼 있는 상태""라고 강조했다.
허가 준비의 실행력 측면에서도 자신감을 드러냈다. 김홍철 HLB 대표는 ""항서제약과 실무진·경영진 간 조율이 원활하게 이뤄지고 있고 주요 사안은 모두 공유하며 대응책을 마련해왔다""며 ""외부 컨설팅과 현장 점검을 통해 CMC 준비 수준을 끌어올렸다""고 말했다.
리보세라닙 허가 이후 글로벌 상업화 전략에 대해서는 말을 아꼈다. 직판, CSO, 파트너십 등 다양한 시장 진입 방안을 검토하고 있으며, 적응증 확대를 통해 매출 기반을 빠르게 구축하겠다는 계획이다.
김 대표는 ""환자에게 가장 적합한 치료 접근 방식을 중심으로 시장 진입 전략을 준비하고 있다""며 ""허가 이후 구체적인 계획을 주주들에게 충분히 설명하겠다""고 전했다.
유럽 시장 진출에 대해 진 의장은 ""항서제약과 협업을 통해 유럽 허가 신청을 위한 준비를 진행해왔으며, FDA 승인 시점 전후로 유럽 허가 신청도 추진할 계획""이라고 설명했다.
이어 ""경쟁사들이 이미 2년간 리얼월드 데이터를 확보한 상황인 만큼, 승인 이후 시장 침투율을 어떻게 높일 것 인지에 대해 지속적으로 시뮬레이션을 진행하고 있다""며 ""가장 빠르고 효과적으로 시장에 안착할 수 있는 방안을 준비 중으로 승인 이후 공개하겠다""고 덧붙였다.
이다은 기자 dani@dealsite.co.kr
ⓒ새로운 눈으로 시장을 바라봅니다. 딜사이트 무단전재 배포금지",local,2,항암제,,,0.27930626601419184,,0.2,0.27930626601419184,1.5330863172596056,0.0,2.5551438620993427,False
2026-04-09,Reimbursement,2026-04-09 11:48:00,Naver News,https://www.dailymedi.com/news/news_view.php?wr_id=935476,당뇨·고혈압 등 만성질환자 관리 'AI 전환',"지원을 통해 임상현장 실증·신의료기술평가·보험등재 등 기업과 의료기관이 스스로 해결하기 어려운 시장진입 장벽을 해소하고 시장에 제품 확산을 촉진한다는 방침이다. 보건복지부(장관 정은경, 이하 복지부)는... ","지원을 통해 임상현장 실증·신의료기술평가·보험등재 등 기업과 의료기관이 스스로 해결하기 어려운 시장진입 장벽을 해소하고 시장에 제품 확산을 촉진한다는 방침이다. 보건복지부(장관 정은경, 이하 복지부)는... ",local,2,보험등재,,,0.24715741459550675,,0.2,0.24715741459550675,1.3980611413011281,0.0,2.330101902168547,False
2026-04-09,Therapeutic Areas,2026-04-09 19:24:00,Naver News,https://www.thelec.kr/news/articleView.html?idxno=54880,"셀트리온, 항암제 신약 후보물질 FDA 패스트트랙 지정 - 디일렉(THE ELEC)",셀트리온의 항체-약물접합체(ADC) 기반 항암제 개발 속도가 한층 빨라질 전망이다.셀트리온은 ADC 기반 항암 신약 후보물질 'CT-P71'이 국소진행성·전이성.,셀트리온의 항체-약물접합체(ADC) 기반 항암제 개발 속도가 한층 빨라질 전망이다.셀트리온은 ADC 기반 항암 신약 후보물질 'CT-P71'이 국소진행성·전이성,local,2,항암제,,,0.19550796210806257,,0.2,0.19550796210806257,1.1811334408538625,0.0,1.9685557347564377,False
